,AAPL,TSLA,MSFT
2010-06-29,7.682808876037598,1.5926669836044312,17.580842971801758
2010-06-30,7.543649196624756,1.5886670351028442,17.354576110839844
2010-07-01,7.452173709869385,1.4639999866485596,17.467708587646484
2010-07-02,7.405989646911621,1.2799999713897705,17.5506649017334
2010-07-05,7.405989646911621,1.2799999713897705,17.5506649017334
2010-07-06,7.456670761108398,1.0740000009536743,17.965490341186523
2010-07-07,7.757782936096191,1.053333044052124,18.3275146484375
2010-07-08,7.740386486053467,1.1640000343322754,18.410486221313477
2010-07-09,7.786274433135986,1.159999966621399,18.30489158630371
2010-07-12,7.716397285461426,1.136667013168335,18.727252960205078
2010-07-13,7.551747798919678,1.2093329429626465,18.953523635864258
2010-07-14,7.579632759094238,1.3226670026779175,19.187339782714844
2010-07-15,7.541247844696045,1.3259999752044678,19.24012565612793
2010-07-16,7.4947638511657715,1.3760000467300415,18.772506713867188
2010-07-19,7.365200042724609,1.4606670141220093,19.028945922851562
2010-07-20,7.554443836212158,1.3533329963684082,19.217491149902344
2010-07-21,7.6249213218688965,1.3480000495910645,18.945981979370117
2010-07-22,7.7682785987854,1.399999976158142,19.489015579223633
2010-07-23,7.795870780944824,1.4193329811096191,19.466381072998047
2010-07-26,7.776081085205078,1.3966670036315918,19.68511390686035
2010-07-27,7.920033931732178,1.3700000047683716,19.730361938476562
2010-07-28,7.826465129852295,1.3813329935073853,19.571979522705078
2010-07-29,7.740987777709961,1.3566670417785645,19.632322311401367
2010-07-30,7.71519660949707,1.329332947731018,19.466381072998047
2010-08-02,7.853154182434082,1.3946670293807983,19.85858154296875
2010-08-03,7.8555498123168945,1.463333010673523,19.730361938476562
2010-08-04,7.887047290802002,1.4173330068588257,19.40605354309082
2010-08-05,7.848655700683594,1.363332986831665,19.13452911376953
2010-08-06,7.800368309020996,1.305999994277954,19.270294189453125
2010-08-09,7.850152015686035,1.3066669702529907,19.315547943115234
2010-08-10,7.7799763679504395,1.2686669826507568,18.908266067504883
2010-08-11,7.5034589767456055,1.1933330297470093,18.749879837036133
2010-08-12,7.551443576812744,1.1733330488204956,18.470821380615234
2010-08-13,7.470769882202148,1.2213330268859863,18.402942657470703
2010-08-16,7.4269819259643555,1.2519999742507935,18.478363037109375
2010-08-17,7.556846618652344,1.2766669988632202,18.736162185668945
2010-08-18,7.589832782745361,1.2513329982757568,18.819568634033203
2010-08-19,7.494160175323486,1.25266695022583,18.53144073486328
2010-08-20,7.486965656280518,1.273332953453064,18.37221336364746
2010-08-23,7.371799468994141,1.3420000076293945,18.41011619567871
2010-08-24,7.195749759674072,1.2799999713897705,18.228139877319336
2010-08-25,7.284524917602539,1.3266669511795044,18.273635864257812
2010-08-26,7.206249237060547,1.3166669607162476,18.061328887939453
2010-08-27,7.246438026428223,1.3133330345153809,18.144725799560547
2010-08-30,7.272824764251709,1.324666976928711,17.924840927124023
2010-08-31,7.290823459625244,1.2986669540405273,17.795944213867188
2010-09-01,7.507656097412109,1.363332986831665,18.12198829650879
2010-09-02,7.562840938568115,1.4040000438690186,18.15232276916504
2010-09-03,7.760783672332764,1.4033329486846924,18.417707443237305
2010-09-06,7.760783672332764,1.4033329486846924,18.417707443237305
2010-09-07,7.731991291046143,1.369333028793335,18.1674747467041
2010-09-08,7.885248184204102,1.3933329582214355,18.144725799560547
2010-09-09,7.889740467071533,1.380666971206665,18.20538902282715
2010-09-10,7.8999409675598145,1.3446669578552246,18.08407974243164
2010-09-13,8.008810043334961,1.3813329935073853,19.039457321166992
2010-09-14,8.039395332336426,1.4079999923706055,18.978801727294922
2010-09-15,8.104180335998535,1.4653329849243164,19.047048568725586
2010-09-16,8.294622421264648,1.3960000276565552,19.206268310546875
2010-09-17,8.258633613586426,1.348667025566101,19.122859954833984
2010-09-20,8.494361877441406,1.4040000438690186,19.282093048095703
2010-09-21,8.510555267333984,1.3846670389175415,19.06978988647461
2010-09-22,8.629923820495605,1.324666976928711,18.660335540771484
2010-09-23,8.665011405944824,1.3040000200271606,18.52385902404785
2010-09-24,8.766984939575195,1.340000033378601,18.78923988342285
2010-09-27,8.732192039489746,1.3686670064926147,18.75133514404297
2010-09-28,8.603229522705078,1.4266669750213623,18.713417053222656
2010-09-29,8.61852741241455,1.4653329849243164,18.576934814453125
2010-09-30,8.50995922088623,1.3606669902801514,18.569351196289062
2010-10-01,8.473068237304688,1.3733329772949219,18.48594093322754
2010-10-04,8.35669994354248,1.3993330001831055,18.129575729370117
2010-10-05,8.665610313415527,1.4079999923706055,18.463191986083984
2010-10-06,8.673110008239746,1.3639999628067017,18.52385902404785
2010-10-07,8.674010276794434,1.3619999885559082,18.59968376159668
2010-10-08,8.819463729858398,1.3619999885559082,18.630002975463867
2010-10-11,8.858154296875,1.3493330478668213,18.645172119140625
2010-10-12,8.953527450561523,1.3493330478668213,18.8271484375
2010-10-13,9.001507759094238,1.369333028793335,19.2138614654541
2010-10-14,9.0665922164917,1.3833329677581787,19.130455017089844
2010-10-15,9.439380645751953,1.369333028793335,19.365501403808594
2010-10-18,9.537151336669922,1.348667025566101,19.57781219482422
2010-10-19,9.281933784484863,1.3366669416427612,19.031875610351562
2010-10-20,9.313117980957031,1.3766670227050781,19.191102981567383
2010-10-21,9.282829284667969,1.3833329677581787,19.274518966674805
2010-10-22,9.221345901489258,1.3813329935073853,19.24418830871582
2010-10-25,9.262434959411621,1.3899999856948853,19.100120544433594
2010-10-26,9.23874282836914,1.4240000247955322,19.638473510742188
2010-10-27,9.232144355773926,1.399999976158142,19.752201080322266
2010-10-28,9.15446662902832,1.4126670360565186,19.92660903930664
2010-10-29,9.02670669555664,1.4559999704360962,20.22231674194336
2010-11-01,9.122675895690918,1.4273329973220825,20.434619903564453
2010-11-02,9.278029441833496,1.4166669845581055,20.76825714111328
2010-11-03,9.381197929382324,1.4513330459594727,20.495283126831055
2010-11-04,9.545248031616211,1.659999966621399,20.578693389892578
2010-11-05,9.511061668395996,1.6293330192565918,20.358802795410156
2010-11-08,9.555745124816895,1.6653330326080322,20.32847023010254
2010-11-09,9.47956657409668,1.6419999599456787,20.434619903564453
2010-11-10,9.53805160522461,1.957332968711853,20.42704200744629
2010-11-11,9.496663093566895,1.869333028793335,20.229894638061523
2010-11-12,9.238139152526855,1.9893330335617065,19.919025421142578
2010-11-15,9.208449363708496,2.053333044052124,19.865949630737305
2010-11-16,9.044994354248047,1.9780000448226929,19.690473556518555
2010-11-17,9.012307167053223,1.965999960899353,19.50738525390625
2010-11-18,9.250137329101562,1.9926669597625732,19.713367462158203
2010-11-19,9.199151992797852,2.065999984741211,19.598936080932617
2010-11-22,9.397994995117188,2.2266669273376465,19.629446029663086
2010-11-23,9.25913143157959,2.3046669960021973,19.16407585144043
2010-11-24,9.441182136535645,2.3646669387817383,19.354808807373047
2010-11-25,9.441182136535645,2.3646669387817383,19.354808807373047
2010-11-26,9.447178840637207,2.3546669483184814,19.263259887695312
2010-11-29,9.503260612487793,2.2886669635772705,19.30902862548828
2010-11-30,9.331711769104004,2.355333089828491,19.270883560180664
2010-12-01,9.489168167114258,2.2899999618530273,19.865947723388672
2010-12-02,9.541645050048828,2.1566669940948486,20.514408111572266
2010-12-03,9.520359992980957,2.0993330478668213,20.61359405517578
2010-12-06,9.60163402557373,2.02066707611084,20.476268768310547
2010-12-07,9.543450355529785,2.1040000915527344,20.4991512298584
2010-12-08,9.627423286437988,2.1579999923706055,20.77379608154297
2010-12-09,9.589936256408691,2.136667013168335,20.659366607666016
2010-12-10,9.613927841186523,2.101332902908325,20.85771942138672
2010-12-13,9.647220611572266,2.0366671085357666,20.78905487060547
2010-12-14,9.605830192565918,1.9019999504089355,21.071332931518555
2010-12-15,9.607930183410645,1.9733330011367798,21.24679183959961
2010-12-16,9.63461971282959,2.053999900817871,21.353609085083008
2010-12-17,9.615428924560547,2.0906670093536377,21.28494644165039
2010-12-20,9.663414001464844,2.113332986831665,21.216283798217773
2010-12-21,9.723094940185547,2.1506669521331787,21.414627075195312
2010-12-22,9.751888275146484,2.175333023071289,21.506179809570312
2010-12-23,9.705102920532227,2.00600004196167,21.590097427368164
2010-12-24,9.705102920532227,2.00600004196167,21.590097427368164
2010-12-27,9.737488746643066,1.7033330202102661,21.414627075195312
2010-12-28,9.761183738708496,1.7606669664382935,21.368854522705078
2010-12-29,9.75578498840332,1.848667025566101,21.33835220336914
2010-12-30,9.70690631866455,1.7666670083999634,21.24679183959961
2010-12-31,9.673911094665527,1.775333046913147,21.292570114135742
2011-01-03,9.884146690368652,1.7746670246124268,21.34597396850586
2011-01-04,9.935731887817383,1.777999997138977,21.42989158630371
2011-01-05,10.017005920410156,1.7886669635772705,21.361228942871094
2011-01-06,10.008909225463867,1.858667016029358,21.986806869506836
2011-01-07,10.08059024810791,1.8826669454574585,21.8189754486084
2011-01-10,10.270430564880371,1.8966670036315918,21.529064178466797
2011-01-11,10.24614143371582,1.797333002090454,21.44515037536621
2011-01-12,10.329513549804688,1.797333002090454,21.780820846557617
2011-01-13,10.367304801940918,1.7480000257492065,21.506179809570312
2011-01-14,10.451274871826172,1.7166670560836792,21.590097427368164
2011-01-17,10.451274871826172,1.7166670560836792,21.590097427368164
2011-01-18,10.216449737548828,1.7093329429626465,21.864744186401367
2011-01-19,10.162169456481934,1.6019999980926514,21.71979522705078
2011-01-20,9.977417945861816,1.5080000162124634,21.628244400024414
2011-01-21,9.798675537109375,1.5360000133514404,21.376487731933594
2011-01-24,10.120477676391602,1.6326669454574585,21.651124954223633
2011-01-25,10.238938331604004,1.6453330516815186,21.704538345336914
2011-01-26,10.312419891357422,1.649999976158142,21.956295013427734
2011-01-27,10.293222427368164,1.6613329648971558,22.02495574951172
2011-01-28,10.079988479614258,1.6006669998168945,21.170507431030273
2011-01-31,10.176559448242188,1.6066670417785645,21.155250549316406
2011-02-01,10.347810745239258,1.593999981880188,21.353609085083008
2011-02-02,10.326517105102539,1.5959999561309814,21.315458297729492
2011-02-03,10.300121307373047,1.5753329992294312,21.094209671020508
2011-02-04,10.39189624786377,1.5640000104904175,21.18576431274414
2011-02-07,10.553248405456543,1.5379999876022339,21.51380729675293
2011-02-08,10.652815818786621,1.6326669454574585,21.574851989746094
2011-02-09,10.741597175598145,1.547333002090454,21.33835220336914
2011-02-10,10.633023262023926,1.5479999780654907,20.979774475097656
2011-02-11,10.70230484008789,1.5499999523162842,20.78905487060547
2011-02-14,10.772184371948242,1.5386669635772705,20.77379608154297
2011-02-15,10.793778419494629,1.5226670503616333,20.689376831054688
2011-02-16,10.890646934509277,1.6486669778823853,20.73543357849121
2011-02-17,10.7457914352417,1.5733330249786377,20.881235122680664
2011-02-18,10.513662338256836,1.5453330278396606,20.766124725341797
2011-02-21,10.513662338256836,1.5453330278396606,20.766124725341797
2011-02-22,10.155265808105469,1.4579999446868896,20.405445098876953
2011-02-23,10.275534629821777,1.4553329944610596,20.405445098876953
2011-02-24,10.283327102661133,1.5019999742507935,20.543577194213867
2011-02-25,10.441683769226074,1.5740000009536743,20.374738693237305
2011-02-28,10.593135833740234,1.5926669836044312,20.397769927978516
2011-03-01,10.476171493530273,1.5959999561309814,20.075448989868164
2011-03-02,10.560447692871094,1.6013330221176147,20.014062881469727
2011-03-03,10.783580780029297,1.6239999532699585,20.10614776611328
2011-03-04,10.79677963256836,1.6633330583572388,19.914297103881836
2011-03-07,10.657615661621094,1.6626670360565186,19.7377986907959
2011-03-08,10.669612884521484,1.6440000534057617,19.883604049682617
2011-03-09,10.57094669342041,1.6480000019073486,19.868257522583008
2011-03-10,10.396994590759277,1.6006669998168945,19.499889373779297
2011-03-11,10.556544303894043,1.6046669483184814,19.70709228515625
2011-03-14,10.603632926940918,1.5499999523162842,19.71476936340332
2011-03-15,10.359807014465332,1.5299999713897705,19.48455047607422
2011-03-16,9.897342681884766,1.5213329792022705,19.024106979370117
2011-03-17,10.03620433807373,1.5206669569015503,19.016427993774414
2011-03-18,9.917140007019043,1.5306669473648071,19.031768798828125
2011-03-21,10.175957679748535,1.5153330564498901,19.438507080078125
2011-03-22,10.232941627502441,1.4793330430984497,19.41547966003418
2011-03-23,10.172664642333984,1.480666995048523,19.59965705871582
2011-03-24,10.346009254455566,1.4886670112609863,19.806865692138672
2011-03-25,10.543052673339844,1.5166670083999634,19.661054611206055
2011-03-28,10.510059356689453,1.5499999523162842,19.499889373779297
2011-03-29,10.525656700134277,1.5946669578552246,19.561296463012695
2011-03-30,10.455775260925293,1.5806670188903809,19.65337371826172
2011-03-31,10.452177047729492,1.850000023841858,19.48455047607422
2011-04-01,10.333712577819824,1.7773330211639404,19.55361557006836
2011-04-04,10.232644081115723,1.722000002861023,19.607337951660156
2011-04-05,10.163666725158691,1.7799999713897705,19.783838272094727
2011-04-06,10.138174057006836,1.7660000324249268,20.067779541015625
2011-04-07,10.139370918273926,1.815999984741211,20.10614776611328
2011-04-08,10.04880142211914,1.7660000324249268,20.00638771057129
2011-04-11,9.921037673950195,1.6846669912338257,19.93732452392578
2011-04-12,9.96902084350586,1.6433329582214355,19.676393508911133
2011-04-13,10.080888748168945,1.6619999408721924,19.668725967407227
2011-04-14,9.969621658325195,1.6759999990463257,19.5075740814209
2011-04-15,9.820866584777832,1.7053329944610596,19.46919822692871
2011-04-18,9.95252799987793,1.668666958808899,19.246652603149414
2011-04-19,10.132777214050293,1.6773329973220825,19.300369262695312
2011-04-20,10.269234657287598,1.7166670560836792,19.768489837646484
2011-04-21,10.51785945892334,1.7826670408248901,19.58431053161621
2011-04-22,10.51785945892334,1.7826670408248901,19.58431053161621
2011-04-25,10.587138175964355,1.7593330144882202,19.65337371826172
2011-04-26,10.509461402893066,1.7953330278396606,20.098472595214844
2011-04-27,10.501363754272461,1.8053330183029175,20.24428367614746
2011-04-28,10.399395942687988,1.843999981880188,20.49753189086914
2011-04-29,10.500764846801758,1.840000033378601,19.891279220581055
2011-05-02,10.385300636291504,1.8300000429153442,19.691749572753906
2011-05-03,10.44288158416748,1.7913329601287842,19.806865692138672
2011-05-04,10.48397159576416,1.7793329954147339,19.998716354370117
2011-05-05,10.399395942687988,1.762666940689087,19.791515350341797
2011-05-06,10.39669418334961,1.8079999685287476,19.852907180786133
2011-05-09,10.424883842468262,1.8606669902801514,19.822206497192383
2011-05-10,10.480369567871094,1.8886669874191284,19.699420928955078
2011-05-11,10.413786888122559,1.8046669960021973,19.46152687072754
2011-05-12,10.39399528503418,1.8446669578552246,19.430831909179688
2011-05-13,10.211949348449707,1.8366669416427612,19.208276748657227
2011-05-16,9.996012687683105,1.773332953453064,18.855266571044922
2011-05-17,10.08119010925293,1.730666995048523,18.940237045288086
2011-05-18,10.1930513381958,1.7566670179367065,19.071556091308594
2011-05-19,10.212851524353027,1.8799999952316284,19.0947265625
2011-05-20,10.053594589233398,1.8646670579910278,18.917062759399414
2011-05-23,10.02900218963623,1.7879999876022339,18.669891357421875
2011-05-24,9.962724685668945,1.7813329696655273,18.654436111450195
2011-05-25,10.100381851196289,1.9320000410079956,18.68533706665039
2011-05-26,10.046998977661133,1.9653329849243164,19.056106567382812
2011-05-27,10.119275093078613,1.9700000286102295,19.125627517700195
2011-05-30,10.119275093078613,1.9700000286102295,19.125627517700195
2011-05-31,10.431785583496094,2.0093328952789307,19.318737030029297
2011-06-01,10.36220645904541,1.901332974433899,18.87071990966797
2011-06-02,10.379899024963379,1.9173330068588257,18.70850372314453
2011-06-03,10.300121307373047,2.0086669921875,18.469057083129883
2011-06-06,10.138174057006836,1.9133330583572388,18.546297073364258
2011-06-07,9.958226203918457,1.891332983970642,18.584917068481445
2011-06-08,9.964223861694336,1.8079999685287476,18.49222183227539
2011-06-09,9.941731452941895,1.841333031654358,18.507678985595703
2011-06-10,9.774078369140625,1.8573329448699951,18.31456184387207
2011-06-13,9.795076370239258,1.8953330516815186,18.56946563720703
2011-06-14,9.970223426818848,1.9066669940948486,18.70850372314453
2011-06-15,9.799572944641113,1.8213330507278442,18.337738037109375
2011-06-16,9.751888275146484,1.7666670083999634,18.53856658935547
2011-06-17,9.604930877685547,1.7666670083999634,18.73941421508789
2011-06-20,9.456772804260254,1.7339999675750732,18.9016170501709
2011-06-21,9.756087303161621,1.835332989692688,19.125627517700195
2011-06-22,9.67541217803955,1.8140000104904175,19.04066276550293
2011-06-23,9.93393325805664,1.8473329544067383,19.025205612182617
2011-06-24,9.787577629089355,1.8380000591278076,18.77029800415039
2011-06-27,9.958226203918457,1.8306670188903809,19.465497970581055
2011-06-28,10.054798126220703,1.8739999532699585,19.92896842956543
2011-06-29,10.018208503723145,1.8860000371932983,19.78992462158203
2011-06-30,10.067094802856445,1.9420000314712524,20.083450317382812
2011-07-01,10.294724464416504,1.9346669912338257,20.098899841308594
2011-07-04,10.294724464416504,1.9346669912338257,20.098899841308594
2011-07-05,10.479767799377441,1.942667007446289,20.106624603271484
2011-07-06,10.549647331237793,1.9306670427322388,20.338356018066406
2011-07-07,10.712800979614258,1.9819999933242798,20.678234100341797
2011-07-08,10.788080215454102,1.920667052268982,20.79410171508789
2011-07-11,10.616829872131348,1.8899999856948853,20.570093154907227
2011-07-12,10.609333038330078,1.878000020980835,20.500572204589844
2011-07-13,10.737397193908691,1.9093329906463623,20.570093154907227
2011-07-14,10.72989559173584,1.8406670093536377,20.44649887084961
2011-07-15,10.944329261779785,1.8386670351028442,20.685958862304688
2011-07-18,11.210654258728027,1.8153330087661743,20.539194107055664
2011-07-19,11.302125930786133,1.8593330383300781,21.27301025390625
2011-07-20,11.603530883789062,1.9126670360565186,20.90224266052246
2011-07-21,11.61523151397705,1.9133330583572388,20.933135986328125
2011-07-22,11.795475006103516,1.952666997909546,21.26528549194336
2011-07-25,11.951432228088379,1.8993330001831055,21.558813095092773
2011-07-26,12.098688125610352,1.8666670322418213,21.690126419067383
2011-07-27,11.774181365966797,1.8426669836044312,21.110803604125977
2011-07-28,11.751091957092285,1.878000020980835,21.412052154541016
2011-07-29,11.71090030670166,1.878000020980835,21.164867401123047
2011-08-01,11.898946762084961,1.9179999828338623,21.06444549560547
2011-08-02,11.66381549835205,1.8226670026779175,20.701400756835938
2011-08-03,11.773584365844727,1.8133330345153809,20.79410171508789
2011-08-04,11.317719459533691,1.649999976158142,20.037109375
2011-08-05,11.205251693725586,1.6160000562667847,19.836265563964844
2011-08-08,10.593135833740234,1.5759999752044678,18.909337997436523
2011-08-09,11.216948509216309,1.670667052268982,19.759033203125
2011-08-10,10.907441139221191,1.5880000591278076,18.693056106567383
2011-08-11,11.20765495300293,1.6866669654846191,19.45777702331543
2011-08-12,11.306323051452637,1.753999948501587,19.38825225830078
2011-08-15,11.498867988586426,1.7486670017242432,19.704957962036133
2011-08-16,11.410993576049805,1.7400000095367432,19.7049560546875
2011-08-17,11.409793853759766,1.722000002861023,19.62722396850586
2011-08-18,10.978219985961914,1.6173330545425415,19.17637825012207
2011-08-19,10.67771053314209,1.4866670370101929,18.69445037841797
2011-08-22,10.690008163452148,1.463333010673523,18.640029907226562
2011-08-23,11.204651832580566,1.5306669473648071,19.215248107910156
2011-08-24,11.282029151916504,1.591333031654358,19.35516357421875
2011-08-25,11.208255767822266,1.5406670570373535,19.09864616394043
2011-08-26,11.5039644241333,1.5820000171661377,19.62722396850586
2011-08-29,11.695608139038086,1.647333025932312,20.085847854614258
2011-08-30,11.696207046508789,1.6419999599456787,20.388994216918945
2011-08-31,11.54145336151123,1.6493330001831055,20.676605224609375
2011-09-01,11.42748737335205,1.600000023841858,20.37344741821289
2011-09-02,11.21815013885498,1.5379999876022339,20.05474853515625
2011-09-05,11.21815013885498,1.5379999876022339,20.05474853515625
2011-09-06,11.388797760009766,1.5293329954147339,19.829334259033203
2011-09-07,11.514463424682617,1.5893330574035645,20.210214614868164
2011-09-08,11.520756721496582,1.5740000009536743,20.381221771240234
2011-09-09,11.321017265319824,1.5313329696655273,20.00811195373535
2011-09-12,11.394795417785645,1.525333046913147,20.124706268310547
2011-09-13,11.535154342651367,1.6053329706192017,20.241308212280273
2011-09-14,11.67551326751709,1.6226669549942017,20.598867416381836
2011-09-15,11.785280227661133,1.6546670198440552,20.979747772216797
2011-09-16,12.01141357421875,1.7200000286102295,21.080814361572266
2011-09-19,12.345212936401367,1.718000054359436,21.150766372680664
2011-09-20,12.39979362487793,1.7339999675750732,20.97197723388672
2011-09-21,12.36050796508789,1.7233330011367798,20.20244026184082
2011-09-22,12.050999641418457,1.7086670398712158,19.479536056518555
2011-09-23,12.125380516052246,1.7586669921875,19.479536056518555
2011-09-26,12.091489791870117,1.7013330459594727,19.774921417236328
2011-09-27,11.974225997924805,1.746000051498413,19.953697204589844
2011-09-28,11.906744003295898,1.6393330097198486,19.883743286132812
2011-09-29,11.713600158691406,1.6080000400543213,19.782690048217773
2011-09-30,11.43618106842041,1.6260000467300415,19.347396850585938
2011-10-03,11.23464584350586,1.5820000171661377,19.06756019592285
2011-10-04,11.171661376953125,1.5773329734802246,19.697181701660156
2011-10-05,11.34411334991455,1.6913330554962158,20.124706268310547
2011-10-06,11.317719459533691,1.797333002090454,20.474504470825195
2011-10-07,11.090686798095703,1.7993329763412476,20.404541015625
2011-10-10,11.660816192626953,1.858667016029358,20.940889358520508
2011-10-11,12.005114555358887,1.8406670093536377,20.98752784729004
2011-10-12,12.062097549438477,1.8533329963684082,20.956430435180664
2011-10-13,12.249242782592773,1.8626669645309448,21.12744140625
2011-10-14,12.656218528747559,1.8700000047683716,21.197399139404297
2011-10-17,12.595938682556152,1.8279999494552612,20.97197723388672
2011-10-18,12.66341781616211,1.8893330097198486,21.228498458862305
2011-10-19,11.955029487609863,1.8380000591278076,21.088573455810547
2011-10-20,11.855759620666504,1.8226670026779175,21.018613815307617
2011-10-21,11.782583236694336,1.8686670064926147,21.111894607543945
2011-10-24,12.169469833374023,1.9033329486846924,21.135215759277344
2011-10-25,11.929539680480957,1.8833329677581787,20.839834213256836
2011-10-26,12.014413833618164,1.8653329610824585,20.668825149536133
2011-10-27,12.13707160949707,1.9173330068588257,21.181856155395508
2011-10-28,12.14487075805664,1.9913330078125,20.97197723388672
2011-10-31,12.139776229858398,1.9579999446868896,20.699920654296875
2011-11-01,11.891745567321777,1.925333023071289,20.20244026184082
2011-11-02,11.918741226196289,1.9140000343322754,20.217987060546875
2011-11-03,12.088488578796387,2.1640000343322754,20.622190475463867
2011-11-04,12.003615379333496,2.1540000438690186,20.404541015625
2011-11-07,11.988320350646973,2.0846669673919678,20.832059860229492
2011-11-08,12.183259963989258,2.122667074203491,21.111894607543945
2011-11-09,11.854856491088867,2.058666944503784,20.365678787231445
2011-11-10,11.553150177001953,2.0886669158935547,20.427865982055664
2011-11-11,11.535154342651367,2.2426669597625732,20.917572021484375
2011-11-14,11.374403953552246,2.2146670818328857,20.80097770690918
2011-11-15,11.661418914794922,2.26200008392334,20.941940307617188
2011-11-16,11.539653778076172,2.3293330669403076,20.417217254638672
2011-11-17,11.318918228149414,2.245332956314087,20.002140045166016
2011-11-18,11.24483871459961,2.173332929611206,19.81417465209961
2011-11-21,11.066994667053223,2.117332935333252,19.57923126220703
2011-11-22,11.2919282913208,2.138000011444092,19.41476821899414
2011-11-23,11.0064115524292,2.0966670513153076,19.164152145385742
2011-11-24,11.0064115524292,2.0966670513153076,19.164152145385742
2011-11-25,10.903844833374023,2.1106669902801514,19.031005859375
2011-11-28,11.280232429504395,2.1706669330596924,19.4774169921875
2011-11-29,11.192656517028809,2.1166670322418213,19.45391845703125
2011-11-30,11.462571144104004,2.1826670169830322,20.033464431762695
2011-12-01,11.634422302246094,2.173332929611206,19.798521041870117
2011-12-02,11.687508583068848,2.2200000286102295,19.751522064208984
2011-12-05,11.78678035736084,2.2946670055389404,20.12744140625
2011-12-06,11.724996566772461,2.324666976928711,20.09612464904785
2011-12-07,11.669215202331543,2.2793331146240234,20.049131393432617
2011-12-08,11.716300010681152,2.059333086013794,19.892494201660156
2011-12-09,11.805073738098145,2.069333076477051,20.12744140625
2011-12-12,11.751688957214355,2.0273330211639404,19.978647232055664
2011-12-13,11.660816192626953,1.963333010673523,20.174436569213867
2011-12-14,11.40229606628418,1.9019999504089355,20.04129981994629
2011-12-15,11.3648042678833,1.9079999923706055,20.017803192138672
2011-12-16,11.427186012268066,1.8666670322418213,20.362394332885742
2011-12-19,11.462878227233887,1.850000023841858,19.994314193725586
2011-12-20,11.874954223632812,1.8600000143051147,20.38589096069336
2011-12-21,11.889946937561035,1.8380000591278076,20.174436569213867
2011-12-22,11.952929496765137,1.8513330221176147,20.213586807250977
2011-12-23,12.09628963470459,1.8600000143051147,20.38589096069336
2011-12-26,12.09628963470459,1.8600000143051147,20.38589096069336
2011-12-27,12.192256927490234,1.9046670198440552,20.393728256225586
2011-12-28,12.075592994689941,1.9006669521331787,20.221420288085938
2011-12-29,12.149972915649414,1.9153330326080322,20.378061294555664
2011-12-30,12.146376609802246,1.9040000438690186,20.33106803894043
2012-01-02,12.146376609802246,1.9040000438690186,20.33106803894043
2012-01-03,12.333216667175293,1.871999979019165,20.965438842773438
2012-01-04,12.399496078491211,1.8473329544067383,21.458839416503906
2012-01-05,12.537154197692871,1.8079999685287476,21.678123474121094
2012-01-06,12.668213844299316,1.7940000295639038,22.0148868560791
2012-01-09,12.648122787475586,1.8166669607162476,21.725116729736328
2012-01-10,12.69340705871582,1.841333031654358,21.803424835205078
2012-01-11,12.67271614074707,1.8819999694824219,21.709447860717773
2012-01-12,12.63792610168457,1.8833329677581787,21.92873191833496
2012-01-13,12.59054183959961,1.519333004951477,22.12452507019043
2012-01-16,12.59054183959961,1.519333004951477,22.12452507019043
2012-01-17,12.737197875976562,1.773332953453064,22.132366180419922
2012-01-18,12.869457244873047,1.7873330116271973,22.10886001586914
2012-01-19,12.828670501708984,1.784000039100647,22.022724151611328
2012-01-20,12.605234146118164,1.773332953453064,23.26795196533203
2012-01-23,12.818473815917969,1.7846670150756836,23.283613204956055
2012-01-24,12.608532905578613,1.8279999494552612,22.978174209594727
2012-01-25,13.395798683166504,1.8646670579910278,23.150476455688477
2012-01-26,13.334917068481445,1.929332971572876,23.103485107421875
2012-01-27,13.414395332336426,1.9553329944610596,22.892030715942383
2012-01-30,13.58624267578125,1.9713330268859863,23.189638137817383
2012-01-31,13.690314292907715,1.937999963760376,23.126989364624023
2012-02-01,13.681612968444824,1.972000002861023,23.408926010131836
2012-02-02,13.649523735046387,2.016666889190674,23.455915451049805
2012-02-03,13.78628158569336,2.076667070388794,23.68303680419922
2012-02-06,13.91494369506836,2.119999885559082,23.651708602905273
2012-02-07,14.060699462890625,2.1066670417785645,23.76917839050293
2012-02-08,14.296133041381836,2.128667116165161,24.011962890625
2012-02-09,14.790681838989258,2.171999931335449,24.098115921020508
2012-02-10,14.79818058013916,2.0733330249786377,23.886661529541016
2012-02-13,15.07349967956543,2.0993330478668213,23.94931411743164
2012-02-14,15.2792387008667,2.2113330364227295,23.846830368041992
2012-02-15,14.925643920898438,2.240000009536743,23.689165115356445
2012-02-16,15.061798095703125,2.2786669731140137,24.666690826416016
2012-02-17,15.059107780456543,2.3313329219818115,24.635154724121094
2012-02-20,15.059107780456543,2.3313329219818115,24.635154724121094
2012-02-21,15.440884590148926,2.299999952316284,24.78493881225586
2012-02-22,15.386608123779297,2.2813329696655273,24.650920867919922
2012-02-23,15.48707389831543,2.302000045776367,24.729755401611328
2012-02-24,15.667623519897461,2.25,24.816469192504883
2012-02-27,15.768087387084961,2.2413330078125,24.713985443115234
2012-02-28,16.057506561279297,2.253999948501587,25.12391471862793
2012-02-29,16.268342971801758,2.2273330688476562,25.02143096923828
2012-03-01,16.329221725463867,2.2939999103546143,25.45501708984375
2012-03-02,16.350515365600586,2.2693328857421875,25.289466857910156
2012-03-05,15.990026473999023,2.251332998275757,25.068737030029297
2012-03-06,15.903055191040039,2.2073330879211426,24.879535675048828
2012-03-07,15.915949821472168,2.2079999446868896,25.10026741027832
2012-03-08,16.254846572875977,2.204667091369629,25.234285354614258
2012-03-09,16.350215911865234,2.315999984741211,25.21851921081543
2012-03-12,16.555055618286133,2.4006669521331787,25.257936477661133
2012-03-13,17.03791046142578,2.4059998989105225,25.754579544067383
2012-03-14,17.68211555480957,2.3526670932769775,25.833410263061523
2012-03-15,17.561555862426758,2.3333330154418945,25.896467208862305
2012-03-16,17.56185531616211,2.3546669483184814,25.69939422607422
2012-03-19,18.027618408203125,2.3320000171661377,25.38405990600586
2012-03-20,18.17337417602539,2.330667018890381,25.21851921081543
2012-03-21,18.069602966308594,2.3433330059051514,25.155454635620117
2012-03-22,17.974830627441406,2.293333053588867,25.226398468017578
2012-03-23,17.876155853271484,2.2720000743865967,25.234285354614258
2012-03-26,18.203968048095703,2.493333101272583,25.691505432128906
2012-03-27,18.42889976501465,2.5293331146240234,25.636329650878906
2012-03-28,18.523067474365234,2.5233330726623535,25.376174926757812
2012-03-29,18.290334701538086,2.4886670112609863,25.320995330810547
2012-03-30,17.98112678527832,2.4826669692993164,25.431364059448242
2012-04-02,18.553356170654297,2.438667058944702,25.45501708984375
2012-04-03,18.873960494995117,2.5339999198913574,25.179100036621094
2012-04-04,18.723712921142578,2.3333330154418945,24.603618621826172
2012-04-05,19.00472640991211,2.2986669540405273,24.848005294799805
2012-04-06,19.00472640991211,2.2986669540405273,24.848005294799805
2012-04-09,19.08119773864746,2.2100000381469727,24.516910552978516
2012-04-10,18.847570419311523,2.1640000343322754,24.020265579223633
2012-04-11,18.78038787841797,2.2060000896453857,23.925661087036133
2012-04-12,18.677513122558594,2.22933292388916,24.422298431396484
2012-04-13,18.15147590637207,2.239332914352417,24.288286209106445
2012-04-16,17.39870262145996,2.1500000953674316,24.50113868713379
2012-04-17,18.285539627075195,2.1493330001831055,24.78493881225586
2012-04-18,18.244754791259766,2.177333116531372,24.548442840576172
2012-04-19,17.61794090270996,2.2106668949127197,24.44595718383789
2012-04-20,17.18427085876465,2.2106668949127197,25.5574951171875
2012-04-23,17.145875930786133,2.129333019256592,25.320995330810547
2012-04-24,16.80337905883789,2.121332883834839,25.163331985473633
2012-04-25,18.294538497924805,2.194000005722046,25.38405990600586
2012-04-26,18.225561141967773,2.2326669692993164,25.313119888305664
2012-04-27,18.084590911865234,2.2226669788360596,25.210630416870117
2012-04-30,17.514169692993164,2.208667039871216,25.24216651916504
2012-05-01,17.458683013916016,2.252000093460083,25.234285354614258
2012-05-02,17.574155807495117,2.262666940689087,25.068737030029297
2012-05-03,17.449384689331055,2.1640000343322754,25.037208557128906
2012-05-04,16.952436447143555,2.121999979019165,24.422298431396484
2012-05-07,17.07930564880371,2.1646668910980225,24.16215705871582
2012-05-08,17.040315628051758,2.012666940689087,24.043916702270508
2012-05-09,17.07029914855957,2.003999948501587,24.248876571655273
2012-05-10,17.110485076904297,2.1973330974578857,24.233112335205078
2012-05-11,16.996225357055664,2.1500000953674316,24.5642032623291
2012-05-14,16.741588592529297,2.003999948501587,24.185808181762695
2012-05-15,16.590150833129883,1.9620000123977661,23.971559524536133
2012-05-16,16.377513885498047,1.9453330039978027,23.7255802154541
2012-05-17,15.898846626281738,1.9046670198440552,23.582754135131836
2012-05-18,15.906646728515625,1.8373329639434814,23.225679397583008
2012-05-21,16.833372116088867,1.9179999828338623,23.6065616607666
2012-05-22,16.70410919189453,2.053333044052124,23.61449432373047
2012-05-23,17.111692428588867,2.068000078201294,23.09871482849121
2012-05-24,16.95454216003418,2.018666982650757,23.066974639892578
2012-05-25,16.86365509033203,1.987333059310913,23.05904769897461
2012-05-28,16.86365509033203,1.987333059310913,23.05904769897461
2012-05-29,17.16297149658203,2.1126670837402344,23.455787658691406
2012-05-30,17.36991310119629,2.0273330211639404,23.281227111816406
2012-05-31,17.326719284057617,1.9666670560836792,23.162195205688477
2012-06-01,16.824676513671875,1.8766670227050781,22.575008392333984
2012-06-04,16.92364501953125,1.858667016029358,22.654356002807617
2012-06-05,16.879865646362305,1.8606669902801514,22.622617721557617
2012-06-06,17.13868522644043,1.9479999542236328,23.289154052734375
2012-06-07,17.1464786529541,1.9286669492721558,23.193931579589844
2012-06-08,17.404407501220703,2.0053329467773438,23.527210235595703
2012-06-11,17.129981994628906,1.9413330554962158,22.932079315185547
2012-06-12,17.279644012451172,1.9773329496383667,23.241546630859375
2012-06-13,17.1596736907959,1.9846669435501099,23.114585876464844
2012-06-14,17.140775680541992,1.9593329429626465,23.281227111816406
2012-06-15,17.21875,1.99399995803833,23.820810317993164
2012-06-18,17.568159103393555,2.122667074203491,23.677968978881836
2012-06-19,17.617040634155273,2.1393330097198486,24.36037826538086
2012-06-20,17.566957473754883,2.252000093460083,24.542877197265625
2012-06-21,17.324922561645508,2.1459999084472656,23.916015625
2012-06-22,17.45778465270996,2.25266695022583,24.36037826538086
2012-06-25,17.117990493774414,2.2073330879211426,23.701770782470703
2012-06-26,17.155780792236328,2.107332944869995,23.820810317993164
2012-06-27,17.22984504699707,2.130666971206665,23.939821243286133
2012-06-28,17.066402435302734,2.0940001010894775,23.7335147857666
2012-06-29,17.514766693115234,2.0859999656677246,24.27309226989746
2012-07-02,17.770288467407227,2.0266671180725098,24.24928855895996
2012-07-03,17.976924896240234,2.0439999103546143,24.407989501953125
2012-07-04,17.976924896240234,2.0439999103546143,24.407989501953125
2012-07-05,18.292739868164062,2.0820000171661377,24.36037826538086
2012-07-06,18.170969009399414,2.065999984741211,23.9556884765625
2012-07-09,18.41120147705078,2.0993330478668213,23.804927825927734
2012-07-10,18.24085807800293,2.0846669673919678,23.59861946105957
2012-07-11,18.127492904663086,2.1006669998168945,23.249483108520508
2012-07-12,17.96163558959961,2.180000066757202,22.717836380004883
2012-07-13,18.143686294555664,2.2833330631256104,23.32089614868164
2012-07-16,18.20186424255371,2.3973329067230225,23.360576629638672
2012-07-17,18.2027645111084,2.2233328819274902,23.53514289855957
2012-07-18,18.182374954223633,2.1433329582214355,24.16200828552246
2012-07-19,18.424100875854492,2.1513330936431885,24.336572647094727
2012-07-20,18.12358856201172,2.119333028793335,23.90015411376953
2012-07-23,18.109487533569336,2.0439999103546143,23.23361587524414
2012-07-24,18.022216796875,1.9893330335617065,23.13045883178711
2012-07-25,17.243947982788086,1.9299999475479126,22.876543045043945
2012-07-26,17.241252899169922,1.8753329515457153,23.13839340209961
2012-07-27,17.5495662689209,1.9673329591751099,23.61449432373047
2012-07-30,17.84557342529297,1.8233330249786377,23.51926612854004
2012-07-31,18.31732749938965,1.8279999494552612,23.38437843322754
2012-08-01,18.19886589050293,1.75,23.33676528930664
2012-08-02,18.228256225585938,1.7400000095367432,23.162195205688477
2012-08-03,18.46549415588379,1.8179999589920044,23.6065616607666
2012-08-06,18.670921325683594,1.8846670389175415,23.7652530670166
2012-08-07,18.621736526489258,2.016666889190674,24.01123809814453
2012-08-08,18.590246200561523,1.9393329620361328,24.066783905029297
2012-08-09,18.69626808166504,1.9606670141220093,24.201679229736328
2012-08-10,18.725482940673828,1.996000051498413,24.13819694519043
2012-08-13,18.97547721862793,2.078000068664551,24.114397048950195
2012-08-14,19.02637481689453,1.9613330364227295,24.06647491455078
2012-08-15,19.00048065185547,1.9600000381469727,24.12238311767578
2012-08-16,19.166444778442383,2.0199999809265137,24.585660934448242
2012-08-17,19.52095603942871,2.000667095184326,24.68150520324707
2012-08-20,20.034191131591797,1.9673329591751099,24.5537109375
2012-08-21,19.760400772094727,1.9406670331954956,24.601638793945312
2012-08-22,20.146238327026367,1.9966670274734497,24.393957138061523
2012-08-23,19.958293914794922,2.0486669540405273,24.17030906677246
2012-08-24,19.976057052612305,1.9666670560836792,24.409931182861328
2012-08-27,20.351354598999023,1.8880000114440918,24.51377296447754
2012-08-28,20.324846267700195,1.9126670360565186,24.46584701538086
2012-08-29,20.284788131713867,1.8940000534057617,24.481826782226562
2012-08-30,19.995628356933594,1.8940000534057617,24.218233108520508
2012-08-31,20.036901473999023,1.901332974433899,24.617612838745117
2012-09-03,20.036901473999023,1.901332974433899,24.617612838745117
2012-09-04,20.32996940612793,1.8760000467300415,24.274145126342773
2012-09-05,20.18720054626465,1.8626669645309448,24.274145126342773
2012-09-06,20.369123458862305,1.9033329486846924,25.04094886779785
2012-09-07,20.494722366333008,1.9566669464111328,24.72144317626953
2012-09-10,19.961612701416016,1.824666976928711,24.53773307800293
2012-09-11,19.896846771240234,1.8533329963684082,24.593652725219727
2012-09-12,20.173940658569336,1.8853329420089722,24.585660934448242
2012-09-13,20.57123565673828,1.9653329849243164,24.713468551635742
2012-09-14,20.82122802734375,2.0260000228881836,24.929113388061523
2012-09-17,21.077238082885742,2.169332981109619,24.929113388061523
2012-09-18,21.141395568847656,2.0893330574035645,24.905162811279297
2012-09-19,21.147123336791992,2.069999933242798,24.801328659057617
2012-09-20,21.04471206665039,2.059999942779541,25.12082290649414
2012-09-21,21.08657455444336,2.001332998275757,24.91315269470215
2012-09-24,20.806459426879883,2.0439999103546143,24.585660934448242
2012-09-25,20.286897659301758,1.843999981880188,24.274145126342773
2012-09-26,20.03509521484375,1.8359999656677246,24.098417282104492
2012-09-27,20.521224975585938,1.8993330001831055,24.09043312072754
2012-09-28,20.092926025390625,1.9520000219345093,23.770938873291016
2012-10-01,19.860702514648438,1.944000005722046,23.555261611938477
2012-10-02,19.91852569580078,1.9866670370101929,23.691057205200195
2012-10-03,20.223947525024414,1.9533330202102661,23.850807189941406
2012-10-04,20.08388900756836,1.9600000381469727,23.986587524414062
2012-10-05,19.655885696411133,1.9259999990463257,23.84282112121582
2012-10-08,19.2215633392334,1.9500000476837158,23.786909103393555
2012-10-09,19.151674270629883,1.891332983970642,23.38752555847168
2012-10-10,19.304092407226562,1.8933329582214355,23.147899627685547
2012-10-11,18.91824722290039,1.8880000114440918,23.123943328857422
2012-10-12,18.96674346923828,1.8426669836044312,23.323627471923828
2012-10-15,19.118854522705078,1.8220000267028809,23.57124137878418
2012-10-16,19.571552276611328,1.8706669807434082,23.555261611938477
2012-10-17,19.4155330657959,1.9213329553604126,23.635150909423828
2012-10-18,19.054996490478516,1.869333028793335,23.56325340270996
2012-10-19,18.368263244628906,1.8493330478668213,22.876327514648438
2012-10-22,19.096860885620117,1.8566670417785645,22.365123748779297
2012-10-23,18.47429084777832,1.8926670551300049,22.405059814453125
2012-10-24,18.57880401611328,1.8279999494552612,22.28524398803711
2012-10-25,18.359224319458008,1.8346669673919678,22.269269943237305
2012-10-26,18.19236946105957,1.8253329992294312,22.532861709594727
2012-10-29,18.19236946105957,1.8253329992294312,22.532861709594727
2012-10-30,18.19236946105957,1.8253329992294312,22.532861709594727
2012-10-31,17.930917739868164,1.8753329515457153,22.79645347595215
2012-11-01,17.96767234802246,1.9500000476837158,23.5792293548584
2012-11-02,17.373106002807617,1.9279999732971191,23.56325340270996
2012-11-05,17.608646392822266,2.0999999046325684,23.667095184326172
2012-11-06,17.555335998535156,2.076667070388794,23.850807189941406
2012-11-07,16.88361930847168,2.1026670932769775,23.227771759033203
2012-11-08,16.27090072631836,2.0873329639434814,23.012109756469727
2012-11-09,16.552597045898438,2.0213329792022705,23.028091430664062
2012-11-12,16.42461395263672,2.0713329315185547,22.540842056274414
2012-11-13,16.426729202270508,2.107332944869995,21.816059112548828
2012-11-14,16.244586944580078,2.0920000076293945,21.614736557006836
2012-11-15,15.90388298034668,2.0546669960021973,21.46977996826172
2012-11-16,15.966217041015625,2.122667074203491,21.357030868530273
2012-11-19,17.11750030517578,2.194667100906372,21.526145935058594
2012-11-20,16.971660614013672,2.200000047683716,21.510032653808594
2012-11-21,16.99556541442871,2.1646668910980225,21.703317642211914
2012-11-22,16.99556541442871,2.1646668910980225,21.703317642211914
2012-11-23,17.292089462280273,2.1419999599456787,22.307310104370117
2012-11-26,17.837631225585938,2.1513330936431885,22.057655334472656
2012-11-27,17.693910598754883,2.1433329582214355,21.808008193969727
2012-11-28,17.638240814208984,2.2153329849243164,22.033493041992188
2012-11-29,17.832487106323242,2.246000051498413,21.703317642211914
2012-11-30,17.70903778076172,2.254667043685913,21.437557220458984
2012-12-03,17.7365665435791,2.308000087738037,21.284547805786133
2012-12-04,17.42371368408203,2.259999990463257,21.236228942871094
2012-12-05,16.302377700805664,2.24733304977417,21.477821350097656
2012-12-06,16.55805206298828,2.259999990463257,21.526145935058594
2012-12-07,16.134748458862305,2.2780001163482666,21.3087100982666
2012-12-10,16.03097152709961,2.3046669960021973,21.695262908935547
2012-12-11,16.381044387817383,2.3519999980926514,22.00128746032715
2012-12-12,16.30872917175293,2.3506669998168945,21.936857223510742
2012-12-13,16.02703285217285,2.2406671047210693,21.832172393798828
2012-12-14,15.424911499023438,2.253999948501587,21.5905704498291
2012-12-17,15.698431968688965,2.293333053588867,21.824113845825195
2012-12-18,16.154417037963867,2.305999994277954,22.194564819335938
2012-12-19,15.924760818481445,2.307332992553711,21.993234634399414
2012-12-20,15.786179542541504,2.295332908630371,22.29119873046875
2012-12-21,15.7135648727417,2.266666889190674,22.105981826782227
2012-12-24,15.73897933959961,2.2853329181671143,21.79190444946289
2012-12-25,15.73897933959961,2.2853329181671143,21.79190444946289
2012-12-26,15.522038459777832,2.239332914352417,21.630834579467773
2012-12-27,15.584370613098145,2.246000051498413,21.71136474609375
2012-12-28,15.418851852416992,2.2146670818328857,21.381189346313477
2012-12-31,16.10206413269043,2.257999897003174,21.510032653808594
2013-01-01,16.10206413269043,2.257999897003174,21.510032653808594
2013-01-02,16.61220359802246,2.357332944869995,22.242881774902344
2013-01-03,16.402530670166016,2.318000078201294,21.94491958618164
2013-01-04,15.94564437866211,2.293333053588867,21.53420066833496
2013-01-07,15.851846694946289,2.2893331050872803,21.493938446044922
2013-01-08,15.894499778747559,2.245332956314087,21.381189346313477
2013-01-09,15.646099090576172,2.2426669597625732,21.501989364624023
2013-01-10,15.840042114257812,2.23533296585083,21.3087100982666
2013-01-11,15.742916107177734,2.194000005722046,21.606674194335938
2013-01-14,15.181640625,2.2173330783843994,21.65499496459961
2013-01-15,14.702667236328125,2.259999990463257,21.912694931030273
2013-01-16,15.312954902648926,2.2733330726623535,21.77579689025879
2013-01-17,15.209776878356934,2.2920000553131104,21.94491958618164
2013-01-18,15.128689765930176,2.301332950592041,21.94491958618164
2013-01-21,15.128689765930176,2.301332950592041,21.94491958618164
2013-01-22,15.273012161254883,2.3459999561309814,21.8643798828125
2013-01-23,15.552599906921387,2.4000000953674316,22.234832763671875
2013-01-24,13.630948066711426,2.4660000801086426,22.25092887878418
2013-01-25,13.309614181518555,2.4653329849243164,22.452266693115234
2013-01-28,13.610676765441895,2.5353329181671143,22.476425170898438
2013-01-29,13.866046905517578,2.5299999713897705,22.55695152282715
2013-01-30,13.822477340698242,2.501332998275757,22.428104400634766
2013-01-31,13.781932830810547,2.500667095184326,22.105981826782227
2013-02-01,13.725349426269531,2.553333044052124,22.492528915405273
2013-02-04,13.383445739746094,2.5160000324249268,22.097929000854492
2013-02-05,13.853042602539062,2.5420000553131104,22.146244049072266
2013-02-06,13.838211059570312,2.611332893371582,22.017391204833984
2013-02-07,14.249678611755371,2.631999969482422,21.969072341918945
2013-02-08,14.455403327941895,2.615999937057495,22.186513900756836
2013-02-11,14.60605525970459,2.561332941055298,22.436159133911133
2013-02-12,14.23993968963623,2.5260000228881836,22.452266693115234
2013-02-13,14.212852478027344,2.563333034515381,22.573060989379883
2013-02-14,14.200069427490234,2.551332950592041,22.581113815307617
2013-02-15,14.004375457763672,2.4693329334259033,22.55695152282715
2013-02-18,14.004375457763672,2.4693329334259033,22.55695152282715
2013-02-19,13.999205589294434,2.618666887283325,22.77619171142578
2013-02-20,13.660179138183594,2.569333076477051,22.630022048950195
2013-02-21,13.575264930725098,2.3440001010894775,22.321481704711914
2013-02-22,13.719826698303223,2.4073328971862793,22.540714263916016
2013-02-25,13.476053237915039,2.2920000553131104,22.22403907775879
2013-02-26,13.663830757141113,2.295332908630371,22.22403907775879
2013-02-27,13.529922485351562,2.3399999141693115,22.581314086914062
2013-02-28,13.433443069458008,2.322000026702881,22.573192596435547
2013-03-01,13.100807189941406,2.309999942779541,22.694995880126953
2013-03-04,12.783681869506836,2.371999979019165,22.857389450073242
2013-03-05,13.121191024780273,2.4433329105377197,23.019786834716797
2013-03-06,12.95442008972168,2.512666940689087,22.808671951293945
2013-03-07,13.104151725769043,2.5486669540405273,22.849267959594727
2013-03-08,13.138843536376953,2.564666986465454,22.735593795776367
2013-03-11,13.326014518737793,2.6066670417785645,22.630022048950195
2013-03-12,13.038719177246094,2.6080000400543213,22.662513732910156
2013-03-13,13.03627872467041,2.5986669063568115,22.67063331604004
2013-03-14,13.16258716583252,2.456666946411133,22.849267959594727
2013-03-15,13.50222396850586,2.3526670932769775,22.7680721282959
2013-03-18,13.869256019592285,2.3433330059051514,22.816795349121094
2013-03-19,13.831827163696289,2.3386669158935547,22.881752014160156
2013-03-20,13.758477210998535,2.396667003631592,22.99542999267578
2013-03-21,13.7782621383667,2.4006669521331787,22.82491683959961
2013-03-22,14.05764102935791,2.441333055496216,22.93859100341797
2013-03-25,14.108467102050781,2.502000093460083,22.865507125854492
2013-03-26,14.034205436706543,2.5239999294281006,22.865507125854492
2013-03-27,13.758477210998535,2.5439999103546143,23.036022186279297
2013-03-28,13.471790313720703,2.5260000228881836,23.230907440185547
2013-03-29,13.471790313720703,2.5260000228881836,23.230907440185547
2013-04-01,13.053326606750488,2.9286670684814453,23.230907440185547
2013-04-02,13.080111503601074,2.9560000896453857,23.385175704956055
2013-04-03,13.147062301635742,2.740000009536743,23.1903018951416
2013-04-04,13.017111778259277,2.8006670475006104,23.222787857055664
2013-04-05,12.87955093383789,2.757999897003174,23.303983688354492
2013-04-08,12.971155166625977,2.7886669635772705,23.21466636657715
2013-04-09,12.994587898254395,2.700000047683716,24.042888641357422
2013-04-10,13.259665489196777,2.7906670570373535,24.58692169189453
2013-04-11,13.218276977539062,2.9059998989105225,23.49886131286621
2013-04-12,13.080412864685059,2.9166669845581055,23.37706184387207
2013-04-15,12.777593612670898,2.886667013168335,23.29586410522461
2013-04-16,12.972070693969727,3.0393331050872803,23.52321434020996
2013-04-17,12.258699417114258,3.0299999713897705,23.409542083740234
2013-04-18,11.931541442871094,3.131333112716675,23.37706184387207
2013-04-19,11.885281562805176,3.188667058944702,24.172805786132812
2013-04-22,12.133011817932129,3.3459999561309814,25.033510208129883
2013-04-23,12.360047340393066,3.4006669521331787,24.846759796142578
2013-04-24,12.339653015136719,3.361999988555908,25.788658142089844
2013-04-25,12.428523063659668,3.4666669368743896,25.9348201751709
2013-04-26,12.696946144104004,3.413332939147949,25.81301498413086
2013-04-29,13.090152740478516,3.6626670360565186,26.47884178161621
2013-04-30,13.475442886352539,3.5993330478668213,26.876708984375
2013-05-01,13.369231224060059,3.552000045776367,26.568164825439453
2013-05-02,13.558829307556152,3.607332944869995,26.925434112548828
2013-05-03,13.694565773010254,3.636667013168335,27.193397521972656
2013-05-06,14.021119117736816,3.9666669368743896,27.404508590698242
2013-05-07,13.95872688293457,3.700666904449463,27.047239303588867
2013-05-08,14.116374969482422,3.7193329334259033,26.78740119934082
2013-05-09,13.993223190307617,4.626667022705078,26.519445419311523
2013-05-10,13.876812934875488,5.117332935333252,26.543806076049805
2013-05-13,13.931034088134766,5.853332996368408,26.819883346557617
2013-05-14,13.597725868225098,5.549333095550537,27.416786193847656
2013-05-15,13.13788890838623,5.656000137329102,27.678436279296875
2013-05-16,13.313427925109863,6.150000095367432,27.866500854492188
2013-05-17,13.272990226745605,6.099999904632568,28.512474060058594
2013-05-20,13.569232940673828,5.995999813079834,28.68419647216797
2013-05-21,13.46905517578125,5.8393330574035645,28.496110916137695
2013-05-22,13.520829200744629,5.815999984741211,28.29988670349121
2013-05-23,13.545028686523438,6.182000160217285,27.92374038696289
2013-05-24,13.63724422454834,6.4720001220703125,28.021860122680664
2013-05-27,13.63724422454834,6.4720001220703125,28.021860122680664
2013-05-28,13.523587226867676,7.355332851409912,28.6351261138916
2013-05-29,13.631117820739746,6.975333213806152,28.520658493041992
2013-05-30,13.834226608276367,6.99666690826416,28.643306732177734
2013-05-31,13.777554512023926,6.517333030700684,28.53700828552246
2013-06-03,13.807884216308594,6.172667026519775,29.1011962890625
2013-06-04,13.764684677124023,6.322667121887207,28.610595703125
2013-06-05,13.636017799377441,6.357999801635742,28.438873291015625
2013-06-06,13.43229866027832,6.489999771118164,28.5860652923584
2013-06-07,13.534923553466797,6.802667140960693,29.166614532470703
2013-06-10,13.44547176361084,6.670000076293945,29.003084182739258
2013-06-11,13.4059476852417,6.297999858856201,28.487939834594727
2013-06-12,13.240212440490723,6.51533317565918,28.6187744140625
2013-06-13,13.355706214904785,6.545332908630371,28.389829635620117
2013-06-14,13.174650192260742,6.686666965484619,28.128171920776367
2013-06-17,13.234392166137695,6.813333034515381,28.6187744140625
2013-06-18,13.227343559265137,6.892666816711426,28.602420806884766
2013-06-19,12.958678245544434,6.97866678237915,28.28352165222168
2013-06-20,12.769959449768066,6.710000038146973,27.38408088684082
2013-06-21,12.667641639709473,6.636666774749756,27.204187393188477
2013-06-24,12.331877708435059,6.765999794006348,27.5721378326416
2013-06-25,12.334635734558105,6.826666831970215,27.5312557220459
2013-06-26,12.194941520690918,7.047999858856201,28.087278366088867
2013-06-27,12.063516616821289,7.283332824707031,28.30805015563965
2013-06-28,12.147761344909668,7.157332897186279,28.242633819580078
2013-07-01,12.536520004272461,7.811999797821045,28.095468521118164
2013-07-02,12.820511817932129,7.8546671867370605,27.752033233642578
2013-07-03,12.891277313232422,7.682666778564453,27.80927276611328
2013-07-04,12.891277313232422,7.682666778564453,27.80927276611328
2013-07-05,12.787731170654297,8.005999565124512,27.97280502319336
2013-07-08,12.71512222290039,8.107333183288574,28.070926666259766
2013-07-09,12.938761711120605,8.229999542236328,28.087278366088867
2013-07-10,12.889134407043457,8.15133285522461,28.373472213745117
2013-07-11,13.090103149414062,8.37399959564209,29.18296241760254
2013-07-12,13.066204071044922,8.65999984741211,29.166614532470703
2013-07-15,13.094695091247559,8.484000205993652,29.575458526611328
2013-07-16,13.179244995117188,7.269999980926514,29.657222747802734
2013-07-17,13.1826171875,8.016667366027832,29.223861694335938
2013-07-18,13.227035522460938,7.935332775115967,28.978553771972656
2013-07-19,13.018413543701172,7.97866678237915,25.675127029418945
2013-07-22,13.060078620910645,8.161999702453613,26.173912048339844
2013-07-23,12.835829734802246,8.182666778564453,26.01854705810547
2013-07-24,13.495097160339355,8.113332748413086,26.133024215698242
2013-07-25,13.43351936340332,8.271332740783691,25.666954040527344
2013-07-26,13.50979995727539,8.62600040435791,25.855016708374023
2013-07-29,13.718123435974121,8.974666595458984,25.789602279663086
2013-07-30,13.887533187866211,8.78266716003418,26.043088912963867
2013-07-31,13.863330841064453,8.95199966430664,26.0349063873291
2013-08-01,13.99046516418457,9.036666870117188,25.895898818969727
2013-08-02,14.169992446899414,9.199999809265137,26.07579231262207
2013-08-05,14.381678581237793,9.645333290100098,25.920427322387695
2013-08-06,14.253011703491211,9.476667404174805,25.822315216064453
2013-08-07,14.244738578796387,8.9486665725708,26.214794158935547
2013-08-08,14.2163667678833,10.232000350952148,26.893474578857422
2013-08-09,14.01407527923584,10.199999809265137,26.738107681274414
2013-08-12,14.412192344665527,9.825332641601562,26.877117156982422
2013-08-13,15.097089767456055,9.695332527160645,26.539508819580078
2013-08-14,15.372469902038574,9.290666580200195,26.63831901550293
2013-08-15,15.354272842407227,9.311332702636719,26.177194595336914
2013-08-16,15.490571022033691,9.466667175292969,26.185426712036133
2013-08-19,15.657402992248535,9.65999984741211,25.847822189331055
2013-08-20,15.451714515686035,9.972000122070312,26.037208557128906
2013-08-21,15.491495132446289,9.857333183288574,26.028972625732422
2013-08-22,15.50999641418457,10.473333358764648,26.671255111694336
2013-08-23,15.45018196105957,10.78933334350586,28.61457633972168
2013-08-26,15.510307312011719,10.947999954223633,28.120508193969727
2013-08-27,15.06686019897461,11.133999824523926,27.387651443481445
2013-08-28,15.13809871673584,11.096667289733887,27.19002914428711
2013-08-29,15.162772178649902,11.070667266845703,27.62644386291504
2013-08-30,15.024620056152344,11.266667366027832,27.50293731689453
2013-09-02,15.024620056152344,11.266667366027832,27.50293731689453
2013-09-03,15.066555976867676,11.262666702270508,26.25129508972168
2013-09-04,15.378317832946777,11.374667167663574,25.691362380981445
2013-09-05,15.272854804992676,11.328666687011719,25.716062545776367
2013-09-06,15.363825798034668,11.131333351135254,25.650192260742188
2013-09-09,15.60898208618164,10.713333129882812,26.070146560668945
2013-09-10,15.25342845916748,11.091333389282227,26.671255111694336
2013-09-11,14.422983169555664,10.90133285522461,26.95946502685547
2013-09-12,14.576555252075195,10.995332717895508,26.918289184570312
2013-09-13,14.336324691772461,11.03600025177002,27.198257446289062
2013-09-16,13.880548477172852,11.10533332824707,27.008872985839844
2013-09-17,14.040902137756348,11.081999778747559,27.11591148376465
2013-09-18,14.32954216003418,11.08133316040039,27.437055587768555
2013-09-19,14.564522743225098,11.861332893371582,27.700559616088867
2013-09-20,14.41373062133789,12.22599983215332,27.00063133239746
2013-09-23,15.130082130432129,12.074000358581543,26.95946502685547
2013-09-24,15.082595825195312,12.155332565307617,26.720661163330078
2013-09-25,14.849152565002441,12.349332809448242,26.77008056640625
2013-09-26,14.99377727508545,12.576000213623047,26.98416519165039
2013-09-27,14.88676929473877,12.726667404174805,27.395885467529297
2013-09-30,14.70174789428711,12.891332626342773,27.40411949157715
2013-10-01,15.047433853149414,12.866666793823242,27.65114974975586
2013-10-02,15.09677505493164,12.063332557678223,27.931123733520508
2013-10-03,14.907130241394043,11.553999900817871,27.881710052490234
2013-10-04,14.89540958404541,12.065333366394043,27.8981876373291
2013-10-07,15.040960311889648,12.204667091369629,27.420589447021484
2013-10-08,14.830958366394043,11.648667335510254,27.181787490844727
2013-10-09,15.005192756652832,11.251999855041504,27.231201171875
2013-10-10,15.0992431640625,11.528667449951172,27.79936981201172
2013-10-11,15.197003364562988,11.91333293914795,28.10404396057129
2013-10-14,15.296605110168457,11.981332778930664,28.3675537109375
2013-10-15,15.378016471862793,12.262666702270508,28.40048599243164
2013-10-16,15.452948570251465,12.237333297729492,28.52400016784668
2013-10-17,15.557485580444336,12.186667442321777,28.754562377929688
2013-10-18,15.69286823272705,12.226667404174805,28.787508010864258
2013-10-21,16.077407836914062,11.506667137145996,28.812204360961914
2013-10-22,16.03145980834961,11.435999870300293,28.474594116210938
2013-10-23,16.18842315673828,10.966667175292969,27.79936981201172
2013-10-24,16.402746200561523,11.543333053588867,27.766429901123047
2013-10-25,16.219263076782227,11.310667037963867,29.421550750732422
2013-10-28,16.34014320373535,10.857333183288574,29.289794921875
2013-10-29,15.933085441589355,10.964667320251465,29.248626708984375
2013-10-30,16.18657112121582,10.614666938781738,29.265098571777344
2013-10-31,16.11872673034668,10.662667274475098,29.15804672241211
2013-11-01,16.036399841308594,10.811332702636719,29.256855010986328
2013-11-04,16.243621826171875,11.680000305175781,29.594467163085938
2013-11-05,16.203529357910156,11.787332534790039,30.17087745666504
2013-11-06,16.157623291015625,10.077333450317383,31.438980102539062
2013-11-07,15.896148681640625,9.317999839782715,30.879043579101562
2013-11-08,16.146459579467773,9.196666717529297,31.109601974487305
2013-11-11,16.09962272644043,9.646666526794434,30.953155517578125
2013-11-12,16.129404067993164,9.186667442321777,30.763761520385742
2013-11-13,16.14863395690918,9.24666690826416,31.42251205444336
2013-11-14,16.382190704345703,9.173333168029785,31.307233810424805
2013-11-15,16.283870697021484,9.029999732971191,31.159008026123047
2013-11-18,16.08660125732422,8.10533332824707,30.63200569152832
2013-11-19,16.115135192871094,8.406000137329102,30.482669830322266
2013-11-20,15.973998069763184,8.074000358581543,30.764755249023438
2013-11-21,16.164451599121094,8.140000343322754,31.03025245666504
2013-11-22,16.122879028320312,8.092000007629395,31.17131233215332
2013-11-25,16.245100021362305,8.055999755859375,31.229372024536133
2013-11-26,16.544723510742188,8.033332824707031,30.988773345947266
2013-11-27,16.934314727783203,8.462667465209961,31.196195602416992
2013-11-28,16.934314727783203,8.462667465209961,31.196195602416992
2013-11-29,17.247882843017578,8.485333442687988,31.635927200317383
2013-12-02,17.097768783569336,8.277999877929688,31.901432037353516
2013-12-03,17.565820693969727,9.646666526794434,31.78527069091797
2013-12-04,17.52487564086914,9.263333320617676,32.30795669555664
2013-12-05,17.614830017089844,9.36533260345459,31.528066635131836
2013-12-06,17.370412826538086,9.157333374023438,31.826757431030273
2013-12-09,17.569232940673828,9.4399995803833,32.11713409423828
2013-12-10,17.541940689086914,9.47933292388916,31.61932373046875
2013-12-11,17.41197395324707,9.3100004196167,31.20448875427246
2013-12-12,17.386545181274414,9.83133316040039,30.880918502807617
2013-12-13,17.197025299072266,9.84333324432373,30.441179275512695
2013-12-16,17.292245864868164,9.862667083740234,30.60711669921875
2013-12-17,17.214393615722656,10.163999557495117,30.30014419555664
2013-12-18,17.0835018157959,9.86533260345459,30.34991455078125
2013-12-19,16.887779235839844,9.381333351135254,30.07611656188965
2013-12-20,17.029226303100586,9.549332618713379,30.532447814941406
2013-12-23,17.682762145996094,9.569999694824219,30.383100509643555
2013-12-24,17.607696533203125,10.093999862670898,30.764755249023438
2013-12-25,17.607696533203125,10.093999862670898,30.764755249023438
2013-12-26,17.490760803222656,10.366666793823242,31.063453674316406
2013-12-27,17.372581481933594,10.074666976928711,30.938995361328125
2013-12-30,17.199813842773438,10.162667274475098,30.938995361328125
2013-12-31,17.40143394470215,10.028667449951172,31.038555145263672
2014-01-01,17.40143394470215,10.028667449951172,31.038555145263672
2014-01-02,17.15670394897461,10.006667137145996,30.831140518188477
2014-01-03,16.779834747314453,9.970666885375977,30.623706817626953
2014-01-06,16.871337890625,9.800000190734863,29.976558685302734
2014-01-07,16.75067901611328,9.957332611083984,30.208860397338867
2014-01-08,16.856760025024414,10.085332870483398,29.669578552246094
2014-01-09,16.641510009765625,9.835332870483398,29.478761672973633
2014-01-10,16.530460357666016,9.714667320251465,29.90188980102539
2014-01-13,16.61699676513672,9.28933334350586,29.022418975830078
2014-01-14,16.947643280029297,10.751333236694336,29.686159133911133
2014-01-15,17.28791046142578,10.942000389099121,30.49925994873047
2014-01-16,17.191444396972656,11.39799976348877,30.60711669921875
2014-01-17,16.770225524902344,11.333999633789062,30.183982849121094
2014-01-20,16.770225524902344,11.333999633789062,30.183982849121094
2014-01-21,17.030765533447266,11.778667449951172,30.009746551513672
2014-01-22,17.10645294189453,11.904000282287598,29.810623168945312
2014-01-23,17.251298904418945,12.100000381469727,29.918468475341797
2014-01-24,16.937725067138672,11.640000343322754,30.54075050354004
2014-01-27,17.07512092590332,11.307999610900879,29.893585205078125
2014-01-28,15.710355758666992,11.892000198364258,30.09271240234375
2014-01-29,15.532015800476074,11.682000160217285,30.416292190551758
2014-01-30,15.501914024353027,12.189332962036133,30.582231521606445
2014-01-31,15.527352333068848,12.093999862670898,31.395320892333984
2014-02-03,15.556204795837402,11.807332992553711,30.266950607299805
2014-02-04,15.781387329101562,11.915332794189453,30.159090042114258
2014-02-05,15.899251937866211,11.628000259399414,29.719348907470703
2014-02-06,15.991929054260254,11.892000198364258,30.018035888671875
2014-02-07,16.215652465820312,12.435333251953125,30.333316802978516
2014-02-10,16.506153106689453,13.104000091552734,30.532447814941406
2014-02-11,16.72364616394043,13.107999801635742,30.839427947998047
2014-02-12,16.722394943237305,13.021332740783691,31.088340759277344
2014-02-13,16.987930297851562,13.308667182922363,31.20448875427246
2014-02-14,16.974197387695312,13.215332984924316,31.212785720825195
2014-02-17,16.974197387695312,13.215332984924316,31.212785720825195
2014-02-18,17.036609649658203,13.579999923706055,31.279653549194336
2014-02-19,16.767629623413086,12.909333229064941,31.354900360107422
2014-02-20,16.573549270629883,13.998000144958496,31.555513381958008
2014-02-21,16.389461517333984,13.973333358764648,31.747758865356445
2014-02-24,16.461227416992188,14.510000228881836,31.50536346435547
2014-02-25,16.289915084838867,16.53333282470703,31.37996482849121
2014-02-26,16.142942428588867,16.866666793823242,31.321462631225586
2014-02-27,16.4649658203125,16.836000442504883,31.647451400756836
2014-02-28,16.42034912109375,16.320667266845703,32.02360534667969
2014-03-03,16.467777252197266,16.70400047302246,31.58057975769043
2014-03-04,16.576364517211914,16.98933219909668,32.10720443725586
2014-03-05,16.611309051513672,16.8439998626709,31.856420516967773
2014-03-06,16.561071395874023,16.862667083740234,31.889875411987305
2014-03-07,16.5513973236084,16.413999557495117,31.680898666381836
2014-03-10,16.566381454467773,15.922666549682617,31.61402130126953
2014-03-11,16.72769546508789,15.62733268737793,31.781206130981445
2014-03-12,16.743927001953125,16.099332809448242,31.990184783935547
2014-03-13,16.557945251464844,15.852666854858398,31.672544479370117
2014-03-14,16.37198829650879,15.39799976348877,31.513721466064453
2014-03-17,16.435945510864258,15.59866714477539,31.8062744140625
2014-03-18,16.58135414123535,16.002666473388672,33.06013488769531
2014-03-19,16.576982498168945,15.72266674041748,32.82609558105469
2014-03-20,16.497106552124023,15.660667419433594,33.712154388427734
2014-03-21,16.627227783203125,15.259332656860352,33.5700569152832
2014-03-24,16.824430465698242,14.678000450134277,33.854248046875
2014-03-25,17.00540542602539,14.696000099182129,33.72050857543945
2014-03-26,16.84283447265625,14.197333335876465,33.260765075683594
2014-03-27,16.770442962646484,13.821332931518555,32.901329040527344
2014-03-28,16.751720428466797,14.157999992370605,33.68707275390625
2014-03-31,16.747983932495117,13.896666526794434,34.263858795166016
2014-04-01,16.901185989379883,14.464667320251465,34.623294830322266
2014-04-02,16.929271697998047,15.352666854858398,34.56476974487305
2014-04-03,16.81195068359375,15.026666641235352,34.28057861328125
2014-04-04,16.594463348388672,14.148667335510254,33.32763671875
2014-04-07,16.333911895751953,13.834667205810547,33.26912307739258
2014-04-08,16.332984924316406,14.36400032043457,33.28584289550781
2014-04-09,16.547658920288086,14.461999893188477,33.829185485839844
2014-04-10,16.334226608276367,13.612667083740234,32.901329040527344
2014-04-11,16.213476181030273,13.585332870483398,32.77595138549805
2014-04-14,16.278060913085938,13.206000328063965,32.750858306884766
2014-04-15,16.1619815826416,12.927332878112793,33.227325439453125
2014-04-16,16.19474983215332,13.27400016784668,33.77065658569336
2014-04-17,16.37978172302246,13.208000183105469,33.44465637207031
2014-04-18,16.37978172302246,13.208000183105469,33.44465637207031
2014-04-21,16.574180603027344,13.625332832336426,33.386146545410156
2014-04-22,16.590717315673828,14.576000213623047,33.427940368652344
2014-04-23,16.37385368347168,13.866000175476074,33.17716598510742
2014-04-24,17.716215133666992,13.857333183288574,33.319271087646484
2014-04-25,17.84632682800293,13.323332786560059,33.36106491088867
2014-04-28,18.53748321533203,13.234000205993652,34.16352844238281
2014-04-29,18.482559204101562,13.79466724395752,33.86262130737305
2014-04-30,18.41267204284668,13.859333038330078,33.77065658569336
2014-05-01,18.456039428710938,13.84866714477539,33.436309814453125
2014-05-02,18.4903564453125,14.060667037963867,33.17716598510742
2014-05-05,18.751846313476562,14.440667152404785,32.95983123779297
2014-05-06,18.547470092773438,13.8186674118042,32.650543212890625
2014-05-07,18.482559204101562,13.423333168029785,32.95148468017578
2014-05-08,18.449617385864258,11.906000137329102,33.13536834716797
2014-05-09,18.372743606567383,12.150667190551758,33.051780700683594
2014-05-12,18.601482391357422,12.311332702636719,33.411216735839844
2014-05-13,18.630659103393555,12.677332878112793,34.02574920654297
2014-05-14,18.634119033813477,12.708000183105469,33.87421417236328
2014-05-15,18.475662231445312,12.572667121887207,33.33545684814453
2014-05-16,18.748327255249023,12.77066707611084,33.529083251953125
2014-05-19,18.97048568725586,13.072667121887207,33.461734771728516
2014-05-20,18.9742431640625,13.020000457763672,33.40281677246094
2014-05-21,19.024452209472656,13.296667098999023,33.96682357788086
2014-05-22,19.0545711517334,13.658666610717773,33.75636291503906
2014-05-23,19.269817352294922,13.819999694824219,33.77320098876953
2014-05-26,19.269817352294922,13.819999694824219,33.77320098876953
2014-05-27,19.630659103393555,14.104000091552734,33.83213424682617
2014-05-28,19.579835891723633,14.015999794006348,33.680599212646484
2014-05-29,19.93659210205078,14.015999794006348,33.958396911621094
2014-05-30,19.861913681030273,13.851332664489746,34.463470458984375
2014-06-02,19.72542381286621,13.646666526794434,34.33721160888672
2014-06-03,20.004364013671875,13.662667274475098,33.91630554199219
2014-06-04,20.2327938079834,13.599332809448242,33.941551208496094
2014-06-05,20.312175750732422,13.793333053588867,34.690773010253906
2014-06-06,20.25632667541504,13.878000259399414,34.918052673339844
2014-06-09,20.58045768737793,13.687333106994629,34.74128341674805
2014-06-10,20.701261520385742,13.486666679382324,34.60658264160156
2014-06-11,20.6156005859375,13.631333351135254,34.39613342285156
2014-06-12,20.270755767822266,13.567999839782715,34.16043472290039
2014-06-13,20.048919677734375,13.761333465576172,34.70759582519531
2014-06-16,20.250993728637695,14.973999977111816,34.93488311767578
2014-06-17,20.224634170532227,15.444666862487793,35.086421966552734
2014-06-18,20.246601104736328,15.141332626342773,35.0611686706543
2014-06-19,20.176305770874023,15.185999870300293,34.94330978393555
2014-06-20,19.96765899658203,15.305999755859375,35.086421966552734
2014-06-23,19.950082778930664,15.814666748046875,35.347381591796875
2014-06-24,19.829280853271484,15.5,35.14533615112305
2014-06-25,19.846858978271484,15.792667388916016,35.381046295166016
2014-06-26,19.965465545654297,15.706666946411133,35.120086669921875
2014-06-27,20.20267677307129,15.937333106994629,35.56624984741211
2014-06-30,20.411334991455078,16.003999710083008,35.10324478149414
2014-07-01,20.540922164916992,15.981332778930664,35.246360778808594
2014-07-02,20.532136917114258,15.295332908630371,35.27162170410156
2014-07-03,20.652938842773438,15.283332824707031,35.187435150146484
2014-07-04,20.652938842773438,15.283332824707031,35.187435150146484
2014-07-07,21.079042434692383,14.843999862670898,35.347381591796875
2014-07-08,20.9428653717041,14.604666709899902,35.170597076416016
2014-07-09,20.95164680480957,14.870667457580566,35.07799530029297
2014-07-10,20.87477684020996,14.630666732788086,35.09483337402344
2014-07-11,20.91431999206543,14.541999816894531,35.431549072265625
2014-07-14,21.184473037719727,15.113332748413086,35.47364807128906
2014-07-15,20.9362735748291,14.638667106628418,35.7346076965332
2014-07-16,20.817672729492188,14.477333068847656,37.106754302978516
2014-07-17,20.446475982666016,14.359999656677246,37.485557556152344
2014-07-18,20.74079704284668,14.668000221252441,37.6202507019043
2014-07-21,20.6331729888916,14.702667236328125,37.746524810791016
2014-07-22,20.80449676513672,14.638667106628418,37.73810958862305
2014-07-23,21.34700584411621,14.832667350769043,37.77177047729492
2014-07-24,21.31186294555664,14.902667045593262,37.37612533569336
2014-07-25,21.452436447143555,14.904666900634766,37.46031188964844
2014-07-28,21.74894905090332,14.98799991607666,37.01414489746094
2014-07-29,21.60838508605957,15.000666618347168,36.94679641723633
2014-07-30,21.5578670501709,15.261333465576172,36.685848236083984
2014-07-31,20.997779846191406,14.886667251586914,36.332275390625
2014-08-01,21.114181518554688,15.5513334274292,36.07975387573242
2014-08-04,20.995582580566406,15.90133285522461,36.50906753540039
2014-08-05,20.89234733581543,15.899333000183105,36.26494598388672
2014-08-06,20.857206344604492,16.595333099365234,35.978736877441406
2014-08-07,20.854997634887695,16.826000213623047,36.391212463378906
2014-08-08,20.912389755249023,16.54199981689453,36.36595916748047
2014-08-11,21.188304901123047,17.288000106811523,36.36595916748047
2014-08-12,21.18389320373535,17.33066749572754,36.63533401489258
2014-08-13,21.464229583740234,17.354000091552734,37.106754302978516
2014-08-14,21.521621704101562,17.42533302307129,37.266700744628906
2014-08-15,21.627574920654297,17.46733283996582,37.70442199707031
2014-08-18,21.888038635253906,17.32933235168457,37.97379684448242
2014-08-19,22.19044303894043,17.117332458496094,38.3973388671875
2014-08-20,22.199262619018555,17.047332763671875,38.0754508972168
2014-08-21,22.20148277282715,16.95599937438965,38.30415344238281
2014-08-22,22.36482810974121,17.118667602539062,38.2448616027832
2014-08-25,22.41337776184082,17.503332138061523,38.26179885864258
2014-08-26,22.269908905029297,17.44933319091797,38.12626647949219
2014-08-27,22.543617248535156,17.549999237060547,38.00768280029297
2014-08-28,22.570110321044922,17.590667724609375,38.01616287231445
2014-08-29,22.625288009643555,17.979999542236328,38.48203659057617
2014-09-01,22.625288009643555,17.979999542236328,38.48203659057617
2014-09-02,22.801877975463867,18.941333770751953,38.19403839111328
2014-09-03,21.839475631713867,18.746000289916992,38.083927154541016
2014-09-04,21.658472061157227,19.069332122802734,38.33804702758789
2014-09-05,21.846097946166992,18.492666244506836,38.88862609863281
2014-09-08,21.711448669433594,18.80733299255371,39.36299133300781
2014-09-09,21.629776000976562,18.565332412719727,39.608638763427734
2014-09-10,22.294185638427734,18.739999771118164,39.6763916015625
2014-09-11,22.389101028442383,18.687332153320312,39.811927795410156
2014-09-12,22.439870834350586,18.613332748413086,39.55782699584961
2014-09-15,22.433242797851562,16.923999786376953,39.16817092895508
2014-09-16,22.263288497924805,17.382667541503906,39.608638763427734
2014-09-17,22.422210693359375,17.42533302307129,39.40533447265625
2014-09-18,22.468570709228516,17.58799934387207,39.5408821105957
2014-09-19,22.28536033630371,17.288000106811523,40.25240707397461
2014-09-22,22.30742835998535,16.66866683959961,39.862754821777344
2014-09-23,22.656192779541016,16.694000244140625,39.43922424316406
2014-09-24,22.459739685058594,16.80933380126953,39.87969207763672
2014-09-25,21.603294372558594,16.463333129882812,38.99874496459961
2014-09-26,22.239009857177734,16.440000534057617,39.31215286254883
2014-09-29,22.097732543945312,16.35066795349121,39.33757019042969
2014-09-30,22.239009857177734,16.178667068481445,39.269805908203125
2014-10-01,21.892444610595703,16.016000747680664,38.88018035888672
2014-10-02,22.05138397216797,16.761333465576172,38.76158142089844
2014-10-03,21.989564895629883,17.013999938964844,39.04110336303711
2014-10-06,21.989564895629883,17.374666213989258,39.04110336303711
2014-10-07,21.797536849975586,17.30466651916504,38.566749572753906
2014-10-08,22.25004005432129,17.28533363342285,39.62556838989258
2014-10-09,22.298603057861328,17.134000778198242,38.837799072265625
2014-10-10,22.234590530395508,15.793999671936035,37.29615020751953
2014-10-13,22.031505584716797,14.97266674041748,36.97426986694336
2014-10-14,21.797536849975586,15.137332916259766,37.04204177856445
2014-10-15,21.530447006225586,15.313332557678223,36.61003494262695
2014-10-16,21.247907638549805,15.09000015258789,36.203453063964844
2014-10-17,21.55914306640625,15.165332794189453,36.957332611083984
2014-10-20,22.020477294921875,15.364666938781738,37.33851623535156
2014-10-21,22.618667602539062,15.689332962036133,38.01616287231445
2014-10-22,22.73344612121582,15.40666675567627,37.59262466430664
2014-10-23,23.139596939086914,15.685999870300293,38.13473892211914
2014-10-24,23.22568702697754,15.682666778564453,39.075008392333984
2014-10-27,23.20140838623047,14.777999877929688,38.88862609863281
2014-10-28,23.561199188232422,16.184667587280273,39.379920959472656
2014-10-29,23.693645477294922,15.873332977294922,39.49006271362305
2014-10-30,23.61418342590332,15.910667419433594,39.00722122192383
2014-10-31,23.839326858520508,16.113332748413086,39.76958465576172
2014-11-03,24.148359298706055,16.172666549682617,40.18464279174805
2014-11-04,23.971771240234375,15.928667068481445,40.29475402832031
2014-11-05,24.02916717529297,15.39799976348877,40.540409088134766
2014-11-06,24.097881317138672,16.08133316040039,41.251922607421875
2014-11-07,24.166610717773438,16.01333236694336,41.23499298095703
2014-11-10,24.126708984375,16.1286678314209,41.412872314453125
2014-11-11,24.319576263427734,16.738666534423828,41.39594268798828
2014-11-12,24.663192749023438,16.606666564941406,41.319705963134766
2014-11-13,25.011259078979492,16.780000686645508,42.02277374267578
2014-11-14,25.312755584716797,17.245332717895508,41.99736404418945
2014-11-17,25.2706298828125,16.93199920654297,41.895713806152344
2014-11-18,25.598739624023438,17.18000030517578,41.54621124267578
2014-11-19,25.421384811401367,16.516000747680664,41.10295486450195
2014-11-20,25.784961700439453,16.58066749572754,41.512123107910156
2014-11-21,25.8204288482666,16.185333251953125,40.89839172363281
2014-11-24,26.299280166625977,16.447999954223633,40.56595230102539
2014-11-25,26.070940017700195,16.53933334350586,40.463661193847656
2014-11-26,26.38131332397461,16.562667846679688,40.70232391357422
2014-11-27,26.38131332397461,16.562667846679688,40.70232391357422
2014-11-28,26.365795135498047,16.301332473754883,40.75347137451172
2014-12-01,25.51006317138672,15.442667007446289,41.443939208984375
2014-12-02,25.412511825561523,15.428667068481445,41.30754852294922
2014-12-03,25.70071792602539,15.286666870117188,40.98362731933594
2014-12-04,25.603166580200195,15.218667030334473,41.63146209716797
2014-12-05,25.494543075561523,14.913999557495117,41.2734375
2014-12-08,24.918148040771484,14.290666580200195,40.65971755981445
2014-12-09,25.299448013305664,14.459333419799805,40.56595230102539
2014-12-10,24.81838607788086,13.989333152770996,39.97779083251953
2014-12-11,24.745222091674805,13.925333023071289,40.20793533325195
2014-12-12,24.32622528076172,13.800000190734863,40.02041244506836
2014-12-15,23.993690490722656,13.602666854858398,39.78173065185547
2014-12-16,23.66558837890625,13.187333106994629,38.494598388671875
2014-12-17,24.255287170410156,13.721332550048828,38.98899841308594
2014-12-18,24.97356605529785,14.550666809082031,40.50627899169922
2014-12-19,24.78069496154785,14.619333267211914,40.62562561035156
2014-12-22,25.037857055664062,14.84000015258789,40.89839172363281
2014-12-23,24.94917869567871,14.731332778930664,41.29901885986328
2014-12-24,24.831682205200195,14.817333221435547,41.0347785949707
2014-12-25,24.831682205200195,14.817333221435547,41.0347785949707
2014-12-26,25.2706298828125,15.187999725341797,40.81315231323242
2014-12-29,25.252904891967773,15.047332763671875,40.44662094116211
2014-12-30,24.944751739501953,14.815333366394043,40.080074310302734
2014-12-31,24.470325469970703,14.827333450317383,39.594207763671875
2015-01-01,24.470325469970703,14.827333450317383,39.594207763671875
2015-01-02,24.2375545501709,14.620667457580566,39.85844802856445
2015-01-05,23.554738998413086,14.005999565124512,39.491920471191406
2015-01-06,23.556964874267578,14.085332870483398,38.91229248046875
2015-01-07,23.88727378845215,14.063332557678223,39.40667724609375
2015-01-08,24.805084228515625,14.041333198547363,40.56595230102539
2015-01-09,24.831682205200195,13.77733325958252,40.224998474121094
2015-01-12,24.219818115234375,13.480667114257812,39.72206497192383
2015-01-13,24.434860229492188,13.616666793823242,39.51749038696289
2015-01-14,24.34174346923828,12.845999717712402,39.1765251159668
2015-01-15,23.681102752685547,12.791333198547363,38.76738739013672
2015-01-16,23.49710464477539,12.871333122253418,39.41520309448242
2015-01-19,23.49710464477539,12.871333122253418,39.41520309448242
2015-01-20,24.102319717407227,12.795332908630371,39.54307174682617
2015-01-21,24.286327362060547,13.104666709899902,39.14243698120117
2015-01-22,24.918148040771484,13.441332817077637,40.17384719848633
2015-01-23,25.046735763549805,13.419333457946777,40.21647262573242
2015-01-26,25.073326110839844,13.770000457763672,40.071556091308594
2015-01-27,24.195436477661133,13.732000350952148,36.363609313964844
2015-01-28,25.56327247619629,13.291333198547363,35.11054611206055
2015-01-29,26.359140396118164,13.680000305175781,35.809532165527344
2015-01-30,25.9733943939209,13.573332786560059,34.43716812133789
2015-02-02,26.299280166625977,14.062666893005371,35.18727493286133
2015-02-03,26.303720474243164,14.557332992553711,35.460025787353516
2015-02-04,26.505451202392578,14.569999694824219,35.66461944580078
2015-02-05,26.694639205932617,14.732666969299316,36.18459701538086
2015-02-06,26.4698486328125,14.490667343139648,36.15050506591797
2015-02-09,26.64566993713379,14.498666763305664,36.10788345336914
2015-02-10,27.15757179260254,14.419333457946777,36.312461853027344
2015-02-11,27.79411506652832,14.186667442321777,36.12492752075195
2015-02-12,28.145767211914062,13.525333404541016,36.73013687133789
2015-02-13,28.28376579284668,13.584667205810547,37.39501190185547
2015-02-16,28.28376579284668,13.584667205810547,37.39501190185547
2015-02-17,28.4506893157959,13.623332977294922,37.412174224853516
2015-02-18,28.648775100708008,13.630666732788086,37.369258880615234
2015-02-19,28.58867835998535,14.11400032043457,37.343502044677734
2015-02-20,28.822378158569336,14.473999977111816,37.652557373046875
2015-02-23,29.60135269165039,13.822667121887207,37.90150833129883
2015-02-24,29.416627883911133,13.607333183288574,37.84999465942383
2015-02-25,28.664352416992188,13.583999633789062,37.76414489746094
2015-02-26,29.027132034301758,13.812666893005371,37.824241638183594
2015-02-27,28.590909957885742,13.555999755859375,37.64396286010742
2015-03-02,28.731115341186523,13.155332565307617,37.66970443725586
2015-03-03,28.791217803955078,13.303999900817871,37.154624938964844
2015-03-04,28.60870933532715,13.496000289916992,36.96577453613281
2015-03-05,28.134641647338867,13.375332832336426,37.008689880371094
2015-03-06,28.17693519592285,12.925333023071289,36.364845275878906
2015-03-09,28.297117233276367,12.725333213806152,36.785491943359375
2015-03-10,27.711769104003906,12.687999725341797,36.0815315246582
2015-03-11,27.2065372467041,12.916000366210938,36.038612365722656
2015-03-12,27.698413848876953,12.73799991607666,35.2144775390625
2015-03-13,27.507009506225586,12.578666687011719,35.523529052734375
2015-03-16,27.809690475463867,13.046667098999023,35.67805862426758
2015-03-17,28.274860382080078,12.982000350952148,35.79824447631836
2015-03-18,28.593128204345703,13.380666732788086,36.485015869140625
2015-03-19,28.37724494934082,13.043333053588867,36.304744720458984
2015-03-20,28.02113151550293,13.20533275604248,36.81123733520508
2015-03-23,28.312698364257812,13.308667182922363,36.79407501220703
2015-03-24,28.196962356567383,13.447999954223633,36.82841110229492
2015-03-25,27.460269927978516,12.953332901000977,35.59220886230469
2015-03-26,27.651676177978516,12.694000244140625,35.37759017944336
2015-03-27,27.43133544921875,12.333333015441895,35.171566009521484
2015-03-30,28.125743865966797,12.704667091369629,35.16297912597656
2015-03-31,27.69396209716797,12.584667205810547,34.90543746948242
2015-04-01,27.653900146484375,12.505999565124512,34.956947326660156
2015-04-02,27.892051696777344,12.733332633972168,34.58781051635742
2015-04-03,27.892051696777344,12.733332633972168,34.58781051635742
2015-04-06,28.343854904174805,13.539999961853027,35.66948318481445
2015-04-07,28.045616149902344,13.550000190734863,35.652305603027344
2015-04-08,27.954362869262695,13.844667434692383,35.557884216308594
2015-04-09,28.168027877807617,14.005999565124512,35.60938262939453
2015-04-10,28.2882137298584,14.0600004196167,35.815399169921875
2015-04-13,28.232576370239258,13.985333442687988,35.84974670410156
2015-04-14,28.11016273498535,13.830666542053223,35.75532531738281
2015-04-15,28.216989517211914,13.85533332824707,36.27899932861328
2015-04-16,28.08123016357422,13.779999732971191,36.19313430786133
2015-04-17,27.765182495117188,13.78600025177002,35.72957229614258
2015-04-20,28.39950180053711,13.684666633605957,36.83700180053711
2015-04-21,28.24593162536621,13.96066665649414,36.605220794677734
2015-04-22,28.626514434814453,14.629332542419434,36.90566635131836
2015-04-23,28.860210418701172,14.573332786560059,37.206138610839844
2015-04-24,28.9959774017334,14.562000274658203,41.09501647949219
2015-04-27,29.523456573486328,15.436667442321777,41.23236083984375
2015-04-28,29.058290481567383,15.36533260345459,42.20244216918945
2015-04-29,28.630966186523438,15.49666690826416,42.11659240722656
2015-04-30,27.85420799255371,15.069999694824219,41.75603485107422
2015-05-01,28.699966430664062,15.0686674118042,41.7732048034668
2015-05-04,28.64432144165039,15.36733341217041,41.41265106201172
2015-05-05,27.99888038635254,15.529999732971191,40.86323165893555
2015-05-06,27.82305335998535,15.362000465393066,39.73004150390625
2015-05-07,27.995145797729492,15.786666870117188,40.090599060058594
2015-05-08,28.522598266601562,15.77400016784668,40.99199295043945
2015-05-11,28.23204803466797,15.965999603271484,40.665775299072266
2015-05-12,28.13147735595703,16.31599998474121,40.648616790771484
2015-05-13,28.16276741027832,16.211999893188477,40.888973236083984
2015-05-14,28.81984519958496,16.273332595825195,41.82472229003906
2015-05-15,28.77962303161621,16.589332580566406,41.46415328979492
2015-05-18,29.096981048583984,16.583332061767578,41.21519470214844
2015-05-19,29.070158004760742,16.47599983215332,41.11151885986328
2015-05-20,29.067920684814453,16.290000915527344,41.11151885986328
2015-05-21,29.36517906188965,16.374666213989258,40.973262786865234
2015-05-22,29.622196197509766,16.51533317565918,40.52396011352539
2015-05-25,29.622196197509766,16.51533317565918,40.52396011352539
2015-05-26,28.969589233398438,16.497333526611328,40.256107330322266
2015-05-27,29.510448455810547,16.495332717895508,41.13743591308594
2015-05-28,29.452335357666016,16.76333236694336,40.99920654296875
2015-05-29,29.117095947265625,16.719999313354492,40.489410400390625
2015-06-01,29.175201416015625,16.6299991607666,40.80910110473633
2015-06-02,29.04557991027832,16.55666732788086,40.54124069213867
2015-06-03,29.081331253051758,16.599332809448242,40.48075866699219
2015-06-04,28.91147804260254,16.39466667175293,40.057376861572266
2015-06-05,28.75279426574707,16.609333038330078,39.8672981262207
2015-06-08,28.562822341918945,17.086000442504883,39.51301956176758
2015-06-09,28.477903366088867,17.066667556762695,39.443904876708984
2015-06-10,28.804201126098633,16.713333129882812,40.27338790893555
2015-06-11,28.73938751220703,16.76066780090332,40.126502990722656
2015-06-12,28.42201805114746,16.71266746520996,39.720394134521484
2015-06-15,28.36614990234375,16.691999435424805,39.29701232910156
2015-06-16,28.518129348754883,16.874666213989258,39.59942626953125
2015-06-17,28.451068878173828,17.360666275024414,39.720394134521484
2015-06-18,28.580711364746094,17.459333419799805,40.36842727661133
2015-06-19,28.29463005065918,17.500667572021484,39.832725524902344
2015-06-22,28.52036476135254,17.319332122802734,39.94503402709961
2015-06-23,28.390735626220703,17.844667434692383,39.668548583984375
2015-06-24,28.632112503051758,17.67799949645996,39.43525695800781
2015-06-25,28.495777130126953,17.91933250427246,39.443904876708984
2015-06-26,28.328153610229492,17.805999755859375,39.10692596435547
2015-06-29,27.831985473632812,17.468000411987305,38.337913513183594
2015-06-30,28.03313446044922,17.884000778198242,38.1478271484375
2015-07-01,28.29463005065918,17.94333267211914,38.407039642333984
2015-07-02,28.258869171142578,18.667999267578125,38.36383056640625
2015-07-03,28.258869171142578,18.667999267578125,38.36383056640625
2015-07-06,28.160531997680664,18.648000717163086,38.35519790649414
2015-07-07,28.091245651245117,17.858667373657227,38.277427673339844
2015-07-08,27.393939971923828,16.997333526611328,38.2255973815918
2015-07-09,26.8351993560791,17.19466781616211,38.46752166748047
2015-07-10,27.55262565612793,17.27666664123535,38.545284271240234
2015-07-13,28.084543228149414,17.477333068847656,39.348854064941406
2015-07-14,28.0733699798584,17.709999084472656,39.4179801940918
2015-07-15,28.343801498413086,17.542667388916016,39.5389404296875
2015-07-16,28.721508026123047,17.778667449951172,40.31658935546875
2015-07-17,28.969589233398438,18.310667037963867,40.28202438354492
2015-07-20,29.517152786254883,18.817333221435547,40.54124069213867
2015-07-21,29.222143173217773,17.784666061401367,40.85230255126953
2015-07-22,27.9862117767334,17.857999801635742,39.348854064941406
2015-07-23,27.97279930114746,17.81333351135254,39.84135818481445
2015-07-24,27.82529067993164,17.694000244140625,39.6944694519043
2015-07-27,27.43863296508789,16.867332458496094,39.18468475341797
2015-07-28,27.574974060058594,17.654666900634766,39.176021575927734
2015-07-29,27.48781394958496,17.58799934387207,39.99690246582031
2015-07-30,27.349233627319336,17.785999298095703,40.50667953491211
2015-07-31,27.110097885131836,17.74333381652832,40.35113525390625
2015-08-03,26.470903396606445,17.332666397094727,40.44620132446289
2015-08-04,25.621614456176758,17.75200080871582,41.07695007324219
2015-08-05,25.79146957397461,18.0086669921875,41.11151885986328
2015-08-06,25.84760093688965,16.408666610717773,40.28202438354492
2015-08-07,25.935155868530273,16.167333602905273,40.38569259643555
2015-08-10,26.878084182739258,16.076000213623047,40.8955078125
2015-08-11,25.479402542114258,15.824666976928711,40.10056686401367
2015-08-12,25.872299194335938,15.878000259399414,40.38569259643555
2015-08-13,25.85209083557129,16.167333602905273,40.3770751953125
2015-08-14,26.033935546875,16.209999084472656,40.610355377197266
2015-08-17,26.303354263305664,16.999332427978516,40.88685989379883
2015-08-18,26.155176162719727,17.381332397460938,41.113006591796875
2015-08-19,25.820653915405273,17.016666412353516,40.53895568847656
2015-08-20,25.290822982788086,16.14533233642578,39.71270751953125
2015-08-21,23.743953704833984,15.38466739654541,37.460052490234375
2015-08-24,23.15125846862793,14.591333389282227,36.25110626220703
2015-08-25,23.290451049804688,14.66866683959961,35.19870376586914
2015-08-26,24.626279830932617,14.989333152770996,37.14695739746094
2015-08-27,25.351428985595703,16.19933319091797,38.18193817138672
2015-08-28,25.43450355529785,16.565332412719727,38.20803451538086
2015-08-31,25.315513610839844,16.604000091552734,37.85142517089844
2015-09-01,24.183992385864258,15.908666610717773,36.37287521362305
2015-09-02,25.221221923828125,16.512666702270508,37.71228790283203
2015-09-03,24.7789363861084,16.3713321685791,37.83403396606445
2015-09-04,24.531972885131836,16.1286678314209,37.05998229980469
2015-09-07,24.531972885131836,16.1286678314209,37.05998229980469
2015-09-08,25.21448516845703,16.544666290283203,38.17325210571289
2015-09-09,24.72953987121582,16.5939998626709,37.460052490234375
2015-09-10,25.272855758666992,16.565332412719727,37.65139389038086
2015-09-11,25.641048431396484,16.682666778564453,37.8166389465332
2015-09-14,25.88800621032715,16.87933349609375,37.43396759033203
2015-09-15,26.10577964782715,16.904666900634766,38.25151824951172
2015-09-16,26.13497543334961,17.483333587646484,38.52984619140625
2015-09-17,25.575939178466797,17.471332550048828,38.486358642578125
2015-09-18,25.470422744750977,17.374666213989258,37.8166389465332
2015-09-21,25.86556053161621,17.613332748413086,38.36458206176758
2015-09-22,25.45919418334961,17.395999908447266,38.18193817138672
2015-09-23,25.665742874145508,17.40399932861328,38.15584182739258
2015-09-24,25.81841468811035,17.541332244873047,38.19063949584961
2015-09-25,25.7533016204834,17.12733268737793,38.21673583984375
2015-09-28,25.243667602539062,16.562000274658203,37.65139389038086
2015-09-29,24.484838485717773,16.44333267211914,37.78185272216797
2015-09-30,24.763225555419922,16.559999465942383,38.495033264160156
2015-10-01,24.601573944091797,15.991999626159668,38.79948043823242
2015-10-02,24.781187057495117,16.504667282104492,39.63443374633789
2015-10-05,24.870986938476562,16.40999984741211,40.55634689331055
2015-10-06,24.989973068237305,16.097333908081055,40.660728454589844
2015-10-07,24.870986938476562,15.46399974822998,40.7042121887207
2015-10-08,24.5836181640625,15.114666938781738,41.26955795288086
2015-10-09,25.171825408935547,14.712667465209961,40.97384262084961
2015-10-12,25.05508041381836,14.371999740600586,40.878150939941406
2015-10-13,25.097736358642578,14.616666793823242,40.78248977661133
2015-10-14,24.743024826049805,14.458666801452637,40.599849700927734
2015-10-15,25.11345672607422,14.753999710083008,40.88685607910156
2015-10-16,24.929357528686523,15.133999824523926,41.32173156738281
2015-10-19,25.084266662597656,15.206666946411133,41.41740798950195
2015-10-20,25.542266845703125,14.20199966430664,41.54786682128906
2015-10-21,25.540021896362305,14.005999565124512,41.05211639404297
2015-10-22,25.930662155151367,14.114666938781738,41.77400207519531
2015-10-23,26.734403610229492,13.939332962036133,45.98357391357422
2015-10-26,25.881271362304688,14.350666999816895,47.183841705322266
2015-10-27,25.717391967773438,14.023332595825195,46.69677734375
2015-10-28,26.77706527709961,14.197333335876465,46.948997497558594
2015-10-29,27.0599422454834,14.108667373657227,46.409759521484375
2015-10-30,26.828697204589844,13.795332908630371,45.78354263305664
2015-11-02,27.205875396728516,14.252667427062988,46.305397033691406
2015-11-03,27.517940521240234,13.890000343322754,47.09685516357422
2015-11-04,27.389965057373047,15.442000389099121,47.314308166503906
2015-11-05,27.263704299926758,15.451333045959473,47.296897888183594
2015-11-06,27.295269012451172,15.490667343139648,47.76655197143555
2015-11-09,27.184795379638672,15.022000312805176,47.105567932128906
2015-11-10,26.328014373779297,14.433333396911621,46.540218353271484
2015-11-11,26.179201126098633,14.60533332824707,46.66200637817383
2015-11-12,26.091270446777344,14.196000099182129,46.374969482421875
2015-11-13,25.329179763793945,13.812666893005371,45.95749282836914
2015-11-16,25.744047164916992,14.287332534790039,46.7663459777832
2015-11-17,25.63356590270996,14.266667366027832,46.381099700927734
2015-11-18,26.445247650146484,14.73799991607666,47.151634216308594
2015-11-19,26.781200408935547,14.786666870117188,47.23042678833008
2015-11-20,26.898447036743164,14.667332649230957,47.449344635009766
2015-11-23,26.548969268798828,14.516667366027832,47.449344635009766
2015-11-24,26.803743362426758,14.550000190734863,47.50188446044922
2015-11-25,26.612106323242188,15.309332847595215,47.011531829833984
2015-11-26,26.612106323242188,15.309332847595215,47.011531829833984
2015-11-27,26.56249237060547,15.440667152404785,47.2216911315918
2015-11-30,26.67298126220703,15.350666999816895,47.58943176269531
2015-12-01,26.456525802612305,15.812666893005371,48.3512077331543
2015-12-02,26.217525482177734,15.465999603271484,48.34246826171875
2015-12-03,25.974021911621094,15.513999938964844,47.45808792114258
2015-12-04,26.837574005126953,15.358667373657227,48.95538330078125
2015-12-07,26.668458938598633,15.408666610717773,48.867828369140625
2015-12-08,26.657194137573242,15.114666938781738,48.85030746459961
2015-12-09,26.06871795654297,14.968000411987305,48.14106369018555
2015-12-10,26.19272232055664,15.137999534606934,48.39500427246094
2015-12-11,25.51857566833496,14.468000411987305,47.335506439208984
2015-12-14,25.36074447631836,14.571999549865723,48.281158447265625
2015-12-15,24.912059783935547,14.739333152770996,48.333709716796875
2015-12-16,25.103710174560547,15.633999824523926,49.14802169799805
2015-12-17,24.57160758972168,15.559332847595215,48.771507263183594
2015-12-18,23.906476974487305,15.36400032043457,47.39680099487305
2015-12-21,24.199581146240234,15.503999710083008,48.009727478027344
2015-12-22,24.17703628540039,15.329999923706055,48.46504211425781
2015-12-23,24.488176345825195,15.313332557678223,48.8765869140625
2015-12-24,24.357402801513672,15.371333122253418,48.74525451660156
2015-12-25,24.357402801513672,15.371333122253418,48.74525451660156
2015-12-28,24.0845947265625,15.263333320617676,48.99040985107422
2015-12-29,24.517492294311523,15.812666893005371,49.51576614379883
2015-12-30,24.197324752807617,15.87266731262207,49.305641174316406
2015-12-31,23.732860565185547,16.000667572021484,48.57887268066406
2016-01-01,23.732860565185547,16.000667572021484,48.57887268066406
2016-01-04,23.75315284729004,14.894000053405762,47.98346710205078
2016-01-05,23.157913208007812,14.895333290100098,48.20235824584961
2016-01-06,22.70471954345703,14.602666854858398,47.326759338378906
2016-01-07,21.746477127075195,14.376667022705078,45.68058776855469
2016-01-08,21.861473083496094,14.066666603088379,45.82069396972656
2016-01-11,22.215452194213867,13.856666564941406,45.79444885253906
2016-01-12,22.53787612915039,13.998000144958496,46.214744567871094
2016-01-13,21.958419799804688,13.354000091552734,45.216529846191406
2016-01-14,22.43866539001465,13.745332717895508,46.503684997558594
2016-01-15,21.899791717529297,13.666000366210938,44.64738464355469
2016-01-18,21.899791717529297,13.666000366210938,44.64738464355469
2016-01-19,21.79383087158203,13.64799976348877,44.27086639404297
2016-01-20,21.823144912719727,13.24666690826416,44.47225570678711
2016-01-21,21.712657928466797,13.33133316040039,44.20082092285156
2016-01-22,22.86705780029297,13.50333309173584,45.78567886352539
2016-01-25,22.420629501342773,13.092000007629395,45.34786605834961
2016-01-26,22.544639587402344,12.904000282287598,45.68058776855469
2016-01-27,21.063310623168945,12.538000106811523,44.848785400390625
2016-01-28,21.214370727539062,12.646666526794434,45.584293365478516
2016-01-29,21.947145462036133,12.74666690826416,48.23738098144531
2016-02-01,21.74197006225586,13.129332542419434,47.9046516418457
2016-02-02,21.30230712890625,12.185333251953125,46.4073486328125
2016-02-03,21.723934173583984,11.565333366394043,45.671844482421875
2016-02-04,21.89848518371582,11.688667297363281,45.53175735473633
2016-02-05,21.313621520996094,10.84000015258789,43.920623779296875
2016-02-08,21.53804588317871,9.866000175476074,43.263916015625
2016-02-09,21.53350830078125,9.883333206176758,43.150089263916016
2016-02-10,21.370285034179688,9.57800006866455,43.52660369873047
2016-02-11,21.241073608398438,10.031332969665527,43.50907897949219
2016-02-12,21.30681800842285,10.06933307647705,44.218345642089844
2016-02-15,21.30681800842285,10.06933307647705,44.218345642089844
2016-02-16,21.907554626464844,10.344667434692383,45.056129455566406
2016-02-17,22.243057250976562,11.245332717895508,46.22907257080078
2016-02-18,21.821414947509766,11.118000030517578,46.0262336730957
2016-02-19,21.77153778076172,11.10533332824707,45.699928283691406
2016-02-22,21.96195411682129,11.849332809448242,46.43189239501953
2016-02-23,21.465499877929688,11.814000129699707,45.1355094909668
2016-02-24,21.785139083862305,11.933333396911621,45.294254302978516
2016-02-25,21.934757232666016,12.495332717895508,45.94685745239258
2016-02-26,21.968759536743164,12.689332962036133,45.24134826660156
2016-02-29,21.918886184692383,12.795332908630371,44.870948791503906
2016-03-01,22.78938865661621,12.423333168029785,46.37015914916992
2016-03-02,22.83926010131836,12.555999755859375,46.69646072387695
2016-03-03,23.0092830657959,13.049332618713379,46.16731643676758
2016-03-04,23.351581573486328,13.402667045593262,45.8851203918457
2016-03-07,23.093154907226562,13.685999870300293,45.00321578979492
2016-03-08,22.90273094177246,13.506667137145996,45.55000305175781
2016-03-09,22.923137664794922,13.914667129516602,46.599456787109375
2016-03-10,22.934473037719727,13.678667068481445,45.902748107910156
2016-03-11,23.181560516357422,13.833333015441895,46.80229949951172
2016-03-14,23.240503311157227,14.34333324432373,46.8904914855957
2016-03-15,23.707490921020508,14.555999755859375,47.26088333129883
2016-03-16,24.02259635925293,14.795332908630371,47.93111801147461
2016-03-17,23.984050750732422,15.092000007629395,48.20450210571289
2016-03-18,24.01125717163086,15.515999794006348,47.172698974609375
2016-03-21,24.008991241455078,15.887999534606934,47.498992919921875
2016-03-22,24.192617416381836,15.616000175476074,47.68418884277344
2016-03-23,24.05886459350586,14.838666915893555,47.59599685668945
2016-03-24,23.954586029052734,15.183333396911621,47.80765151977539
2016-03-25,23.954586029052734,15.183333396911621,47.80765151977539
2016-03-28,23.84577178955078,15.350666999816895,47.2167854309082
2016-03-29,24.410234451293945,15.342000007629395,48.24860763549805
2016-03-30,24.836414337158203,15.12600040435791,48.54844665527344
2016-03-31,24.707202911376953,15.317999839782715,48.70719528198242
2016-04-01,24.93389320373535,15.839332580566406,49.00703048706055
2016-04-04,25.1900634765625,16.465999603271484,48.883567810058594
2016-04-05,24.893085479736328,17.031333923339844,48.1163330078125
2016-04-06,25.15378189086914,17.69466781616211,48.61018753051758
2016-04-07,24.605186462402344,17.14666748046875,48.02812957763672
2016-04-08,24.63239860534668,16.67133331298828,47.99285125732422
2016-04-11,24.713998794555664,16.661333084106445,47.89583969116211
2016-04-12,25.03590965270996,16.521333694458008,48.19569778442383
2016-04-13,25.398605346679688,16.968666076660156,48.81301498413086
2016-04-14,25.412208557128906,16.790666580200195,48.82183837890625
2016-04-15,24.902156829833984,16.96733283996582,49.07759475708008
2016-04-18,24.364900588989258,16.92533302307129,49.791927337646484
2016-04-19,24.235685348510742,16.4913330078125,49.73020935058594
2016-04-20,24.28555679321289,16.6646671295166,49.02467346191406
2016-04-21,24.02259635925293,16.55266761779785,49.192230224609375
2016-04-22,23.956851959228516,16.916667938232422,45.66465377807617
2016-04-25,23.820838928222656,16.788000106811523,45.95566940307617
2016-04-26,23.65535545349121,16.916000366210938,45.364803314208984
2016-04-27,22.1750545501709,16.764667510986328,44.92384338378906
2016-04-28,21.49724006652832,16.513999938964844,44.00667953491211
2016-04-29,21.250144958496094,16.05066680908203,43.980220794677734
2016-05-02,21.22747802734375,16.1200008392334,44.63283157348633
2016-05-03,21.57658576965332,15.48799991607666,43.90085220336914
2016-05-04,21.352155685424805,14.837332725524902,43.980220794677734
2016-05-05,21.265485763549805,14.10200023651123,44.04195785522461
2016-05-06,21.146892547607422,14.328666687011719,44.43879699707031
2016-05-09,21.16285514831543,13.928000450134277,44.156593322753906
2016-05-10,21.306537628173828,13.912667274475098,44.994407653808594
2016-05-11,21.098995208740234,13.93066692352295,45.02085876464844
2016-05-12,20.604074478149414,13.8186674118042,45.42652893066406
2016-05-13,20.645130157470703,13.840666770935059,45.04731369018555
2016-05-16,21.41145896911621,13.88599967956543,45.70873260498047
2016-05-17,21.32250213623047,13.644000053405762,44.856197357177734
2016-05-18,21.566543579101562,14.07800006866455,45.12260437011719
2016-05-19,21.484434127807617,14.347332954406738,44.68747329711914
2016-05-20,21.717071533203125,14.685333251953125,44.95388412475586
2016-05-23,21.993040084838867,14.414667129516602,44.429927825927734
2016-05-24,22.328298568725586,14.52733325958252,45.81531524658203
2016-05-25,22.72059440612793,14.638667106628418,46.28598403930664
2016-05-26,22.900772094726562,15.008000373840332,46.08172607421875
2016-05-27,22.887081146240234,14.869333267211914,46.46360397338867
2016-05-30,22.887081146240234,14.869333267211914,46.46360397338867
2016-05-31,22.775327682495117,14.881999969482422,47.067474365234375
2016-06-01,22.456022262573242,14.637332916259766,46.93426513671875
2016-06-02,22.287261962890625,14.597332954406738,46.60567855834961
2016-06-03,22.332870483398438,14.599332809448242,45.992919921875
2016-06-06,22.494800567626953,14.711999893188477,46.29485321044922
2016-06-07,22.586029052734375,15.489333152770996,46.26822280883789
2016-06-08,22.56550407409668,15.701333045959473,46.214942932128906
2016-06-09,22.727432250976562,15.290666580200195,45.84193801879883
2016-06-10,22.5404109954834,14.586000442504883,45.71762466430664
2016-06-13,22.20058250427246,14.524666786193848,44.52760696411133
2016-06-14,22.227954864501953,14.330666542053223,44.2523193359375
2016-06-15,22.15497398376465,14.513333320617676,44.127986907958984
2016-06-16,22.248483657836914,14.528667449951172,44.74962615966797
2016-06-17,21.742156982421875,14.364666938781738,44.51873016357422
2016-06-20,21.6897029876709,14.646666526794434,44.465457916259766
2016-06-21,21.87444496154785,14.640666961669922,45.4600944519043
2016-06-22,21.79233741760254,13.11066722869873,45.2824821472168
2016-06-23,21.917776107788086,13.09333324432373,46.099483489990234
2016-06-24,21.301982879638672,12.876667022705078,44.2523193359375
2016-06-27,20.991804122924805,13.236666679382324,43.00902557373047
2016-06-28,21.345312118530273,13.452667236328125,43.90596008300781
2016-06-29,21.530054092407227,14.012666702270508,44.882835388183594
2016-06-30,21.803739547729492,14.152000427246094,45.442317962646484
2016-07-01,21.8698787689209,14.433333396911621,45.433433532714844
2016-07-04,21.8698787689209,14.433333396911621,45.433433532714844
2016-07-05,21.664609909057617,14.26533317565918,45.442317962646484
2016-07-06,21.787778854370117,14.295999526977539,45.62882614135742
2016-07-07,21.88128662109375,14.395999908447266,45.62882614135742
2016-07-08,22.050060272216797,14.45199966430664,46.445838928222656
2016-07-11,22.118478775024414,14.985333442687988,46.70337677001953
2016-07-12,22.218830108642578,14.976667404174805,47.25397491455078
2016-07-13,22.0933895111084,14.835332870483398,47.52037811279297
2016-07-14,22.531286239624023,14.768667221069336,47.72465515136719
2016-07-15,22.529006958007812,14.69333267211914,47.689125061035156
2016-07-18,22.768489837646484,15.083333015441895,47.920021057128906
2016-07-19,22.77760887145996,15.017333030700684,47.14741134643555
2016-07-20,22.79813575744629,15.223999977111816,49.6517333984375
2016-07-21,22.6772518157959,14.699999809265137,49.55406951904297
2016-07-22,22.50164222717285,14.817999839782715,50.237884521484375
2016-07-25,22.20058250427246,15.333999633789062,50.37996292114258
2016-07-26,22.047780990600586,15.300666809082031,50.406612396240234
2016-07-27,23.480072021484375,15.232666969299316,49.90041732788086
2016-07-28,23.797101974487305,15.37399959564209,49.918174743652344
2016-07-29,23.76744842529297,15.652667045593262,50.335567474365234
2016-08-01,24.18709945678711,15.333999633789062,50.24676513671875
2016-08-02,23.829025268554688,15.146666526794434,50.24676513671875
2016-08-03,24.127798080444336,15.052666664123535,50.59310531616211
2016-08-04,24.276845932006836,15.37399959564209,50.966102600097656
2016-08-05,24.646038055419922,15.335332870483398,51.47227096557617
2016-08-08,24.850122451782227,15.077333450317383,51.561092376708984
2016-08-09,24.951013565063477,15.272000312805176,51.68541717529297
2016-08-10,24.765274047851562,15.043333053588867,51.52557373046875
2016-08-11,24.749225616455078,14.994000434875488,51.77423095703125
2016-08-12,24.806554794311523,15.040666580200195,51.45452117919922
2016-08-15,25.104656219482422,15.03933334350586,51.614376068115234
2016-08-16,25.08172035217285,14.907333374023438,51.32843017578125
2016-08-17,25.045034408569336,14.88266658782959,51.43565368652344
2016-08-18,25.012929916381836,14.900667190551758,51.471397399902344
2016-08-19,25.077133178710938,15.0,51.4892692565918
2016-08-22,24.882221221923828,14.862000465393066,51.53395080566406
2016-08-23,24.960187911987305,14.989333152770996,51.73053741455078
2016-08-24,24.77215003967285,14.841333389282227,51.78416442871094
2016-08-25,24.666671752929688,14.730667114257812,51.98073959350586
2016-08-26,24.522212982177734,14.666000366210938,51.855655670166016
2016-08-29,24.49468994140625,14.346667289733887,51.91819381713867
2016-08-30,24.306663513183594,14.089332580566406,51.73053741455078
2016-08-31,24.329580307006836,14.133999824523926,51.346290588378906
2016-09-01,24.474058151245117,13.38466739654541,51.462459564208984
2016-09-02,24.703365325927734,13.185333251953125,51.53395080566406
2016-09-05,24.703365325927734,13.185333251953125,51.53395080566406
2016-09-06,24.696487426757812,13.522000312805176,51.4803466796875
2016-09-07,24.847824096679688,13.447333335876465,51.52500915527344
2016-09-08,24.19658851623535,13.157333374023438,51.319480895996094
2016-09-09,23.64853858947754,12.964667320251465,50.22929763793945
2016-09-12,24.17824935913086,13.220000267028809,50.979915618896484
2016-09-13,24.75381088256836,13.069999694824219,50.5152587890625
2016-09-14,25.629770278930664,13.093999862670898,50.27397537231445
2016-09-15,26.501140594482422,13.361332893371582,51.105018615722656
2016-09-16,26.352087020874023,13.69333267211914,51.15864944458008
2016-09-19,26.044815063476562,13.755999565124512,50.87269592285156
2016-09-20,26.04251480102539,13.642666816711426,50.76545333862305
2016-09-21,26.037933349609375,13.6813325881958,51.6143684387207
2016-09-22,26.28329849243164,13.76200008392334,51.66799545288086
2016-09-23,25.84531593322754,13.829999923706055,51.319480895996094
2016-09-26,25.884302139282227,13.932666778564453,50.84587478637695
2016-09-27,25.932451248168945,13.720666885375977,51.78416442871094
2016-09-28,26.12965965270996,13.751333236694336,51.855655670166016
2016-09-29,25.723783493041992,13.380000114440918,51.29268264770508
2016-09-30,25.923282623291016,13.60200023651123,51.471397399902344
2016-10-03,25.8017520904541,14.24666690826416,51.310546875
2016-10-04,25.911823272705078,14.093999862670898,51.14970397949219
2016-10-05,25.923282623291016,13.897333145141602,51.50714874267578
2016-10-06,26.11590003967285,13.399999618530273,51.59649658203125
2016-10-07,26.15488624572754,13.107333183288574,51.65011215209961
2016-10-10,26.611209869384766,13.396666526794434,51.86457443237305
2016-10-11,26.668533325195312,13.34000015258789,51.105018615722656
2016-10-12,26.90701675415039,13.434000015258789,51.03354263305664
2016-10-13,26.824459075927734,13.349332809448242,50.86375045776367
2016-10-14,26.973512649536133,13.100666999816895,51.310546875
2016-10-17,26.955175399780273,12.93066692352295,51.131832122802734
2016-10-18,26.936819076538086,13.273332595825195,51.52500915527344
2016-10-19,26.8565616607666,13.570667266845703,51.408851623535156
2016-10-20,26.842805862426758,13.273332595825195,51.15864944458008
2016-10-21,26.737327575683594,13.339332580566406,53.31222152709961
2016-10-24,26.97810173034668,13.517333030700684,54.5096321105957
2016-10-25,27.11568260192871,13.489333152770996,54.50071716308594
2016-10-26,26.505722045898438,13.482666969299316,54.17901611328125
2016-10-27,26.25119400024414,13.600666999816895,53.705406188964844
2016-10-28,26.076919555664062,13.33133316040039,53.4998779296875
2016-10-31,26.035633087158203,13.182000160217285,53.5445556640625
2016-11-01,25.56555938720703,12.719332695007324,53.43732833862305
2016-11-02,25.588481903076172,12.534667015075684,53.106685638427734
2016-11-03,25.3142147064209,12.494667053222656,52.91009521484375
2016-11-04,25.08603858947754,12.704000473022461,52.46330261230469
2016-11-07,25.447898864746094,12.880666732788086,53.9913444519043
2016-11-08,25.59771156311035,12.996000289916992,54.03603744506836
2016-11-09,25.55621910095215,12.670666694641113,53.7679557800293
2016-11-10,24.84402084350586,12.356666564941406,52.45436477661133
2016-11-11,24.991531372070312,12.570667266845703,52.74031066894531
2016-11-14,24.364612579345703,12.096667289733887,51.936073303222656
2016-11-15,24.687297821044922,12.251333236694336,52.96165466308594
2016-11-16,25.351097106933594,12.26200008392334,53.66337585449219
2016-11-17,25.34186553955078,12.577333450317383,54.55402755737305
2016-11-18,25.367219924926758,12.334667205810547,54.29313278198242
2016-11-21,25.75213623046875,12.3013334274292,54.75192642211914
2016-11-22,25.768266677856445,12.744667053222656,54.98583221435547
2016-11-23,25.636898040771484,12.87600040435791,54.33810043334961
2016-11-24,25.636898040771484,12.87600040435791,54.33810043334961
2016-11-25,25.765966415405273,13.109999656677246,54.4550666809082
2016-11-28,25.715259552001953,13.074666976928711,54.527034759521484
2016-11-29,25.689897537231445,12.637999534606934,54.95884323120117
2016-11-30,25.473251342773438,12.626667022705078,54.212154388427734
2016-12-01,25.235849380493164,12.125332832336426,53.258548736572266
2016-12-02,25.330352783203125,12.097999572753906,53.30352020263672
2016-12-05,25.14826202392578,12.453332901000977,54.17618179321289
2016-12-06,25.34186553955078,12.390000343322754,53.93327713012695
2016-12-07,25.59079933166504,12.876667022705078,55.21075439453125
2016-12-08,25.84202766418457,12.81933307647705,54.88685989379883
2016-12-09,26.263816833496094,12.812000274658203,55.750526428222656
2016-12-12,26.113998413085938,12.828666687011719,55.930458068847656
2016-12-13,26.54961585998535,13.210000038146973,56.659156799316406
2016-12-14,26.54961585998535,13.246000289916992,56.38927459716797
2016-12-15,26.694820404052734,13.17199993133545,56.2993049621582
2016-12-16,26.729398727416992,13.499333381652832,56.047420501708984
2016-12-19,26.883821487426758,13.51533317565918,57.23493957519531
2016-12-20,26.95526885986328,13.919333457946777,57.162960052490234
2016-12-21,26.980623245239258,13.846667289733887,57.162960052490234
2016-12-22,26.80315399169922,13.896666526794434,57.17196273803711
2016-12-23,26.856164932250977,14.22266674041748,56.89308166503906
2016-12-26,26.856164932250977,14.22266674041748,56.89308166503906
2016-12-27,27.02672576904297,14.635333061218262,56.92905044555664
2016-12-28,26.911481857299805,14.649333000183105,56.66816329956055
2016-12-29,26.904565811157227,14.312000274658203,56.587188720703125
2016-12-30,26.694820404052734,14.246000289916992,55.90347671508789
2017-01-02,26.694820404052734,14.246000289916992,55.90347671508789
2017-01-03,26.770889282226562,14.465999603271484,56.2993049621582
2017-01-04,26.74092674255371,15.13266658782959,56.047420501708984
2017-01-05,26.876903533935547,15.116666793823242,56.047420501708984
2017-01-06,27.176536560058594,15.267333030700684,56.533226013183594
2017-01-09,27.425458908081055,15.41866683959961,56.35329055786133
2017-01-10,27.453121185302734,15.324666976928711,56.335289001464844
2017-01-11,27.600631713867188,15.315333366394043,56.84809494018555
2017-01-12,27.48539161682129,15.305999755859375,56.3262939453125
2017-01-13,27.43698501586914,15.850000381469727,56.40727233886719
2017-01-16,27.43698501586914,15.850000381469727,56.40727233886719
2017-01-17,27.65825843811035,15.70533275604248,56.25434112548828
2017-01-18,27.65594482421875,15.890666961669922,56.22734069824219
2017-01-19,27.6075439453125,16.250667572021484,56.047420501708984
2017-01-20,27.65825843811035,16.315332412719727,56.4432487487793
2017-01-23,27.676687240600586,16.594667434692383,56.64118576049805
2017-01-24,27.651336669921875,16.974000930786133,57.14497756958008
2017-01-25,28.091564178466797,16.96466636657715,57.288902282714844
2017-01-26,28.105392456054688,16.833999633789062,57.81969451904297
2017-01-27,28.10770034790039,16.863332748413086,59.17813491821289
2017-01-30,28.033946990966797,16.708667755126953,58.593387603759766
2017-01-31,27.969411849975586,16.795333862304688,58.161556243896484
2017-02-01,29.674997329711914,16.615999221801758,57.19894790649414
2017-02-02,29.62429428100586,16.770000457763672,56.83009338378906
2017-02-03,29.751060485839844,16.755332946777344,57.288902282714844
2017-02-06,30.02994155883789,17.184667587280273,57.252933502197266
2017-02-07,30.315744400024414,17.165332794189453,57.063995361328125
2017-02-08,30.43329429626465,17.472000122070312,56.98303985595703
2017-02-09,30.65320587158203,17.946666717529297,57.63078308105469
2017-02-10,30.583757400512695,17.948667526245117,57.57679748535156
2017-02-13,30.85458755493164,18.706666946411133,58.22453689575195
2017-02-14,31.25506591796875,18.73200035095215,58.4417724609375
2017-02-15,31.368492126464844,18.650667190551758,58.40555191040039
2017-02-16,31.331453323364258,17.93000030517578,58.39651870727539
2017-02-17,31.417104721069336,18.148666381835938,58.48700714111328
2017-02-20,31.417104721069336,18.148666381835938,58.48700714111328
2017-02-21,31.643962860107422,18.492666244506836,58.36935806274414
2017-02-22,31.73886489868164,18.233999252319336,58.2516975402832
2017-02-23,31.604612350463867,17.06599998474121,58.48700714111328
2017-02-24,31.634702682495117,17.133333206176758,58.48700714111328
2017-02-27,31.697189331054688,16.415332794189453,58.134029388427734
2017-02-28,31.711078643798828,16.666000366210938,57.90774154663086
2017-03-01,32.359249114990234,16.667999267578125,58.77664566040039
2017-03-02,32.167118072509766,16.698667526245117,57.934913635253906
2017-03-03,32.356929779052734,16.771333694458008,58.15214157104492
2017-03-06,32.25507354736328,16.747333526611328,58.170230865478516
2017-03-07,32.2967529296875,16.57266616821289,58.287899017333984
2017-03-08,32.17637252807617,16.45800018310547,58.821895599365234
2017-03-09,32.10230255126953,16.32666778564453,58.586570739746094
2017-03-10,32.20878982543945,16.246000289916992,58.76759338378906
2017-03-13,32.222679138183594,16.411333084106445,58.56847381591797
2017-03-14,32.1740608215332,17.200000762939453,58.29695510864258
2017-03-15,32.51435089111328,17.048667907714844,58.604679107666016
2017-03-16,32.56758117675781,17.469999313354492,58.50510787963867
2017-03-17,32.40554428100586,17.433332443237305,58.713287353515625
2017-03-20,32.74582290649414,17.461332321166992,58.76759338378906
2017-03-21,32.37083053588867,16.711999893188477,58.115928649902344
2017-03-22,32.736568450927734,17.000667572021484,58.85810089111328
2017-03-23,32.620826721191406,16.985332489013672,58.713287353515625
2017-03-24,32.55600357055664,17.54400062561035,58.81285858154297
2017-03-27,32.611568450927734,18.014667510986328,58.92145538330078
2017-03-28,33.28750228881836,18.496667861938477,59.09341049194336
2017-03-29,33.361568450927734,18.492000579833984,59.25634002685547
2017-03-30,33.31759262084961,18.527999877929688,59.473567962646484
2017-03-31,33.255096435546875,18.553333282470703,59.609317779541016
2017-04-03,33.26435470581055,19.90133285522461,59.32876205444336
2017-04-04,33.51203918457031,20.246667861938477,59.491661071777344
2017-04-05,33.33843231201172,19.666667938232422,59.33779525756836
2017-04-06,33.255096435546875,19.913333892822266,59.491661071777344
2017-04-07,33.1810188293457,20.16933250427246,59.446407318115234
2017-04-10,33.141666412353516,20.826000213623047,59.31065368652344
2017-04-11,32.785179138183594,20.58066749572754,59.26538848876953
2017-04-12,32.82453155517578,19.78933334350586,59.03911209106445
2017-04-13,32.650917053222656,20.266666412353516,58.78569030761719
2017-04-14,32.650917053222656,20.266666412353516,58.78569030761719
2017-04-17,32.831478118896484,20.09600067138672,59.26538848876953
2017-04-18,32.68564224243164,20.016666412353516,59.183929443359375
2017-04-19,32.56526184082031,20.368000030517578,58.86713790893555
2017-04-20,32.972686767578125,20.167333602905273,59.28350830078125
2017-04-21,32.93333053588867,20.373332977294922,60.098087310791016
2017-04-24,33.25045394897461,20.53533363342285,61.12082290649414
2017-04-25,33.45648193359375,20.91933250427246,61.47382736206055
2017-04-26,33.25972366333008,20.67799949645996,61.39234924316406
2017-04-27,33.285186767578125,20.575332641601562,61.790584564208984
2017-04-28,33.25279235839844,20.937999725341797,61.96253967285156
2017-05-01,33.931026458740234,21.52199935913086,62.82240295410156
2017-05-02,34.14630889892578,21.25933265686035,62.72283935546875
2017-05-03,34.042137145996094,20.73466682434082,62.52372360229492
2017-05-04,33.919456481933594,19.69733238220215,62.27936935424805
2017-05-05,34.481964111328125,20.55666732788086,62.45132064819336
2017-05-08,35.41947555541992,20.479333877563477,62.39701843261719
2017-05-09,35.64632797241211,21.417333602905273,62.48750305175781
2017-05-10,35.47734451293945,21.681333541870117,62.731876373291016
2017-05-11,35.78417205810547,21.540000915527344,61.96253967285156
2017-05-12,36.2839241027832,21.65399932861328,61.8901481628418
2017-05-15,36.19093704223633,21.058666229248047,61.935401916503906
2017-05-16,36.13747787475586,21.134000778198242,63.182498931884766
2017-05-17,34.92414093017578,20.407333374023438,61.425655364990234
2017-05-18,35.4564208984375,20.87066650390625,61.63503646850586
2017-05-19,35.57729721069336,20.722000122070312,61.616817474365234
2017-05-22,35.79347229003906,20.690000534057617,62.308631896972656
2017-05-23,35.749305725097656,20.257333755493164,62.51799392700195
2017-05-24,35.64237976074219,20.681333541870117,62.59993362426758
2017-05-25,35.76557922363281,21.121999740600586,63.373661041259766
2017-05-26,35.70512771606445,21.676000595092773,63.683143615722656
2017-05-29,35.70512771606445,21.676000595092773,63.683143615722656
2017-05-30,35.719078063964844,22.34000015258789,64.09278106689453
2017-05-31,35.50756072998047,22.733999252319336,63.57390213012695
2017-06-01,35.605186462402344,22.691333770751953,63.81056594848633
2017-06-02,36.13283157348633,22.656667709350586,65.32164764404297
2017-06-05,35.77952194213867,23.154666900634766,65.79499816894531
2017-06-06,35.90038299560547,23.523332595825195,66.01348114013672
2017-06-07,36.11422348022461,23.976667404174805,65.8951644897461
2017-06-08,36.025917053222656,24.666667938232422,65.49459838867188
2017-06-09,34.628936767578125,23.821332931518555,64.01084899902344
2017-06-12,33.80145263671875,23.93400001525879,63.519290924072266
2017-06-13,34.07340621948242,25.06333351135254,64.31122589111328
2017-06-14,33.74101257324219,25.37733268737793,63.96533966064453
2017-06-15,33.53879165649414,25.022666931152344,63.62853240966797
2017-06-16,33.06926345825195,24.760000228881836,63.71955108642578
2017-06-19,34.015296936035156,24.65333366394043,64.51151275634766
2017-06-20,33.706153869628906,24.81599998474121,63.63764190673828
2017-06-21,33.90605163574219,25.093332290649414,63.96533966064453
2017-06-22,33.85026931762695,25.507333755493164,63.956241607666016
2017-06-23,34.001346588134766,25.56333351135254,64.82099914550781
2017-06-26,33.89443588256836,25.166000366210938,64.2020034790039
2017-06-27,33.40862274169922,24.158000946044922,63.00044250488281
2017-06-28,33.89675521850586,24.749332427978516,63.53750991821289
2017-06-29,33.39701461791992,24.049999237060547,62.345035552978516
2017-06-30,33.47603225708008,24.107332229614258,62.74557876586914
2017-07-03,33.355167388916016,23.507999420166016,62.053741455078125
2017-07-04,33.355167388916016,23.507999420166016,62.053741455078125
2017-07-05,33.49229431152344,21.805999755859375,62.882102966308594
2017-07-06,33.176185607910156,20.588666915893555,62.417850494384766
2017-07-07,33.51321792602539,20.881332397460938,63.22800064086914
2017-07-10,33.7177734375,21.06999969482422,63.701358795166016
2017-07-11,33.8270263671875,21.814666748046875,63.7104606628418
2017-07-12,33.87583541870117,21.968000411987305,64.7663803100586
2017-07-13,34.347686767578125,21.560667037963867,65.33076477050781
2017-07-14,34.64288330078125,21.851999282836914,66.2501449584961
2017-07-17,34.76376724243164,21.30466651916504,66.76899719238281
2017-07-18,34.88462829589844,21.882667541503906,66.7235107421875
2017-07-19,35.103126525878906,21.68400001525879,67.23326873779297
2017-07-20,34.94506072998047,21.994667053222656,67.56094360351562
2017-07-21,34.92879867553711,21.893333435058594,67.16954040527344
2017-07-24,35.35182189941406,22.834667205810547,66.9966049194336
2017-07-25,35.502906799316406,22.639999389648438,67.53363800048828
2017-07-26,35.67028045654297,22.92333221435547,67.40620422363281
2017-07-27,34.99618911743164,22.297332763671875,66.5960464477539
2017-07-28,34.74980163574219,22.33799934387207,66.4867935180664
2017-07-31,34.570831298828125,21.564666748046875,66.17729949951172
2017-08-01,34.877655029296875,21.30466651916504,66.06808471679688
2017-08-02,36.52565383911133,21.72599983215332,65.77680206298828
2017-08-03,36.16071701049805,23.139333724975586,65.67666625976562
2017-08-04,36.3513298034668,23.79400062561035,66.15911865234375
2017-08-07,36.9138298034668,23.67799949645996,65.90423583984375
2017-08-08,37.209022521972656,24.347999572753906,66.25924682617188
2017-08-09,37.43680953979492,24.235332489013672,65.96794891357422
2017-08-10,36.244384765625,23.69333267211914,65.00306701660156
2017-08-11,36.74842071533203,23.857999801635742,65.9952621459961
2017-08-14,37.30147933959961,24.253332138061523,66.9874496459961
2017-08-15,37.70984649658203,24.155332565307617,67.00576782226562
2017-08-16,37.55815887451172,24.194000244140625,67.39926147460938
2017-08-17,36.83709716796875,23.461332321166992,66.25537109375
2017-08-18,36.75309753417969,23.163999557495117,66.33773803710938
2017-08-21,36.68541717529297,22.52400016784668,66.02658081054688
2017-08-22,37.28514099121094,22.75666618347168,66.95086669921875
2017-08-23,37.331809997558594,23.51799964904785,66.5481948852539
2017-08-24,37.16612243652344,23.528667449951172,66.52076721191406
2017-08-25,37.303810119628906,23.203332901000977,66.63971710205078
2017-08-28,37.679500579833984,23.04400062561035,66.64887237548828
2017-08-29,38.01552963256836,23.157333374023438,66.85020446777344
2017-08-30,38.11821746826172,23.545333862304688,67.72874450683594
2017-08-31,38.2698860168457,23.726667404174805,68.42420196533203
2017-09-01,38.28155517578125,23.69333267211914,67.66466522216797
2017-09-04,38.28155517578125,23.69333267211914,67.66466522216797
2017-09-05,37.82185745239258,23.305999755859375,67.3626708984375
2017-09-06,37.78217697143555,22.968666076660156,67.17047882080078
2017-09-07,37.63050842285156,23.374000549316406,68.03071594238281
2017-09-08,37.016780853271484,22.893333435058594,67.7012710571289
2017-09-11,37.6865234375,24.246000289916992,68.41504669189453
2017-09-12,37.537147521972656,24.183332443237305,68.34186553955078
2017-09-13,37.25480651855469,24.415332794189453,68.82687377929688
2017-09-14,36.935115814208984,25.176000595092773,68.42420196533203
2017-09-15,37.308475494384766,25.320667266845703,68.91838073730469
2017-09-18,37.02611541748047,25.666667938232422,68.78112030029297
2017-09-19,37.04011535644531,25.00666618347168,69.037353515625
2017-09-20,36.41940689086914,24.92733383178711,68.57980346679688
2017-09-21,35.79400634765625,24.43199920654297,67.91175079345703
2017-09-22,35.44398880004883,23.4060001373291,68.09477996826172
2017-09-25,35.131290435791016,22.999332427978516,67.04236602783203
2017-09-26,35.73567581176758,23.016666412353516,67.04236602783203
2017-09-27,35.99003219604492,22.731332778930664,67.58228302001953
2017-09-28,35.768341064453125,22.639999389648438,67.60061645507812
2017-09-29,35.96436309814453,22.739999771118164,68.16796875
2017-10-02,35.89202117919922,22.768667221069336,68.27779388427734
2017-10-03,36.04837417602539,23.209333419799805,67.9574966430664
2017-10-04,35.81501770019531,23.667333602905273,68.35102844238281
2017-10-05,36.260719299316406,23.68866729736328,69.52238464355469
2017-10-06,36.239723205566406,23.79199981689453,69.54983520507812
2017-10-09,36.36572265625,22.862667083740234,69.8152084350586
2017-10-10,36.37972640991211,23.70599937438965,69.8152084350586
2017-10-11,36.531410217285156,23.639999389648438,69.93417358398438
2017-10-12,36.4030647277832,23.711999893188477,70.57479858398438
2017-10-13,36.634090423583984,23.704666137695312,70.91336822509766
2017-10-16,37.308475494384766,23.373332977294922,71.05978393554688
2017-10-17,37.446144104003906,23.71666717529297,71.0048599243164
2017-10-18,37.28046417236328,23.976667404174805,71.023193359375
2017-10-19,36.398406982421875,23.45400047302246,71.29772186279297
2017-10-20,36.46140670776367,23.00666618347168,72.12134552001953
2017-10-23,36.44272994995117,22.468000411987305,72.1396713256836
2017-10-24,36.65975570678711,22.48933219909668,72.1670913696289
2017-10-25,36.49874496459961,21.722667694091797,71.95660400390625
2017-10-26,36.732093811035156,21.744667053222656,72.07559204101562
2017-10-27,38.0482063293457,21.391332626342773,76.69696807861328
2017-10-30,38.90461730957031,21.338666915893555,76.77020263671875
2017-10-31,39.445980072021484,22.101999282836914,76.1204605102539
2017-11-01,38.94428253173828,21.405332565307617,76.1204605102539
2017-11-02,39.22897720336914,19.950666427612305,76.91663360595703
2017-11-03,40.253395080566406,20.4060001373291,76.99897766113281
2017-11-06,40.661766052246094,20.185333251953125,77.30099487304688
2017-11-07,40.79244613647461,20.40333366394043,77.11793518066406
2017-11-08,41.126129150390625,20.292667388916016,77.38333892822266
2017-11-09,41.0421257019043,20.19933319091797,76.95321655273438
2017-11-10,40.90629959106445,20.19933319091797,76.75191497802734
2017-11-13,40.742366790771484,21.02666664123535,76.80680847167969
2017-11-14,40.126441955566406,20.579999923706055,76.91663360595703
2017-11-15,39.597164154052734,20.753332138061523,76.31880187988281
2017-11-16,40.070247650146484,20.833332061767578,76.52112579345703
2017-11-17,39.84775161743164,21.003332138061523,75.78536224365234
2017-11-20,39.80792236328125,20.582666397094727,75.90493774414062
2017-11-21,40.5479736328125,21.187332153320312,76.99940490722656
2017-11-22,40.974205017089844,20.84000015258789,76.43836975097656
2017-11-23,40.974205017089844,20.84000015258789,76.43836975097656
2017-11-24,40.97654342651367,21.036666870117188,76.57630920410156
2017-11-27,40.77046203613281,21.12066650390625,77.1373519897461
2017-11-28,40.53158950805664,21.170000076293945,78.06629943847656
2017-11-29,39.69084167480469,20.502666473388672,76.64990234375
2017-11-30,40.24586868286133,20.59000015258789,77.41326141357422
2017-12-01,40.05851364135742,20.435333251953125,77.49604034423828
2017-12-04,39.765769958496094,20.34666633605957,74.57134246826172
2017-12-05,39.728309631347656,20.246667861938477,75.0403823852539
2017-12-06,39.58076858520508,20.884000778198242,76.13484954833984
2017-12-07,39.65336227416992,20.749332427978516,75.86813354492188
2017-12-08,39.66508102416992,21.0086669921875,77.40408325195312
2017-12-11,40.437896728515625,21.92733383178711,78.38817596435547
2017-12-12,40.21074295043945,22.735332489013672,78.71006774902344
2017-12-13,40.344234466552734,22.601999282836914,78.49853515625
2017-12-14,40.33251190185547,22.525999069213867,77.89153289794922
2017-12-15,40.742366790771484,22.89666748046875,79.87814331054688
2017-12-18,41.316131591796875,22.591333389282227,79.44585418701172
2017-12-19,40.875850677490234,22.073333740234375,78.93999481201172
2017-12-20,40.83134841918945,21.93199920654297,78.65489959716797
2017-12-21,40.985904693603516,22.110666275024414,78.63651275634766
2017-12-22,40.985904693603516,21.68000030517578,78.6457290649414
2017-12-25,40.985904693603516,21.68000030517578,78.6457290649414
2017-12-26,39.94610595703125,21.152666091918945,78.54452514648438
2017-12-27,39.953128814697266,20.775999069213867,78.82962799072266
2017-12-28,40.0655403137207,21.02400016784668,78.83883666992188
2017-12-29,39.63228988647461,20.75666618347168,78.67328643798828
2018-01-01,39.63228988647461,20.75666618347168,78.67328643798828
2018-01-02,40.34188461303711,21.368667602539062,79.05038452148438
2018-01-03,40.334842681884766,21.149999618530273,79.41826629638672
2018-01-04,40.5222053527832,20.974666595458984,80.11726379394531
2018-01-05,40.98357009887695,21.10533332824707,81.11058044433594
2018-01-08,40.83134841918945,22.42733383178711,81.1933364868164
2018-01-09,40.8266716003418,22.246000289916992,81.13815307617188
2018-01-10,40.817291259765625,22.31999969482422,80.77027893066406
2018-01-11,41.04913330078125,22.530000686645508,81.0093994140625
2018-01-12,41.473026275634766,22.4146671295166,82.40738677978516
2018-01-15,41.473026275634766,22.4146671295166,82.40738677978516
2018-01-16,41.26226043701172,22.67066764831543,81.25772094726562
2018-01-17,41.943763732910156,23.143999099731445,82.90400695800781
2018-01-18,41.98122787475586,22.971332550048828,82.86723327636719
2018-01-19,41.79388427734375,23.334667205810547,82.7752914428711
2018-01-22,41.45195388793945,23.437332153320312,84.25602722167969
2018-01-23,41.461334228515625,23.519332885742188,84.52274322509766
2018-01-24,40.8009033203125,23.05933380126953,84.44916534423828
2018-01-25,40.072566986083984,22.50933265686035,84.91822814941406
2018-01-26,40.16624450683594,22.856666564941406,86.5093765258789
2018-01-29,39.33485412597656,23.302000045776367,86.3805923461914
2018-01-30,39.10301971435547,23.05466651916504,85.29533386230469
2018-01-31,39.21074676513672,23.62066650390625,87.38309478759766
2018-02-01,39.29270553588867,23.28333282470703,86.69329071044922
2018-02-02,37.58778381347656,22.916667938232422,84.4123764038086
2018-02-05,36.64868927001953,22.208667755126953,80.93583679199219
2018-02-06,38.18030548095703,22.264667510986328,83.99850463867188
2018-02-07,37.36296463012695,23.0,82.41658020019531
2018-02-08,36.334869384765625,21.01533317565918,78.18584442138672
2018-02-09,36.779296875,20.69466781616211,81.10136413574219
2018-02-12,38.26071548461914,21.048667907714844,81.97509765625
2018-02-13,38.64400863647461,21.577333450317383,82.61891174316406
2018-02-14,39.35649871826172,21.487333297729492,83.91258239746094
2018-02-15,40.67803955078125,22.271333694458008,85.62206268310547
2018-02-16,40.54633331298828,22.365999221801758,85.01220703125
2018-02-19,40.54633331298828,22.365999221801758,85.01220703125
2018-02-20,40.40996551513672,22.31800079345703,85.67750549316406
2018-02-21,40.226539611816406,22.219999313354492,84.54093170166016
2018-02-22,40.56279373168945,23.077999114990234,84.76271057128906
2018-02-23,41.26823806762695,23.469999313354492,86.91573333740234
2018-02-26,42.084197998046875,23.827999114990234,88.17241668701172
2018-02-27,41.94782257080078,23.39933204650879,87.04508209228516
2018-02-28,41.88433074951172,22.87066650390625,86.64775848388672
2018-03-01,41.150672912597656,22.062000274658203,85.79763793945312
2018-03-02,41.43519973754883,22.341333389282227,85.98243713378906
2018-03-05,41.578643798828125,22.22333335876465,86.52764892578125
2018-03-06,41.54336166381836,21.8799991607666,86.23192596435547
2018-03-07,41.15773391723633,22.15333366394043,86.73090362548828
2018-03-08,41.606842041015625,21.940000534057617,87.25762939453125
2018-03-09,42.32169723510742,21.81133270263672,89.20735931396484
2018-03-12,42.73085021972656,23.034000396728516,89.41989135742188
2018-03-13,42.3193473815918,22.78933334350586,87.23916625976562
2018-03-14,41.95956802368164,21.775333404541016,86.7216796875
2018-03-15,42.00895690917969,21.706666946411133,87.02660369873047
2018-03-16,41.860809326171875,21.42333221435547,87.41471099853516
2018-03-19,41.22121047973633,20.90399932861328,85.8345947265625
2018-03-20,41.207115173339844,20.703332901000977,86.05633544921875
2018-03-21,40.27357482910156,21.101999282836914,85.45574951171875
2018-03-22,39.70452880859375,20.606666564941406,82.97006225585938
2018-03-23,38.785099029541016,20.1026668548584,80.55829620361328
2018-03-26,40.62630081176758,20.278667449951172,86.65699005126953
2018-03-27,39.584598541259766,18.61199951171875,82.67434692382812
2018-03-28,39.147220611572266,17.185333251953125,82.60041809082031
2018-03-29,39.45291519165039,17.742000579833984,84.33763122558594
2018-03-30,39.45291519165039,17.742000579833984,84.33763122558594
2018-04-02,39.194252014160156,16.832000732421875,81.7965087890625
2018-04-03,39.596351623535156,17.8353328704834,82.89610290527344
2018-04-04,40.3535270690918,19.12933349609375,85.317138671875
2018-04-05,40.63335037231445,20.381332397460938,85.36333465576172
2018-04-06,39.59400177001953,19.953332901000977,83.37664794921875
2018-04-09,39.986690521240234,19.310667037963867,83.87561798095703
2018-04-10,40.739158630371094,20.31333351135254,85.82536315917969
2018-04-11,40.54869079589844,20.062000274658203,84.88282775878906
2018-04-12,40.94844436645508,19.60533332824707,86.4721908569336
2018-04-13,41.08718490600586,20.022666931152344,86.01016235351562
2018-04-16,41.34349060058594,19.413999557495117,87.01739501953125
2018-04-17,41.91255187988281,19.179332733154297,88.77303314208984
2018-04-18,41.8184928894043,19.55666732788086,89.11493682861328
2018-04-19,40.63335037231445,20.005332946777344,88.8100357055664
2018-04-20,38.968509674072266,19.349332809448242,87.7843246459961
2018-04-23,38.85564422607422,18.891332626342773,88.10774230957031
2018-04-24,38.3148078918457,18.8973331451416,86.04711151123047
2018-04-25,38.48175048828125,18.71266746520996,85.29865264892578
2018-04-26,38.615787506103516,19.031999588012695,87.10055541992188
2018-04-27,38.16901779174805,19.60533332824707,88.54203033447266
2018-04-30,38.86034393310547,19.593332290649414,86.41674041748047
2018-05-01,39.7633056640625,19.994667053222656,87.7843246459961
2018-05-02,41.51985549926758,20.07666778564453,86.40751647949219
2018-05-03,41.59510040283203,18.963333129882812,86.92495727539062
2018-05-04,43.227012634277344,19.606000900268555,87.93216705322266
2018-05-07,43.53976058959961,20.184667587280273,88.91166687011719
2018-05-08,43.74904251098633,20.131332397460938,88.53279876708984
2018-05-09,44.05708694458008,20.456666946411133,89.57697296142578
2018-05-10,44.68728256225586,20.334667205810547,90.47331237792969
2018-05-11,44.51730728149414,20.070667266845703,90.27924346923828
2018-05-14,44.4134521484375,19.46466636657715,90.58419036865234
2018-05-15,44.00981140136719,18.94533348083496,89.9281005859375
2018-05-16,44.4205322265625,19.09866714477539,90.16014099121094
2018-05-17,44.13963317871094,18.96933364868164,89.25992584228516
2018-05-18,43.9791259765625,18.454666137695312,89.42696380615234
2018-05-21,44.29071044921875,18.965999603271484,90.57774353027344
2018-05-22,44.17975997924805,18.333999633789062,90.48493957519531
2018-05-23,44.4630241394043,18.60466766357422,91.56147766113281
2018-05-24,44.4134521484375,18.523332595825195,91.2366714477539
2018-05-25,44.51495361328125,18.59000015258789,91.28309631347656
2018-05-28,44.51495361328125,18.59000015258789,91.28309631347656
2018-05-29,44.35444259643555,18.917333602905273,90.95826721191406
2018-05-30,44.260032653808594,19.447999954223633,91.83060455322266
2018-05-31,44.11129379272461,18.98200035095215,91.72850799560547
2018-06-01,44.90681076049805,19.454666137695312,93.53823852539062
2018-06-04,45.28213119506836,19.78266716003418,94.35491180419922
2018-06-05,45.63148880004883,19.408666610717773,94.83751678466797
2018-06-06,45.78964614868164,21.299999237060547,95.11589813232422
2018-06-07,45.666900634765625,21.07266616821289,93.62176513671875
2018-06-08,45.251441955566406,21.17733383178711,94.31779479980469
2018-06-11,45.14048767089844,22.139999389648438,93.77952575683594
2018-06-12,45.38834762573242,22.851333618164062,94.02080535888672
2018-06-13,45.015384674072266,22.985332489013672,93.59390258789062
2018-06-14,45.03900146484375,23.847999572753906,94.12290954589844
2018-06-15,44.576332092285156,23.878000259399414,92.92571258544922
2018-06-18,44.55272674560547,24.722000122070312,93.60320281982422
2018-06-19,43.832759857177734,23.503332138061523,93.60320281982422
2018-06-20,44.023956298828125,24.148000717163086,94.54052734375
2018-06-21,43.77846908569336,23.167333602905273,93.86306762695312
2018-06-22,43.65101623535156,22.242000579833984,93.18557739257812
2018-06-25,43.0018424987793,22.200666427612305,91.3109130859375
2018-06-26,43.535335540771484,22.799999237060547,91.95126342773438
2018-06-27,43.47161102294922,22.96666717529297,90.52206420898438
2018-06-28,43.78791809082031,23.32866668701172,91.53362274169922
2018-06-29,43.69584274291992,22.863332748413086,91.51508331298828
2018-07-02,44.18448257446289,22.33799934387207,92.81433868408203
2018-07-03,43.414947509765625,20.724000930786133,91.9234390258789
2018-07-04,43.414947509765625,20.724000930786133,91.9234390258789
2018-07-05,43.76430892944336,20.610666275024414,92.58235168457031
2018-07-06,44.370967864990234,20.593332290649414,93.88163757324219
2018-07-09,44.987064361572266,21.233999252319336,94.52197265625
2018-07-10,44.93277359008789,21.49799919128418,94.77254486083984
2018-07-11,44.34971237182617,21.263999938964844,94.64263153076172
2018-07-12,45.09328842163086,21.11400032043457,96.69359588623047
2018-07-13,45.164093017578125,21.257999420166016,97.84439086914062
2018-07-16,45.064964294433594,20.67333221435547,97.36178588867188
2018-07-17,45.19243240356445,21.512666702270508,98.32698059082031
2018-07-18,44.9445686340332,21.59000015258789,97.55670928955078
2018-07-19,45.2939338684082,21.34866714477539,96.88848876953125
2018-07-20,45.1900749206543,20.905332565307617,98.62395477294922
2018-07-23,45.23019790649414,20.213333129882812,100.2016372680664
2018-07-24,45.55830764770508,19.82866668701172,99.91394805908203
2018-07-25,45.9879264831543,20.582666397094727,102.8558578491211
2018-07-26,45.843936920166016,20.44333267211914,101.73292541503906
2018-07-27,45.08148956298828,19.812000274658203,99.93247985839844
2018-07-30,44.82890319824219,19.344667434692383,97.7887191772461
2018-07-31,44.91859817504883,19.875999450683594,98.44762420654297
2018-08-01,47.56476974487305,20.055999755859375,98.63323974609375
2018-08-02,48.955116271972656,23.30266761779785,99.83041381835938
2018-08-03,49.09674835205078,23.211332321166992,100.2666015625
2018-08-06,49.35169219970703,22.799333572387695,100.3501205444336
2018-08-07,48.88901901245117,25.30466651916504,101.04615783691406
2018-08-08,48.922080993652344,24.689332962036133,101.61227416992188
2018-08-09,49.30683517456055,23.496667861938477,101.77934265136719
2018-08-10,49.15997314453125,23.69933319091797,101.15753936767578
2018-08-13,49.47740173339844,23.76066780090332,100.42436218261719
2018-08-14,49.685855865478516,23.176000595092773,101.67724609375
2018-08-15,49.80194091796875,22.57933235168457,100.29844665527344
2018-08-16,50.53152084350586,22.363332748413086,100.2798080444336
2018-08-17,51.5406379699707,20.366666793823242,100.22392272949219
2018-08-20,51.0384521484375,20.562667846679688,99.56246185302734
2018-08-21,50.9389533996582,21.459999084472656,98.73332214355469
2018-08-22,50.94132614135742,21.44266700744629,99.7394790649414
2018-08-23,51.04555130004883,21.34000015258789,100.20526885986328
2018-08-24,51.204254150390625,21.521333694458008,100.98783111572266
2018-08-27,51.625911712646484,21.284666061401367,102.10578918457031
2018-08-28,52.04281997680664,20.790666580200195,102.72064208984375
2018-08-29,52.819793701171875,20.333999633789062,104.36031341552734
2018-08-30,53.305397033691406,20.209999084472656,104.29508972167969
2018-08-31,53.92129135131836,20.110666275024414,104.64910125732422
2018-09-03,53.92129135131836,20.110666275024414,104.64910125732422
2018-09-04,54.094215393066406,19.26333236694336,104.07147979736328
2018-09-05,53.74125289916992,18.715999603271484,101.07168579101562
2018-09-06,52.84820556640625,18.729999542236328,101.30458068847656
2018-09-07,52.42184066772461,17.549333572387695,100.81082153320312
2018-09-10,51.718284606933594,19.03333282470703,101.90082550048828
2018-09-11,53.0258903503418,18.62933349609375,103.63365173339844
2018-09-12,52.36735153198242,19.369333267211914,104.07147979736328
2018-09-13,53.632293701171875,19.297332763671875,105.189453125
2018-09-14,53.02350616455078,19.68000030517578,105.61800384521484
2018-09-17,51.61170959472656,19.6560001373291,104.47210693359375
2018-09-18,51.696964263916016,18.997333526611328,105.46893310546875
2018-09-19,51.7277717590332,19.934667587280273,104.06218719482422
2018-09-20,52.12099838256836,19.8886661529541,105.80430603027344
2018-09-21,51.55957794189453,19.940000534057617,106.4471435546875
2018-09-24,52.30101776123047,19.978666305541992,106.82911682128906
2018-09-25,52.63264083862305,20.06599998474121,106.62417602539062
2018-09-26,52.21337890625,20.6386661529541,106.18628692626953
2018-09-27,53.286441802978516,20.501333236694336,106.58688354492188
2018-09-28,53.47359085083008,17.65133285522461,106.54965209960938
2018-10-01,53.83364486694336,20.713333129882812,107.70484161376953
2018-10-02,54.312137603759766,20.06800079345703,107.27629089355469
2018-10-03,54.97305679321289,19.65333366394043,107.29492950439453
2018-10-04,54.00656509399414,18.788667678833008,105.07766723632812
2018-10-05,53.130104064941406,17.463333129882812,104.46277618408203
2018-10-08,53.00693130493164,16.70400047302246,103.27032470703125
2018-10-09,53.74125289916992,17.520000457763672,104.58390808105469
2018-10-10,51.25163650512695,17.125333786010742,98.90101623535156
2018-10-11,50.799198150634766,16.815332412719727,98.6680908203125
2018-10-12,52.61370086669922,17.25200080871582,102.07781982421875
2018-10-15,51.488525390625,17.305999755859375,100.2425308227539
2018-10-16,52.6231803894043,18.439332962036133,103.41006469726562
2018-10-17,52.395774841308594,18.118667602539062,103.1398696899414
2018-10-18,51.17110061645508,17.5939998626709,101.08101654052734
2018-10-19,51.950435638427734,17.333332061767578,101.23007202148438
2018-10-22,52.267860412597656,17.39666748046875,102.13375854492188
2018-10-23,52.76056671142578,19.609333038330078,100.7083511352539
2018-10-24,50.95079040527344,19.233333587646484,95.32357788085938
2018-10-25,52.0665168762207,20.99066734313965,100.89466857910156
2018-10-26,51.2374267578125,22.059999465942383,99.64631652832031
2018-10-29,50.27568817138672,22.323333740234375,96.74895477294922
2018-10-30,50.52679443359375,21.99333381652832,96.63716888427734
2018-10-31,51.843841552734375,22.488000869750977,99.50654602050781
2018-11-01,52.639766693115234,22.95199966430664,98.67742156982422
2018-11-02,49.148128509521484,23.0939998626709,98.90101623535156
2018-11-05,47.75290298461914,22.760000228881836,100.15870666503906
2018-11-06,48.26930618286133,22.737333297729492,100.35433959960938
2018-11-07,49.73322296142578,23.21066665649414,104.30442810058594
2018-11-08,49.55970764160156,23.426666259765625,104.10875701904297
2018-11-09,48.60410690307617,23.367332458496094,102.07781982421875
2018-11-12,46.15572738647461,22.0853328704834,99.56246185302734
2018-11-13,45.6945686340332,22.582000732421875,99.62767028808594
2018-11-14,44.40382766723633,22.933332443237305,98.21483612060547
2018-11-15,45.49965286254883,23.229333877563477,100.37619018554688
2018-11-16,46.00360107421875,23.62066650390625,101.3211669921875
2018-11-19,44.18037033081055,23.564666748046875,97.88738250732422
2018-11-20,42.06952667236328,23.166000366210938,95.16465759277344
2018-11-21,42.02198791503906,22.54599952697754,96.47455596923828
2018-11-22,42.02198791503906,22.54599952697754,96.47455596923828
2018-11-23,40.954673767089844,21.722000122070312,96.43711853027344
2018-11-26,41.5085334777832,23.066667556762695,99.61831665039062
2018-11-27,41.418212890625,22.92799949645996,100.24520111083984
2018-11-28,43.01084899902344,23.191333770751953,103.96907806396484
2018-11-29,42.6804313659668,22.744667053222656,103.09892272949219
2018-11-30,42.449851989746094,23.365333557128906,103.7538833618164
2018-12-03,43.93315887451172,23.89933204650879,104.87664794921875
2018-12-04,42.00059509277344,23.979999542236328,101.536376953125
2018-12-05,42.00059509277344,23.979999542236328,101.536376953125
2018-12-06,41.532310485839844,24.20400047302246,102.16327667236328
2018-12-07,40.0513916015625,23.864667892456055,98.07450866699219
2018-12-10,40.315242767333984,24.343332290649414,100.66624450683594
2018-12-11,40.08466339111328,24.450666427612305,101.60189056396484
2018-12-12,40.1963996887207,24.440000534057617,102.06034851074219
2018-12-13,40.63615036010742,25.119333267211914,102.40654754638672
2018-12-14,39.335880279541016,24.380666732788086,99.2066421508789
2018-12-17,38.96981430053711,23.22800064086914,96.26870727539062
2018-12-18,39.47613525390625,22.468666076660156,97.2791976928711
2018-12-19,38.24481201171875,22.197999954223633,97.0172119140625
2018-12-20,37.27972412109375,21.025333404541016,94.97748565673828
2018-12-21,35.82970428466797,21.31800079345703,91.90858459472656
2018-12-24,34.90263366699219,19.69266700744629,88.07244110107422
2018-12-25,34.90263366699219,19.69266700744629,88.07244110107422
2018-12-26,37.36053466796875,21.73933219909668,94.0886459350586
2018-12-27,37.118080139160156,21.075332641601562,94.66874694824219
2018-12-28,37.137088775634766,22.257999420166016,93.92957305908203
2018-12-31,37.496028900146484,22.18666648864746,95.03364562988281
2019-01-01,37.496028900146484,22.18666648864746,95.03364562988281
2019-01-02,37.538818359375,20.674667358398438,94.61260223388672
2019-01-03,33.799678802490234,20.02400016784668,91.13200378417969
2019-01-04,35.2425537109375,21.179332733154297,95.37049102783203
2019-01-07,35.16410446166992,22.33066749572754,95.49211120605469
2019-01-08,35.834449768066406,22.356666564941406,96.18450164794922
2019-01-09,36.442989349365234,22.568666458129883,97.5599136352539
2019-01-10,36.559471130371094,22.99799919128418,96.9329833984375
2019-01-11,36.20052719116211,23.150667190551758,96.18450164794922
2019-01-14,35.656166076660156,22.293333053588867,95.4827651977539
2019-01-15,36.38594055175781,22.961999893188477,98.25227355957031
2019-01-16,36.8304557800293,23.06999969482422,98.59845733642578
2019-01-17,37.04914093017578,23.15399932861328,99.29084014892578
2019-01-18,37.27734375,20.150667190551758,100.77851104736328
2019-01-21,37.27734375,20.150667190551758,100.77851104736328
2019-01-22,36.440616607666016,19.92799949645996,98.87916564941406
2019-01-23,36.587982177734375,19.172666549682617,99.84284973144531
2019-01-24,36.2979850769043,19.43400001525879,99.36567687988281
2019-01-25,37.50079345703125,19.80266761779785,100.2732925415039
2019-01-28,37.15373611450195,19.7586669921875,98.3177719116211
2019-01-29,36.76864242553711,19.83066749572754,96.31548309326172
2019-01-30,39.281211853027344,20.584667205810547,99.53409576416016
2019-01-31,39.564090728759766,20.468000411987305,97.70957946777344
2019-02-01,39.583106994628906,20.81399917602539,96.16577911376953
2019-02-04,40.70746612548828,20.859333038330078,98.93529510498047
2019-02-05,41.4039421081543,21.42333221435547,100.3200454711914
2019-02-06,41.418212890625,21.148000717163086,99.2066421508789
2019-02-07,40.63376998901367,20.500667572021484,98.49551391601562
2019-02-08,40.6815185546875,20.386667251586914,98.86979675292969
2019-02-11,40.44755935668945,20.856000900268555,98.4768295288086
2019-02-12,40.79610824584961,20.78733253479004,100.01128387451172
2019-02-13,40.62660598754883,20.544666290283203,99.9364242553711
2019-02-14,40.77462387084961,20.251333236694336,100.02064514160156
2019-02-15,40.683902740478516,20.525333404541016,101.25569915771484
2019-02-18,40.683902740478516,20.525333404541016,101.25569915771484
2019-02-19,40.8056640625,20.375999450683594,101.20892333984375
2019-02-20,41.06825637817383,20.17066764831543,100.6827163696289
2019-02-21,40.836692810058594,19.415332794189453,102.80632019042969
2019-02-22,41.29265594482422,19.6473331451416,104.27214813232422
2019-02-25,41.59345245361328,19.917999267578125,104.85474395751953
2019-02-26,41.617332458496094,19.857332229614258,105.57825469970703
2019-02-27,41.746238708496094,20.982667922973633,105.39973449707031
2019-02-28,41.33562088012695,21.325332641601562,105.2681655883789
2019-03-01,41.77011489868164,19.652666091918945,105.73797607421875
2019-03-04,41.980194091796875,19.02400016784668,105.48429107666016
2019-03-05,41.90380859375,18.43600082397461,104.95809936523438
2019-03-06,41.662689208984375,18.416000366210938,105.00507354736328
2019-03-07,41.18045425415039,18.439332962036133,103.72715759277344
2019-03-08,41.27833938598633,18.94266700744629,103.83992004394531
2019-03-11,42.708316802978516,19.39466667175293,106.01988220214844
2019-03-12,43.18816375732422,18.890666961669922,106.76220703125
2019-03-13,43.37913131713867,19.263999938964844,107.589111328125
2019-03-14,43.86137008666992,19.33066749572754,107.67364501953125
2019-03-15,44.431922912597656,18.36199951171875,108.91400146484375
2019-03-18,44.88551712036133,17.965999603271484,110.4737777709961
2019-03-19,44.52980422973633,17.83133316040039,110.54896545410156
2019-03-20,44.91893005371094,18.239999771118164,110.42679595947266
2019-03-21,46.573307037353516,18.26799964904785,112.9638442993164
2019-03-22,45.60885238647461,17.635332107543945,109.98519134521484
2019-03-25,45.05739974975586,17.3613338470459,110.55835723876953
2019-03-26,44.59186935424805,17.851333618164062,110.79325866699219
2019-03-27,44.99293518066406,18.32200050354004,109.72206115722656
2019-03-28,45.05262756347656,18.57466697692871,109.87242126464844
2019-03-29,45.346248626708984,18.657333374023438,110.82145690917969
2019-04-01,45.65422058105469,19.278667449951172,111.83627319335938
2019-04-02,46.3178596496582,19.058666229248047,111.99600982666016
2019-04-03,46.635379791259766,19.45400047302246,112.72893524169922
2019-04-04,46.7165412902832,17.851999282836914,112.15576171875
2019-04-05,47.02927780151367,18.33066749572754,112.65376281738281
2019-04-08,47.76934051513672,18.213333129882812,112.69132995605469
2019-04-09,47.6260986328125,18.15399932861328,112.08060455322266
2019-04-10,47.89347839355469,18.40399932861328,112.93565368652344
2019-04-11,47.49479293823242,17.89466667175293,113.06721496582031
2019-04-12,47.47570037841797,17.84666633605957,113.6497802734375
2019-04-15,47.56163787841797,17.7586669921875,113.74375915527344
2019-04-16,47.56642150878906,18.224000930786133,113.48065185546875
2019-04-17,48.49267578125,18.082000732421875,114.42028045654297
2019-04-18,48.66695022583008,18.21733283996582,115.92371368408203
2019-04-19,48.66695022583008,18.21733283996582,115.92371368408203
2019-04-22,48.82689666748047,17.516666412353516,116.29017639160156
2019-04-23,49.53113555908203,17.593332290649414,117.86878967285156
2019-04-24,49.454742431640625,17.243999481201172,117.46475219726562
2019-04-25,49.00593566894531,16.5086669921875,121.35485076904297
2019-04-26,48.77198791503906,15.675999641418457,122.0501708984375
2019-04-29,48.84600067138672,16.097999572753906,121.93745422363281
2019-04-30,47.90540313720703,15.912667274475098,122.71733093261719
2019-05-01,50.256874084472656,15.600666999816895,120.16150665283203
2019-05-02,49.929813385009766,16.273332595825195,118.59230041503906
2019-05-03,50.550506591796875,17.00200080871582,121.11994171142578
2019-05-06,49.769866943359375,17.022666931152344,120.41521453857422
2019-05-07,48.428218841552734,16.470666885375977,117.94395446777344
2019-05-08,48.43776321411133,16.32266616821289,117.93456268310547
2019-05-09,47.91733932495117,16.131999969482422,117.92516326904297
2019-05-10,47.25353240966797,15.968000411987305,119.45677947998047
2019-05-13,44.50716781616211,15.133999824523926,115.90492248535156
2019-05-14,45.211727142333984,15.487333297729492,117.20164489746094
2019-05-15,45.75334167480469,15.463333129882812,118.85209655761719
2019-05-16,45.552032470703125,15.222000122070312,121.5965576171875
2019-05-17,45.293216705322266,14.0686674118042,120.78551483154297
2019-05-20,43.87689208984375,13.690667152404785,119.04072570800781
2019-05-21,44.71806335449219,13.67199993133545,119.68204498291016
2019-05-22,43.8026008605957,12.84866714477539,120.40825653076172
2019-05-23,43.0549201965332,13.03266716003418,119.00298309326172
2019-05-24,42.889549255371094,12.708666801452637,119.05958557128906
2019-05-27,42.889549255371094,12.708666801452637,119.05958557128906
2019-05-28,42.712215423583984,12.579999923706055,118.98412322998047
2019-05-29,42.508522033691406,12.657333374023438,117.83354187011719
2019-05-30,42.729000091552734,12.54800033569336,118.57857513427734
2019-05-31,41.95494079589844,12.343999862670898,116.64519500732422
2019-06-03,41.53076171875,11.9313325881958,113.02361297607422
2019-06-04,43.05011749267578,12.90666675567627,116.15477752685547
2019-06-05,43.745094299316406,13.105999946594238,118.67290496826172
2019-06-06,44.38735580444336,13.729999542236328,120.54971313476562
2019-06-07,45.56880569458008,13.633333206176758,123.92607879638672
2019-06-10,46.151145935058594,14.192000389099121,125.05783081054688
2019-06-11,46.68556594848633,14.473333358764648,124.58631134033203
2019-06-12,46.5369873046875,13.950667381286621,124.01097869873047
2019-06-13,46.52738952636719,14.260666847229004,124.79376983642578
2019-06-14,46.18950271606445,14.32800006866455,124.91632843017578
2019-06-17,46.465091705322266,15.001999855041504,125.29363250732422
2019-06-18,47.55787658691406,14.982666969299316,127.47221374511719
2019-06-19,47.41888427734375,15.095333099365234,127.9720458984375
2019-06-20,47.79990768432617,14.641332626342773,129.16041564941406
2019-06-21,47.636962890625,14.790666580200195,129.1792449951172
2019-06-24,47.589027404785156,14.909333229064941,129.9431610107422
2019-06-25,46.8676872253418,14.650667190551758,125.8405990600586
2019-06-26,47.88139343261719,14.618000030517578,126.31220245361328
2019-06-27,47.86701202392578,14.855999946594238,126.5196533203125
2019-06-28,47.43086242675781,14.897333145141602,126.34049987792969
2019-07-01,48.30077362060547,15.14466667175293,127.96263885498047
2019-07-02,48.58356857299805,14.970000267028809,128.8114471435547
2019-07-03,48.98617172241211,15.65999984741211,129.64138793945312
2019-07-04,48.98617172241211,15.65999984741211,129.64138793945312
2019-07-05,48.943031311035156,15.539999961853027,129.26412963867188
2019-07-08,47.934120178222656,15.355999946594238,129.16986083984375
2019-07-09,48.22648620605469,15.337332725524902,128.6982879638672
2019-07-10,48.70338439941406,15.928000450134277,130.0092315673828
2019-07-11,48.34870910644531,15.90666675567627,130.52792358398438
2019-07-12,48.72016143798828,16.338666915893555,130.99952697753906
2019-07-15,49.177886962890625,16.899999618530273,130.99952697753906
2019-07-16,49.00774002075195,16.825332641601562,129.28302001953125
2019-07-17,48.732147216796875,16.99066734313965,128.51905822753906
2019-07-18,49.28572082519531,16.902666091918945,128.6605682373047
2019-07-19,48.55000686645508,17.211999893188477,128.8491973876953
2019-07-22,49.65958023071289,17.045333862304688,130.55625915527344
2019-07-23,50.04780197143555,17.344667434692383,131.36727905273438
2019-07-24,50.00706481933594,17.658666610717773,132.7160186767578
2019-07-25,49.61165237426758,15.254667282104492,132.2161407470703
2019-07-26,49.78419876098633,15.202667236328125,133.3007354736328
2019-07-29,50.24910354614258,15.718000411987305,133.00831604003906
2019-07-30,50.03342819213867,16.150667190551758,132.3670196533203
2019-07-31,51.0543098449707,16.107332229614258,128.51905822753906
2019-08-01,49.94954299926758,15.59000015258789,130.207275390625
2019-08-02,48.8927001953125,15.62266731262207,129.11322021484375
2019-08-05,46.333282470703125,15.221332550048828,124.69001007080078
2019-08-06,47.21039581298828,15.383333206176758,127.02897644042969
2019-08-07,47.69926071166992,15.561332702636719,127.58541870117188
2019-08-08,48.75130844116211,15.886667251586914,130.9900665283203
2019-08-09,48.34958267211914,15.667332649230957,129.8771514892578
2019-08-12,48.22690200805664,15.267333030700684,128.0663604736328
2019-08-13,50.269229888916016,15.666666984558105,130.71656799316406
2019-08-14,48.77296829223633,14.641332626342773,126.78010559082031
2019-08-15,48.53001022338867,14.37600040435791,126.49620056152344
2019-08-16,49.67505645751953,14.662667274475098,128.81454467773438
2019-08-19,50.6012077331543,15.121999740600586,130.97203063964844
2019-08-20,50.603614807128906,15.057332992553711,129.88385009765625
2019-08-21,51.15207290649414,14.722000122070312,131.3316192626953
2019-08-22,51.10877990722656,14.8100004196167,130.37586975097656
2019-08-23,48.74650192260742,14.09333324432373,126.22184753417969
2019-08-26,49.67265319824219,14.333333015441895,128.17108154296875
2019-08-27,49.11215591430664,14.272000312805176,128.44552612304688
2019-08-28,49.44170379638672,14.37266731262207,128.27520751953125
2019-08-29,50.278846740722656,14.780667304992676,130.69764709472656
2019-08-30,50.213905334472656,15.040666580200195,130.45159912109375
2019-09-02,50.213905334472656,15.040666580200195,130.45159912109375
2019-09-03,49.482608795166016,15.000666618347168,128.7294158935547
2019-09-04,50.322147369384766,14.711999893188477,130.23399353027344
2019-09-05,51.306026458740234,15.305333137512207,132.52395629882812
2019-09-06,51.30121994018555,15.16333293914795,131.62498474121094
2019-09-09,51.5201301574707,15.452667236328125,130.1298828125
2019-09-10,52.128726959228516,15.702667236328125,128.7672576904297
2019-09-11,53.78616714477539,16.47333335876465,128.8050537109375
2019-09-12,53.6658935546875,16.391332626342773,130.1298828125
2019-09-13,52.621883392333984,16.34666633605957,129.94065856933594
2019-09-16,52.89851379394531,16.187332153320312,129.0038604736328
2019-09-17,53.0909538269043,16.319332122802734,130.00686645507812
2019-09-18,53.58891296386719,16.232667922973633,131.07615661621094
2019-09-19,53.153507232666016,16.440000534057617,133.48912048339844
2019-09-20,52.37651062011719,16.041332244873047,131.94674682617188
2019-09-23,52.614662170410156,16.082000732421875,131.662841796875
2019-09-24,52.364479064941406,14.880666732788086,129.99737548828125
2019-09-25,53.170345306396484,15.24666690826416,131.87100219726562
2019-09-26,52.8961181640625,16.17066764831543,132.04132080078125
2019-09-27,52.63872146606445,16.142000198364258,130.32858276367188
2019-09-30,53.87759017944336,16.058000564575195,131.55874633789062
2019-10-01,54.026729583740234,16.312667846679688,129.7040252685547
2019-10-02,52.67238998413086,16.208667755126953,127.41407775878906
2019-10-03,53.11983871459961,15.535332679748535,128.95652770996094
2019-10-04,54.60889434814453,15.428667068481445,130.69764709472656
2019-10-07,54.62091064453125,15.847999572753906,129.75137329101562
2019-10-08,53.98101806640625,16.003332138061523,128.37930297851562
2019-10-09,54.61370086669922,16.302000045776367,130.81117248535156
2019-10-10,55.34979248046875,16.31599998474121,131.62498474121094
2019-10-11,56.82200241088867,16.525999069213867,132.17379760742188
2019-10-14,56.74021530151367,17.130666732788086,132.0507354736328
2019-10-15,56.60791778564453,17.19266700744629,133.9622039794922
2019-10-16,56.37938690185547,17.316667556762695,132.8645782470703
2019-10-17,56.59828186035156,17.46466636657715,132.1832275390625
2019-10-18,56.87012481689453,17.1299991607666,130.02577209472656
2019-10-21,57.85639572143555,16.899999618530273,130.99099731445312
2019-10-22,57.724098205566406,17.038667678833008,129.04164123535156
2019-10-23,58.498695373535156,16.978666305541992,129.8649444580078
2019-10-24,58.594905853271484,19.978666305541992,132.41983032226562
2019-10-25,59.31658935546875,21.875333786010742,133.1673583984375
2019-10-28,59.91075897216797,21.847333908081055,136.44140625
2019-10-29,58.525146484375,21.08133316040039,135.15455627441406
2019-10-30,58.5179328918457,21.000667572021484,136.83888244628906
2019-10-31,59.840999603271484,20.994667053222656,135.66549682617188
2019-11-01,61.539337158203125,20.887332916259766,135.99667358398438
2019-11-04,61.94346618652344,21.1646671295166,136.7820587158203
2019-11-05,61.85447692871094,21.148000717163086,136.69692993164062
2019-11-06,61.88092041015625,21.77199935913086,136.31842041015625
2019-11-07,62.59510803222656,22.369333267211914,136.5076446533203
2019-11-08,62.76641845703125,22.47599983215332,138.11631774902344
2019-11-11,63.26343536376953,23.006000518798828,138.25831604003906
2019-11-12,63.2055549621582,23.32866668701172,139.16665649414062
2019-11-13,63.81113815307617,23.073999404907227,139.39378356933594
2019-11-14,63.36963653564453,23.290000915527344,140.1034698486328
2019-11-15,64.12242126464844,23.47800064086914,141.91085815429688
2019-11-18,64.4457015991211,23.332666397094727,142.26087951660156
2019-11-19,64.25028991699219,23.968000411987305,142.30825805664062
2019-11-20,63.502323150634766,23.481332778930664,142.0614013671875
2019-11-21,63.21762466430664,23.655332565307617,141.92845153808594
2019-11-22,63.1621208190918,22.202667236328125,142.03292846679688
2019-11-25,64.26958465576172,22.422666549682617,143.59010314941406
2019-11-26,63.76773452758789,21.92799949645996,144.34963989257812
2019-11-27,64.62425994873047,22.086000442504883,144.62501525878906
2019-11-28,64.62425994873047,22.086000442504883,144.62501525878906
2019-11-29,64.48193359375,21.996000289916992,143.73251342773438
2019-12-02,63.73635482788086,22.32466697692871,141.99493408203125
2019-12-03,62.59994125366211,22.413333892822266,141.7670440673828
2019-12-04,63.15248107910156,22.20199966430664,142.27978515625
2019-12-05,64.0789566040039,22.024667739868164,142.35572814941406
2019-12-06,65.31671905517578,22.392667770385742,144.0838165283203
2019-12-09,64.40231323242188,22.635332107543945,143.7135009765625
2019-12-10,64.7786865234375,23.256000518798828,143.49510192871094
2019-12-11,65.33121490478516,23.51333236694336,144.03631591796875
2019-12-12,65.49769592285156,23.978666305541992,145.49853515625
2019-12-13,66.38801574707031,23.892667770385742,146.72337341308594
2019-12-16,67.52444458007812,25.433332443237305,147.67279052734375
2019-12-17,67.65715026855469,25.266000747680664,146.87525939941406
2019-12-18,67.4954833984375,26.209999084472656,146.57144165039062
2019-12-19,67.56305694580078,26.93600082397461,147.84373474121094
2019-12-20,67.42311096191406,27.03933334350586,149.45790100097656
2019-12-23,68.52334594726562,27.947999954223633,149.45790100097656
2019-12-24,68.5885009765625,28.350000381469727,149.4293670654297
2019-12-25,68.5885009765625,28.350000381469727,149.4293670654297
2019-12-26,69.94930267333984,28.729333877563477,150.6542205810547
2019-12-27,69.9227523803711,28.691999435424805,150.92959594726562
2019-12-30,70.3377685546875,27.64666748046875,149.62876892089844
2019-12-31,70.8516845703125,27.8886661529541,149.73324584960938
2020-01-01,70.8516845703125,27.8886661529541,149.73324584960938
2020-01-02,72.46826934814453,28.68400001525879,152.50567626953125
2020-01-03,71.76370239257812,29.534000396728516,150.60670471191406
2020-01-06,72.33557891845703,30.1026668548584,150.9960174560547
2020-01-07,71.99535369873047,31.270666122436523,149.61924743652344
2020-01-08,73.15349578857422,32.80933380126953,152.00244140625
2020-01-09,74.70731353759766,32.089332580566406,153.9014434814453
2020-01-10,74.876220703125,31.876667022705078,153.1893310546875
2020-01-13,76.47590637207031,34.990665435791016,155.03126525878906
2020-01-14,75.4432373046875,35.861331939697266,153.939453125
2020-01-15,75.11993408203125,34.56666564941406,154.9363250732422
2020-01-16,76.06092834472656,34.232666015625,157.77528381347656
2020-01-17,76.90299224853516,34.03333282470703,158.65830993652344
2020-01-20,76.90299224853516,34.03333282470703,158.65830993652344
2020-01-21,76.3818130493164,36.47999954223633,158.08865356445312
2020-01-22,76.65444946289062,37.97066879272461,157.3290252685547
2020-01-23,77.02362823486328,38.14666748046875,158.29751586914062
2020-01-24,76.8016128540039,37.654666900634766,156.7024688720703
2020-01-27,74.54325866699219,37.201332092285156,154.0818634033203
2020-01-28,76.65205383300781,37.793331146240234,157.10118103027344
2020-01-29,78.25654602050781,38.732666015625,159.5508575439453
2020-01-30,78.14315032958984,42.72066879272461,164.0514373779297
2020-01-31,74.67839813232422,43.371334075927734,161.6302490234375
2020-02-03,74.4732894897461,52.0,165.57057189941406
2020-02-04,76.93194580078125,59.137332916259766,171.02056884765625
2020-02-05,77.55927276611328,48.97999954223633,170.8116912841797
2020-02-06,78.46649169921875,49.930667877197266,174.35324096679688
2020-02-07,77.3998794555664,49.871334075927734,174.6001434326172
2020-02-10,77.76750946044922,51.41866683959961,179.16712951660156
2020-02-11,77.29830932617188,51.62533187866211,175.1223602294922
2020-02-12,79.13396453857422,51.15266799926758,175.37869262695312
2020-02-13,78.57048797607422,53.599998474121094,174.42922973632812
2020-02-14,78.58981323242188,53.33533477783203,175.98635864257812
2020-02-17,78.58981323242188,53.33533477783203,175.98635864257812
2020-02-18,77.15078735351562,57.22666549682617,177.7714080810547
2020-02-19,78.26814270019531,61.16133117675781,178.30455017089844
2020-02-20,77.4651870727539,59.96066665649414,175.58160400390625
2020-02-21,75.7117691040039,60.06666564941406,170.03103637695312
2020-02-24,72.11543273925781,55.58599853515625,162.70005798339844
2020-02-25,69.6727066040039,53.32733154296875,160.0151824951172
2020-02-26,70.77799224853516,51.91999816894531,162.0145721435547
2020-02-27,66.15137481689453,45.266666412353516,150.5991973876953
2020-02-28,66.1126480102539,44.53266525268555,154.24563598632812
2020-03-02,72.26778411865234,49.574668884277344,164.5089874267578
2020-03-03,69.9726333618164,49.70066833496094,156.6258087158203
2020-03-04,73.21827697753906,49.96666717529297,162.37635803222656
2020-03-05,70.8432846069336,48.30266571044922,158.3014678955078
2020-03-06,69.90249633789062,46.89866638183594,153.82669067382812
2020-03-09,64.37374114990234,40.53333282470703,143.40150451660156
2020-03-10,69.01004028320312,43.02199935913086,153.20790100097656
2020-03-11,66.61329650878906,42.28200149536133,146.26724243164062
2020-03-12,60.03491973876953,37.369998931884766,132.39552307128906
2020-03-13,67.22760772705078,36.44133377075195,151.2180633544922
2020-03-16,58.5789680480957,29.67133331298828,128.92996215820312
2020-03-17,61.15469741821289,28.68000030517578,139.54559326171875
2020-03-18,59.65763473510742,24.08133316040039,133.6712646484375
2020-03-19,59.20053482055664,28.50933265686035,135.87059020996094
2020-03-20,55.44215774536133,28.50200080871582,130.7674560546875
2020-03-23,54.26433563232422,28.952667236328125,129.46316528320312
2020-03-24,59.70841598510742,33.66666793823242,141.23074340820312
2020-03-25,59.37950134277344,35.95000076293945,139.8788299560547
2020-03-26,62.50423049926758,35.21066665649414,148.6283721923828
2020-03-27,59.916412353515625,34.29066848754883,142.52557373046875
2020-03-30,61.62631607055664,33.47533416748047,152.55088806152344
2020-03-31,61.500545501708984,34.93333435058594,150.1517333984375
2020-04-01,58.264564514160156,32.104000091552734,144.82012939453125
2020-04-02,59.236812591552734,30.29800033569336,147.81910705566406
2020-04-03,58.385494232177734,32.000667572021484,146.45765686035156
2020-04-06,63.47890090942383,34.41600036621094,157.3494415283203
2020-04-07,62.74367141723633,36.36333465576172,155.65475463867188
2020-04-08,64.34957122802734,36.589332580566406,157.216064453125
2020-04-09,64.81391143798828,38.20000076293945,157.22560119628906
2020-04-10,64.81391143798828,38.20000076293945,157.22560119628906
2020-04-13,66.0860595703125,43.39666748046875,157.57786560058594
2020-04-14,69.42362213134766,47.32600021362305,165.37539672851562
2020-04-15,68.78996276855469,48.65533447265625,163.6426239013672
2020-04-16,69.33655548095703,49.680667877197266,168.55531311035156
2020-04-17,68.39573669433594,50.259334564208984,170.04054260253906
2020-04-20,66.97608184814453,49.75733184814453,166.6702117919922
2020-04-21,64.90582275390625,45.781333923339844,159.77719116210938
2020-04-22,66.77532958984375,48.807334899902344,165.20401000976562
2020-04-23,66.51654052734375,47.04199981689453,163.20462036132812
2020-04-24,68.43685913085938,48.34333419799805,166.18466186523438
2020-04-27,68.48524475097656,53.25,165.7086181640625
2020-04-28,67.3751449584961,51.27466583251953,161.6717987060547
2020-04-29,69.58808135986328,53.367332458496094,168.92660522460938
2020-04-30,71.05611419677734,52.12533187866211,170.62130737304688
2020-05-01,69.91214752197266,46.75466537475586,166.20370483398438
2020-05-04,70.90135192871094,50.74599838256836,170.2689971923828
2020-05-05,71.96549987792969,51.2140007019043,172.0970001220703
2020-05-06,72.70796966552734,52.172000885009766,173.79176330566406
2020-05-07,73.46014404296875,52.00266647338867,174.8009033203125
2020-05-08,75.20861053466797,54.62799835205078,175.8291473388672
2020-05-11,76.39204406738281,54.08599853515625,177.79042053222656
2020-05-12,75.5190200805664,53.96066665649414,173.7631378173828
2020-05-13,74.60718536376953,52.73066711425781,171.1354522705078
2020-05-14,75.06552124023438,53.55533218383789,171.8780517578125
2020-05-15,74.62171936035156,53.27799987792969,174.38198852539062
2020-05-18,76.3799057006836,54.242000579833984,176.04811096191406
2020-05-19,75.93856048583984,53.867332458496094,174.82945251464844
2020-05-20,77.41541290283203,54.37066650390625,177.25448608398438
2020-05-21,76.83822631835938,55.17333221435547,175.12545776367188
2020-05-22,77.33296203613281,54.45866775512695,175.20184326171875
2020-05-25,77.33296203613281,54.45866775512695,175.20184326171875
2020-05-26,76.80915069580078,54.591331481933594,173.3496551513672
2020-05-27,77.14379119873047,54.68199920654297,173.57879638671875
2020-05-28,77.17774963378906,53.72066879272461,173.1873016357422
2020-05-29,77.1025619506836,55.66666793823242,174.95361328125
2020-06-01,78.05079650878906,59.87333297729492,174.5526123046875
2020-06-02,78.41212463378906,58.770668029785156,176.53842163085938
2020-06-03,78.84378814697266,58.86399841308594,176.9680938720703
2020-06-04,78.16476440429688,57.62533187866211,174.6385498046875
2020-06-05,80.39096069335938,59.04399871826172,178.7247314453125
2020-06-08,80.86628723144531,63.327999114990234,179.83229064941406
2020-06-09,83.41989135742188,62.711334228515625,181.2070770263672
2020-06-10,85.56605529785156,68.336669921875,187.92832946777344
2020-06-11,81.45800018310547,64.85600280761719,177.8369140625
2020-06-12,82.16126251220703,62.35200119018555,179.2402801513672
2020-06-15,83.1773681640625,66.05999755859375,180.38600158691406
2020-06-16,85.3817367553711,65.47533416748047,184.80636596679688
2020-06-17,85.26293182373047,66.11933135986328,185.44606018066406
2020-06-18,85.29685974121094,66.9306640625,187.43190002441406
2020-06-19,84.80944061279297,66.72666931152344,186.3148193359375
2020-06-22,87.02835845947266,66.28800201416016,191.48947143554688
2020-06-23,88.88597869873047,66.78533172607422,192.768798828125
2020-06-24,87.31696319580078,64.0566635131836,188.88307189941406
2020-06-25,88.47613525390625,65.73200225830078,191.2698516845703
2020-06-26,85.75765228271484,63.982666015625,187.44143676757812
2020-06-29,87.73405456542969,67.29000091552734,189.4558868408203
2020-06-30,88.46646118164062,71.98733520507812,194.29632568359375
2020-07-01,88.29911041259766,74.64199829101562,195.43247985839844
2020-07-02,88.29911041259766,80.57733154296875,196.92185974121094
2020-07-03,88.29911041259766,80.57733154296875,196.92185974121094
2020-07-06,90.66114807128906,91.43866729736328,201.16085815429688
2020-07-07,90.37983703613281,92.65733337402344,198.8217315673828
2020-07-08,92.4847640991211,91.05867004394531,203.1944122314453
2020-07-09,92.88250732421875,92.9520034790039,204.616943359375
2020-07-10,93.0449447631836,102.97666931152344,203.99636840820312
2020-07-13,92.61572265625,99.80400085449219,197.69515991210938
2020-07-14,94.14838409423828,101.12000274658203,198.91725158691406
2020-07-15,94.7958755493164,103.06732940673828,198.6212615966797
2020-07-16,93.62940216064453,100.04266357421875,194.68777465820312
2020-07-17,93.44024658203125,100.05599975585938,193.69488525390625
2020-07-20,95.40940856933594,109.53333282470703,202.02011108398438
2020-07-21,94.09259033203125,104.55733489990234,199.29913330078125
2020-07-22,94.35692596435547,106.15533447265625,202.1632843017578
2020-07-23,90.06212615966797,100.87133026123047,193.37026977539062
2020-07-24,89.83903503417969,94.46666717529297,192.18638610839844
2020-07-27,91.96823120117188,102.63999938964844,194.6209716796875
2020-07-28,90.45744323730469,98.43267059326172,192.87380981445312
2020-07-29,92.19136047363281,99.94066619873047,194.8214569091797
2020-07-30,93.30686950683594,99.16600036621094,194.66871643066406
2020-07-31,103.07506561279297,95.38400268554688,195.72840881347656
2020-08-03,105.67229461669922,99.0,206.73643493652344
2020-08-04,106.37797546386719,99.13333129882812,203.63357543945312
2020-08-05,106.7635726928711,99.00133514404297,203.29945373535156
2020-08-06,110.48844909667969,99.30533599853516,206.55502319335938
2020-08-07,107.97643280029297,96.84733581542969,202.8602294921875
2020-08-10,109.54584503173828,94.57133483886719,198.8217315673828
2020-08-11,106.28797912597656,91.6259994506836,194.17221069335938
2020-08-12,109.82037353515625,103.65066528320312,199.7191925048828
2020-08-13,111.76393127441406,108.06666564941406,199.25140380859375
2020-08-14,111.66433715820312,110.04733276367188,199.44229125976562
2020-08-17,111.37277221679688,122.3759994506836,200.75987243652344
2020-08-18,112.30084228515625,125.80599975585938,201.91506958007812
2020-08-19,112.44174194335938,125.23533630371094,200.6900634765625
2020-08-20,114.93679809570312,133.45533752441406,205.36038208007812
2020-08-21,120.8597640991211,136.6653289794922,203.86744689941406
2020-08-24,122.3052749633789,134.27999877929688,204.50860595703125
2020-08-25,121.3019027709961,134.8893280029297,207.169189453125
2020-08-26,122.95148468017578,143.54466247558594,211.64808654785156
2020-08-27,121.48169708251953,149.25,216.84478759765625
2020-08-28,121.28490447998047,147.55999755859375,219.0746612548828
2020-08-31,125.39796447753906,166.10667419433594,215.83993530273438
2020-09-01,130.3928680419922,158.35000610351562,217.50514221191406
2020-09-02,127.69129943847656,149.1233367919922,221.6969451904297
2020-09-03,117.4682388305664,135.6666717529297,207.9635467529297
2020-09-04,117.54601287841797,139.44000244140625,205.04458618164062
2020-09-07,117.54601287841797,139.44000244140625,205.04458618164062
2020-09-08,109.6357421875,110.06999969482422,193.9525604248047
2020-09-09,114.00872039794922,122.09333038330078,202.21177673339844
2020-09-10,110.28682708740234,123.77999877929688,196.54608154296875
2020-09-11,108.83888244628906,124.23999786376953,195.26365661621094
2020-09-14,112.10403442382812,139.8733367919922,196.58441162109375
2020-09-15,112.27896118164062,149.9199981689453,199.8096160888672
2020-09-16,108.96520233154297,147.25332641601562,196.23985290527344
2020-09-17,107.22571563720703,141.14332580566406,194.19183349609375
2020-09-18,103.82452392578125,147.38333129882812,191.78001403808594
2020-09-21,106.97309112548828,149.79666137695312,193.8376922607422
2020-09-22,108.65424346923828,141.41000366210938,198.50804138183594
2020-09-23,104.09661865234375,126.78666687011719,191.97149658203125
2020-09-24,105.16558837890625,129.26333618164062,194.4597930908203
2020-09-25,109.11100006103516,135.77999877929688,198.89085388183594
2020-09-28,111.71534729003906,140.39999389648438,200.44122314453125
2020-09-29,110.86988830566406,139.69000244140625,198.35491943359375
2020-09-30,112.54135131835938,143.00332641601562,201.2930145263672
2020-10-01,113.49369049072266,149.3866729736328,203.33151245117188
2020-10-02,109.83009338378906,138.3633270263672,197.3308563232422
2020-10-05,113.21186828613281,141.89332580566406,201.3408660888672
2020-10-06,109.96614074707031,137.9933319091797,197.06288146972656
2020-10-07,111.83196258544922,141.76666259765625,200.81448364257812
2020-10-08,111.72504425048828,141.97332763671875,201.53228759765625
2020-10-09,113.66862487792969,144.6666717529297,206.53756713867188
2020-10-12,120.8888931274414,147.43333435058594,211.8874053955078
2020-10-13,117.68204498291016,148.88333129882812,213.28465270996094
2020-10-14,117.76950073242188,153.76666259765625,211.3705596923828
2020-10-15,117.30305480957031,149.6266632080078,210.22213745117188
2020-10-16,115.66075134277344,146.55667114257812,210.22213745117188
2020-10-19,112.70655059814453,143.61000061035156,205.01583862304688
2020-10-20,114.19336700439453,140.64666748046875,205.42739868164062
2020-10-21,113.57144165039062,140.8800048828125,205.5709686279297
2020-10-22,112.48303985595703,141.92999267578125,205.6570587158203
2020-10-23,111.7930679321289,140.2100067138672,206.93951416015625
2020-10-26,111.80281066894531,140.0933380126953,201.05374145507812
2020-10-27,113.3090591430664,141.55999755859375,204.08753967285156
2020-10-28,108.06146240234375,135.33999633789062,193.97166442871094
2020-10-29,112.06517791748047,136.94332885742188,195.92405700683594
2020-10-30,105.78751373291016,129.34666442871094,193.77072143554688
2020-11-02,105.70003509521484,133.50332641601562,193.63670349121094
2020-11-03,107.32291412353516,141.3000030517578,197.560546875
2020-11-04,111.70560455322266,140.32666015625,207.09266662597656
2020-11-05,115.67046356201172,146.02999877929688,213.6961669921875
2020-11-06,115.53907775878906,143.31666564941406,214.10769653320312
2020-11-09,113.23197174072266,140.4199981689453,209.00669860839844
2020-11-10,112.89126586914062,136.7866668701172,201.94378662109375
2020-11-11,116.31781005859375,139.0433349609375,207.2457733154297
2020-11-12,116.04524993896484,137.25332641601562,206.18344116210938
2020-11-13,116.09394073486328,136.1666717529297,207.20745849609375
2020-11-16,117.10629272460938,136.02999877929688,207.8965301513672
2020-11-17,116.22046661376953,147.20333862304688,205.24557495117188
2020-11-18,114.89657592773438,162.2133331298828,202.5396728515625
2020-11-19,115.49037170410156,166.42333984375,203.82542419433594
2020-11-20,114.22489166259766,163.20333862304688,201.87757873535156
2020-11-23,110.82755279541016,173.9499969482422,201.60891723632812
2020-11-24,112.11250305175781,185.1266632080078,205.20716857910156
2020-11-25,112.94967651367188,191.3333282470703,205.216796875
2020-11-26,112.94967651367188,191.3333282470703,205.216796875
2020-11-27,113.49481201171875,195.25332641601562,206.52175903320312
2020-11-30,115.8895034790039,189.1999969482422,205.40867614746094
2020-12-01,119.46208190917969,194.9199981689453,207.46209716796875
2020-12-02,119.81249237060547,189.60667419433594,206.65606689453125
2020-12-03,119.67625427246094,197.7933349609375,205.57179260253906
2020-12-04,119.00454711914062,199.67999267578125,205.6869354248047
2020-12-07,120.4647216796875,213.9199981689453,205.61976623535156
2020-12-08,121.0780029296875,216.6266632080078,207.2701873779297
2020-12-09,118.54702758789062,201.4933319091797,203.2305450439453
2020-12-10,119.96826934814453,209.02333068847656,202.00230407714844
2020-12-11,119.16031646728516,203.3300018310547,204.63145446777344
2020-12-14,118.54702758789062,213.27667236328125,205.53341674804688
2020-12-15,124.48507690429688,211.0833282470703,205.4662322998047
2020-12-16,124.41693115234375,207.58999633789062,210.40789794921875
2020-12-17,125.28330993652344,218.63333129882812,210.54225158691406
2020-12-18,123.29747009277344,231.6666717529297,209.7458038330078
2020-12-21,124.8257827758789,216.6199951171875,213.58395385742188
2020-12-22,128.37887573242188,213.44667053222656,214.8793487548828
2020-12-23,127.48333740234375,215.32666015625,212.0775146484375
2020-12-24,128.4665069580078,220.58999633789062,213.7375030517578
2020-12-25,128.4665069580078,220.58999633789062,213.7375030517578
2020-12-28,133.06118774414062,221.22999572753906,215.8580780029297
2020-12-29,131.28952026367188,221.99667358398438,215.08084106445312
2020-12-30,130.17007446289062,231.5933380126953,212.7107696533203
2020-12-31,129.1674041748047,235.22332763671875,213.4208221435547
2021-01-01,129.1674041748047,235.22332763671875,213.4208221435547
2021-01-04,125.97447204589844,243.2566680908203,208.88223266601562
2021-01-05,127.53201293945312,245.0366668701172,209.08370971679688
2021-01-06,123.2390365600586,251.9933319091797,203.66229248046875
2021-01-07,127.4443588256836,272.0133361816406,209.45794677734375
2021-01-08,128.5443572998047,293.3399963378906,210.73414611816406
2021-01-11,125.55587768554688,270.39666748046875,208.69032287597656
2021-01-12,125.38065338134766,283.14666748046875,206.23388671875
2021-01-13,127.4151611328125,284.8033447265625,207.58682250976562
2021-01-14,125.48770141601562,281.6666564941406,204.4011688232422
2021-01-15,123.76473999023438,275.38665771484375,204.04611206054688
2021-01-18,123.76473999023438,275.38665771484375,204.04611206054688
2021-01-19,124.4364013671875,281.51666259765625,207.68276977539062
2021-01-20,128.52490234375,283.48333740234375,215.2631378173828
2021-01-21,133.2364501953125,281.663330078125,215.86766052246094
2021-01-22,135.37803649902344,282.21331787109375,216.80799865722656
2021-01-25,139.12579345703125,293.6000061035156,220.24317932128906
2021-01-26,139.3594512939453,294.36334228515625,222.92990112304688
2021-01-27,138.28860473632812,288.0533447265625,223.476806640625
2021-01-28,133.4505615234375,278.4766540527344,229.26284790039062
2021-01-29,128.456787109375,264.510009765625,222.57484436035156
2021-02-01,130.57888793945312,279.9366760253906,229.95372009277344
2021-02-02,131.40635681152344,290.92999267578125,229.81936645507812
2021-02-03,130.38418579101562,284.89666748046875,233.1681671142578
2021-02-04,133.7425994873047,283.3299865722656,232.2181854248047
2021-02-05,133.32827758789062,284.07666015625,232.40049743652344
2021-02-08,133.47447204589844,287.8066711425781,232.65960693359375
2021-02-09,132.59707641601562,283.1533203125,233.90701293945312
2021-02-10,131.9926300048828,268.2733459472656,232.9954376220703
2021-02-11,131.73915100097656,270.5533447265625,234.59788513183594
2021-02-12,131.97314453125,272.0400085449219,235.07766723632812
2021-02-15,131.97314453125,272.0400085449219,235.07766723632812
2021-02-16,129.8478546142578,265.40667724609375,233.83984375
2021-02-17,127.55680847167969,266.04998779296875,234.85928344726562
2021-02-18,126.45516204833984,262.4599914550781,234.46493530273438
2021-02-19,126.61117553710938,260.4333190917969,231.75283813476562
2021-02-22,122.8382797241211,238.1666717529297,225.53993225097656
2021-02-23,122.70178985595703,232.94667053222656,224.34739685058594
2021-02-24,122.20459747314453,247.33999633789062,225.57839965820312
2021-02-25,117.9539794921875,227.4066619873047,220.2310791015625
2021-02-26,118.21720886230469,225.1666717529297,223.49142456054688
2021-03-01,124.5833740234375,239.47666931152344,227.87696838378906
2021-03-02,121.98037719726562,228.81333923339844,224.92440795898438
2021-03-03,118.99714660644531,217.73333740234375,218.85577392578125
2021-03-04,117.11555480957031,207.14666748046875,218.05751037597656
2021-03-05,118.37319946289062,199.31666564941406,222.74122619628906
2021-03-08,113.4401626586914,187.6666717529297,218.69227600097656
2021-03-09,118.0514907836914,224.52667236328125,224.83782958984375
2021-03-10,116.96935272216797,222.68666076660156,223.52984619140625
2021-03-11,118.89965057373047,233.1999969482422,228.05970764160156
2021-03-12,117.99298858642578,231.2433319091797,226.73251342773438
2021-03-15,120.87870025634766,235.97999572753906,225.82843017578125
2021-03-16,122.41905212402344,225.6266632080078,228.61753845214844
2021-03-17,121.62939453125,233.93666076660156,227.97311401367188
2021-03-18,117.50553131103516,217.72000122070312,221.89492797851562
2021-03-19,116.97909545898438,218.2899932861328,221.53904724121094
2021-03-22,120.29376220703125,223.3333282470703,226.9633331298828
2021-03-23,119.46510314941406,220.72000122070312,228.4925079345703
2021-03-24,117.0765609741211,210.08999633789062,226.45359802246094
2021-03-25,117.56401824951172,213.4633331298828,223.4529571533203
2021-03-26,118.16845703125,206.23666381835938,227.4345245361328
2021-03-29,118.34395599365234,203.76333618164062,226.2419891357422
2021-03-30,116.8913345336914,211.8733367919922,222.98167419433594
2021-03-31,119.08486938476562,222.64332580566406,226.75172424316406
2021-04-01,119.91354370117188,220.5833282470703,233.08006286621094
2021-04-02,119.91354370117188,220.5833282470703,233.08006286621094
2021-04-05,122.74078369140625,230.35000610351562,239.54306030273438
2021-04-06,123.04300689697266,230.5399932861328,238.37925720214844
2021-04-07,124.69059753417969,223.6566619873047,240.34129333496094
2021-04-08,127.08885955810547,227.93333435058594,243.5631103515625
2021-04-09,129.66262817382812,225.67333984375,246.0636749267578
2021-04-12,127.9468002319336,233.9933319091797,246.12139892578125
2021-04-13,131.05673217773438,254.10667419433594,248.60267639160156
2021-04-14,128.7169647216797,244.07666015625,245.81361389160156
2021-04-15,131.12496948242188,246.28334045410156,249.5740203857422
2021-04-16,130.7935028076172,246.5933380126953,250.76657104492188
2021-04-19,131.45648193359375,238.2100067138672,248.84312438964844
2021-04-20,129.76988220214844,239.663330078125,248.38150024414062
2021-04-21,130.1500701904297,248.0399932861328,250.61270141601562
2021-04-22,128.62925720214844,239.89666748046875,247.33316040039062
2021-04-23,130.9495391845703,243.13333129882812,251.16098022460938
2021-04-26,131.33946228027344,246.06666564941406,251.54563903808594
2021-04-27,131.01773071289062,234.913330078125,251.9495849609375
2021-04-28,130.22802734375,231.46665954589844,244.82302856445312
2021-04-29,130.13059997558594,225.6666717529297,242.85145568847656
2021-04-30,128.1612548828125,236.47999572753906,242.53404235839844
2021-05-03,129.21414184570312,228.3000030517578,242.226318359375
2021-05-04,124.64183044433594,224.53334045410156,238.3119659423828
2021-05-05,124.88558197021484,223.64666748046875,237.04246520996094
2021-05-06,126.4843978881836,221.17999267578125,240.1777801513672
2021-05-07,127.15825653076172,224.1233367919922,242.8033447265625
2021-05-10,123.87700653076172,209.67999267578125,237.72531127929688
2021-05-11,122.95905303955078,205.73333740234375,236.81161499023438
2021-05-12,119.89262390136719,196.6300048828125,229.85818481445312
2021-05-13,122.04104614257812,190.56333923339844,233.7340545654297
2021-05-14,124.46292877197266,196.5800018310547,238.658203125
2021-05-17,123.31059265136719,192.27667236328125,235.80177307128906
2021-05-18,121.92386627197266,192.6233367919922,233.7821502685547
2021-05-19,121.76762390136719,187.82000732421875,234.36053466796875
2021-05-20,124.32621002197266,195.5933380126953,237.5994415283203
2021-05-21,122.49028015136719,193.6266632080078,236.33665466308594
2021-05-24,124.12115478515625,202.14666748046875,241.74456787109375
2021-05-25,123.92584228515625,201.56333923339844,242.65066528320312
2021-05-26,123.87700653076172,206.3766632080078,242.42893981933594
2021-05-27,122.34381103515625,210.28334045410156,240.32748413085938
2021-05-28,121.68950653076172,208.4066619873047,240.68414306640625
2021-05-31,121.68950653076172,208.4066619873047,240.68414306640625
2021-06-01,121.36723327636719,207.96665954589844,238.48631286621094
2021-06-02,122.12895202636719,201.7066650390625,238.3899383544922
2021-06-03,120.64458465576172,190.94667053222656,236.857177734375
2021-06-04,122.93950653076172,199.68333435058594,241.75416564941406
2021-06-07,122.94927215576172,201.7100067138672,244.66534423828125
2021-06-08,123.76958465576172,201.19667053222656,243.47006225585938
2021-06-09,124.15045166015625,199.5933380126953,244.45330810546875
2021-06-10,123.15435028076172,203.3733367919922,247.97178649902344
2021-06-11,124.36527252197266,203.29666137695312,248.598388671875
2021-06-14,127.42193603515625,205.89666748046875,250.5263214111328
2021-06-15,126.60161590576172,199.7866668701172,249.05140686035156
2021-06-16,127.09964752197266,201.6233367919922,248.1067657470703
2021-06-17,128.70120239257812,205.53334045410156,251.49990844726562
2021-06-18,127.40240478515625,207.77000427246094,250.08291625976562
2021-06-21,129.19927978515625,206.94332885742188,253.1676025390625
2021-06-22,130.83990478515625,207.90333557128906,255.94381713867188
2021-06-23,130.56646728515625,218.85667419433594,255.71250915527344
2021-06-24,130.2832794189453,226.60667419433594,257.0812683105469
2021-06-25,129.99029541015625,223.9566650390625,255.47146606445312
2021-06-28,131.62115478515625,229.57333374023438,259.0381774902344
2021-06-29,133.1348114013672,226.9199981689453,261.62158203125
2021-06-30,133.7500762939453,226.56666564941406,261.1396484375
2021-07-01,134.05279541015625,225.97332763671875,261.8143615722656
2021-07-02,136.6797637939453,226.3000030517578,267.6463928222656
2021-07-05,136.6797637939453,226.3000030517578,267.6463928222656
2021-07-06,138.69146728515625,219.86000061035156,267.6561279296875
2021-07-07,141.18170166015625,214.88333129882812,269.84423828125
2021-07-08,139.8828582763672,217.60333251953125,267.4247741699219
2021-07-09,141.7090301513672,218.98333740234375,267.92596435546875
2021-07-12,141.1133270263672,228.56666564941406,267.32830810546875
2021-07-13,142.22662353515625,222.84666442871094,270.8564147949219
2021-07-14,145.65432739257812,217.7933349609375,272.3313293457031
2021-07-15,145.00003051757812,216.86666870117188,270.9046630859375
2021-07-16,142.9590606689453,214.74000549316406,270.6346740722656
2021-07-19,139.1113739013672,215.4066619873047,267.0295104980469
2021-07-20,142.7246856689453,220.1666717529297,269.2562255859375
2021-07-21,141.9922332763672,218.42999267578125,271.26129150390625
2021-07-22,143.35943603515625,216.4199981689453,275.8305358886719
2021-07-23,145.0781707763672,214.4600067138672,279.23333740234375
2021-07-26,145.4981231689453,219.2066650390625,278.63568115234375
2021-07-27,143.33016967773438,214.92666625976562,276.2160949707031
2021-07-28,141.58209228515625,215.66000366210938,275.90765380859375
2021-07-29,142.22662353515625,225.78334045410156,276.1776123046875
2021-07-30,142.44146728515625,229.06666564941406,274.64483642578125
2021-08-02,142.1094512939453,236.55667114257812,274.5581359863281
2021-08-03,143.90631103515625,236.5800018310547,276.7751770019531
2021-08-04,143.5059356689453,236.97332763671875,276.1871643066406
2021-08-05,143.61334228515625,238.2100067138672,279.0887451171875
2021-08-06,142.92874145507812,233.03334045410156,279.0308837890625
2021-08-09,142.87979125976562,237.9199981689453,277.9415588378906
2021-08-10,142.4005889892578,236.663330078125,276.11968994140625
2021-08-11,142.6549072265625,235.94000244140625,276.6113586425781
2021-08-12,145.6182861328125,240.75,279.3682861328125
2021-08-13,145.82369995117188,239.05667114257812,282.29876708984375
2021-08-16,147.7992706298828,228.72332763671875,283.9857177734375
2021-08-17,146.8897247314453,221.90333557128906,282.5205078125
2021-08-18,143.14389038085938,229.663330078125,280.79168701171875
2021-08-19,143.47637939453125,224.49000549316406,286.6251220703125
2021-08-20,144.93368530273438,226.75332641601562,293.95574951171875
2021-08-23,146.4202880859375,235.43333435058594,294.2358093261719
2021-08-24,146.33224487304688,236.163330078125,292.2751770019531
2021-08-25,145.09996032714844,237.06666564941406,291.6860656738281
2021-08-26,144.2979736328125,233.72000122070312,288.86590576171875
2021-08-27,145.3346710205078,237.30667114257812,289.474365234375
2021-08-30,149.75534057617188,243.6366729736328,293.2120666503906
2021-08-31,148.49368286132812,245.24000549316406,291.5605163574219
2021-09-01,149.1587371826172,244.69667053222656,291.5122375488281
2021-09-02,150.27369689941406,244.1300048828125,290.8554382324219
2021-09-03,150.90940856933594,244.52333068847656,290.8457946777344
2021-09-06,150.90940856933594,244.52333068847656,290.8457946777344
2021-09-07,153.24691772460938,250.97332763671875,289.918701171875
2021-09-08,151.70159912109375,251.2899932861328,289.9476318359375
2021-09-09,150.68446350097656,251.6199951171875,287.0888366699219
2021-09-10,145.69651794433594,245.42333984375,285.6014404296875
2021-09-13,146.26377868652344,247.6666717529297,286.8376159667969
2021-09-14,144.865234375,248.163330078125,289.5419921875
2021-09-15,145.7552032470703,251.94332885742188,294.39990234375
2021-09-16,145.5205078125,252.3300018310547,294.7864074707031
2021-09-17,142.8505096435547,253.163330078125,289.61920166015625
2021-09-20,139.79905700683594,243.38999938964844,284.2396240234375
2021-09-21,140.2782440185547,246.4600067138672,284.72247314453125
2021-09-22,142.64511108398438,250.64666748046875,288.3733215332031
2021-09-23,143.60357666015625,251.2133331298828,289.3199157714844
2021-09-24,143.6916046142578,258.1300048828125,289.11700439453125
2021-09-27,142.17564392089844,263.78668212890625,284.1141357421875
2021-09-28,138.7916717529297,259.1866760253906,273.82818603515625
2021-09-29,139.69146728515625,260.4366760253906,274.291748046875
2021-09-30,138.3907012939453,258.49334716796875,272.2828063964844
2021-10-01,139.51541137695312,258.40667724609375,279.2173767089844
2021-10-04,136.08255004882812,260.510009765625,273.4321594238281
2021-10-05,138.00924682617188,260.1966552734375,278.8890380859375
2021-10-06,138.87969970703125,260.9166564941406,283.09033203125
2021-10-07,140.141357421875,264.53668212890625,284.77081298828125
2021-10-08,139.75990295410156,261.8299865722656,284.77081298828125
2021-10-11,139.67193603515625,263.9800109863281,284.17205810546875
2021-10-12,138.4004364013672,268.5733337402344,282.8682556152344
2021-10-13,137.8136444091797,270.3599853515625,286.1809387207031
2021-10-14,140.60098266601562,272.7733459472656,292.4007263183594
2021-10-15,141.65728759765625,281.010009765625,293.8108215332031
2021-10-18,143.32974243164062,290.03668212890625,296.7856140136719
2021-10-19,145.4911651611328,288.0899963378906,297.6935119628906
2021-10-20,145.9801483154297,288.6000061035156,296.9014892578125
2021-10-21,146.1953125,298.0,300.1369934082031
2021-10-22,145.42271423339844,303.2266540527344,298.5916748046875
2021-10-25,145.37379455566406,341.6199951171875,297.59686279296875
2021-10-26,146.0388641357422,339.4766540527344,299.5091247558594
2021-10-27,145.57919311523438,345.9533386230469,312.1227722167969
2021-10-28,149.2174530029297,359.0133361816406,313.2623596191406
2021-10-29,146.50831604003906,371.3333435058594,320.2838439941406
2021-11-01,145.68673706054688,402.86334228515625,318.11083984375
2021-11-02,146.72344970703125,390.6666564941406,321.74224853515625
2021-11-03,148.1611785888672,404.6199951171875,322.5824890136719
2021-11-04,147.642822265625,409.9700012207031,324.9390869140625
2021-11-05,148.17173767089844,407.36334228515625,324.57208251953125
2021-11-08,147.34898376464844,387.64666748046875,325.47027587890625
2021-11-09,147.7113800048828,341.1666564941406,324.4659118652344
2021-11-10,144.88075256347656,355.98333740234375,319.4918518066406
2021-11-11,144.831787109375,354.5033264160156,321.066162109375
2021-11-12,146.90823364257812,344.47332763671875,325.2095947265625
2021-11-15,146.9180145263672,337.7966613769531,324.581787109375
2021-11-16,147.89747619628906,351.57666015625,327.9042053222656
2021-11-17,150.33631896972656,363.0033264160156,328.12677001953125
2021-11-18,154.62628173828125,365.4599914550781,330.20703125
2021-11-19,157.25125122070312,379.0199890136719,331.9873046875
2021-11-22,157.7115936279297,385.6233215332031,328.8136901855469
2021-11-23,158.0935821533203,369.6766662597656,326.73345947265625
2021-11-24,158.61268615722656,372.0,326.9559020996094
2021-11-25,158.61268615722656,372.0,326.9559020996094
2021-11-26,153.588134765625,360.6400146484375,318.9927673339844
2021-11-29,156.94761657714844,378.9966735839844,325.7174377441406
2021-11-30,161.9036102294922,381.586669921875,319.8732604980469
2021-12-01,161.38455200195312,365.0,319.3797912597656
2021-12-02,160.39527893066406,361.5333251953125,318.8088684082031
2021-12-03,158.51475524902344,338.3233337402344,312.5389099121094
2021-12-06,161.9232940673828,336.336669921875,315.6158752441406
2021-12-07,167.66282653808594,350.5833435058594,324.0628356933594
2021-12-08,171.48272705078125,356.32000732421875,324.1112060546875
2021-12-09,170.97337341308594,334.6000061035156,322.30181884765625
2021-12-10,175.76295471191406,339.010009765625,331.4358825683594
2021-12-13,172.129150390625,322.13665771484375,328.3976745605469
2021-12-14,170.74810791015625,319.5033264160156,317.6961669921875
2021-12-15,175.61598205566406,325.3299865722656,323.8016052246094
2021-12-16,168.7206573486328,308.97332763671875,314.36767578125
2021-12-17,167.6236572265625,310.8566589355469,313.3033752441406
2021-12-20,166.26222229003906,299.9800109863281,309.53948974609375
2021-12-21,169.43563842773438,312.84332275390625,316.6802978515625
2021-12-22,172.0311737060547,336.2900085449219,322.39862060546875
2021-12-23,172.6580352783203,355.6666564941406,323.84039306640625
2021-12-24,172.6580352783203,355.6666564941406,323.84039306640625
2021-12-27,176.62484741210938,364.64666748046875,331.3487854003906
2021-12-28,175.606201171875,362.8233337402344,330.1877136230469
2021-12-29,175.6944122314453,362.0633239746094,330.864990234375
2021-12-30,174.53863525390625,356.7799987792969,328.32025146484375
2021-12-31,173.9215545654297,352.260009765625,325.41754150390625
2022-01-03,178.2703094482422,399.9266662597656,323.8984069824219
2022-01-04,176.00778198242188,383.1966552734375,318.34454345703125
2022-01-05,171.3260040283203,362.7066650390625,306.1239318847656
2022-01-06,168.4659881591797,354.8999938964844,303.7048645019531
2022-01-07,168.63250732421875,342.32000732421875,303.85968017578125
2022-01-10,168.65211486816406,352.7066650390625,304.0823059082031
2022-01-11,171.48272705078125,354.79998779296875,304.7693176269531
2022-01-12,171.92343139648438,368.739990234375,307.95263671875
2022-01-13,168.65211486816406,343.85333251953125,294.919189453125
2022-01-14,169.51400756835938,349.8699951171875,300.1441955566406
2022-01-17,169.51400756835938,349.8699951171875,300.1441955566406
2022-01-18,166.31117248535156,343.5033264160156,292.83892822265625
2022-01-19,162.8145294189453,331.8833312988281,293.4968566894531
2022-01-20,161.12989807128906,332.0899963378906,291.8230285644531
2022-01-21,159.07301330566406,314.6333312988281,286.4335632324219
2022-01-24,158.29925537109375,310.0,286.7625732421875
2022-01-25,156.49708557128906,306.1333312988281,279.1379699707031
2022-01-26,156.408935546875,312.4700012207031,287.09149169921875
2022-01-27,155.9486083984375,276.3666687011719,290.12005615234375
2022-01-28,166.83030700683594,282.1166687011719,298.2671203613281
2022-01-31,171.18887329101562,312.239990234375,300.8988952636719
2022-02-01,171.02236938476562,310.4166564941406,298.7509765625
2022-02-02,172.22706604003906,301.88665771484375,303.29852294921875
2022-02-03,169.34747314453125,297.0466613769531,291.484375
2022-02-04,169.06309509277344,307.7733459472656,296.0223388671875
2022-02-07,168.34719848632812,302.4466552734375,291.19403076171875
2022-02-08,171.45602416992188,307.3333435058594,294.68707275390625
2022-02-09,172.87802124023438,310.6666564941406,301.12139892578125
2022-02-10,168.79830932617188,301.51666259765625,292.5777282714844
2022-02-11,165.3854522705078,286.6666564941406,285.4757385253906
2022-02-14,165.62081909179688,291.9200134277344,285.43695068359375
2022-02-15,169.4553985595703,307.4766540527344,290.7296447753906
2022-02-16,169.22006225585938,307.7966613769531,290.39031982421875
2022-02-17,165.62081909179688,292.1166687011719,281.88702392578125
2022-02-18,164.0713348388672,285.6600036621094,279.1722412109375
2022-02-21,164.0713348388672,285.6600036621094,279.1722412109375
2022-02-22,161.1488494873047,273.84332275390625,278.9686279296875
2022-02-23,156.98086547851562,254.67999267578125,271.74517822265625
2022-02-24,159.5993194580078,266.92333984375,285.6296081542969
2022-02-25,161.66860961914062,269.9566650390625,288.2668762207031
2022-02-28,161.93341064453125,290.1433410644531,289.7018737792969
2022-03-01,160.05044555664062,288.1233215332031,285.97869873046875
2022-03-02,163.3456268310547,293.2966613769531,291.0592956542969
2022-03-03,163.02198791503906,279.7633361816406,286.9191589355469
2022-03-04,160.02102661132812,279.42999267578125,281.0434875488281
2022-03-07,156.22573852539062,268.1933288574219,270.42657470703125
2022-03-08,154.40159606933594,274.79998779296875,267.4596252441406
2022-03-09,159.8052520751953,286.3233337402344,279.7248840332031
2022-03-10,155.46078491210938,279.4333190917969,276.9034118652344
2022-03-11,151.74391174316406,265.1166687011719,271.5512390136719
2022-03-14,147.7132110595703,255.4566650390625,268.03167724609375
2022-03-15,152.09695434570312,267.2966613769531,278.4159240722656
2022-03-16,156.5101318359375,280.07666015625,285.43572998046875
2022-03-17,157.52024841308594,290.5333251953125,286.2405090332031
2022-03-18,160.81536865234375,301.7966613769531,291.2919616699219
2022-03-21,162.18838500976562,307.0533447265625,290.0606384277344
2022-03-22,165.56198120117188,331.32666015625,294.8115539550781
2022-03-23,166.92518615722656,333.03668212890625,290.380615234375
2022-03-24,170.71067810058594,337.97332763671875,294.850341796875
2022-03-25,171.34814453125,336.8800048828125,294.443115234375
2022-03-28,172.211181640625,363.9466552734375,301.2496643066406
2022-03-29,175.50631713867188,366.5233459472656,305.81634521484375
2022-03-30,174.33926391601562,364.663330078125,304.3135070800781
2022-03-31,171.24026489257812,359.20001220703125,298.93231201171875
2022-04-01,170.94606018066406,361.5299987792969,300.0085144042969
2022-04-04,174.99632263183594,381.8166809082031,305.38970947265625
2022-04-05,171.6815948486328,363.7533264160156,301.4241638183594
2022-04-06,168.51390075683594,348.586669921875,290.39031982421875
2022-04-07,168.81793212890625,352.4200134277344,292.2033386230469
2022-04-08,166.8074951171875,341.8299865722656,287.937255859375
2022-04-11,162.55123901367188,325.30999755859375,276.58349609375
2022-04-12,164.42437744140625,328.98333740234375,273.480712890625
2022-04-13,167.1114959716797,340.7900085449219,278.87158203125
2022-04-14,162.10012817382812,328.3333435058594,271.3185729980469
2022-04-15,162.10012817382812,328.3333435058594,271.3185729980469
2022-04-18,161.8843536376953,334.7633361816406,271.9875183105469
2022-04-19,164.1693878173828,342.7166748046875,276.6221618652344
2022-04-20,164.00267028808594,325.73333740234375,277.64996337890625
2022-04-21,163.2082977294922,336.260009765625,272.268798828125
2022-04-22,158.6676788330078,335.01666259765625,265.6950378417969
2022-04-25,159.73666381835938,332.67333984375,272.1814880371094
2022-04-26,153.77395629882812,292.1400146484375,262.00091552734375
2022-04-27,153.5484161376953,293.836669921875,274.6055603027344
2022-04-28,160.48199462890625,292.5033264160156,280.82049560546875
2022-04-29,154.6075439453125,290.2533264160156,269.078857421875
2022-05-02,154.91160583496094,300.9800109863281,275.8175048828125
2022-05-03,156.40220642089844,303.0833435058594,273.2092590332031
2022-05-04,162.8160400390625,317.5400085449219,281.159912109375
2022-05-05,153.7445526123047,291.09332275390625,268.9140319824219
2022-05-06,154.47132873535156,288.54998779296875,266.37371826171875
2022-05-09,149.34454345703125,262.3699951171875,256.5324401855469
2022-05-10,151.75076293945312,266.67999267578125,261.3028259277344
2022-05-11,143.8838348388672,244.6666717529297,252.6250457763672
2022-05-12,140.01417541503906,242.6666717529297,247.58316040039062
2022-05-13,144.48292541503906,256.5299987792969,253.17767333984375
2022-05-16,142.94097900390625,241.4566650390625,253.54612731933594
2022-05-17,146.5749053955078,253.8699951171875,258.7043151855469
2022-05-18,138.30528259277344,236.60333251953125,246.9256134033203
2022-05-19,134.8972625732422,236.47332763671875,246.0120391845703
2022-05-20,135.13294982910156,221.3000030517578,245.44837951660156
2022-05-23,140.55438232421875,224.96665954589844,253.31057739257812
2022-05-24,137.85348510742188,209.3866729736328,252.3095245361328
2022-05-25,138.0106201171875,219.60000610351562,255.12794494628906
2022-05-26,141.21241760253906,235.91000366210938,258.4127197265625
2022-05-27,146.96775817871094,253.2100067138672,265.5460510253906
2022-05-30,146.96775817871094,253.2100067138672,265.5460510253906
2022-05-31,146.18202209472656,252.75332641601562,264.21466064453125
2022-06-01,146.0543670654297,246.7899932861328,264.74920654296875
2022-06-02,148.50973510742188,258.3333435058594,266.84832763671875
2022-06-03,142.78384399414062,234.51666259765625,262.41668701171875
2022-06-06,143.53024291992188,238.27999877929688,261.1824951171875
2022-06-07,146.0543670654297,238.8866729736328,264.8268737792969
2022-06-08,145.31776428222656,241.86666870117188,262.7957458496094
2022-06-09,140.0927734375,239.7066650390625,257.3340148925781
2022-06-10,134.68116760253906,232.22999572753906,245.8662872314453
2022-06-13,129.52490234375,215.73666381835938,235.4384002685547
2022-06-14,130.38917541503906,220.88999938964844,237.60562133789062
2022-06-15,133.01150512695312,233.0,244.67091369628906
2022-06-16,127.73744201660156,213.10000610351562,238.0720672607422
2022-06-17,129.2106475830078,216.75999450683594,240.6766357421875
2022-06-20,129.2106475830078,216.75999450683594,240.6766357421875
2022-06-21,133.44366455078125,237.0366668701172,246.59515380859375
2022-06-22,132.9329376220703,236.086669921875,246.0023193359375
2022-06-23,135.80079650878906,235.07000732421875,251.57098388671875
2022-06-24,139.13027954101562,245.7066650390625,260.162109375
2022-06-27,139.13027954101562,244.9199981689453,257.43115234375
2022-06-28,134.98562622070312,232.663330078125,249.25802612304688
2022-06-29,136.74365234375,228.49000549316406,252.93154907226562
2022-06-30,134.27850341796875,224.47332763671875,249.59814453125
2022-07-01,136.44903564453125,227.26333618164062,252.2707061767578
2022-07-04,136.44903564453125,227.26333618164062,252.2707061767578
2022-07-05,139.0320587158203,233.06666564941406,255.44862365722656
2022-07-06,140.3677520751953,231.73333740234375,258.7140197753906
2022-07-07,143.73651123046875,244.5433349609375,260.84234619140625
2022-07-08,144.41416931152344,250.76333618164062,260.12322998046875
2022-07-11,142.28292846679688,234.3433380126953,257.0618591308594
2022-07-12,143.25526428222656,233.07000732421875,246.5271453857422
2022-07-13,142.89186096191406,237.0399932861328,245.60391235351562
2022-07-14,145.81866455078125,238.31333923339844,246.9256134033203
2022-07-15,147.4883270263672,240.06666564941406,249.49122619628906
2022-07-18,144.44371032714844,240.54666137695312,247.09080505371094
2022-07-19,148.30345153808594,245.52999877929688,252.2221221923828
2022-07-20,150.3070526123047,247.5,254.88502502441406
2022-07-21,152.57582092285156,271.7066650390625,257.382568359375
2022-07-22,151.33828735351562,272.24334716796875,253.0287322998047
2022-07-25,150.21864318847656,268.4333190917969,251.5418243408203
2022-07-26,148.8927764892578,258.8599853515625,244.80694580078125
2022-07-27,153.99005126953125,274.82000732421875,261.17279052734375
2022-07-28,154.5401153564453,280.8999938964844,268.6268310546875
2022-07-29,159.6079559326172,297.1499938964844,272.8348388671875
2022-08-01,158.6257781982422,297.27667236328125,270.1817626953125
2022-08-02,157.152587890625,300.586669921875,267.0815734863281
2022-08-03,163.16326904296875,307.39666748046875,274.51611328125
2022-08-04,162.8489990234375,308.6333312988281,275.6629333496094
2022-08-05,162.622802734375,288.1700134277344,274.9438171386719
2022-08-08,162.1507110595703,290.42333984375,272.4267578125
2022-08-09,162.1999053955078,283.3333435058594,274.3509521484375
2022-08-10,166.44863891601562,294.3566589355469,281.0177917480469
2022-08-11,165.71099853515625,286.6300048828125,278.9380187988281
2022-08-12,169.26145935058594,300.0299987792969,283.69036865234375
2022-08-15,170.33349609375,309.32000732421875,285.2065124511719
2022-08-16,170.17613220214844,306.5633239746094,284.4678649902344
2022-08-17,171.6710662841797,303.9966735839844,283.7179260253906
2022-08-18,171.27764892578125,302.8699951171875,282.5979309082031
2022-08-19,168.69100952148438,296.6666564941406,278.682861328125
2022-08-22,164.80618286132812,289.913330078125,270.50201416015625
2022-08-23,164.4718017578125,296.4533386230469,269.2262268066406
2022-08-24,164.76686096191406,297.0966796875,268.5932312011719
2022-08-25,167.22561645507812,296.07000732421875,271.5733337402344
2022-08-26,160.92132568359375,288.0899963378906,261.0941162109375
2022-08-29,158.71826171875,284.82000732421875,258.30877685546875
2022-08-30,156.28900146484375,277.70001220703125,256.107666015625
2022-08-31,154.6268768310547,275.6099853515625,254.64688110351562
2022-09-01,155.35467529296875,277.1600036621094,253.6047821044922
2022-09-02,153.24014282226562,270.2099914550781,249.37803649902344
2022-09-05,153.24014282226562,270.2099914550781,249.37803649902344
2022-09-06,151.98123168945312,274.4200134277344,246.64137268066406
2022-09-07,153.3876953125,283.70001220703125,251.35507202148438
2022-09-08,151.9123992919922,289.260009765625,251.77386474609375
2022-09-09,154.7744140625,299.67999267578125,257.558837890625
2022-09-12,160.7344970703125,304.4200134277344,259.6916198730469
2022-09-13,151.3026123046875,292.1300048828125,245.4142608642578
2022-09-14,152.74838256835938,302.6099853515625,245.6382293701172
2022-09-15,149.85690307617188,303.75,238.97674560546875
2022-09-16,148.2144012451172,303.3500061035156,238.35342407226562
2022-09-19,151.9320831298828,309.07000732421875,238.13917541503906
2022-09-20,154.31214904785156,308.7300109863281,236.12319946289062
2022-09-21,151.1846160888672,300.79998779296875,232.71449279785156
2022-09-22,150.2207794189453,288.5899963378906,234.69155883789062
2022-09-23,147.94888305664062,275.3299865722656,231.71139526367188
2022-09-26,148.28326416015625,276.010009765625,231.25367736816406
2022-09-27,149.25694274902344,282.94000244140625,230.24082946777344
2022-09-28,147.36859130859375,287.80999755859375,234.77923583984375
2022-09-29,140.1300048828125,268.2099914550781,231.3023681640625
2022-09-30,135.9206085205078,265.25,226.82240295410156
2022-10-03,140.10049438476562,242.39999389648438,234.45782470703125
2022-10-04,143.69032287597656,249.44000244140625,242.38540649414062
2022-10-05,143.98533630371094,240.80999755859375,242.69705200195312
2022-10-06,143.03134155273438,238.1300048828125,240.34994506835938
2022-10-07,137.77940368652344,223.07000732421875,228.12747192382812
2022-10-10,138.10397338867188,222.9600067138672,223.26763916015625
2022-10-11,136.68771362304688,216.5,219.5278778076172
2022-10-12,136.05828857421875,217.24000549316406,219.85899353027344
2022-10-13,140.631591796875,221.72000122070312,228.12747192382812
2022-10-14,136.09764099121094,204.99000549316406,222.59564208984375
2022-10-17,140.0611572265625,219.35000610351562,231.3315887451172
2022-10-18,141.37904357910156,220.19000244140625,232.27627563476562
2022-10-19,141.4872283935547,222.0399932861328,230.3089599609375
2022-10-20,141.0249786376953,207.27999877929688,229.9875946044922
2022-10-21,144.8409881591797,214.44000244140625,235.8018035888672
2022-10-24,146.98501586914062,211.25,240.79794311523438
2022-10-25,149.827392578125,222.4199981689453,244.1189727783203
2022-10-26,146.8866729736328,224.63999938964844,225.28363037109375
2022-10-27,142.41175842285156,225.08999633789062,220.8328857421875
2022-10-28,153.17129516601562,228.52000427246094,229.71490478515625
2022-10-31,150.8108673095703,227.5399932861328,226.07254028320312
2022-11-01,148.1652374267578,227.82000732421875,222.21583557128906
2022-11-02,142.63790893554688,214.97999572753906,214.35643005371094
2022-11-03,136.5894012451172,215.30999755859375,208.6590576171875
2022-11-04,136.3234100341797,207.47000122070312,215.61273193359375
2022-11-07,136.8553466796875,197.0800018310547,221.92364501953125
2022-11-08,137.4267578125,191.3000030517578,222.89755249023438
2022-11-09,132.8655548095703,177.58999633789062,218.65133666992188
2022-11-10,144.6872100830078,190.72000122070312,236.6393280029297
2022-11-11,147.4751739501953,195.97000122070312,240.66160583496094
2022-11-14,146.07623291015625,190.9499969482422,235.24668884277344
2022-11-15,147.81011962890625,194.4199981689453,235.6556854248047
2022-11-16,146.57867431640625,186.9199981689453,236.08544921875
2022-11-17,148.47999572753906,183.1699981689453,236.03660583496094
2022-11-18,149.04151916503906,180.19000244140625,235.5873565673828
2022-11-21,145.81027221679688,167.8699951171875,236.3979949951172
2022-11-22,147.94801330566406,169.91000366210938,239.30838012695312
2022-11-23,148.82481384277344,183.1999969482422,241.798828125
2022-11-24,148.82481384277344,183.1999969482422,241.798828125
2022-11-25,145.90878295898438,182.86000061035156,241.7109375
2022-11-28,142.0765838623047,182.9199981689453,236.1147003173828
2022-11-29,139.07191467285156,180.8300018310547,234.7181396484375
2022-11-30,145.82998657226562,194.6999969482422,249.1823272705078
2022-12-01,146.10580444335938,194.6999969482422,248.74281311035156
2022-12-02,145.61326599121094,194.86000061035156,249.0651397705078
2022-12-05,144.45077514648438,182.4499969482422,244.35765075683594
2022-12-06,140.7860870361328,179.82000732421875,239.3962860107422
2022-12-07,138.84536743164062,174.0399932861328,238.66380310058594
2022-12-08,140.5299072265625,173.44000244140625,241.623046875
2022-12-09,140.0471954345703,179.0500030517578,239.68927001953125
2022-12-12,142.34259033203125,167.82000732421875,246.61370849609375
2022-12-13,143.30801391601562,160.9499969482422,250.92074584960938
2022-12-14,141.08160400390625,156.8000030517578,251.2137451171875
2022-12-15,134.47134399414062,157.6699981689453,243.19544982910156
2022-12-16,132.5109100341797,150.22999572753906,238.97634887695312
2022-12-19,130.40269470214844,149.8699951171875,234.8353271484375
2022-12-20,130.33377075195312,137.8000030517578,236.15382385253906
2022-12-21,133.43695068359375,137.57000732421875,238.72239685058594
2022-12-22,130.2647705078125,125.3499984741211,232.62811279296875
2022-12-23,129.90029907226562,123.1500015258789,233.15550231933594
2022-12-26,129.90029907226562,123.1500015258789,233.15550231933594
2022-12-27,128.0974884033203,109.0999984741211,231.4268341064453
2022-12-28,124.16679382324219,112.70999908447266,229.0535430908203
2022-12-29,127.68372344970703,121.81999969482422,235.3822479248047
2022-12-30,127.99894714355469,123.18000030517578,234.2200164794922
2023-01-02,127.99894714355469,123.18000030517578,234.2200164794922
2023-01-03,123.21118927001953,108.0999984741211,233.98562622070312
2023-01-04,124.4820327758789,113.63999938964844,223.7503662109375
2023-01-05,123.16195678710938,110.33999633789062,217.11892700195312
2023-01-06,127.69359588623047,113.05999755859375,219.677734375
2023-01-09,128.21568298339844,119.7699966430664,221.8166046142578
2023-01-10,128.787109375,118.8499984741211,223.50621032714844
2023-01-11,131.50607299804688,123.22000122070312,230.26463317871094
2023-01-12,131.42727661132812,123.55999755859375,232.9406280517578
2023-01-13,132.7572021484375,122.4000015258789,233.64381408691406
2023-01-16,132.7572021484375,122.4000015258789,233.64381408691406
2023-01-17,133.919677734375,131.49000549316406,234.73768615722656
2023-01-18,133.2005157470703,128.77999877929688,230.30364990234375
2023-01-19,133.2595977783203,127.16999816894531,226.5142822265625
2023-01-20,135.8209686279297,133.4199981689453,234.61070251464844
2023-01-23,139.01280212402344,143.75,236.9156036376953
2023-01-24,140.41172790527344,143.88999938964844,236.38821411132812
2023-01-25,139.75167846679688,144.42999267578125,234.99159240722656
2023-01-26,141.82044982910156,160.27000427246094,242.20901489257812
2023-01-27,143.76121520996094,177.89999389648438,242.3653106689453
2023-01-30,140.87472534179688,166.66000366210938,237.0425567626953
2023-01-31,142.1455535888672,173.22000122070312,242.02346801757812
2023-02-01,143.2686004638672,181.41000366210938,246.84812927246094
2023-02-02,148.57850646972656,188.27000427246094,258.4214172363281
2023-02-03,152.20382690429688,189.97999572753906,252.3173370361328
2023-02-06,149.4749755859375,194.75999450683594,250.7742462158203
2023-02-07,152.35157775878906,196.80999755859375,261.312255859375
2023-02-08,149.6621551513672,201.2899932861328,260.501708984375
2023-02-09,148.62777709960938,207.32000732421875,257.4643249511719
2023-02-10,148.9927978515625,196.88999938964844,256.9564208984375
2023-02-13,151.794921875,194.63999938964844,264.9845275878906
2023-02-14,151.15354919433594,209.25,265.814697265625
2023-02-15,153.255126953125,214.24000549316406,263.6900634765625
2023-02-16,151.6567840576172,202.0399932861328,256.669921875
2023-02-17,150.51229858398438,208.30999755859375,252.66539001464844
2023-02-20,150.51229858398438,208.30999755859375,252.66539001464844
2023-02-21,146.49659729003906,197.3699951171875,247.3880615234375
2023-02-22,146.9208526611328,200.86000061035156,246.2523193359375
2023-02-23,147.40432739257812,202.07000732421875,249.4441680908203
2023-02-24,144.75025939941406,196.8800048828125,244.0101776123047
2023-02-27,145.94410705566406,207.6300048828125,244.9305419921875
2023-02-28,145.44093322753906,205.7100067138672,244.20599365234375
2023-03-01,143.3689727783203,202.77000427246094,241.12185668945312
2023-03-02,143.96095275878906,190.89999389648438,245.8606719970703
2023-03-03,149.01255798339844,197.7899932861328,249.95330810546875
2023-03-06,151.775146484375,193.80999755859375,251.50025939941406
2023-03-07,149.574951171875,187.7100067138672,248.8371124267578
2023-03-08,150.82798767089844,182.0,248.3965301513672
2023-03-09,148.5784149169922,172.9199981689453,247.04539489746094
2023-03-10,146.51634216308594,173.44000244140625,243.39337158203125
2023-03-13,148.4600372314453,174.47999572753906,248.61192321777344
2023-03-14,150.5517120361328,183.25999450683594,255.33834838867188
2023-03-15,150.9463653564453,180.4499969482422,259.89117431640625
2023-03-16,153.76820373535156,184.1300048828125,270.4262390136719
2023-03-17,152.92950439453125,180.1300048828125,273.5886535644531
2023-03-20,155.29747009277344,183.25,266.5392150878906
2023-03-21,157.15234375,197.5800018310547,268.0567932128906
2023-03-22,155.7217254638672,191.14999389648438,266.59796142578125
2023-03-23,156.8070068359375,192.22000122070312,271.855712890625
2023-03-24,158.10939025878906,190.41000366210938,274.7048645019531
2023-03-27,156.1656951904297,191.80999755859375,270.6024169921875
2023-03-28,155.54409790039062,189.19000244140625,269.4764709472656
2023-03-29,158.62245178222656,193.8800048828125,274.6460876464844
2023-03-30,160.19122314453125,195.27999877929688,278.112060546875
2023-03-31,162.6973114013672,207.4600067138672,282.27325439453125
2023-04-03,163.9503173828125,194.77000427246094,281.22564697265625
2023-04-04,163.41754150390625,192.5800018310547,281.1766357421875
2023-04-05,161.57249450683594,185.52000427246094,278.39593505859375
2023-04-06,162.4604949951172,185.05999755859375,285.5042419433594
2023-04-07,162.4604949951172,185.05999755859375,285.5042419433594
2023-04-10,159.86563110351562,184.50999450683594,283.34051513671875
2023-04-11,158.65206909179688,186.7899932861328,276.9176025390625
2023-04-12,157.96141052246094,180.5399932861328,277.5638427734375
2023-04-13,163.34844970703125,185.89999389648438,283.7810363769531
2023-04-14,163.003173828125,185.0,280.15838623046875
2023-04-17,163.0228729248047,187.0399932861328,282.76275634765625
2023-04-18,164.24632263183594,184.30999755859375,282.3417663574219
2023-04-19,165.3908233642578,180.58999633789062,282.42010498046875
2023-04-20,164.4239044189453,162.99000549316406,280.12896728515625
2023-04-21,162.81568908691406,165.0800018310547,279.7864074707031
2023-04-24,163.12155151367188,162.5500030517578,275.8797302246094
2023-04-25,161.58241271972656,160.6699981689453,269.6624755859375
2023-04-26,161.57249450683594,153.75,289.1954650878906
2023-04-27,166.160400390625,160.19000244140625,298.45770263671875
2023-04-28,167.4134521484375,164.30999755859375,300.8368835449219
2023-05-01,167.3246307373047,161.8300018310547,299.1724548339844
2023-05-02,166.28863525390625,160.30999755859375,299.0255432128906
2023-05-03,165.2132110595703,160.61000061035156,298.0366516113281
2023-05-04,163.5753936767578,161.1999969482422,299.0255432128906
2023-05-05,171.2515106201172,170.05999755859375,304.156005859375
2023-05-08,171.18243408203125,171.7899932861328,302.19781494140625
2023-05-09,169.47552490234375,169.14999389648438,300.58233642578125
2023-05-10,171.24160766601562,168.5399932861328,305.78131103515625
2023-05-11,171.4290771484375,172.0800018310547,303.6272888183594
2023-05-12,170.50033569335938,167.97999572753906,302.5111389160156
2023-05-15,170.00633239746094,166.35000610351562,302.99090576171875
2023-05-16,170.00633239746094,166.52000427246094,305.2232971191406
2023-05-17,170.61891174316406,173.86000061035156,308.1080627441406
2023-05-18,172.95059204101562,176.88999938964844,312.5432434082031
2023-05-19,173.0592803955078,180.13999938964844,312.3666076660156
2023-05-22,172.11077880859375,188.8699951171875,315.1533508300781
2023-05-23,169.50245666503906,185.77000427246094,309.3444519042969
2023-05-24,169.77908325195312,182.89999389648438,307.96087646484375
2023-05-25,170.91531372070312,184.47000122070312,319.8044128417969
2023-05-26,173.32603454589844,193.1699981689453,326.6436462402344
2023-05-29,173.32603454589844,193.1699981689453,326.6436462402344
2023-05-30,175.17361450195312,201.16000366210938,324.99517822265625
2023-05-31,175.1242218017578,203.92999267578125,322.2280578613281
2023-06-01,177.9301300048828,207.52000427246094,326.3393859863281
2023-06-02,178.77984619140625,213.97000122070312,329.10650634765625
2023-06-05,177.42630004882812,217.61000061035156,329.6363830566406
2023-06-06,177.0607147216797,221.30999755859375,327.4188232421875
2023-06-07,175.6873779296875,224.57000732421875,317.31201171875
2023-06-08,178.4044189453125,234.86000061035156,319.1567687988281
2023-06-09,178.78970336914062,244.39999389648438,320.65814208984375
2023-06-12,181.58578491210938,249.8300018310547,325.6231384277344
2023-06-13,181.11151123046875,258.7099914550781,328.01739501953125
2023-06-14,181.74388122558594,256.7900085449219,331.0101318359375
2023-06-15,183.77914428710938,255.89999389648438,341.5682373046875
2023-06-16,182.7022247314453,260.5400085449219,335.9064025878906
2023-06-19,182.7022247314453,260.5400085449219,335.9064025878906
2023-06-20,182.79115295410156,274.45001220703125,331.7068176269531
2023-06-21,181.75375366210938,259.4599914550781,327.3010559082031
2023-06-22,184.7572784423828,264.6099853515625,333.33563232421875
2023-06-23,184.4411163330078,256.6000061035156,328.7336120605469
2023-06-26,183.0480194091797,241.0500030517578,322.43414306640625
2023-06-27,185.8045654296875,250.2100067138672,328.2920837402344
2023-06-28,186.9802703857422,256.239990234375,329.5481262207031
2023-06-29,187.3162078857422,257.5,328.7630615234375
2023-06-30,191.64370727539062,261.7699890136719,334.15008544921875
2023-07-03,190.15179443359375,279.82000732421875,331.64788818359375
2023-07-04,190.15179443359375,279.82000732421875,331.64788818359375
2023-07-05,189.03536987304688,282.4800109863281,331.80487060546875
2023-07-06,189.50961303710938,276.5400085449219,334.86639404296875
2023-07-07,188.3931427001953,274.42999267578125,330.8923645019531
2023-07-10,186.3479461669922,269.6099853515625,325.603515625
2023-07-11,185.82432556152344,269.7900085449219,326.2315673828125
2023-07-12,187.4940643310547,271.989990234375,330.8727111816406
2023-07-13,188.2548065185547,277.8999938964844,336.2303466796875
2023-07-14,188.40304565429688,281.3800048828125,338.76190185546875
2023-07-17,191.6634521484375,290.3800048828125,339.24267578125
2023-07-18,191.4065399169922,293.3399963378906,352.7445068359375
2023-07-19,192.7601318359375,291.260009765625,348.417236328125
2023-07-20,190.8137969970703,262.8999938964844,340.36126708984375
2023-07-21,189.6380157470703,260.0199890136719,337.3194580078125
2023-07-24,190.43833923339844,269.05999755859375,338.63427734375
2023-07-25,191.2978973388672,265.2799987792969,344.3941650390625
2023-07-26,192.16729736328125,264.3500061035156,331.4320373535156
2023-07-27,190.90267944335938,255.7100067138672,324.51434326171875
2023-07-28,193.4813690185547,266.44000244140625,332.02081298828125
2023-07-31,194.0939483642578,267.42999267578125,329.6167297363281
2023-08-01,193.26402282714844,261.07000732421875,330.02886962890625
2023-08-02,190.2703857421875,254.11000061035156,321.3547668457031
2023-08-03,188.8772735595703,259.32000732421875,320.53057861328125
2023-08-04,179.80735778808594,253.86000061035156,321.6295166015625
2023-08-07,176.70504760742188,251.4499969482422,323.915771484375
2023-08-08,177.64361572265625,249.6999969482422,319.9319763183594
2023-08-09,176.05294799804688,242.19000244140625,316.18365478515625
2023-08-10,175.8355712890625,245.33999633789062,316.87054443359375
2023-08-11,175.89492797851562,242.64999389648438,314.9865417480469
2023-08-14,177.5471649169922,239.75999450683594,317.9596862792969
2023-08-15,175.55856323242188,232.9600067138672,315.82061767578125
2023-08-16,174.68795776367188,225.60000610351562,315.0535583496094
2023-08-17,172.1453399658203,219.22000122070312,311.5924072265625
2023-08-18,172.630126953125,215.49000549316406,311.1990661621094
2023-08-21,173.96572875976562,231.27999877929688,316.5089111328125
2023-08-22,175.34091186523438,233.19000244140625,317.0791931152344
2023-08-23,179.18943786621094,236.86000061035156,321.54345703125
2023-08-24,174.5,230.0399932861328,314.6307678222656
2023-08-25,176.7062225341797,238.58999633789062,317.59051513671875
2023-08-28,178.26937866210938,238.82000732421875,318.2985534667969
2023-08-29,182.15745544433594,257.17999267578125,322.9299621582031
2023-08-30,185.6498565673828,256.8999938964844,323.3035888671875
2023-08-31,185.86749267578125,258.0799865722656,322.29083251953125
2023-09-01,187.44053649902344,245.00999450683594,323.1758117675781
2023-09-04,187.44053649902344,245.00999450683594,323.1758117675781
2023-09-05,187.677978515625,256.489990234375,327.9841613769531
2023-09-06,180.96034240722656,251.9199981689453,327.32537841796875
2023-09-07,175.6674041748047,251.49000549316406,324.4049377441406
2023-09-08,176.28074645996094,248.5,328.6921691894531
2023-09-11,177.4481964111328,273.5799865722656,332.3009338378906
2023-09-12,174.4208221435547,267.4800109863281,326.23382568359375
2023-09-13,172.3531036376953,271.29998779296875,330.4523010253906
2023-09-14,173.86680603027344,276.0400085449219,333.04827880859375
2023-09-15,173.1445770263672,274.3900146484375,324.7097473144531
2023-09-18,176.07301330566406,265.2799987792969,323.569091796875
2023-09-19,177.16128540039062,266.5,323.1659240722656
2023-09-20,173.6194610595703,262.5899963378906,315.4174499511719
2023-09-21,172.0760498046875,255.6999969482422,314.1981506347656
2023-09-22,172.9269256591797,244.8800048828125,311.7201843261719
2023-09-25,174.2031707763672,246.99000549316406,312.2413635253906
2023-09-26,170.1270751953125,244.1199951171875,306.9314880371094
2023-09-27,168.61338806152344,240.5,307.57061767578125
2023-09-28,168.87062072753906,246.3800048828125,308.4064636230469
2023-09-29,169.3850860595703,250.22000122070312,310.4811706542969
2023-10-02,171.8979949951172,251.60000610351562,316.4302673339844
2023-10-03,170.5623779296875,246.52999877929688,308.16064453125
2023-10-04,171.80894470214844,261.1600036621094,313.63763427734375
2023-10-05,173.04563903808594,260.04998779296875,314.03094482421875
2023-10-06,175.59814453125,260.5299987792969,321.79913330078125
2023-10-09,177.0821533203125,259.6700134277344,324.3164367675781
2023-10-10,176.48851013183594,263.6199951171875,322.9102783203125
2023-10-11,177.88352966308594,262.989990234375,326.87310791015625
2023-10-12,178.7838134765625,258.8699951171875,325.634033203125
2023-10-13,176.94363403320312,251.1199951171875,322.26129150390625
2023-10-16,176.8150177001953,253.9199981689453,327.0893859863281
2023-10-17,175.2617645263672,254.85000610351562,326.51904296875
2023-10-18,173.96572875976562,242.67999267578125,324.6015930175781
2023-10-19,173.5897979736328,220.11000061035156,325.7913818359375
2023-10-20,171.03726196289062,211.99000549316406,321.218994140625
2023-10-23,171.15599060058594,212.0800018310547,323.8247375488281
2023-10-24,171.59127807617188,216.52000427246094,325.0145568847656
2023-10-25,169.2762451171875,212.4199981689453,334.98541259765625
2023-10-26,165.11109924316406,205.75999450683594,322.418701171875
2023-10-27,166.42694091796875,207.3000030517578,324.30657958984375
2023-10-30,168.47486877441406,197.36000061035156,331.681396484375
2023-10-31,168.9497528076172,200.83999633789062,332.46807861328125
2023-11-01,172.11566162109375,205.66000366210938,340.2952880859375
2023-11-02,175.6772918701172,218.50999450683594,342.50775146484375
2023-11-03,174.76707458496094,219.9600067138672,346.9129638671875
2023-11-06,177.31959533691406,219.27000427246094,350.5807189941406
2023-11-07,179.88198852539062,222.17999267578125,354.5140380859375
2023-11-08,180.94056701660156,222.11000061035156,357.1394348144531
2023-11-09,180.46566772460938,209.97999572753906,354.6712951660156
2023-11-10,184.65611267089844,214.64999389648438,363.50146484375
2023-11-13,183.07110595703125,223.7100067138672,360.56134033203125
2023-11-14,185.68638610839844,237.41000366210938,364.0914001464844
2023-11-15,186.25103759765625,242.83999633789062,364.2392272949219
2023-11-16,187.93516540527344,233.58999633789062,370.643798828125
2023-11-17,187.9153289794922,234.3000030517578,364.4166259765625
2023-11-20,189.65887451171875,235.60000610351562,371.8951416015625
2023-11-21,188.85646057128906,241.1999969482422,367.58929443359375
2023-11-22,189.5201873779297,234.2100067138672,372.29913330078125
2023-11-23,189.5201873779297,234.2100067138672,372.29913330078125
2023-11-24,188.19273376464844,235.4499969482422,371.8852233886719
2023-11-27,188.01438903808594,236.0800018310547,373.0478820800781
2023-11-28,188.61868286132812,246.72000122070312,377.0778503417969
2023-11-29,187.5983123779297,244.13999938964844,373.2843933105469
2023-11-30,188.17288208007812,240.0800018310547,373.3435363769531
2023-12-01,189.4508514404297,238.8300018310547,369.0081787109375
2023-12-04,187.6577606201172,235.5800018310547,363.7170104980469
2023-12-05,191.61045837402344,238.72000122070312,367.04736328125
2023-12-06,190.52076721191406,239.3699951171875,363.38201904296875
2023-12-07,192.45249938964844,242.63999938964844,365.50048828125
2023-12-08,193.87899780273438,243.83999633789062,368.7322692871094
2023-12-11,191.3726806640625,239.74000549316406,365.84527587890625
2023-12-12,192.88836669921875,237.00999450683594,368.8800354003906
2023-12-13,196.1079559326172,239.2899932861328,368.8702087402344
2023-12-14,196.25656127929688,251.0500030517578,360.5541687011719
2023-12-15,195.72161865234375,253.5,365.28369140625
2023-12-18,194.05731201171875,252.0800018310547,367.1754455566406
2023-12-19,195.09750366210938,257.2200012207031,367.77655029296875
2023-12-20,193.00726318359375,247.13999938964844,365.17529296875
2023-12-21,192.858642578125,254.5,368.0523986816406
2023-12-22,191.7887725830078,252.5399932861328,369.0771179199219
2023-12-25,191.7887725830078,252.5399932861328,369.0771179199219
2023-12-26,191.24391174316406,256.6099853515625,369.1559753417969
2023-12-27,191.34295654296875,261.44000244140625,368.5746154785156
2023-12-28,191.76895141601562,253.17999267578125,369.7668151855469
2023-12-29,190.72877502441406,248.47999572753906,370.5156555175781
2024-01-01,190.72877502441406,248.47999572753906,370.5156555175781
2024-01-02,183.90322875976562,248.4199981689453,365.42156982421875
2024-01-03,182.5262451171875,238.4499969482422,365.1556091308594
2024-01-04,180.2081298828125,237.92999267578125,362.53466796875
2024-01-05,179.48495483398438,237.49000549316406,362.3474426269531
2024-01-08,183.82395935058594,240.4499969482422,369.18548583984375
2024-01-09,183.40789794921875,234.9600067138672,370.2693786621094
2024-01-10,184.4480743408203,233.94000244140625,377.1467590332031
2024-01-11,183.8536834716797,227.22000122070312,378.9794616699219
2024-01-12,184.18060302734375,218.88999938964844,382.7630615234375
2024-01-15,184.18060302734375,218.88999938964844,382.7630615234375
2024-01-16,181.91204833984375,219.91000366210938,384.53662109375
2024-01-17,180.970947265625,215.5500030517578,383.7483825683594
2024-01-18,186.86529541015625,211.8800048828125,388.083740234375
2024-01-19,189.76785278320312,212.19000244140625,392.8132019042969
2024-01-22,192.07601928710938,208.8000030517578,390.6849670410156
2024-01-23,193.35397338867188,209.13999938964844,393.0398254394531
2024-01-24,192.6803436279297,207.8300018310547,396.6460876464844
2024-01-25,192.35342407226562,182.6300048828125,398.922119140625
2024-01-26,190.6197967529297,183.25,397.99591064453125
2024-01-29,189.93626403808594,190.92999267578125,403.7008361816406
2024-01-30,186.28076171875,191.58999633789062,402.5874938964844
2024-01-31,182.67481994628906,187.2899932861328,391.7392272949219
2024-02-01,185.11180114746094,188.86000061035156,397.84814453125
2024-02-02,184.11129760742188,187.91000366210938,405.1788635253906
2024-02-05,185.9241485595703,181.05999755859375,399.6906433105469
2024-02-06,187.52899169921875,185.10000610351562,399.5330505371094
2024-02-07,187.63796997070312,187.5800018310547,407.9672546386719
2024-02-08,186.55816650390625,189.55999755859375,408.0263671875
2024-02-09,187.32192993164062,193.57000732421875,414.37176513671875
2024-02-12,185.63568115234375,188.1300048828125,409.159423828125
2024-02-13,183.54275512695312,184.02000427246094,400.350830078125
2024-02-14,182.65994262695312,188.7100067138672,404.22039794921875
2024-02-15,182.37229919433594,200.4499969482422,401.328125
2024-02-16,180.8348388671875,199.9499969482422,398.8602600097656
2024-02-19,180.8348388671875,199.9499969482422,398.8602600097656
2024-02-20,180.0908966064453,193.75999450683594,397.60662841796875
2024-02-21,180.8447723388672,194.77000427246094,397.00445556640625
2024-02-22,182.87815856933594,197.41000366210938,406.3525695800781
2024-02-23,181.0431365966797,191.97000122070312,405.0594482421875
2024-02-26,179.69415283203125,199.39999389648438,402.2954406738281
2024-02-27,181.15223693847656,199.72999572753906,402.2362365722656
2024-02-28,179.95204162597656,202.0399932861328,402.4731750488281
2024-02-29,179.2874755859375,201.8800048828125,408.3169860839844
2024-03-01,178.20628356933594,202.63999938964844,410.1530456542969
2024-03-04,173.6831817626953,188.13999938964844,409.58056640625
2024-03-05,168.74346923828125,180.74000549316406,397.4683532714844
2024-03-06,167.75155639648438,176.5399932861328,396.9156188964844
2024-03-07,167.63253784179688,178.64999389648438,403.8749084472656
2024-03-08,169.34854125976562,175.33999633789062,400.9924621582031
2024-03-11,171.35218811035156,177.77000427246094,399.3143310546875
2024-03-12,171.82830810546875,177.5399932861328,409.9358215332031
2024-03-13,169.74530029296875,169.47999572753906,409.7582092285156
2024-03-14,171.60015869140625,162.5,419.74798583984375
2024-03-15,171.22325134277344,163.57000732421875,411.06121826171875
2024-03-18,172.31434631347656,173.8000030517578,411.9496154785156
2024-03-19,174.65525817871094,171.32000732421875,415.98699951171875
2024-03-20,177.22430419921875,175.66000366210938,419.7578125
2024-03-21,169.9833526611328,172.82000732421875,423.84454345703125
2024-03-22,170.88600158691406,170.8300018310547,423.2226257324219
2024-03-25,169.46754455566406,172.6300048828125,417.4183349609375
2024-03-26,168.33682250976562,177.6699981689453,416.2238464355469
2024-03-27,171.9076690673828,179.8300018310547,416.0067443847656
2024-03-28,170.0924530029297,175.7899932861328,415.3058776855469
2024-03-29,170.0924530029297,175.7899932861328,415.3058776855469
2024-04-01,168.65419006347656,175.22000122070312,419.1063232421875
2024-04-02,167.4738311767578,166.6300048828125,416.0166015625
2024-04-03,168.27725219726562,168.3800048828125,415.039306640625
2024-04-04,167.45399475097656,171.11000061035156,412.50238037109375
2024-04-05,168.20782470703125,164.89999389648438,420.0440979003906
2024-04-08,167.0869903564453,172.97999572753906,419.1260681152344
2024-04-09,168.29713439941406,176.8800048828125,420.7943115234375
2024-04-10,166.4224090576172,171.75999450683594,417.8132019042969
2024-04-11,173.6236572265625,174.60000610351562,422.4230651855469
2024-04-12,175.12144470214844,171.0500030517578,416.470703125
2024-04-15,171.2926788330078,161.47999572753906,408.3169860839844
2024-04-16,168.0094757080078,157.11000061035156,409.244873046875
2024-04-17,166.64064025878906,155.4499969482422,406.5401306152344
2024-04-18,165.68838500976562,149.92999267578125,399.0675354003906
2024-04-19,163.6649169921875,147.0500030517578,393.98382568359375
2024-04-22,164.49810791015625,142.0500030517578,395.8001403808594
2024-04-23,165.5495147705078,144.67999267578125,402.3251037597656
2024-04-24,167.6523895263672,162.1300048828125,403.7959289550781
2024-04-25,168.5153350830078,170.17999267578125,393.90484619140625
2024-04-26,167.93011474609375,168.2899932861328,401.0911865234375
2024-04-29,172.09613037109375,194.0500030517578,397.0735168457031
2024-04-30,168.9517822265625,183.27999877929688,384.31982421875
2024-05-01,167.93011474609375,179.99000549316406,389.85760498046875
2024-05-02,171.62991333007812,180.00999450683594,392.7203369140625
2024-05-03,181.89617919921875,181.19000244140625,401.42681884765625
2024-05-06,180.2397003173828,184.75999450683594,408.21826171875
2024-05-07,180.92410278320312,177.80999755859375,404.0722961425781
2024-05-08,181.26138305664062,174.72000122070312,405.2568359375
2024-05-09,183.07655334472656,171.97000122070312,407.01397705078125
2024-05-10,181.8151092529297,168.47000122070312,409.40283203125
2024-05-13,185.02333068847656,171.88999938964844,408.3959045410156
2024-05-14,186.1655731201172,177.5500030517578,411.19940185546875
2024-05-15,188.44012451171875,173.99000549316406,418.3887939453125
2024-05-16,188.55929565429688,174.83999633789062,416.32196044921875
2024-05-17,188.589111328125,177.4600067138672,415.5506591796875
2024-05-20,189.751220703125,174.9499969482422,420.62371826171875
2024-05-21,191.05238342285156,186.60000610351562,424.28271484375
2024-05-22,189.61215209960938,180.11000061035156,425.7463073730469
2024-05-23,185.61929321289062,173.74000549316406,422.2653503417969
2024-05-24,188.6983642578125,179.24000549316406,425.3902893066406
2024-05-27,188.6983642578125,179.24000549316406,425.3902893066406
2024-05-28,188.7082977294922,176.75,425.54852294921875
2024-05-29,189.00628662109375,176.19000244140625,424.4112548828125
2024-05-30,189.99952697753906,178.7899932861328,410.0720520019531
2024-05-31,190.9530487060547,178.0800018310547,410.5269470214844
2024-06-03,192.72105407714844,176.2899932861328,408.934814453125
2024-06-04,193.03890991210938,174.77000427246094,411.4565124511719
2024-06-05,194.5486297607422,175.0,419.3085021972656
2024-06-06,193.16799926757812,177.94000244140625,419.81280517578125
2024-06-07,195.561767578125,177.47999572753906,419.1502685546875
2024-06-10,191.8171844482422,173.7899932861328,423.12567138671875
2024-06-11,205.75253295898438,170.66000366210938,427.8822937011719
2024-06-12,211.63259887695312,177.2899932861328,436.16943359375
2024-06-13,212.7947235107422,182.47000122070312,436.6836853027344
2024-06-14,211.0565185546875,178.00999450683594,437.6627197265625
2024-06-17,215.2082977294922,187.44000244140625,443.39837646484375
2024-06-18,212.8443603515625,184.86000061035156,441.390869140625
2024-06-19,212.8443603515625,184.86000061035156,441.390869140625
2024-06-20,208.2654571533203,181.57000732421875,440.75799560546875
2024-06-21,206.09027099609375,183.00999450683594,444.7927551269531
2024-06-24,206.73587036132812,182.5800018310547,442.7061462402344
2024-06-25,207.65960693359375,187.35000610351562,445.94976806640625
2024-06-26,211.81138610839844,196.3699951171875,447.1463928222656
2024-06-27,212.65565490722656,197.4199981689453,447.8287353515625
2024-06-28,209.19911193847656,197.8800048828125,441.9941101074219
2024-07-01,215.2877655029297,209.86000061035156,451.66571044921875
2024-07-02,218.7840118408203,231.25999450683594,454.1874084472656
2024-07-03,220.05540466308594,246.38999938964844,455.660888671875
2024-07-04,220.05540466308594,246.38999938964844,455.660888671875
2024-07-05,224.81307983398438,251.52000427246094,462.3755798339844
2024-07-08,226.28311157226562,252.94000244140625,461.07025146484375
2024-07-09,227.1372833251953,262.3299865722656,454.44451904296875
2024-07-10,231.40829467773438,263.260009765625,461.08013916015625
2024-07-11,226.0347900390625,241.02999877929688,449.6581726074219
2024-07-12,228.98475646972656,248.22999572753906,448.5209045410156
2024-07-15,232.8187255859375,252.63999938964844,448.9263916015625
2024-07-16,233.2358856201172,256.55999755859375,444.53564453125
2024-07-17,227.3359375,248.5,438.6021423339844
2024-07-18,222.6676483154297,249.22999572753906,435.487060546875
2024-07-19,222.79676818847656,239.1999969482422,432.26324462890625
2024-07-22,222.44915771484375,251.50999450683594,438.0285949707031
2024-07-23,223.49205017089844,246.3800048828125,439.9173889160156
2024-07-24,217.06568908691406,215.99000549316406,424.1442565917969
2024-07-25,216.02279663085938,220.25,413.7607116699219
2024-07-26,216.4896240234375,219.8000030517578,420.55450439453125
2024-07-29,216.76773071289062,232.10000610351562,421.9983215332031
2024-07-30,217.32394409179688,222.6199951171875,418.2305603027344
2024-07-31,220.5818328857422,232.07000732421875,413.71124267578125
2024-08-01,216.8869171142578,216.86000061035156,412.4849853515625
2024-08-02,218.37681579589844,207.6699981689453,403.9605712890625
2024-08-05,207.85824584960938,198.8800048828125,390.7684631347656
2024-08-06,205.83200073242188,200.63999938964844,395.1790466308594
2024-08-07,208.40452575683594,191.75999450683594,394.01214599609375
2024-08-08,211.87098693847656,198.83999633789062,398.2248840332031
2024-08-09,214.78123474121094,200.0,401.5179138183594
2024-08-12,216.31260681152344,197.49000549316406,402.2991943359375
2024-08-13,220.03167724609375,207.8300018310547,409.4193420410156
2024-08-14,220.47915649414062,201.3800048828125,412.2377624511719
2024-08-15,223.46237182617188,214.13999938964844,417.1119689941406
2024-08-16,224.78492736816406,216.1199951171875,414.5758056640625
2024-08-19,224.62583923339844,222.72000122070312,417.6073303222656
2024-08-20,225.24234008789062,221.10000610351562,420.8468933105469
2024-08-21,225.13294982910156,223.27000427246094,420.19305419921875
2024-08-22,223.27345275878906,210.66000366210938,411.6829528808594
2024-08-23,225.57049560546875,220.32000732421875,412.9114074707031
2024-08-26,225.9086151123047,213.2100067138672,409.64215087890625
2024-08-27,226.75384521484375,209.2100067138672,409.9889221191406
2024-08-28,225.22247314453125,205.75,406.77899169921875
2024-08-29,228.5039825439453,206.27999877929688,409.27557373046875
2024-08-30,227.7184295654297,214.11000061035156,413.2581787109375
2024-09-02,227.7184295654297,214.11000061035156,413.2581787109375
2024-09-03,221.52328491210938,210.60000610351562,405.6298522949219
2024-09-04,219.6140594482422,219.41000366210938,405.0948791503906
2024-09-05,221.13548278808594,230.1699981689453,404.5896301269531
2024-09-06,219.58421325683594,210.72999572753906,397.9618835449219
2024-09-09,219.67369079589844,216.27000427246094,401.9444274902344
2024-09-10,218.878173828125,226.1699981689453,410.3455505371094
2024-09-11,221.41390991210938,228.1300048828125,419.1033020019531
2024-09-12,221.52328491210938,229.80999755859375,423.02642822265625
2024-09-13,221.25479125976562,230.2899932861328,426.5830383300781
2024-09-16,215.10939025878906,226.77999877929688,427.3260192871094
2024-09-17,215.57675170898438,227.8699951171875,431.1005859375
2024-09-18,219.45492553710938,227.1999969482422,426.8009948730469
2024-09-19,227.58914184570312,243.9199981689453,434.607666015625
2024-09-20,226.92288208007812,238.25,431.2194519042969
2024-09-23,225.20257568359375,250.0,429.4758605957031
2024-09-24,226.0975341796875,254.27000427246094,425.17620849609375
2024-09-25,225.10311889648438,257.0199890136719,428.0888977050781
2024-09-26,226.24668884277344,254.22000122070312,427.2962951660156
2024-09-27,226.5151824951172,260.4599914550781,424.0368957519531
2024-09-30,231.69602966308594,261.6300048828125,426.29571533203125
2024-10-01,224.94403076171875,258.0199890136719,416.775146484375
2024-10-02,225.51083374023438,249.02000427246094,413.248291015625
2024-10-03,224.4070281982422,240.66000366210938,412.663818359375
2024-10-04,225.53074645996094,250.0800018310547,412.188232421875
2024-10-07,220.44932556152344,240.8300018310547,405.7289123535156
2024-10-08,224.50650024414062,244.5,410.850830078125
2024-10-09,228.25538635253906,241.0500030517578,413.5751953125
2024-10-10,227.75819396972656,238.77000427246094,411.9702453613281
2024-10-11,226.27651977539062,217.8000030517578,412.44580078125
2024-10-14,230.00555419921875,219.16000366210938,415.2395935058594
2024-10-15,232.54127502441406,219.57000732421875,414.84326171875
2024-10-16,230.4828643798828,221.3300018310547,412.2476501464844
2024-10-17,230.8507843017578,220.88999938964844,412.84210205078125
2024-10-18,233.68484497070312,220.6999969482422,414.2686767578125
2024-10-21,235.15655517578125,218.85000610351562,414.8829040527344
2024-10-22,234.5400390625,217.97000122070312,423.5317077636719
2024-10-23,229.46856689453125,213.64999389648438,420.6487731933594
2024-10-24,229.27963256835938,260.4800109863281,420.7775573730469
2024-10-25,230.11492919921875,269.19000244140625,424.1656799316406
2024-10-28,232.09378051757812,262.510009765625,422.6202392578125
2024-10-29,232.36228942871094,259.5199890136719,427.9303894042969
2024-10-30,228.81227111816406,257.54998779296875,428.50494384765625
2024-10-31,224.6457061767578,249.85000610351562,402.5686340332031
2024-11-01,221.66249084472656,248.97999572753906,406.5511474609375
2024-11-04,220.76751708984375,242.83999633789062,404.6589660644531
2024-11-05,222.199462890625,251.44000244140625,407.6310119628906
2024-11-06,221.47354125976562,288.5299987792969,416.2698669433594
2024-11-07,226.2069091796875,296.9100036621094,421.47100830078125
2024-11-08,225.93812561035156,321.2200012207031,418.6079406738281
2024-11-11,223.2204132080078,350.0,414.1200866699219
2024-11-12,223.2204132080078,328.489990234375,419.0933532714844
2024-11-13,224.10643005371094,330.239990234375,421.2431945800781
2024-11-14,227.1924591064453,311.17999267578125,422.91748046875
2024-11-15,223.98695373535156,320.7200012207031,411.1380920410156
2024-11-18,226.9933624267578,338.739990234375,411.8910217285156
2024-11-19,227.252197265625,346.0,413.90216064453125
2024-11-20,227.9689483642578,342.0299987792969,411.6235046386719
2024-11-21,227.49111938476562,339.6400146484375,409.8466491699219
2024-11-22,228.8350372314453,352.55999755859375,413.9464111328125
2024-11-25,231.82151794433594,338.5899963378906,415.7232971191406
2024-11-26,234.00167846679688,338.2300109863281,424.8559265136719
2024-11-27,233.8722381591797,332.8900146484375,419.89251708984375
2024-11-28,233.8722381591797,332.8900146484375,419.89251708984375
2024-11-29,236.26145935058594,345.1600036621094,420.3591003417969
2024-12-02,238.51124572753906,357.0899963378906,427.8240661621094
2024-12-03,241.5574951171875,351.4200134277344,428.04241943359375
2024-12-04,241.91587829589844,357.92999267578125,434.2168884277344
2024-12-05,241.94573974609375,369.489990234375,439.3787841796875
2024-12-06,241.7466278076172,389.2200012207031,440.32183837890625
2024-12-09,245.6390380859375,389.7900085449219,442.75384521484375
2024-12-10,246.65444946289062,400.989990234375,440.0835876464844
2024-12-11,245.3802032470703,424.7699890136719,445.7021484375
2024-12-12,246.8435821533203,418.1000061035156,446.2679748535156
2024-12-13,247.0128173828125,436.2300109863281,443.9947204589844
2024-12-16,249.9097137451172,463.0199890136719,448.2830810546875
2024-12-17,252.33872985839844,479.8599853515625,451.1320495605469
2024-12-18,246.9331817626953,440.1300048828125,434.1871337890625
2024-12-19,248.66534423828125,436.1700134277344,433.8297119140625
2024-12-20,253.3441925048828,421.05999755859375,433.40289306640625
2024-12-23,254.1206817626953,430.6000061035156,432.0627746582031
2024-12-24,257.0375061035156,462.2799987792969,436.11285400390625
2024-12-25,257.0375061035156,462.2799987792969,436.11285400390625
2024-12-26,257.8537902832031,454.1300048828125,434.9018249511719
2024-12-27,254.43922424316406,431.6600036621094,427.3773193359375
2024-12-30,251.0644989013672,417.4100036621094,421.71905517578125
2024-12-31,249.29251098632812,403.8399963378906,418.4134216308594
2025-01-01,249.29251098632812,403.8399963378906,418.4134216308594
2025-01-02,242.75209045410156,379.2799987792969,415.51483154296875
2025-01-03,242.26429748535156,410.44000244140625,420.2499084472656
2025-01-06,243.8969268798828,411.04998779296875,424.7169494628906
2025-01-07,241.11947631835938,394.3599853515625,419.2770690917969
2025-01-08,241.60726928710938,394.94000244140625,421.4510498046875
2025-01-09,241.60726928710938,394.94000244140625,421.4510498046875
2025-01-10,235.7836151123047,394.739990234375,415.8821105957031
2025-01-13,233.34461975097656,403.30999755859375,414.135009765625
2025-01-14,232.22967529296875,396.3599853515625,412.62615966796875
2025-01-15,236.79901123046875,428.2200012207031,423.188232421875
2025-01-16,227.23228454589844,413.82000732421875,421.4708557128906
2025-01-17,228.94454956054688,426.5,425.8883361816406
2025-01-20,228.94454956054688,426.5,425.8883361816406
2025-01-21,221.63758850097656,424.07000732421875,425.3622131347656
2025-01-22,222.8222198486328,415.1099853515625,442.9326171875
2025-01-23,222.6529998779297,412.3800048828125,443.4388122558594
2025-01-24,221.77696228027344,406.5799865722656,440.8082580566406
2025-01-27,228.82508850097656,397.1499938964844,431.3778076171875
2025-01-28,237.18727111816406,398.0899963378906,443.9252624511719
2025-01-29,238.2823028564453,389.1000061035156,439.09088134765625
2025-01-30,236.520263671875,400.2799987792969,411.95111083984375
2025-01-31,234.93743896484375,404.6000061035156,412.0206298828125
2025-02-03,226.9833984375,383.67999267578125,407.9109191894531
2025-02-04,231.75184631347656,392.2099914550781,409.3503112792969
2025-02-05,231.42333984375,378.1700134277344,410.26361083984375
2025-02-06,232.16995239257812,374.32000732421875,412.7750549316406
2025-02-07,226.60513305664062,361.6199951171875,406.7494812011719
2025-02-10,226.8741912841797,350.7300109863281,409.201416015625
2025-02-11,231.82725524902344,328.5,408.4270935058594
2025-02-12,236.06277465820312,336.510009765625,406.0447082519531
2025-02-13,240.70689392089844,355.94000244140625,407.5337219238281
2025-02-14,243.7664337158203,355.8399963378906,405.43914794921875
2025-02-17,243.7664337158203,355.8399963378906,405.43914794921875
2025-02-18,243.6368865966797,354.1099853515625,406.64031982421875
2025-02-19,244.03550720214844,360.55999755859375,411.7327575683594
2025-02-20,244.99224853515625,354.3999938964844,413.91107177734375
2025-02-21,244.7132110595703,337.79998779296875,406.03326416015625
2025-02-24,246.25791931152344,330.5299987792969,401.8457336425781
2025-02-25,246.19810485839844,302.79998779296875,395.77825927734375
2025-02-26,239.5408935546875,290.79998779296875,397.5985412597656
2025-02-27,236.49131774902344,281.95001220703125,390.4368896484375
2025-02-28,241.01583862304688,292.9800109863281,394.87310791015625
2025-03-03,237.21881103515625,284.6499938964844,386.4184265136719
2025-03-04,235.1259765625,272.0400085449219,386.53778076171875
2025-03-05,234.93663024902344,279.1000061035156,398.8816223144531
2025-03-06,234.52801513671875,263.45001220703125,394.773681640625
2025-03-07,238.25527954101562,262.6700134277344,391.2127380371094
2025-03-10,226.70477294921875,222.14999389648438,378.1328430175781
2025-03-11,220.08740234375,230.5800018310547,378.4213562011719
2025-03-12,216.24057006835938,248.08999633789062,381.2262878417969
2025-03-13,208.96543884277344,240.67999267578125,376.750244140625
2025-03-14,212.76246643066406,249.97999572753906,386.4880676269531
2025-03-17,213.27072143554688,238.00999450683594,386.6273193359375
2025-03-18,211.96519470214844,225.30999755859375,381.4749450683594
2025-03-19,214.50650024414062,235.86000061035156,385.75201416015625
2025-03-20,213.37037658691406,236.25999450683594,384.7772521972656
2025-03-21,217.5261688232422,248.7100067138672,389.1736755371094
2025-03-24,219.977783203125,278.3900146484375,390.98394775390625
2025-03-25,222.98748779296875,288.1400146484375,393.0528869628906
2025-03-26,220.77503967285156,272.05999755859375,387.89056396484375
2025-03-27,223.08714294433594,273.1300048828125,388.4972839355469
2025-03-28,217.15740966796875,263.54998779296875,376.78009033203125
2025-03-31,221.37301635742188,259.1600036621094,373.3883056640625
