,Symbol,Security Name,Market Category,Test Issue,Financial Status,Round Lot Size,ETF,NextShares
0,AACB,Artius II Acquisition Inc. - Class A Ordinary Shares,G,N,N,100,N,N
1,AACBR,Artius II Acquisition Inc. - Rights,G,N,N,100,N,N
2,AACBU,Artius II Acquisition Inc. - Units,G,N,N,100,N,N
3,AACG,"ATA Creativity Global - American Depositary Shares, each representing two common shares",S,N,N,100,N,N
4,AADR,AdvisorShares Dorsey Wright ADR ETF,G,N,N,100,Y,N
5,AAEQ,Alpha Architect US Equity 2 ETF,G,N,N,100,Y,N
6,AAL,"American Airlines Group, Inc. - Common Stock",Q,N,N,100,N,N
7,AALG,Leverage Shares 2X Long AAL Daily ETF,G,N,N,100,Y,N
8,AAME,Atlantic American Corporation - Common Stock,G,N,N,100,N,N
9,AAOI,"Applied Optoelectronics, Inc. - Common Stock",G,N,N,100,N,N
10,AAON,"AAON, Inc. - Common Stock",Q,N,N,100,N,N
11,AAPB,GraniteShares 2x Long AAPL Daily ETF,G,N,N,100,Y,N
12,AAPD,Direxion Daily AAPL Bear 1X Shares,G,N,N,100,Y,N
13,AAPG,Ascentage Pharma Group International - American Depository Shares,G,N,N,100,N,N
14,AAPL,Apple Inc. - Common Stock,Q,N,N,100,N,N
15,AAPU,Direxion Daily AAPL Bull 2X Shares,G,N,N,100,Y,N
16,AARD,"Aardvark Therapeutics, Inc. - Common Stock",Q,N,N,100,N,N
17,AAUS,Alpha Architect US Equity ETF,G,N,N,100,Y,N
18,AAVM,Alpha Architect Global Factor Equity ETF,G,N,N,100,Y,N
19,AAXJ,iShares MSCI All Country Asia ex Japan ETF,G,N,N,100,Y,N
20,ABAT,American Battery Technology Company - Common Stock,S,N,N,100,N,N
21,ABCL,AbCellera Biologics Inc. - Common Shares,Q,N,N,100,N,N
22,ABCS,Alpha Blue Capital US Small-Mid Cap Dynamic ETF,G,N,N,100,Y,N
23,ABEO,Abeona Therapeutics Inc. - Common Stock,S,N,N,100,N,N
24,ABI,VictoryShares Pioneer Asset-Based Income ETF,G,N,N,100,Y,N
25,ABIG,Argent Large Cap ETF,G,N,N,100,Y,N
26,ABLV,Able View Global Inc. - Class B Ordinary Shares,S,N,D,100,N,N
27,ABLVW,Able View Global Inc. - Warrant,S,N,N,100,N,N
28,ABNB,"Airbnb, Inc. - Class A Common Stock",Q,N,N,100,N,N
29,ABNG,Leverage Shares 2x Long ABNB Daily ETF,G,N,N,100,Y,N
30,ABOS,"Acumen Pharmaceuticals, Inc. - Common Stock",Q,N,N,100,N,N
31,ABP,"Abpro Holdings, Inc - Common Stock",S,N,N,100,N,N
32,ABPWW,"Abpro Holdings, Inc - Warrant",S,N,N,100,N,N
33,ABSI,Absci Corporation - Common Stock,Q,N,N,100,N,N
34,ABTC,American Bitcoin Corp. - Class A Common Stock,S,N,N,100,N,N
35,ABTS,Abits Group Inc - Ordinary Shares,S,N,N,100,N,N
36,ABUS,Arbutus Biopharma Corporation - Common Stock,Q,N,N,100,N,N
37,ABVC,"ABVC BioPharma, Inc. - Common Stock",S,N,N,100,N,N
38,ABVE,Above Food Ingredients Inc. - Common Stock,G,N,E,100,N,N
39,ABVEW,Above Food Ingredients Inc. - Warrant,G,N,E,100,N,N
40,ABVX,Abivax SA - American Depositary Shares,G,N,N,100,N,N
41,ACAD,ACADIA Pharmaceuticals Inc. - Common Stock,Q,N,N,100,N,N
42,ACB,Aurora Cannabis Inc. - Common Shares,S,N,N,100,N,N
43,ACCL,Acco Group Holdings Limited - Class A Ordinary Shares,S,N,N,100,N,N
44,ACDC,ProFrac Holding Corp. - Class A Common Stock,Q,N,N,100,N,N
45,ACEP,ARS Core Equity Portfolio ETF,G,N,N,100,Y,N
46,ACET,"Adicet Bio, Inc. - Common Stock",S,N,N,100,N,N
47,ACFN,"Acorn Energy, Inc. - Common Stock",S,N,N,100,N,N
48,ACGL,Arch Capital Group Ltd. - Common Stock,Q,N,N,100,N,N
49,ACGLN,"Arch Capital Group Ltd. - Depositary Shares, each Representing a 1/1,000th Interest in a 4.550% Non-Cumulative Preferred Share, Series G",Q,N,N,100,N,N
50,ACGLO,"Arch Capital Group Ltd. - Depositary Shares Each Representing 1/1,000th Interest in a Share of5.45% Non-Cumulative Preferred Shares, Series F",Q,N,N,100,N,N
51,ACHC,"Acadia Healthcare Company, Inc. - Common Stock",Q,N,N,100,N,N
52,ACHV,"Achieve Life Sciences, Inc.  - Common Shares",S,N,N,100,N,N
53,ACIC,American Coastal Insurance Corporation - Common Stock,S,N,N,100,N,N
54,ACIU,AC Immune SA - Common Stock,G,N,N,100,N,N
55,ACIW,"ACI Worldwide, Inc. - Common Stock",Q,N,N,100,N,N
56,ACLS,"Axcelis Technologies, Inc. - Common Stock",Q,N,N,100,N,N
57,ACLX,"Arcellx, Inc. - Common Stock",Q,N,N,100,N,N
58,ACMR,"ACM Research, Inc. - Class A Common Stock",G,N,N,100,N,N
59,ACNB,ACNB Corporation - Common Stock,S,N,N,100,N,N
60,ACNT,Ascent Industries Co. - Common Stock,G,N,N,100,N,N
61,ACOG,Alpha Cognition Inc. - Common Stock,S,N,N,100,N,N
62,ACON,"Aclarion, Inc. - Common Stock",S,N,N,100,N,N
63,ACONW,"Aclarion, Inc. - Warrant",S,N,N,100,N,N
64,ACRS,"Aclaris Therapeutics, Inc. - Common Stock",Q,N,N,100,N,N
65,ACRV,"Acrivon Therapeutics, Inc. - Common Stock",G,N,N,100,N,N
66,ACT,"Enact Holdings, Inc. - Common Stock",Q,N,N,100,N,N
67,ACTG,Acacia Research Corporation - Common Stock,Q,N,N,100,N,N
68,ACTU,"Actuate Therapeutics, Inc. - Common stock",G,N,N,100,N,N
69,ACWI,iShares MSCI ACWI ETF,G,N,N,100,Y,N
70,ACWX,iShares MSCI ACWI ex U.S. ETF,G,N,N,100,Y,N
71,ACXP,"Acurx Pharmaceuticals, Inc. - Common Stock",S,N,N,100,N,N
72,ADACU,American Drive Acquisition Company - Units,G,N,N,100,N,N
73,ADAG,"Adagene Inc. - ADS, each representing 1.25 ordinary shares",G,N,N,100,N,N
74,ADAM,"Adamas Trust, Inc. - Common Stock",Q,N,N,100,N,N
75,ADAMG,"Adamas Trust, Inc. - 9.125% Senior Notes Due 2030",Q,N,N,100,N,N
76,ADAMH,"Adamas Trust, Inc. - 9.875% Senior Notes Due 2030",G,N,N,100,N,N
77,ADAMI,"Adamas Trust, Inc. - 9.125% Senior Notes Due 2029",Q,N,N,100,N,N
78,ADAML,"Adamas Trust, Inc. - 6.875% Series F Fixed-to-Floating Rate Cumulative Redeemable Preferred Stock, $0.01 par value per share",Q,N,N,100,N,N
79,ADAMM,"Adamas Trust, Inc. - 7.875% Series E Fixed-to-Floating Rate Cumulative Redeemable Preferred Stock",Q,N,N,100,N,N
80,ADAMN,"Adamas Trust, Inc. - 8.00% Series D Fixed-to-Floating Rate Cumulative Redeemable Preferred Stock",Q,N,N,100,N,N
81,ADAMO,"Adamas Trust, Inc. - 9.250% Senior Notes Due 2031",Q,N,N,100,N,N
82,ADAMZ,"Adamas Trust, Inc. - 7.000% Series G Cumulative Redeemable Preferred Stock, $0.01 par value per share",Q,N,N,100,N,N
83,ADBE,Adobe Inc. - Common Stock,Q,N,N,40,N,N
84,ADBG,Leverage Shares 2X Long ADBE Daily ETF,G,N,N,100,Y,N
85,ADEA,Adeia Inc.  - Common Stock,Q,N,N,100,N,N
86,ADGM,"Adagio Medical Holdings, Inc - Common Stock",S,N,N,100,N,N
87,ADI,"Analog Devices, Inc. - Common Stock",Q,N,N,100,N,N
88,ADIL,"Adial Pharmaceuticals, Inc - Common Stock",S,N,D,100,N,N
89,ADMA,ADMA Biologics Inc - Common Stock,G,N,N,100,N,N
90,ADP,"Automatic Data Processing, Inc. - Common Stock",Q,N,N,40,N,N
91,ADPT,Adaptive Biotechnologies Corporation - Common Stock,Q,N,N,100,N,N
92,ADSE,ADS-TEC ENERGY PLC - Ordinary Shares,S,N,N,100,N,N
93,ADSEW,ADS-TEC ENERGY PLC - Warrant,S,N,N,100,N,N
94,ADSK,"Autodesk, Inc. - Common Stock",Q,N,N,40,N,N
95,ADTN,"ADTRAN Holdings, Inc. - Common Stock",Q,N,N,100,N,N
96,ADTX,"Aditxt, Inc. - Common Stock",S,N,D,100,N,N
97,ADUR,Aduro Clean Technologies Inc. - Common Stock,S,N,N,100,N,N
98,ADUS,Addus HomeCare Corporation - Common Stock,Q,N,N,100,N,N
99,ADV,Advantage Solutions Inc.  - Class A Common Stock,Q,N,D,100,N,N
100,ADVB,Advanced Biomed Inc. - Common Stock,S,N,D,100,N,N
101,ADXN,Addex Therapeutics Ltd - American Depositary Shares,S,N,N,100,N,N
102,AEAQ,Activate Energy Acquisition Corp. - Class A Ordinary Share,G,N,N,100,N,N
103,AEAQU,Activate Energy Acquisition Corp. - Unit,G,N,N,100,N,N
104,AEAQW,Activate Energy Acquisition Corp. - Warrant,G,N,N,100,N,N
105,AEBI,Aebi Schmidt Holding AG - Common Stock,Q,N,N,100,N,N
106,AEC,Anfield Energy Inc. - Common Shares,S,N,N,100,N,N
107,AEHL,Antelope Enterprise Holdings Limited - Class A Ordinary Shares,S,N,E,100,N,N
108,AEHR,Aehr Test Systems - Common Stock,S,N,N,100,N,N
109,AEI,Alset Inc. - Common Stock,S,N,N,100,N,N
110,AEIS,"Advanced Energy Industries, Inc. - Common Stock",Q,N,N,100,N,N
111,AEMD,"Aethlon Medical, Inc. - Common Stock",S,N,N,100,N,N
112,AENT,Alliance Entertainment Holding Corporation - common stock,S,N,N,100,N,N
113,AENTW,Alliance Entertainment Holding Corporation - Warrants,S,N,N,100,N,N
114,AEP,"American Electric Power Company, Inc. - Common Stock",Q,N,N,100,N,N
115,AERT,"Aeries Technology, Inc. - Class A Ordinary Share",S,N,D,100,N,N
116,AERTW,"Aeries Technology, Inc. - Warrant",S,N,N,100,N,N
117,AEVA,"Aeva Technologies, Inc. - Common Stock",Q,N,N,100,N,N
118,AEVAW,"Aeva Technologies, Inc. - Redeemable Warrants",Q,N,N,100,N,N
119,AEYE,"AudioEye, Inc. - Common Stock",S,N,N,100,N,N
120,AFBI,"Affinity Bancshares, Inc. - Common Stock",S,N,N,100,N,N
121,AFCG,Advanced Flower Capital Inc. - Common Stock,G,N,N,100,N,N
122,AFJK,"Aimei Health Technology Co., Ltd - Ordinary Share",G,N,N,100,N,N
123,AFJKR,"Aimei Health Technology Co., Ltd - Right",G,N,N,100,N,N
124,AFJKU,"Aimei Health Technology Co., Ltd - Unit",G,N,N,100,N,N
125,AFOS,ARS Focused Opportunity Strategy ETF,G,N,N,100,Y,N
126,AFRI,Forafric Global PLC - Ordinary Shares,S,N,N,100,N,N
127,AFRIW,Forafric Global PLC - Warrants,S,N,N,100,N,N
128,AFRM,"Affirm Holdings, Inc. - Class A Common Stock",Q,N,N,100,N,N
129,AFSC,abrdn Focused U.S. Small Cap Active ETF,G,N,N,100,Y,N
130,AFYA,Afya Limited - Class A Common Shares,Q,N,N,100,N,N
131,AGAE,Allied Gaming & Entertainment Inc. - Common Stock,S,N,D,100,N,N
132,AGCC,Agencia Comercial Spirits Ltd - Class A Ordinary Share,S,N,N,100,N,N
133,AGEM,abrdn Emerging Markets Dividend Active ETF,G,N,N,100,Y,N
134,AGEN,Agenus Inc. - Common Stock,S,N,N,100,N,N
135,AGGA,EA Astoria Dynamic Core US Fixed Income ETF,G,N,N,100,Y,N
136,AGH,Aureus Greenway Holdings Inc. - Common Stock,S,N,N,100,N,N
137,AGIO,"Agios Pharmaceuticals, Inc. - Common Stock",Q,N,N,100,N,N
138,AGIX,KraneShares Artificial Intelligence & Technology ETF,G,N,N,100,Y,N
139,AGMH,AGM Group Holdings Inc. - Class A Ordinary Shares,S,N,N,100,N,N
140,AGMI,Themes Silver Miners ETF,G,N,N,100,Y,N
141,AGNC,AGNC Investment Corp. - Common Stock,Q,N,N,100,N,N
142,AGNCL,"AGNC Investment Corp. - Depositary Shares Each Representing a 1/1,000th Interest in a Share of 7.75% Series G Fixed-Rate Reset Cumulative Redeemable Preferred Stock",Q,N,N,100,N,N
143,AGNCM,AGNC Investment Corp. - Depositary Shares rep 6.875% Series D Fixed-to-Floating Cumulative Redeemable Preferred Stock,Q,N,N,100,N,N
144,AGNCN,"AGNC Investment Corp. - Depositary Shares Each Representing a 1/1,000th Interest in a Share of 7.00% Series C Fixed-To-Floating Rate Cumulative Redeemable Preferred Stock",Q,N,N,100,N,N
145,AGNCO,"AGNC Investment Corp. - Depositary Shares, each representing a 1/1,000th interest in a share of Series E Fixed-to-Floating Cumulative Redeemable Preferred Stock",Q,N,N,100,N,N
146,AGNCP,"AGNC Investment Corp. - Depositary Shares Each Representing a 1/1,000th Interest in a Share of 6.125% Series F Fixed-to-Floating Rate Cumulative Redeemable Preferred Stock",Q,N,N,100,N,N
147,AGNCZ,"AGNC Investment Corp. - Depositary Shares Each Representing a 1/1,000th Interest in a Share of 8.75% Series H Fixed-Rate Cumulative Redeemable Preferred Stock",Q,N,N,100,N,N
148,AGNG,Global X Aging Population ETF,G,N,N,100,Y,N
149,AGPU,Axe Compute Inc. - Common Stock,S,N,N,100,N,N
150,AGRZ,Agroz Inc. - Ordinary Shares,S,N,N,100,N,N
151,AGYS,"Agilysys, Inc. - Common Stock",Q,N,N,100,N,N
152,AGZD,WisdomTree Interest Rate Hedged U.S. Aggregate Bond Fund,G,N,N,100,Y,N
153,AHCO,AdaptHealth Corp.  - Common Stock,S,N,N,100,N,N
154,AHG,Akso Health Group - American Depositary Shares,S,N,N,100,N,N
155,AHMA,Ambitions Enterprise Management Co. L.L.C - Class A Ordinary Shares,S,N,N,100,N,N
156,AIA,iShares Asia 50 ETF,G,N,N,100,Y,N
157,AIFD,TCW Artificial Intelligence ETF,G,N,N,100,Y,N
158,AIFF,"Firefly Neuroscience, Inc.  - Common Stock",S,N,N,100,N,N
159,AIFU,AIFU Inc. - Class A Ordinary Share,Q,N,N,100,N,N
160,AIHS,Senmiao Technology Limited - Common Stock,S,N,D,100,N,N
161,AIIO,Robo.ai Inc. - Class B Ordinary Shares,S,N,D,100,N,N
162,AIIOW,Robo.ai Inc. - Warrant,S,N,N,100,N,N
163,AIMD,"Ainos, Inc. - Common Stock",S,N,N,100,N,N
164,AIMDW,"Ainos, Inc. - warrants",S,N,N,100,N,N
165,AIOT,"PowerFleet, Inc. - Common Stock",G,N,N,100,N,N
166,AIP,"Arteris, Inc.  - Common Stock",G,N,N,100,N,N
167,AIPI,REX AI Equity Premium Income ETF,G,N,N,100,Y,N
168,AIPO,Defiance AI & Power Infrastructure ETF,G,N,N,100,Y,N
169,AIQ,Global X Artificial Intelligence & Technology ETF,G,N,N,100,Y,N
170,AIRE,reAlpha Tech Corp. - Common Stock,S,N,D,100,N,N
171,AIRG,"Airgain, Inc. - Common Stock",S,N,N,100,N,N
172,AIRJ,AirJoule Technologies Corporation - Class A Common Stock,S,N,N,100,N,N
173,AIRJW,AirJoule Technologies Corporation - Warrant,S,N,N,100,N,N
174,AIRO,"AIRO Group Holdings, Inc. - Common Stock",G,N,N,100,N,N
175,AIRR,First Trust RBA American Industrial Renaissance ETF,G,N,N,100,Y,N
176,AIRS,"AirSculpt Technologies, Inc. - Common Stock",G,N,N,100,N,N
177,AIRT,"Air T, Inc. - Common Stock",S,N,N,100,N,N
178,AIRTP,"Air T, Inc. - Trust Preferred Securities",G,N,N,100,N,N
179,AISP,"Airship AI Holdings, Inc - Class A Common Stock",G,N,N,100,N,N
180,AISPW,"Airship AI Holdings, Inc - Warrants",S,N,N,100,N,N
181,AIXC,"AIxCrypto Holdings, Inc. - Common Stock",S,N,N,100,N,N
182,AIXI,XIAO-I Corporation - American Depositary Shares,G,N,D,100,N,N
183,AKAM,"Akamai Technologies, Inc. - Common Stock",Q,N,N,100,N,N
184,AKAN,Akanda Corp. - Common Shares,S,N,N,100,N,N
185,AKBA,"Akebia Therapeutics, Inc. - Common Stock",S,N,N,100,N,N
186,AKTS,"Aktis Oncology, Inc. - Common stock",Q,N,N,100,N,N
187,AKTX,Akari Therapeutics Plc - American Depositary Shares,S,N,D,100,N,N
188,ALAB,"Astera Labs, Inc. - Common Stock",Q,N,N,100,N,N
189,ALAR,Alarum Technologies Ltd. - American Depositary Shares,S,N,N,100,N,N
190,ALBG,Leverage Shares 2X Long ALB Daily ETF,G,N,N,100,Y,N
191,ALBT,Avalon GloboCare Corp. - Common Stock,S,N,N,100,N,N
192,ALCO,"Alico, Inc. - Common Stock",Q,N,N,100,N,N
193,ALCY,Alchemy Investments Acquisition Corp 1 - Class A Ordinary Shares,S,N,N,100,N,N
194,ALCYU,Alchemy Investments Acquisition Corp 1 - Units,S,N,N,100,N,N
195,ALCYW,Alchemy Investments Acquisition Corp 1 - Warrants,S,N,N,100,N,N
196,ALDF,Aldel Financial II Inc. - Class A Ordinary Shares,G,N,N,100,N,N
197,ALDFU,Aldel Financial II Inc. - Units,G,N,N,100,N,N
198,ALDFW,Aldel Financial II Inc. - Warrants,G,N,N,100,N,N
199,ALDX,"Aldeyra Therapeutics, Inc. - Common Stock",S,N,N,100,N,N
200,ALEC,"Alector, Inc. - Common Stock",Q,N,N,100,N,N
201,ALF,Centurion Acquisition Corp. - Class A Ordinary Shares,G,N,N,100,N,N
202,ALFUU,Centurion Acquisition Corp. - Unit,G,N,N,100,N,N
203,ALFUW,Centurion Acquisition Corp. - Warrant,G,N,N,100,N,N
204,ALGM,"Allegro MicroSystems, Inc. - Common Stock",Q,N,N,100,N,N
205,ALGN,"Align Technology, Inc. - Common Stock",Q,N,N,100,N,N
206,ALGS,"Aligos Therapeutics, Inc. - Common stock",S,N,N,100,N,N
207,ALGT,Allegiant Travel Company - Common Stock,Q,N,N,100,N,N
208,ALHC,"Alignment Healthcare, Inc. - Common Stock",Q,N,N,100,N,N
209,ALIL,Argent Focused Small Cap ETF,G,N,N,100,Y,N
210,ALIS,Calisa Acquisition Corp - Ordinary shares,G,N,N,100,N,N
211,ALISR,Calisa Acquisition Corp - Right,G,N,N,100,N,N
212,ALISU,Calisa Acquisition Corp - Units,G,N,N,100,N,N
213,ALKS,Alkermes plc - Ordinary Shares,Q,N,N,100,N,N
214,ALKT,"Alkami Technology, Inc. - Common Stock",Q,N,N,100,N,N
215,ALLO,"Allogene Therapeutics, Inc. - Common Stock",Q,N,N,100,N,N
216,ALLR,"Allarity Therapeutics, Inc. - Common stock",S,N,N,100,N,N
217,ALLT,Allot Ltd. - Ordinary Shares,Q,N,N,100,N,N
218,ALLW,SPDR Bridgewater All Weather ETF,G,N,N,100,Y,N
219,ALM,Almonty Industries Inc. - Common Shares,S,N,N,100,N,N
220,ALMS,Alumis Inc. - Common Stock,Q,N,N,100,N,N
221,ALMU,"Aeluma, Inc. - Common Stock",S,N,N,100,N,N
222,ALNT,Allient Inc. - Common Stock,G,N,N,100,N,N
223,ALNY,"Alnylam Pharmaceuticals, Inc. - Common Stock",Q,N,N,40,N,N
224,ALOT,"AstroNova, Inc. - Common Stock",G,N,N,100,N,N
225,ALOVU,"Aldabra 4 Liquidity Opportunity Vehicle, Inc. - Units",G,N,N,100,N,N
226,ALPS,ALPS Group Inc - Ordinary Share,G,N,N,100,N,N
227,ALRM,"Alarm.com Holdings, Inc. - Common Stock",Q,N,N,100,N,N
228,ALRS,Alerus Financial Corporation - Common Stock,S,N,N,100,N,N
229,ALT,"Altimmune, Inc. - Common Stock",G,N,N,100,N,N
230,ALTI,"AlTi Global, Inc. - Class A Common Stock",S,N,N,100,N,N
231,ALTO,"Alto Ingredients, Inc. - Common Stock",S,N,N,100,N,N
232,ALTS,ALT5 Sigma Corporation - Common Stock,S,N,D,100,N,N
233,ALTY,Global X Alternative Income ETF,G,N,N,100,Y,N
234,ALVO,Alvotech - Ordinary Shares,G,N,N,100,N,N
235,ALVOW,Alvotech - Warrant,G,N,N,100,N,N
236,ALXO,ALX Oncology Holdings Inc. - Common Stock,Q,N,N,100,N,N
237,ALZN,"Alzamend Neuro, Inc. - Common Stock",S,N,N,100,N,N
238,AMAL,Amalgamated Financial Corp. - Common Stock,G,N,N,100,N,N
239,AMAT,"Applied Materials, Inc. - Common Stock",Q,N,N,100,N,N
240,AMBA,"Ambarella, Inc. - Ordinary Shares",Q,N,N,100,N,N
241,AMBR,Amber International Holding Limited - American Depositary Shares,G,N,N,100,N,N
242,AMCI,AMC Robotics Corporation - Common Stock,S,N,N,100,N,N
243,AMCX,AMC Networks Inc. - Class A Common Stock,Q,N,N,100,N,N
244,AMD,"Advanced Micro Devices, Inc. - Common Stock",Q,N,N,100,N,N
245,AMDD,Direxion Daily AMD Bear 1X Shares,G,N,N,100,Y,N
246,AMDG,Leverage Shares 2X Long AMD Daily ETF,G,N,N,100,Y,N
247,AMDL,GraniteShares 2x Long AMD Daily ETF,G,N,N,100,Y,N
248,AMDU,Defiance Leveraged Long + Income AMD ETF,G,N,N,100,Y,N
249,AMGN,Amgen Inc. - Common Stock,Q,N,N,40,N,N
250,AMID,Argent Mid Cap ETF,G,N,N,100,Y,N
251,AMIX,"Autonomix Medical, Inc. - Common Stock",S,N,D,100,N,N
252,AMKR,"Amkor Technology, Inc. - Common Stock",Q,N,N,100,N,N
253,AMLX,"Amylyx Pharmaceuticals, Inc. - Common Stock",Q,N,N,100,N,N
254,AMOD,"Alpha Modus Holdings, Inc. - Class A Common Stock",S,N,D,100,N,N
255,AMODW,"Alpha Modus Holdings, Inc. - Warrant",S,N,N,100,N,N
256,AMPG,"Amplitech Group, Inc. - Common Stock",S,N,N,100,N,N
257,AMPGW,"Amplitech Group, Inc. - Warrants",S,N,N,100,N,N
258,AMPH,"Amphastar Pharmaceuticals, Inc. - Common Stock",Q,N,N,100,N,N
259,AMPL,"Amplitude, Inc. - Class A Common Stock",S,N,N,100,N,N
260,AMRN,Amarin Corporation plc - American Depositary Shares,S,N,N,100,N,N
261,AMRX,"Amneal Pharmaceuticals, Inc. - Class A Common Stock",Q,N,N,100,N,N
262,AMSC,American Superconductor Corporation - Common Stock,Q,N,N,100,N,N
263,AMSF,"AMERISAFE, Inc. - Common Stock",Q,N,N,100,N,N
264,AMST,Amesite Inc. - Common Stock,S,N,D,100,N,N
265,AMTX,"Aemetis, Inc - Common Stock",G,N,N,100,N,N
266,AMUN,abrdn Ultra Short Municipal Income Active ETF,G,N,N,100,Y,N
267,AMUU,Direxion Daily AMD Bull 2X Shares,G,N,N,100,Y,N
268,AMWD,American Woodmark Corporation - Common Stock,Q,N,N,100,N,N
269,AMYY,GraniteShares YieldBOOST AMD ETF,G,N,N,100,Y,N
270,AMZD,Direxion Daily AMZN Bear 1X Shares,G,N,N,100,Y,N
271,AMZN,"Amazon.com, Inc. - Common Stock",Q,N,N,100,N,N
272,AMZU,Direxion Daily AMZN Bull 2X Shares,G,N,N,100,Y,N
273,AMZZ,GraniteShares 2x Long AMZN Daily ETF,G,N,N,100,Y,N
274,ANAB,"AnaptysBio, Inc. - Common Stock",Q,N,N,100,N,N
275,ANDE,"The Andersons, Inc. - Common Stock",Q,N,N,100,N,N
276,ANEB,"Anebulo Pharmaceuticals, Inc. - Common Stock",S,N,N,100,N,N
277,ANEL,Defiance Daily Target 2x Long ANET ETF,G,N,N,100,Y,N
278,ANGH,Anghami Inc. - Ordinary Shares,S,N,N,100,N,N
279,ANGHW,Anghami Inc. - Warrants,S,N,N,100,N,N
280,ANGI,Angi Inc. - Class A Common Stock,Q,N,N,100,N,N
281,ANGL,VanEck Fallen Angel High Yield Bond ETF,G,N,N,100,Y,N
282,ANGO,"AngioDynamics, Inc. - Common Stock",Q,N,N,100,N,N
283,ANIK,Anika Therapeutics Inc. - Common Stock,Q,N,N,100,N,N
284,ANIP,"ANI Pharmaceuticals, Inc. - Common Stock",G,N,N,100,N,N
285,ANIX,"Anixa Biosciences, Inc. - Common Stock",S,N,N,100,N,N
286,ANL,Adlai Nortye Ltd. - American Depositary Shares,G,N,N,100,N,N
287,ANNA,"AleAnna, Inc. - Class A Common Stock",S,N,N,100,N,N
288,ANNAW,"AleAnna, Inc. - Warrant",S,N,N,100,N,N
289,ANNX,"Annexon, Inc. - common stock",Q,N,N,100,N,N
290,ANPA,Rich Sparkle Holdings Limited - Ordinary Shares,S,N,N,100,N,N
291,ANSC,Agriculture & Natural Solutions Acquisition Corporation - Class A Ordinary Shares,G,N,N,100,N,N
292,ANSCU,Agriculture & Natural Solutions Acquisition Corporation - Unit,G,N,N,100,N,N
293,ANSCW,Agriculture & Natural Solutions Acquisition Corporation - Warrant,G,N,N,100,N,N
294,ANTA,Antalpha Platform Holding Company - Class A Ordinary Shares,G,N,N,100,N,N
295,ANTX,"AN2 Therapeutics, Inc. - Common Stock",Q,N,N,100,N,N
296,ANY,Sphere 3D Corp. - Common Shares,S,N,D,100,N,N
297,AOHY,Angel Oak High Yield Opportunities ETF,G,N,N,100,Y,N
298,AOSL,Alpha and Omega Semiconductor Limited - Common Shares,Q,N,N,100,N,N
299,AOTG,AOT Growth and Innovation ETF,G,N,N,100,Y,N
300,AOUT,"American Outdoor Brands, Inc. - Common Stock",Q,N,N,100,N,N
301,APA,APA Corporation - Common Stock,Q,N,N,100,N,N
302,APAC,StoneBridge Acquisition II Corporation - Class A Ordinary Shares,S,N,N,100,N,N
303,APACR,StoneBridge Acquisition II Corporation - Rights,S,N,N,100,N,N
304,APACU,StoneBridge Acquisition II Corporation - Units,S,N,N,100,N,N
305,APAD,A Paradise Acquisition Corp. - Class A Ordinary Shares,G,N,N,100,N,N
306,APADR,A Paradise Acquisition Corp. - Rights,G,N,N,100,N,N
307,APADU,A Paradise Acquisition Corp. - Unit,G,N,N,100,N,N
308,APEI,"American Public Education, Inc. - Common Stock",Q,N,N,100,N,N
309,APGE,"Apogee Therapeutics, Inc. - Common Stock",G,N,N,100,N,N
310,API,"Agora, Inc. - ADS",Q,N,N,100,N,N
311,APLD,Applied Digital Corporation - Common Stock,Q,N,N,100,N,N
312,APLM,Apollomics Inc. - Class A Ordinary Shares,S,N,N,100,N,N
313,APLMW,Apollomics Inc. - Warrant,S,N,N,100,N,N
314,APLS,"Apellis Pharmaceuticals, Inc. - Common Stock",Q,N,N,100,N,N
315,APLT,"Applied Therapeutics, Inc. - Common Stock",S,N,D,100,N,N
316,APM,Aptorum Group Limited - Class A Ordinary Shares,S,N,N,100,N,N
317,APOG,"Apogee Enterprises, Inc. - Common Stock",Q,N,N,100,N,N
318,APP,Applovin Corporation - Class A Common Stock,Q,N,N,40,N,N
319,APPF,"AppFolio, Inc. - Class A Common Stock",G,N,N,40,N,N
320,APPN,Appian Corporation - Class A Common Stock,G,N,N,100,N,N
321,APPS,"Digital Turbine, Inc. - Common Stock",S,N,N,100,N,N
322,APPX,Tradr 2X Long APP Daily ETF,G,N,N,100,Y,N
323,APRE,"Aprea Therapeutics, Inc. - Common Stock",S,N,N,100,N,N
324,APVO,Aptevo Therapeutics Inc. - Common Stock,S,N,N,100,N,N
325,APWC,"Asia Pacific Wire & Cable Corporation Limited  - Common shares, Par value .01 per share",S,N,N,100,N,N
326,APXT,Apex Treasury Corporation - Class A Ordinary Share,G,N,N,100,N,N
327,APXTU,Apex Treasury Corporation - Units,G,N,N,100,N,N
328,APXTW,Apex Treasury Corporation - Warrants,G,N,N,100,N,N
329,APYX,Apyx Medical Corporation - Common Stock,Q,N,N,100,N,N
330,AQB,"AquaBounty Technologies, Inc. - Common Stock",S,N,N,100,N,N
331,AQMS,"Aqua Metals, Inc. - Common Stock",S,N,N,100,N,N
332,AQST,"Aquestive Therapeutics, Inc. - Common Stock",G,N,N,100,N,N
333,AQWA,Global X Clean Water ETF,G,N,N,100,Y,N
334,ARAI,Arrive AI Inc. - Common Stock,G,N,N,100,N,N
335,ARAY,Accuray Incorporated - Common Stock,Q,N,N,100,N,N
336,ARBB,ARB IOT Group Limited - Ordinary Shares,S,N,N,100,N,N
337,ARBE,Arbe Robotics Ltd. - Ordinary Shares,S,N,N,100,N,N
338,ARBEW,Arbe Robotics Ltd. - Warrant,S,N,N,100,N,N
339,ARBK,Argo Blockchain plc - American Depositary Shares,Q,N,N,100,N,N
340,ARCB,ArcBest Corporation - Common Stock,Q,N,N,100,N,N
341,ARCC,Ares Capital Corporation - Closed End Fund,Q,N,N,100,N,N
342,ARCIU,Archimedes Tech SPAC Partners III Co. - Unit,G,N,N,100,N,N
343,ARCT,Arcturus Therapeutics Holdings Inc. - Common Stock,G,N,N,100,N,N
344,ARDX,"Ardelyx, Inc. - Common Stock",G,N,N,100,N,N
345,AREB,"American Rebel Holdings, Inc. - Common Stock",S,N,N,100,N,N
346,AREBW,"American Rebel Holdings, Inc. - warrants",S,N,N,100,N,N
347,AREC,American Resources Corporation - Class A Common Stock,S,N,D,100,N,N
348,ARGX,argenx SE - American Depositary Shares,Q,N,N,40,N,N
349,ARHS,"Arhaus, Inc. - Class A Common Stock",Q,N,N,100,N,N
350,ARKO,ARKO Corp. - Common Stock,S,N,N,100,N,N
351,ARKR,Ark Restaurants Corp. - Common Stock,G,N,N,100,N,N
352,ARLP,"Alliance Resource Partners, L.P. - Common Units Representing Limited Partnership Interests",Q,N,N,100,N,N
353,ARM,Arm Holdings plc - American Depositary Shares,Q,N,N,100,N,N
354,ARMG,Leverage Shares 2X Long ARM Daily ETF,G,N,N,100,Y,N
355,AROW,Arrow Financial Corporation - Common Stock,Q,N,N,100,N,N
356,ARQ,"Arq, Inc. - Common Stock",G,N,N,100,N,N
357,ARQQ,Arqit Quantum Inc. - Ordinary Shares,S,N,N,100,N,N
358,ARQQW,Arqit Quantum Inc. - Warrants,S,N,N,100,N,N
359,ARQT,"Arcutis Biotherapeutics, Inc. - Common stock",Q,N,N,100,N,N
360,ARRY,"Array Technologies, Inc. - Common Stock",G,N,N,100,N,N
361,ARTCU,Art Technology Acquisition Corp. - Units,G,N,N,100,N,N
362,ARTL,"Artelo Biosciences, Inc. - Common Stock",S,N,D,100,N,N
363,ARTNA,Artesian Resources Corporation - Class A Non-Voting Common Stock,Q,N,N,100,N,N
364,ARTV,"Artiva Biotherapeutics, Inc. - Common Stock",G,N,N,100,N,N
365,ARTW,"Art's-Way Manufacturing Co., Inc. - Common Stock",S,N,N,100,N,N
366,ARVN,"Arvinas, Inc. - Common Stock",Q,N,N,100,N,N
367,ARVR,First Trust Indxx Metaverse ETF,G,N,N,100,Y,N
368,ARWR,"Arrowhead Pharmaceuticals, Inc. - Common Stock",Q,N,N,100,N,N
369,ASBP,"Aspire Biopharma Holdings, Inc.  - Common Stock",S,N,D,100,N,N
370,ASBPW,"Aspire Biopharma Holdings, Inc.  - Warrant",S,N,N,100,N,N
371,ASCI,abrdn International Small Cap Active ETF,G,N,N,100,Y,N
372,ASLE,AerSale Corporation - Common Stock,S,N,N,100,N,N
373,ASMB,"Assembly Biosciences, Inc. - Common Stock",Q,N,N,100,N,N
374,ASMG,Leverage Shares 2X Long ASML Daily ETF,G,N,N,100,Y,N
375,ASML,ASML Holding N.V. - New York Registry Shares,Q,N,N,40,N,N
376,ASND,Ascendis Pharma A/S - American Depositary Shares,Q,N,N,100,N,N
377,ASNS,"Actelis Networks, Inc. - Common Stock",S,N,N,100,N,N
378,ASO,"Academy Sports and Outdoors, Inc. - Common Stock",Q,N,N,100,N,N
379,ASPC,A SPAC III Acquisition Corp. - Class A Ordinary Shares,S,N,N,100,N,N
380,ASPCR,A SPAC III Acquisition Corp. - Right,S,N,N,100,N,N
381,ASPCU,A SPAC III Acquisition Corp. - Unit,S,N,N,100,N,N
382,ASPI,ASP Isotopes Inc. - Common Stock,S,N,N,100,N,N
383,ASPS,Altisource Portfolio Solutions S.A. - Common Stock,Q,N,N,100,N,N
384,ASPSW,Altisource Portfolio Solutions S.A. - Net Settle Stakeholder Warrants,Q,N,N,100,N,N
385,ASPSZ,Altisource Portfolio Solutions S.A. - Cash Exercise Stakeholder Warrants,Q,N,N,100,N,N
386,ASRT,"Assertio Holdings, Inc. - Common Stock",S,N,N,100,N,N
387,ASRV,AmeriServ Financial Inc. - Common Stock,G,N,N,100,N,N
388,ASST,"Strive, Inc. - Class A Common Stock",G,N,N,100,N,N
389,ASTC,Astrotech Corporation - Common Stock,S,N,N,100,N,N
390,ASTE,"Astec Industries, Inc. - Common Stock",Q,N,N,100,N,N
391,ASTH,Astrana Health Inc. - Common Stock,S,N,N,100,N,N
392,ASTI,"Ascent Solar Technologies, Inc - Common Stock",S,N,N,100,N,N
393,ASTL,Algoma Steel Group Inc. - Common Shares,G,N,N,100,N,N
394,ASTLW,Algoma Steel Group Inc. - Warrant,G,N,N,100,N,N
395,ASTS,"AST SpaceMobile, Inc. - Class A Common Stock",Q,N,N,100,N,N
396,ASUR,Asure Software Inc - Common Stock,S,N,N,100,N,N
397,ASYS,"Amtech Systems, Inc. - Common Stock",Q,N,N,100,N,N
398,ATAI,AtaiBeckley Inc. - Common Stock,G,N,N,100,N,N
399,ATAT,Atour Lifestyle Holdings Limited - American Depositary Shares,Q,N,N,100,N,N
400,ATCX,Atlas Critical Minerals Corporation - Common Stock,S,N,N,100,N,N
401,ATEC,"Alphatec Holdings, Inc. - Common Stock",Q,N,N,100,N,N
402,ATER,"Aterian, Inc. - Common Stock",S,N,D,100,N,N
403,ATEX,Anterix Inc. - Common Stock,S,N,N,100,N,N
404,ATGL,Alpha Technology Group Limited - Class A Ordinary Shares,S,N,N,100,N,N
405,ATHE,Alterity Therapeutics Limited - American Depositary Shares,S,N,N,100,N,N
406,ATHR,"Aether Holdings, Inc. - Common Stock",S,N,N,100,N,N
407,ATII,Archimedes Tech SPAC Partners II Co. - Ordinary Shares,G,N,N,100,N,N
408,ATIIU,Archimedes Tech SPAC Partners II Co. - Unit,G,N,N,100,N,N
409,ATIIW,Archimedes Tech SPAC Partners II Co. - Warrant,G,N,N,100,N,N
410,ATLC,Atlanticus Holdings Corporation - Common Stock,Q,N,N,100,N,N
411,ATLCL,Atlanticus Holdings Corporation - 6.125% Senior Notes due 2026,G,N,N,100,N,N
412,ATLCP,"Atlanticus Holdings Corporation - 7.625% Series B Cumulative Perpetual Preferred Stock, no par value per share",Q,N,N,100,N,N
413,ATLCZ,Atlanticus Holdings Corporation - 9.25% Senior Notes due 2029,G,N,N,100,N,N
414,ATLN,Atlantic International Corp. - Common Stock,G,N,N,100,N,N
415,ATLO,Ames National Corporation - Common Stock,S,N,N,100,N,N
416,ATLX,Atlas Lithium Corporation - Common Stock,S,N,N,100,N,N
417,ATNI,"ATN International, Inc. - Common Stock",Q,N,N,100,N,N
418,ATOM,Atomera Incorporated - Common Stock,S,N,N,100,N,N
419,ATON,AlphaTON Capital Corp. - Common Stock,S,N,N,100,N,N
420,ATOS,"Atossa Therapeutics, Inc. - Common Stock",S,N,D,100,N,N
421,ATPC,Agape ATP Corporation - Common Stock,S,N,N,100,N,N
422,ATRA,"Atara Biotherapeutics, Inc. - Common Stock",Q,N,N,100,N,N
423,ATRC,"AtriCure, Inc. - Common Stock",G,N,N,100,N,N
424,ATRO,Astronics Corporation - Common Stock,Q,N,N,100,N,N
425,ATXG,Addentax Group Corp. - Common Stock,S,N,D,100,N,N
426,ATYR,"aTyr Pharma, Inc. - Common Stock",S,N,D,100,N,N
427,AUBN,"Auburn National Bancorporation, Inc. - Common Stock",G,N,N,100,N,N
428,AUDC,AudioCodes Ltd. - Ordinary Shares,Q,N,N,100,N,N
429,AUGO,Aura Minerals Inc. - Common Shares,Q,N,N,100,N,N
430,AUID,authID Inc. - Common Stock,S,N,N,100,N,N
431,AUMI,Themes Gold Miners ETF,G,N,N,100,Y,N
432,AUPH,Aurinia Pharmaceuticals Inc - Common Shares,G,N,N,100,N,N
433,AUR,"Aurora Innovation, Inc.  - Class A Common Stock",Q,N,N,100,N,N
434,AURA,"Aura Biosciences, Inc. - Common Stock",G,N,N,100,N,N
435,AURE,Aurelion Inc.  - Class A Ordinary Shares,S,N,D,100,N,N
436,AUROW,"Aurora Innovation, Inc.  - Warrant",Q,N,N,100,N,N
437,AUTL,Autolus Therapeutics plc - American Depositary Shares,Q,N,N,100,N,N
438,AUUD,Auddia Inc. - Common Stock,S,N,N,100,N,N
439,AUUDW,Auddia Inc. - Warrants,S,N,N,100,N,N
440,AVAH,Aveanna Healthcare Holdings Inc. - Common Stock,Q,N,N,100,N,N
441,AVAV,"AeroVironment, Inc. - Common Stock",Q,N,N,40,N,N
442,AVBH,"Avidbank Holdings, Inc. - Common Stock",Q,N,N,100,N,N
443,AVBP,"ArriVent BioPharma, Inc. - Common Stock",G,N,N,100,N,N
444,AVDL,Avadel Pharmaceuticals plc - Ordinary Share,G,N,N,100,N,N
445,AVGB,Avantis Credit ETF,G,N,N,100,Y,N
446,AVGG,Leverage Shares 2X Long AVGO Daily ETF,G,N,N,100,Y,N
447,AVGO,Broadcom Inc. - Common Stock,Q,N,N,40,N,N
448,AVGU,GraniteShares 2x Long AVGO Daily ETF,G,N,N,100,Y,N
449,AVGX,Defiance Daily Target 2X Long AVGO ETF,G,N,N,100,Y,N
450,AVIR,"Atea Pharmaceuticals, Inc. - common stock",Q,N,N,100,N,N
451,AVL,Direxion Daily AVGO Bull 2X Shares,G,N,N,100,Y,N
452,AVNW,"Aviat Networks, Inc. - Common Stock",Q,N,N,100,N,N
453,AVO,"Mission Produce, Inc. - Common Stock",Q,N,N,100,N,N
454,AVPT,"AvePoint, Inc. - Class A Common Stock",Q,N,N,100,N,N
455,AVR,Anteris Technologies Global Corp. - Common Stock,G,N,N,100,N,N
456,AVS,Direxion Daily AVGO Bear 1X Shares,G,N,N,100,Y,N
457,AVT,"Avnet, Inc. - Common Stock",Q,N,N,100,N,N
458,AVTX,"Avalo Therapeutics, Inc. - Common Stock",S,N,N,100,N,N
459,AVUQ,Avantis U.S. Quality ETF,G,N,N,100,Y,N
460,AVX,Avax One Technology Ltd. - Common Shares,S,N,N,100,N,N
461,AVXC,Avantis Emerging Markets ex-China Equity ETF,G,N,N,100,Y,N
462,AVXL,Anavex Life Sciences Corp. - Common Stock,Q,N,N,100,N,N
463,AVXX,Defiance Daily Target 2x Long AVAV ETF,G,N,N,100,Y,N
464,AWRE,"Aware, Inc. - Common Stock",G,N,N,100,N,N
465,AXG,Solowin Holdings - Class A Ordinary Share,S,N,N,100,N,N
466,AXGN,"Axogen, Inc. - Common Stock",S,N,N,100,N,N
467,AXIN,Axiom Intelligence Acquisition Corp 1 - Class A Ordinary Shares,G,N,N,100,N,N
468,AXINR,Axiom Intelligence Acquisition Corp 1 - Right,G,N,N,100,N,N
469,AXINU,Axiom Intelligence Acquisition Corp 1 - Units,G,N,N,100,N,N
470,AXON,"Axon Enterprise, Inc. - Common Stock",Q,N,N,40,N,N
471,AXSM,"Axsome Therapeutics, Inc. - Common Stock",G,N,N,100,N,N
472,AXTI,AXT Inc - Common Stock,Q,N,D,100,N,N
473,AYTU,"Aytu BioPharma, Inc.  - Common Stock",S,N,N,100,N,N
474,AZ,A2Z Cust2Mate Solutions Corp. - Common Shares,S,N,D,100,N,N
475,AZI,Autozi Internet Technology (Global) Ltd. - Class A Ordinary Shares,G,N,D,100,N,N
476,AZN,AstraZeneca PLC - American Depositary Shares,Q,N,N,100,N,N
477,AZTA,"Azenta, Inc. - Common Stock",Q,N,N,100,N,N
478,AZYY,GraniteShares YieldBoost AMZN ETF,G,N,N,100,Y,N
479,BABX,GraniteShares 2x Long BABA Daily ETF,G,N,N,100,Y,N
480,BACC,Blue Acquisition Corp. - Class A Ordinary Shares,G,N,N,100,N,N
481,BACCR,Blue Acquisition Corp. - Right,G,N,N,100,N,N
482,BACCU,Blue Acquisition Corp. - Unit,G,N,N,100,N,N
483,BACQ,Inflection Point Acquisition Corp. IV - Class A Ordinary Shares,G,N,N,100,N,N
484,BACQR,Inflection Point Acquisition Corp. IV - Right,G,N,N,100,N,N
485,BACQU,Inflection Point Acquisition Corp. IV - Unit,G,N,N,100,N,N
486,BAER,"Bridger Aerospace Group Holdings, Inc. - Common Stock",G,N,N,100,N,N
487,BAERW,"Bridger Aerospace Group Holdings, Inc. - Warrant",G,N,N,100,N,N
488,BAFE,Brown Advisory Flexible Equity ETF,G,N,N,100,Y,N
489,BAFN,BayFirst Financial Corp. - Common Stock,S,N,N,100,N,N
490,BAIG,Leverage Shares 2X Long BBAI Daily ETF,G,N,N,100,Y,N
491,BALQ,iShares Nasdaq Premium Income Active ETF,G,N,N,100,Y,N
492,BAND,Bandwidth Inc. - Class A Common Stock,Q,N,N,100,N,N
493,BANF,BancFirst Corporation - Common Stock,Q,N,N,100,N,N
494,BANFP,BancFirst Corporation - 7.2% Cumulative Trust Preferred Securities,Q,N,N,100,N,N
495,BANL,CBL International Limited - Class B Ordinary Shares,S,N,D,100,N,N
496,BANR,Banner Corporation - Common Stock,Q,N,N,100,N,N
497,BANX,ArrowMark Financial Corp. - Closed End Fund,Q,N,N,100,N,N
498,BAOS,Baosheng Media Group Holdings Limited - Ordinary shares,S,N,N,100,N,N
499,BASG,Brown Advisory Sustainable Growth ETF,G,N,N,100,Y,N
500,BASV,Brown Advisory Sustainable Value ETF,G,N,N,100,Y,N
501,BATRA,"Atlanta Braves Holdings, Inc. - Series A Common Stock",Q,N,N,100,N,N
502,BATRK,"Atlanta Braves Holdings, Inc. - Series C Common Stock",Q,N,N,100,N,N
503,BAYA,Bayview Acquisition Corp - Ordinary Share,G,N,D,100,N,N
504,BAYAR,Bayview Acquisition Corp - Right,G,N,D,100,N,N
505,BAYAU,Bayview Acquisition Corp - Unit,G,N,D,100,N,N
506,BBB,CYBER HORNET S&P 500 and Bitcoin 75/25 Strategy ETF,G,N,N,100,Y,N
507,BBCP,"Concrete Pumping Holdings, Inc.  - Common Stock",S,N,N,100,N,N
508,BBCQU,Bleichroeder Acquisition Corp. II - Units,G,N,N,100,N,N
509,BBGI,"Beasley Broadcast Group, Inc. - Class A Common Stock",S,N,N,100,N,N
510,BBH,VanEck Biotech ETF,G,N,N,100,Y,N
511,BBIO,"BridgeBio Pharma, Inc. - Common Stock",Q,N,N,100,N,N
512,BBLG,Bone Biologics Corp - Common Stock,S,N,N,100,N,N
513,BBLGW,Bone Biologics Corp - warrants,S,N,N,100,N,N
514,BBNX,"Beta Bionics, Inc. - Common Stock",G,N,N,100,N,N
515,BBOT,"BridgeBio Oncology Therapeutics, Inc. - Common Stock",G,N,N,100,N,N
516,BBSI,"Barrett Business Services, Inc. - Common Stock",Q,N,N,100,N,N
517,BBYY,GraniteShares YieldBOOST BABA ETF,G,N,N,100,Y,N
518,BCAB,"BioAtla, Inc. - Common Stock",S,N,D,100,N,N
519,BCAL,California BanCorp - Common Stock,S,N,N,100,N,N
520,BCAR,D. Boral ARC Acquisition I Corp. - Class A Ordinary Shares,G,N,N,100,N,N
521,BCARU,D. Boral ARC Acquisition I Corp. - Units,G,N,N,100,N,N
522,BCARW,D. Boral ARC Acquisition I Corp. - Warrant,G,N,N,100,N,N
523,BCAX,Bicara Therapeutics Inc. - Common Stock,G,N,N,100,N,N
524,BCBP,"BCB Bancorp, Inc. (NJ) - Common Stock",G,N,N,100,N,N
525,BCDA,"BioCardia, Inc. - Common Stock",S,N,N,100,N,N
526,BCFN,Baron Financials ETF,G,N,N,100,Y,N
527,BCG,"Binah Capital Group, Inc. - Common Stock",G,N,N,100,N,N
528,BCGWW,"Binah Capital Group, Inc. - Warrants",S,N,N,100,N,N
529,BCIC,BCP Investment Corporation - Closed End Fund,Q,N,N,100,N,N
530,BCLO,iShares BBB-B CLO Active ETF,G,N,N,100,Y,N
531,BCML,BayCom Corp - Common Stock,Q,N,N,100,N,N
532,BCPC,Balchem Corporation - Common Stock,Q,N,N,100,N,N
533,BCRX,"BioCryst Pharmaceuticals, Inc. - Common Stock",Q,N,N,100,N,N
534,BCTK,Baron Technology ETF,G,N,N,100,Y,N
535,BCTX,BriaCell Therapeutics Corp. - Common Shares,S,N,N,100,N,N
536,BCTXL,BriaCell Therapeutics Corp. - Warrants,S,N,N,100,N,N
537,BCTXW,BriaCell Therapeutics Corp. - Warrant expiring 2026,S,N,N,100,N,N
538,BCTXZ,BriaCell Therapeutics Corp. - Warrant,S,N,N,100,N,N
539,BCYC,Bicycle Therapeutics plc - American Depositary Shares,Q,N,N,100,N,N
540,BDCI,BTC Development Corp. - Class A Ordinary Shares,G,N,N,100,N,N
541,BDCIU,BTC Development Corp. - Unit,G,N,N,100,N,N
542,BDCIW,BTC Development Corp. - Warrant,G,N,N,100,N,N
543,BDGS,Bridges Capital Tactical ETF,G,N,N,100,Y,N
544,BDMD,Baird Medical Investment Holdings Ltd - Ordinary Share,S,N,N,100,N,N
545,BDMDW,Baird Medical Investment Holdings Ltd - Warrant,S,N,N,100,N,N
546,BDRX,Biodexa Pharmaceuticals plc - American Depositary Shares,S,N,N,100,N,N
547,BDSX,"Biodesix, Inc. - Common Stock",G,N,N,100,N,N
548,BDTX,"Black Diamond Therapeutics, Inc. - Common Stock",Q,N,N,100,N,N
549,BDVL,iShares Disciplined Volatility Equity Active ETF,G,N,N,100,Y,N
550,BDYN,iShares Dynamic Equity Active ETF,G,N,N,100,Y,N
551,BEAG,Bold Eagle Acquisition Corp. - Class A Ordinary Shares,G,N,N,100,N,N
552,BEAGR,Bold Eagle Acquisition Corp. - Right,G,N,N,100,N,N
553,BEAGU,Bold Eagle Acquisition Corp. - Units,G,N,N,100,N,N
554,BEAM,Beam Therapeutics Inc. - Common Stock,Q,N,N,100,N,N
555,BEAT,"Heartbeam, Inc. - Common Stock",S,N,N,100,N,N
556,BEATW,"Heartbeam, Inc. - Warrant",S,N,N,100,N,N
557,BEDY,BNY Mellon Enhanced Dividend and Income ETF,G,N,N,100,Y,N
558,BEEM,Beam Global - Common Stock,S,N,N,100,N,N
559,BEEP,Mobile Infrastructure Corporation - Common Stock,G,N,N,100,N,N
560,BEEX,The Beehive ETF,G,N,N,100,Y,N
561,BEEZ,Honeytree U.S. Equity ETF,G,N,N,100,Y,N
562,BEG,Leverage Shares 2x Long BE Daily ETF,G,N,N,100,Y,N
563,BELFA,Bel Fuse Inc. - Class A Common Stock,Q,N,N,100,N,N
564,BELFB,Bel Fuse Inc. - Class B Common Stock,Q,N,N,100,N,N
565,BELT,iShares U.S. Select Equity Active ETF,G,N,N,100,Y,N
566,BENF,Beneficient - Class A Common Stock,S,N,N,100,N,N
567,BENFW,Beneficient - Warrant,S,N,N,100,N,N
568,BETR,Better Home & Finance Holding Company - Class A Common Stock,G,N,N,100,N,N
569,BETRW,Better Home & Finance Holding Company - Warrant,G,N,N,100,N,N
570,BFC,Bank First Corporation - Common Stock,S,N,N,100,N,N
571,BFRG,"Bullfrog AI Holdings, Inc. - Common Stock",S,N,D,100,N,N
572,BFRGW,"Bullfrog AI Holdings, Inc. - Warrants",S,N,D,100,N,N
573,BFRI,Biofrontera Inc. - Common Stock,S,N,D,100,N,N
574,BFRIW,Biofrontera Inc. - Warrants,S,N,N,100,N,N
575,BFST,"Business First Bancshares, Inc. - Common Stock",Q,N,N,100,N,N
576,BGC,"BGC Group, Inc. - Class A Common Stock",Q,N,N,100,N,N
577,BGIN,Bgin Blockchain Limited - Class A Ordinary Shares,G,N,N,100,N,N
578,BGL,Blue Gold Limited - Class A ordinary shares,G,N,N,100,N,N
579,BGLC,BioNexus Gene Lab Corp - Common stock,S,N,N,100,N,N
580,BGLWW,Blue Gold Limited - Warrant,S,N,N,100,N,N
581,BGM,BGM Group Ltd. - Class A Ordinary Shares,S,N,N,100,N,N
582,BGMS,"Bio Green Med Solution, Inc. - Common Stock",S,N,N,100,N,N
583,BGMSP,"Bio Green Med Solution, Inc. - 6% Convertible Preferred Stock",S,N,D,100,N,N
584,BGRN,iShares USD Green Bond ETF,G,N,N,100,Y,N
585,BGRO,iShares Large Cap Growth Active ETF,G,N,N,100,Y,N
586,BHAT,Blue Hat Interactive Entertainment Technology - Ordinary Shares,S,N,N,100,N,N
587,BHF,"Brighthouse Financial, Inc. - Common Stock",Q,N,N,100,N,N
588,BHFAL,"Brighthouse Financial, Inc. - Junior Subordinated Debentures due 2058",Q,N,N,100,N,N
589,BHFAM,"Brighthouse Financial, Inc. - Depositary shares each representing a 1/1,000th Interest in a Share of 4.625% Non-Cumulative Preferred Stock, Series D",Q,N,N,100,N,N
590,BHFAN,"Brighthouse Financial, Inc. - depositary shares, each representing a 1/1,000th interest in a share of 5.375% Non-Cumulative Preferred Stock, Series C",Q,N,N,100,N,N
591,BHFAO,"Brighthouse Financial, Inc. - Depositary Shares, each representing a 1/1,000th interest in a share of 6.750% Non-Cumulative Preferred Stock, Series B",Q,N,N,100,N,N
592,BHFAP,"Brighthouse Financial, Inc. - Depositary Shares 6.6% Non-Cumulative Preferred Stock, Series A",Q,N,N,100,N,N
593,BHRB,Burke & Herbert Financial Services Corp. - Common Stock,S,N,N,100,N,N
594,BHST,BioHarvest Sciences Inc. - Common Stock,G,N,N,100,N,N
595,BIAF,"bioAffinity Technologies, Inc. - Common Stock",S,N,N,100,N,N
596,BIAFW,"bioAffinity Technologies, Inc. - Warrant",S,N,N,100,N,N
597,BIB,ProShares Ultra Nasdaq Biotechnology,G,N,N,100,Y,N
598,BIDG,Leverage Shares 2X Long BIDU Daily ETF,G,N,N,100,Y,N
599,BIDU,"Baidu, Inc. - American Depositary Shares, each representing 8 ordinary share",Q,N,N,100,N,N
600,BIIB,Biogen Inc. - Common Stock,Q,N,N,100,N,N
601,BILI,Bilibili Inc. - American Depositary Shares,Q,N,N,100,N,N
602,BIOA,"BioAge Labs, Inc. - Common Stock",Q,N,N,100,N,N
603,BIOX,Bioceres Crop Solutions Corp. - Ordinary Shares,Q,N,N,100,N,N
604,BIRD,"Allbirds, Inc. - Class A Common Stock",Q,N,N,100,N,N
605,BIS,ProShares UltraShort Nasdaq Biotechnology,G,N,N,100,Y,N
606,BITF,Bitfarms Ltd. - Common Stock,G,N,N,100,N,N
607,BITS,Global X Blockchain & Bitcoin Strategy ETF,G,N,N,100,Y,N
608,BIVI,BioVie Inc. - Common stock,S,N,N,100,N,N
609,BIVIW,BioVie Inc. - Warrant,S,N,N,100,N,N
610,BIXI,Bitcoin Infrastructure Acquisition Corp Ltd. - Class A Ordinary Shares,G,N,N,100,N,N
611,BIXIU,Bitcoin Infrastructure Acquisition Corp Ltd. - Units,G,N,N,100,N,N
612,BIXIW,Bitcoin Infrastructure Acquisition Corp Ltd. - Warrants,G,N,N,100,N,N
613,BIYA,Baiya International Group Inc.  - Ordinary Shares,S,N,N,100,N,N
614,BJDX,"Bluejay Diagnostics, Inc. - Common Stock",S,N,N,100,N,N
615,BJK,VanEck Gaming ETF,G,N,N,100,Y,N
616,BJRI,"BJ's Restaurants, Inc. - Common Stock",Q,N,N,100,N,N
617,BKCH,Global X Blockchain ETF,G,N,N,100,Y,N
618,BKHA,Black Hawk Acquisition Corporation - Class A Ordinary Shares,G,N,N,100,N,N
619,BKHAR,Black Hawk Acquisition Corporation - Rights,G,N,N,100,N,N
620,BKHAU,Black Hawk Acquisition Corporation - Units,G,N,N,100,N,N
621,BKMI,BNY Mellon Municipal Intermediate ETF,G,N,N,100,Y,N
622,BKMS,BNY Mellon Municipal Short Duration ETF,G,N,N,100,Y,N
623,BKNG,Booking Holdings Inc. - Common Stock,Q,N,N,10,N,N
624,BKR,Baker Hughes Company - Common Stock,Q,N,N,100,N,N
625,BKYI,"BIO-key International, Inc. - Common Stock",S,N,D,100,N,N
626,BL,"BlackLine, Inc. - Common Stock",Q,N,N,100,N,N
627,BLBD,Blue Bird Corporation - Common Stock,G,N,N,100,N,N
628,BLBX,Blackboxstocks Inc. - Common Stock,S,N,N,100,N,N
629,BLCN,Siren Nasdaq NexGen Economy ETF,G,N,N,100,Y,N
630,BLCR,iShares Large Cap Core Active ETF,G,N,N,100,Y,N
631,BLDP,"Ballard Power Systems, Inc. - Common Shares",G,N,N,100,N,N
632,BLFS,"BioLife Solutions, Inc. - Common Stock",S,N,N,100,N,N
633,BLFY,Blue Foundry Bancorp - Common Stock,Q,N,N,100,N,N
634,BLIN,"Bridgeline Digital, Inc. - Common Stock",S,N,N,100,N,N
635,BLIV,BeLive Holdings - ordinary shares,S,N,N,100,N,N
636,BLKB,"Blackbaud, Inc. - Common Stock",Q,N,N,100,N,N
637,BLLN,"BillionToOne, Inc. - Class A common stock",Q,N,N,100,N,N
638,BLMN,"Bloomin' Brands, Inc. - Common Stock",Q,N,N,100,N,N
639,BLNE,"Beeline Holdings, Inc. - Common Stock",S,N,N,100,N,N
640,BLNK,Blink Charging Co. - Common Stock,S,N,N,100,N,N
641,BLRKU,Bluerock Acquisition Corp. - Units,G,N,N,100,N,N
642,BLRX,BioLineRx Ltd. - American Depositary Shares,S,N,N,100,N,N
643,BLSG,Leverage Shares 2X Long BLSH Daily ETF,G,N,N,100,Y,N
644,BLTE,"Belite Bio, Inc - American Depositary Shares",S,N,N,100,N,N
645,BLUW,Blue Water Acquisition Corp. III - Class A Ordinary Shares,G,N,N,100,N,N
646,BLUWU,Blue Water Acquisition Corp. III - Unit.,G,N,N,100,N,N
647,BLUWW,Blue Water Acquisition Corp. III - Warrant.,G,N,N,100,N,N
648,BLZE,"Backblaze, Inc. - Common Stock",G,N,N,100,N,N
649,BLZR,Trailblazer Acquisition Corp. - Class A Ordinary Shares,G,N,N,100,N,N
650,BLZRU,Trailblazer Acquisition Corp. - Unit,G,N,N,100,N,N
651,BLZRW,Trailblazer Acquisition Corp. - Warrant,G,N,N,100,N,N
652,BMAX,REX Bitcoin Corporate Treasury Convertible Bond ETF,G,N,N,100,Y,N
653,BMBL,Bumble Inc. - common stock,Q,N,N,100,N,N
654,BMDL,VictoryShares WestEnd Economic Cycle Bond ETF,G,N,N,100,Y,N
655,BMEA,"Biomea Fusion, Inc. - Common Stock",Q,N,N,100,N,N
656,BMGL,Basel Medical Group Ltd - ordinary shares,S,N,E,100,N,N
657,BMHL,Bluemount Holdings Limited - Class B Ordinary Shares,S,N,N,100,N,N
658,BMM,Blue Moon Metals Inc. - Common Shares,S,N,N,100,N,N
659,BMNG,Leverage Shares 2X Long BMNR Daily ETF,G,N,N,100,Y,N
660,BMOP,BNY Mellon Municipal Opportunities ETF,G,N,N,100,Y,N
661,BMR,Beamr Imaging Ltd. - Ordinary Share,S,N,N,100,N,N
662,BMRA,"Biomerica, Inc. - Common Stock",S,N,N,100,N,N
663,BMRC,Bank of Marin Bancorp - Common Stock,Q,N,N,100,N,N
664,BMRN,BioMarin Pharmaceutical Inc. - Common Stock,Q,N,N,100,N,N
665,BNAI,Brand Engagement Network Inc. - Common Stock,S,N,N,100,N,N
666,BNAIW,Brand Engagement Network Inc. - Warrant,S,N,N,100,N,N
667,BNBX,BNB Plus Corp. - Common Stock,S,N,N,100,N,N
668,BNC,CEA Industries Inc. - Common Stock,S,N,N,100,N,N
669,BNCWW,CEA Industries Inc. - Warrant,S,N,N,100,N,N
670,BND,Vanguard Total Bond Market ETF,G,N,N,100,Y,N
671,BNDP,Vanguard Core-Plus Bond Index ETF,G,N,N,100,Y,N
672,BNDW,Vanguard Total World Bond ETF,G,N,N,100,Y,N
673,BNDX,Vanguard Total International Bond ETF,G,N,N,100,Y,N
674,BNGO,"Bionano Genomics, Inc. - Common Stock",S,N,N,100,N,N
675,BNKK,"Bonk, Inc. - Common Stock",S,N,N,100,N,N
676,BNR,Burning Rock Biotech Limited - American Depositary Shares,G,N,N,100,N,N
677,BNRG,Brenmiller Energy Ltd - Ordinary Shares,S,N,N,100,N,N
678,BNTC,Benitec Biopharma Inc. - Common Stock,S,N,N,100,N,N
679,BNTX,BioNTech SE - American Depositary Shares,Q,N,N,100,N,N
680,BNZI,"Banzai International, Inc. - Class A Common Stock",S,N,N,100,N,N
681,BNZIW,"Banzai International, Inc. - Warrant",S,N,N,100,N,N
682,BODI,"The Beachbody Company, Inc. - Class A Common Stock",S,N,N,100,N,N
683,BOED,Direxion Daily BA Bear 1X Shares,G,N,N,100,Y,N
684,BOEG,Leverage Shares 2X Long BA Daily ETF,G,N,N,100,Y,N
685,BOEU,Direxion Daily BA Bull 2X Shares,G,N,N,100,Y,N
686,BOF,BranchOut Food Inc. - Common Stock,S,N,N,100,N,N
687,BOKF,BOK Financial Corporation - Common Stock,Q,N,N,100,N,N
688,BOLD,"Boundless Bio, Inc. - Common Stock",Q,N,N,100,N,N
689,BOLT,"Bolt Biotherapeutics, Inc. - Common Stock",S,N,N,100,N,N
690,BON,Bon Natural Life Limited - Class A Ordinary Shares,S,N,N,100,N,N
691,BOOM,DMC Global Inc. - Common Stock,Q,N,N,100,N,N
692,BOSC,B.O.S. Better Online Solutions - Ordinary Shares,S,N,N,100,N,N
693,BOTJ,"Bank of the James Financial Group, Inc. - Common Stock",S,N,N,100,N,N
694,BOTT,Themes Humanoid Robotics ETF,G,N,N,100,Y,N
695,BOTZ,Global X Robotics & Artificial Intelligence ETF,G,N,N,100,Y,N
696,BOXL,Boxlight Corporation - Class A Common Stock,S,N,N,100,N,N
697,BPAC,Blueport Acquisition Ltd - Class A Ordinary Shares,S,N,N,100,N,N
698,BPACR,Blueport Acquisition Ltd - Rights,S,N,N,100,N,N
699,BPACU,Blueport Acquisition Ltd - Units,S,N,N,100,N,N
700,BPOP,"Popular, Inc. - Common Stock",Q,N,N,100,N,N
701,BPOPM,"Popular, Inc. - Popular Capital Trust II - 6.125% Cumulative Monthly Income Trust Preferred Securities",Q,N,N,100,N,N
702,BPRN,"Princeton Bancorp, Inc. - Common Stock",Q,N,N,100,N,N
703,BPYPM,"Brookfield Property Partners L.P. - 6.25% Class A Cumulative Redeemable Preferred Units, Series 1",Q,N,N,100,N,N
704,BPYPN,"Brookfield Property Partners L.P. - 5.750% Class A Cumulative Redeemable Perpetual Preferred Units, Series 3",Q,N,N,100,N,N
705,BPYPO,"Brookfield Property Partners L.P. - 6.375% Class A Cumulative Redeemable Perpetual Preferred Units, Series 2",Q,N,N,100,N,N
706,BPYPP,Brookfield Property Partners L.P. - 6.50% Class A Cumulative Redeemable Perpetual Preferred Units,Q,N,N,100,N,N
707,BRAG,Bragg Gaming Group Inc. - Common Shares,Q,N,N,100,N,N
708,BRBI,BRBI BR Partners S.A. - ADSs,S,N,N,100,N,N
709,BRCB,"Black Rock Coffee Bar, Inc. - Class A Common Stock",G,N,N,100,N,N
710,BREM,iShares Emerging Markets Bond Active ETF,G,N,N,100,Y,N
711,BRFH,Barfresh Food Group Inc. - Common Stock,S,N,N,100,N,N
712,BRHY,iShares High Yield Active ETF,G,N,N,100,Y,N
713,BRID,Bridgford Foods Corporation - Common Stock,G,N,N,100,N,N
714,BRKD,Direxion Daily BRKB Bear 1X Shares,G,N,N,100,Y,N
715,BRKR,Bruker Corporation - Common Stock,Q,N,N,100,N,N
716,BRKRP,"Bruker Corporation - 6.375% Mandatory Convertible Preferred Stock, Series A",Q,N,N,40,N,N
717,BRKU,Direxion Daily BRKB Bull 2X Shares,G,N,N,100,Y,N
718,BRLS,Borealis Foods Inc. - Class A Common Shares,S,N,D,100,N,N
719,BRLSW,Borealis Foods Inc. - Warrant,S,N,D,100,N,N
720,BRLT,"Brilliant Earth Group, Inc. - Class A Common Stock",G,N,N,100,N,N
721,BRNS,Barinthus Biotherapeutics plc - American Depositary Shares,G,N,D,100,N,N
722,BRNY,Burney U.S. Factor Rotation ETF,G,N,N,100,Y,N
723,BRR,"ProCap Financial, Inc. - Common Stock",G,N,N,100,N,N
724,BRRR,Coinshares Bitcoin ETF,G,N,N,100,Y,N
725,BRRWW,"ProCap Financial, Inc. - Warrant.",S,N,N,100,N,N
726,BRTR,iShares Total Return Active ETF,G,N,N,100,Y,N
727,BRTX,"BioRestorative Therapies, Inc. - Common Stock",S,N,N,100,N,N
728,BRZE,"Braze, Inc. - Class A Common Stock",Q,N,N,100,N,N
729,BSAA,BEST SPAC I Acquisition Corp. - Class A Ordinary Shares,S,N,N,100,N,N
730,BSAAR,BEST SPAC I Acquisition Corp. - Rights,S,N,N,100,N,N
731,BSAAU,BEST SPAC I Acquisition Corp. - Unit,S,N,N,100,N,N
732,BSBK,Bogota Financial Corp. - Common Stock,S,N,N,100,N,N
733,BSCQ,Invesco BulletShares 2026 Corporate Bond ETF,G,N,N,100,Y,N
734,BSCR,Invesco BulletShares 2027 Corporate Bond ETF,G,N,N,100,Y,N
735,BSCS,Invesco BulletShares 2028 Corporate Bond ETF,G,N,N,100,Y,N
736,BSCT,Invesco BulletShares 2029 Corporate Bond ETF,G,N,N,100,Y,N
737,BSCU,Invesco BulletShares 2030 Corporate Bond ETF,G,N,N,100,Y,N
738,BSCV,Invesco BulletShares 2031 Corporate Bond ETF,G,N,N,100,Y,N
739,BSCW,Invesco BulletShares 2032 Corporate Bond ETF,G,N,N,100,Y,N
740,BSCX,Invesco BulletShares 2033 Corporate Bond ETF,G,N,N,100,Y,N
741,BSCY,Invesco BulletShares 2034 Corporate Bond ETF,G,N,N,100,Y,N
742,BSCZ,Invesco BulletShares 2035 Corporate Bond ETF,G,N,N,100,Y,N
743,BSET,"Bassett Furniture Industries, Incorporated - Common Stock",Q,N,N,100,N,N
744,BSJQ,Invesco BulletShares 2026 High Yield Corporate Bond ETF,G,N,N,100,Y,N
745,BSJR,Invesco BulletShares 2027 High Yield Corporate Bond ETF,G,N,N,100,Y,N
746,BSJS,Invesco BulletShares 2028 High Yield Corporate Bond ETF,G,N,N,100,Y,N
747,BSJT,Invesco BulletShares 2029 High Yield Corporate Bond ETF,G,N,N,100,Y,N
748,BSJU,Invesco BulletShares 2030 High Yield Corporate Bond ETF,G,N,N,100,Y,N
749,BSJV,Invesco BulletShares 2031 High Yield Corporate Bond ETF,G,N,N,100,Y,N
750,BSJW,Invesco BulletShares 2032 High Yield Corporate Bond ETF,G,N,N,100,Y,N
751,BSJX,Invesco BulletShares 2033 High Yield Corporate Bond ETF,G,N,N,100,Y,N
752,BSMQ,Invesco BulletShares 2026 Municipal Bond ETF,G,N,N,100,Y,N
753,BSMR,Invesco BulletShares 2027 Municipal Bond ETF,G,N,N,100,Y,N
754,BSMS,Invesco BulletShares 2028 Municipal Bond ETF,G,N,N,100,Y,N
755,BSMT,Invesco BulletShares 2029 Municipal Bond ETF,G,N,N,100,Y,N
756,BSMU,Invesco BulletShares 2030 Municipal Bond ETF,G,N,N,100,Y,N
757,BSMV,Invesco BulletShares 2031 Municipal Bond ETF,G,N,N,100,Y,N
758,BSMW,Invesco BulletShares 2032 Municipal Bond ETF,G,N,N,100,Y,N
759,BSMY,Invesco BulletShares 2034 Municipal Bond ETF,G,N,N,100,Y,N
760,BSMZ,Invesco BulletShares 2035 Municipal Bond ETF,G,N,N,100,Y,N
761,BSRR,Sierra Bancorp - Common Stock,Q,N,N,100,N,N
762,BSSX,Invesco BulletShares 2033 Municipal Bond ETF,G,N,N,100,Y,N
763,BSVN,Bank7 Corp. - Common stock,Q,N,N,100,N,N
764,BSVO,EA Bridgeway Omni Small-Cap Value ETF,G,N,N,100,Y,N
765,BSY,"Bentley Systems, Incorporated - Class B Common Stock",Q,N,N,100,N,N
766,BTAI,"BioXcel Therapeutics, Inc. - Common Stock",S,N,N,100,N,N
767,BTBD,"BT Brands, Inc. - Common Stock",S,N,D,100,N,N
768,BTBDW,"BT Brands, Inc. - Warrant",S,N,D,100,N,N
769,BTBT,"Bit Digital, Inc. - Ordinary Share",S,N,N,100,N,N
770,BTCS,BTCS Inc. - Common Stock,S,N,N,100,N,N
771,BTCT,BTC Digital Ltd. - Ordinary Shares,S,N,N,100,N,N
772,BTDR,Bitdeer Technologies Group - Ordinary Shares,S,N,N,100,N,N
773,BTF,CoinShares Bitcoin and Ether ETF,G,N,N,100,Y,N
774,BTGD,STKd 100% Bitcoin & 100% Gold ETF,G,N,N,100,Y,N
775,BTM,Bitcoin Depot Inc. - Class A Common Stock,S,N,N,100,N,N
776,BTMD,Biote Corp. - Class A common stock,G,N,N,100,N,N
777,BTMWW,Bitcoin Depot Inc. - Warrant,S,N,N,100,N,N
778,BTOC,Armlogi Holding Corp. - common stock,G,N,D,100,N,N
779,BTOG,Bit Origin Limited - Class A Ordinary Shares,S,N,D,100,N,N
780,BTQ,BTQ Technologies Corp. - Common Stock,G,N,N,100,N,N
781,BTSG,"BrightSpring Health Services, Inc. - Common Stock",Q,N,N,100,N,N
782,BTSGU,"BrightSpring Health Services, Inc. - Tangible Equity Unit",Q,N,N,100,N,N
783,BTTC,Black Titan Corp - Ordinary Shares,S,N,N,100,N,N
784,BU,Defiance Daily Target 2X Long BU ETF,G,N,N,100,Y,N
785,BUFC,AB Conservative Buffer ETF,G,N,N,100,Y,N
786,BUFI,AB International Buffer ETF,G,N,N,100,Y,N
787,BUFM,AB Moderate Buffer ETF,G,N,N,100,Y,N
788,BUG,Global X Cybersecurity ETF,G,N,N,100,Y,N
789,BULD,Pacer BlueStar Engineering the Future ETF,G,N,N,100,Y,N
790,BULG,Leverage Shares 2X Long BULL Daily ETF,G,N,N,100,Y,N
791,BULL,Webull Corporation - Class A Ordinary Shares,S,N,N,100,N,N
792,BULLW,Webull Corporation - Warrants,S,N,N,100,N,N
793,BULX,GraniteShares 2x Long BULL Daily ETF,G,N,N,100,Y,N
794,BUSE,First Busey Corporation - Common Stock,Q,N,N,100,N,N
795,BUSEP,"First Busey Corporation - Depositary Shares, Each Representing a 1/40th Interest in a Share of 8.25% Fixed-Rate Series B Non-Cumulative Perpetual Preferred Stock, $0.001 par value",Q,N,N,100,N,N
796,BUUU,BUUU Group Limited - Class A Ordinary Share,S,N,N,100,N,N
797,BVC,BitVentures Limited - Ordinary Share,S,N,N,100,N,N
798,BVFL,"BV Financial, Inc. - Common Stock",S,N,N,100,N,N
799,BVS,Bioventus Inc. - Class A Common Stock,Q,N,N,100,N,N
800,BWAY,BrainsWay Ltd. - American Depositary Shares,G,N,N,100,N,N
801,BWB,"Bridgewater Bancshares, Inc. - Common Stock",S,N,N,100,N,N
802,BWBBP,"Bridgewater Bancshares, Inc. - Depositary Shares, Each Representing a 1/100th Interest in a Share of 5.875% Non-Cumulative Perpetual Preferred Stock, Series A",S,N,N,100,N,N
803,BWEN,"Broadwind, Inc. - Common Stock",S,N,N,100,N,N
804,BWFG,"Bankwell Financial Group, Inc. - Common Stock",G,N,N,100,N,N
805,BWIN,"The Baldwin Insurance Group, Inc. - Class A Common Stock",Q,N,N,100,N,N
806,BWMN,Bowman Consulting Group Ltd. - Common Stock,G,N,N,100,N,N
807,BYAH,"Park Ha Biological Technology Co., Ltd. - ordinary shares",S,N,D,100,N,N
808,BYFC,Broadway Financial Corporation - Class A Common Stock,S,N,E,100,N,N
809,BYND,"Beyond Meat, Inc. - Common stock",Q,N,N,100,N,N
810,BYRN,"Byrna Technologies, Inc. - Common Stock",S,N,N,100,N,N
811,BYSI,"BeyondSpring, Inc. - Ordinary Shares",S,N,N,100,N,N
812,BZ,KANZHUN LIMITED - American Depository Shares,Q,N,N,100,N,N
813,BZAI,"Blaize Holdings, Inc. - Common Stock",G,N,N,100,N,N
814,BZAIW,"Blaize Holdings, Inc. - Warrant",S,N,N,100,N,N
815,BZFD,"BuzzFeed, Inc. - Class A Common Stock",S,N,N,100,N,N
816,BZFDW,"BuzzFeed, Inc. - Warrant",S,N,N,100,N,N
817,BZUN,Baozun Inc. - American Depositary Shares,Q,N,N,100,N,N
818,CA,Xtrackers California Municipal Bonds ETF,G,N,N,100,Y,N
819,CAAS,"China Automotive Systems, Inc. - Ordinary Share",S,N,N,100,N,N
820,CABA,"Cabaletta Bio, Inc. - Common Stock",Q,N,N,100,N,N
821,CABR,"Caring Brands, Inc. - Common Stock",S,N,N,100,N,N
822,CAC,Camden National Corporation - Common Stock,Q,N,N,100,N,N
823,CACC,Credit Acceptance Corporation - Common Stock,Q,N,N,40,N,N
824,CADL,"Candel Therapeutics, Inc. - Common Stock",G,N,N,100,N,N
825,CAEP,"Cantor Equity Partners III, Inc. - Class A Ordinary Shares",G,N,N,100,N,N
826,CAFG,Pacer US Small Cap Cash Cows Growth Leaders ETF,G,N,N,100,Y,N
827,CAI,"Caris Life Sciences, Inc. - Common Stock",Q,N,N,100,N,N
828,CAIQ,Calamos Nasdaq Autocallable Income ETF,G,N,N,100,Y,N
829,CAKE,The Cheesecake Factory Incorporated - Common Stock,Q,N,N,100,N,N
830,CALC,"CalciMedica, Inc. - Common Stock",S,N,N,100,N,N
831,CALI,iShares Short-Term California Muni Active ETF,G,N,N,100,Y,N
832,CALM,"Cal-Maine Foods, Inc. - Common Stock",Q,N,N,100,N,N
833,CAMP,CAMP4 Therapeutics Corporation - Common Stock,G,N,N,100,N,N
834,CAMT,Camtek Ltd. - Ordinary Shares,G,N,N,100,N,N
835,CAN,Canaan Inc. - American Depositary Shares,G,N,D,100,N,N
836,CANC,Tema Oncology ETF,G,N,N,100,Y,N
837,CANQ,Calamos Nasdaq Equity & Income ETF,G,N,N,100,Y,N
838,CAPN,Cayson Acquisition Corp - Ordinary Shares,G,N,N,100,N,N
839,CAPNR,Cayson Acquisition Corp - Right,G,N,N,100,N,N
840,CAPNU,Cayson Acquisition Corp - Units,G,N,N,100,N,N
841,CAPR,"Capricor Therapeutics, Inc. - Common Stock",S,N,N,100,N,N
842,CAPS,Capstone Holding Corp. - Common Stock,S,N,D,100,N,N
843,CAPT,Captivision Inc. - Ordinary Shares,G,N,H,100,N,N
844,CAPTW,Captivision Inc. - Warrant,S,N,E,100,N,N
845,CAR,"Avis Budget Group, Inc. - Common Stock",Q,N,N,100,N,N
846,CARE,"Carter Bankshares, Inc. - Common Stock",Q,N,N,100,N,N
847,CARG,"CarGurus, Inc. - Class A Common Stock",Q,N,N,100,N,N
848,CARL,"Carlsmed, Inc. - Common Stock",Q,N,N,100,N,N
849,CART,Maplebear Inc. - Common Stock,Q,N,N,100,N,N
850,CARY,Angel Oak Income ETF,G,N,N,100,Y,N
851,CARZ,First Trust S-Network Future Vehicles & Technology ETF,G,N,N,100,Y,N
852,CASH,"Pathward Financial, Inc. - Common Stock",Q,N,N,100,N,N
853,CASI,"CASI Pharmaceuticals, Inc. - Ordinary Shares",S,N,D,100,N,N
854,CASS,"Cass Information Systems, Inc - Common Stock",Q,N,N,100,N,N
855,CASY,"Caseys General Stores, Inc. - Common Stock",Q,N,N,40,N,N
856,CATH,Global X S&P 500 Catholic Values ETF,G,N,N,100,Y,N
857,CATY,Cathay General Bancorp - Common Stock,Q,N,N,100,N,N
858,CBAT,"CBAK Energy Technology, Inc. - Common Stock",S,N,D,100,N,N
859,CBC,"Central Bancompany, Inc. - Class A Common Stock",Q,N,N,100,N,N
860,CBFV,"CB Financial Services, Inc. - Common Stock",G,N,N,100,N,N
861,CBIO,"Crescent Biopharma, Inc. - Common Stock",S,N,N,100,N,N
862,CBK,"Commercial Bancgroup, Inc. - Common Stock",S,N,N,100,N,N
863,CBLL,"CeriBell, Inc. - Common Stock",Q,N,N,100,N,N
864,CBNK,"Capital Bancorp, Inc. - Common Stock",Q,N,N,100,N,N
865,CBRL,"Cracker Barrel Old Country Store, Inc. - Common Stock",Q,N,N,100,N,N
866,CBSH,"Commerce Bancshares, Inc. - Common Stock",Q,N,N,100,N,N
867,CBUS,"Cibus, Inc. - Class A Common Stock",S,N,N,100,N,N
868,CCAP,"Crescent Capital BDC, Inc. - Common Stock",G,N,N,100,N,N
869,CCB,Coastal Financial Corporation - Common Stock,Q,N,N,100,N,N
870,CCBG,Capital City Bank Group - Common Stock,Q,N,N,100,N,N
871,CCC,CCC Intelligent Solutions Holdings Inc. - Common Stock,Q,N,N,100,N,N
872,CCCC,"C4 Therapeutics, Inc. - Common Stock",Q,N,N,100,N,N
873,CCCX,Churchill Capital Corp X - Class A Ordinary Shares,G,N,N,100,N,N
874,CCCXU,Churchill Capital Corp X - Unit,G,N,N,100,N,N
875,CCCXW,Churchill Capital Corp X - Warrants,G,N,N,100,N,N
876,CCD,Calamos Dynamic Convertible & Income Fund - Closed End Fund,Q,N,N,100,N,N
877,CCEC,Capital Clean Energy Carriers Corp. - Common Share,Q,N,N,100,N,N
878,CCEP,Coca-Cola Europacific Partners plc - Ordinary Shares,Q,N,N,100,N,N
879,CCFE,Concourse Capital Focused Equity ETF,G,N,N,100,Y,N
880,CCG,Cheche Group Inc. - Class A Ordinary Shares,S,N,D,100,N,N
881,CCGWW,Cheche Group Inc. - Warrant,S,N,N,100,N,N
882,CCHH,CCH Holdings Ltd - Ordinary Shares,S,N,N,100,N,N
883,CCII,Cohen Circle Acquisition Corp. II - Class A Ordinary Shares,G,N,N,100,N,N
884,CCIIU,Cohen Circle Acquisition Corp. II - Unit,G,N,N,100,N,N
885,CCIIW,Cohen Circle Acquisition Corp. II - Warrant,G,N,N,100,N,N
886,CCIX,Churchill Capital Corp IX - Ordinary Shares,G,N,N,100,N,N
887,CCIXU,Churchill Capital Corp IX - Unit,G,N,N,100,N,N
888,CCIXW,Churchill Capital Corp IX - Warrant,G,N,N,100,N,N
889,CCLD,"CareCloud, Inc. - Common Stock",G,N,D,100,N,N
890,CCLDO,"CareCloud, Inc. - 8.75% Series B Cumulative Redeemable Perpetual Preferred Stock",G,N,D,100,N,N
891,CCNE,CNB Financial Corporation - Common Stock,Q,N,N,100,N,N
892,CCNEP,"CNB Financial Corporation - Depositary shares, each representing a 1/40th ownership interest in a share of 7.125% Series A Fixed- Rate Non-Cumulative Perpetual Preferred Stock",Q,N,N,100,N,N
893,CCNR,ALPS/CoreCommodity Natural Resources ETF,G,N,N,100,Y,N
894,CCOI,"Cogent Communications Holdings, Inc. - Common Stock",Q,N,N,100,N,N
895,CCRN,"Cross Country Healthcare, Inc. - Common Stock",Q,N,N,100,N,N
896,CCSB,Carbon Collective Short Duration Green Bond ETF,G,N,N,100,Y,N
897,CCSI,"Consensus Cloud Solutions, Inc. - Common Stock",Q,N,N,100,N,N
898,CCSO,Carbon Collective Climate Solutions U.S. Equity ETF,G,N,N,100,Y,N
899,CCTG,CCSC Technology International Holdings Limited - Class A Ordinary Shares,S,N,D,100,N,N
900,CCXIU,Churchill Capital Corp XI - Units,G,N,N,100,N,N
901,CD,Chaince Digital Holdings Inc. - American Ordinary Shares,G,N,N,100,N,N
902,CDC,VictoryShares US EQ Income Enhanced Volatility Wtd ETF,G,N,N,100,Y,N
903,CDIG,City Different Investments Global Equity ETF,G,N,N,100,Y,N
904,CDIO,Cardio Diagnostics Holdings Inc. - Common stock,S,N,N,100,N,N
905,CDIOW,Cardio Diagnostics Holdings Inc. - Warrant,S,N,N,100,N,N
906,CDL,VictoryShares US Large Cap High Div Volatility Wtd ETF,G,N,N,100,Y,N
907,CDLX,"Cardlytics, Inc. - Common Stock",G,N,N,100,N,N
908,CDNA,"CareDx, Inc. - Common Stock",G,N,N,100,N,N
909,CDNL,Cardinal Infrastructure Group Inc. - Class A Common Stock,Q,N,N,100,N,N
910,CDNS,"Cadence Design Systems, Inc. - Common Stock",Q,N,N,40,N,N
911,CDRO,"Codere Online Luxembourg, S.A. - Ordinary Shares",S,N,N,100,N,N
912,CDROW,"Codere Online Luxembourg, S.A. - Warrants",S,N,N,100,N,N
913,CDT,CDT Equity Inc. - Common Stock,S,N,N,100,N,N
914,CDTG,CDT Environmental Technology Investment Holdings Limited - ordinary shares,S,N,D,100,N,N
915,CDTTW,CDT Equity Inc. - Warrant,S,N,N,100,N,N
916,CDW,CDW Corporation - Common Stock,Q,N,N,100,N,N
917,CDXS,"Codexis, Inc. - Common Stock",Q,N,N,100,N,N
918,CDZI,"Cadiz, Inc. - Common Stock",G,N,N,100,N,N
919,CDZIP,"Cadiz, Inc. - Depositary Shares",G,N,N,100,N,N
920,CECO,CECO Environmental Corp. - Common Stock,Q,N,N,100,N,N
921,CEFA,Global X S&P Catholic Values Developed ex-U.S. ETF,G,N,N,100,Y,N
922,CEG,Constellation Energy Corporation - Common Stock When-Issued,Q,N,N,40,N,N
923,CELC,Celcuity Inc. - Common Stock,S,N,N,100,N,N
924,CELH,"Celsius Holdings, Inc. - Common Stock",S,N,N,100,N,N
925,CELU,Celularity Inc. - Class A Common Stock,S,N,N,100,N,N
926,CELUW,Celularity Inc. - Warrant,S,N,N,100,N,N
927,CELZ,"Creative Medical Technology Holdings, Inc. - Common Stock",S,N,N,100,N,N
928,CENN,Cenntro Inc. - Common Stock,S,N,D,100,N,N
929,CENT,Central Garden & Pet Company - Common Stock,Q,N,N,100,N,N
930,CENTA,Central Garden & Pet Company - Class A Common Stock Nonvoting,Q,N,N,100,N,N
931,CENX,Century Aluminum Company - Common Stock,Q,N,N,100,N,N
932,CEPF,"Cantor Equity Partners IV, Inc. - Class A Ordinary Shares",G,N,N,100,N,N
933,CEPI,REX Crypto Equity Premium Income ETF,G,N,N,100,Y,N
934,CEPO,"Cantor Equity Partners I, Inc. - Class A Ordinary Shares",G,N,N,100,N,N
935,CEPT,"Cantor Equity Partners II, Inc. - Class A ordinary share",G,N,N,100,N,N
936,CEPV,"Cantor Equity Partners V, Inc. - Class A Ordinary Shares",G,N,N,100,N,N
937,CERS,Cerus Corporation - Common Stock,G,N,N,100,N,N
938,CERT,"Certara, Inc. - Common Stock",Q,N,N,100,N,N
939,CETX,Cemtrex Inc. - Common Stock,S,N,N,100,N,N
940,CETY,"Clean Energy Technologies, Inc. - Common Stock",S,N,N,100,N,N
941,CEVA,"CEVA, Inc. - Common Stock",Q,N,N,100,N,N
942,CFA,VictoryShares US 500 Volatility Wtd ETF,G,N,N,100,Y,N
943,CFBK,CF Bankshares Inc. - Common Stock,S,N,N,100,N,N
944,CFFI,C&F Financial Corporation - Common Stock,Q,N,N,100,N,N
945,CFFN,"Capitol Federal Financial, Inc. - Common Stock",Q,N,N,100,N,N
946,CFLT,"Confluent, Inc. - Class A Common Stock",Q,N,N,100,N,N
947,CFO,VictoryShares US 500 Enhanced Volatility Wtd ETF,G,N,N,100,Y,N
948,CG,The Carlyle Group Inc. - Common Stock,Q,N,N,100,N,N
949,CGABL,The Carlyle Group Inc. - 4.625% Subordinated Notes due 2061,Q,N,N,100,N,N
950,CGBD,"Carlyle Secured Lending, Inc. - Closed End Fund",Q,N,N,100,N,N
951,CGC,Canopy Growth Corporation - Common Shares,Q,N,N,100,N,N
952,CGCT,Cartesian Growth Corporation III - Class A Ordinary Shares,G,N,N,100,N,N
953,CGCTU,Cartesian Growth Corporation III - unit,G,N,N,100,N,N
954,CGCTW,Cartesian Growth Corporation III - Warrant,G,N,N,100,N,N
955,CGEM,"Cullinan Therapeutics, Inc. - Common Stock",Q,N,N,100,N,N
956,CGEN,Compugen Ltd. - Ordinary Shares,S,N,N,100,N,N
957,CGNT,Cognyte Software Ltd. - Ordinary Shares,Q,N,N,100,N,N
958,CGNX,Cognex Corporation - Common Stock,Q,N,N,100,N,N
959,CGO,Calamos Global Total Return Fund - Closed End Fund,Q,N,N,100,N,N
960,CGON,"CG Oncology, Inc. - Common stock",Q,N,N,100,N,N
961,CGTL,Creative Global Technology Holdings Limited - Class A Ordinary Shares,S,N,N,100,N,N
962,CGTX,"Cognition Therapeutics, Inc. - Common Stock",S,N,N,100,N,N
963,CHA,"Chagee Holdings Limited - American Depositary Shares, each representing 1 Class A ordinary share",Q,N,N,100,N,N
964,CHAC,Crane Harbor Acquisition Corp. - Class A Ordinary Shares,G,N,N,100,N,N
965,CHACR,Crane Harbor Acquisition Corp. - Rights,G,N,N,100,N,N
966,CHACU,Crane Harbor Acquisition Corp. - Units,G,N,N,100,N,N
967,CHAI,"Core AI Holdings, Inc. - Common Shares",S,N,N,100,N,N
968,CHAR,Charlton Aria Acquisition Corporation - Class A Ordinary Shares,G,N,N,100,N,N
969,CHARR,Charlton Aria Acquisition Corporation - Rights,G,N,N,100,N,N
970,CHARU,Charlton Aria Acquisition Corporation - Units,G,N,N,100,N,N
971,CHCI,"Comstock Holding Companies, Inc. - Class A Common Stock",S,N,N,100,N,N
972,CHCO,City Holding Company - Common Stock,Q,N,N,100,N,N
973,CHDN,"Churchill Downs, Incorporated - Common Stock",Q,N,N,100,N,N
974,CHEC,Chenghe Acquisition III Co. - Class A Ordinary Shares,G,N,N,100,N,N
975,CHECU,Chenghe Acquisition III Co. - Units,G,N,N,100,N,N
976,CHECW,Chenghe Acquisition III Co. - Warrants,G,N,N,100,N,N
977,CHEF,"The Chefs' Warehouse, Inc. - Common Stock",Q,N,N,100,N,N
978,CHGX,Stance Sustainable Beta ETF,G,N,N,100,Y,N
979,CHI,Calamos Convertible Opportunities and Income Fund - Closed End Fund,Q,N,N,100,N,N
980,CHKP,Check Point Software Technologies Ltd. - Ordinary Shares,Q,N,N,100,N,N
981,CHMG,Chemung Financial Corp  - Common Stock,Q,N,N,100,N,N
982,CHNR,"China Natural Resources, Inc. - Common Shares",S,N,N,100,N,N
983,CHPG,ChampionsGate Acquisition Corporation - Class A Ordinary Share,G,N,N,100,N,N
984,CHPGR,ChampionsGate Acquisition Corporation - Rights,G,N,N,100,N,N
985,CHPGU,ChampionsGate Acquisition Corporation - Unit,G,N,N,100,N,N
986,CHPS,Xtrackers Semiconductor Select Equity ETF,G,N,N,100,Y,N
987,CHPX,Global X AI Semiconductor & Quantum ETF,G,N,N,100,Y,N
988,CHR,"Cheer Holding, Inc.  - Class A Ordinary Share",S,N,D,100,N,N
989,CHRD,Chord Energy Corporation - Common Stock,Q,N,N,100,N,N
990,CHRI,Global X S&P 500 Christian Values ETF,G,N,N,100,Y,N
991,CHRS,"Coherus Oncology, Inc. - Common Stock",G,N,N,100,N,N
992,CHRW,"C.H. Robinson Worldwide, Inc. - Common Stock",Q,N,N,100,N,N
993,CHSCL,"CHS Inc - Class B Cumulative Redeemable Preferred Stock, Series 4",Q,N,N,100,N,N
994,CHSCM,"CHS Inc - Class B Reset Rate Cumulative Redeemable Preferred Stock, Series 3",Q,N,N,100,N,N
995,CHSCN,CHS Inc - Preferred Class B Series 2 Reset Rate,Q,N,N,100,N,N
996,CHSCO,CHS Inc - Class B Cumulative Redeemable Preferred Stock,Q,N,N,100,N,N
997,CHSCP,CHS Inc - 8%  Cumulative Redeemable Preferred Stock,Q,N,N,100,N,N
998,CHSN,Chanson International Holding - Class A Ordinary Shares,S,N,N,100,N,N
999,CHTR,"Charter Communications, Inc. - Class A Common Stock",Q,N,N,40,N,N
1000,CHW,Calamos Global Dynamic Income Fund - Closed End Fund,Q,N,N,100,N,N
1001,CHY,Calamos Convertible and High Income Fund - Closed End Fund,Q,N,N,100,N,N
1002,CHYM,"Chime Financial, Inc. - Class A Common Stock",Q,N,N,100,N,N
1003,CIBR,First Trust NASDAQ Cybersecurity ETF,G,N,N,100,Y,N
1004,CIFG,Leverage Shares 2X Long CIFR Daily ETF,G,N,N,100,Y,N
1005,CIFR,Cipher Mining Inc. - Common Stock,Q,N,N,100,N,N
1006,CIGI,Colliers International Group Inc.  - Subordinate Voting Shares,Q,N,N,100,N,N
1007,CIGL,Concorde International Group Ltd - Class A Ordinary Shares,S,N,N,100,N,N
1008,CIIT,"Tianci International, Inc. - Common Stock",S,N,D,100,N,N
1009,CIL,VictoryShares International Volatility Wtd ETF,G,N,N,100,Y,N
1010,CINF,Cincinnati Financial Corporation - Common Stock,Q,N,N,100,N,N
1011,CING,Cingulate Inc. - Common Stock,S,N,N,100,N,N
1012,CINGW,Cingulate Inc. - Warrants,S,N,N,100,N,N
1013,CISO,"CISO Global, Inc. - Common Stock",S,N,D,100,N,N
1014,CISS,C3is Inc. - Common Stock,S,N,N,100,N,N
1015,CIVB,"Civista Bancshares, Inc.  - Common Stock",S,N,N,100,N,N
1016,CJMB,Callan JMB Inc. - Common Stock,S,N,N,100,N,N
1017,CLAR,Clarus Corporation - Common Stock,Q,N,N,100,N,N
1018,CLBK,"Columbia Financial, Inc. - Common Stock",Q,N,N,100,N,N
1019,CLBT,Cellebrite DI Ltd. - Ordinary Shares,Q,N,N,100,N,N
1020,CLDX,"Celldex Therapeutics, Inc. - Common Stock",S,N,N,100,N,N
1021,CLFD,"Clearfield, Inc. - Common Stock",G,N,N,100,N,N
1022,CLGN,CollPlant Biotechnologies Ltd. - Ordinary Shares,S,N,N,100,N,N
1023,CLIK,Click Holdings Limited - Ordinary Share,S,N,N,100,N,N
1024,CLIR,ClearSign Technologies Corporation - Common Stock,S,N,D,100,N,N
1025,CLLS,Cellectis S.A. - American Depositary Shares,G,N,N,100,N,N
1026,CLMB,"Climb Global Solutions, Inc. - Common Stock",G,N,N,100,N,N
1027,CLMT,"Calumet, Inc - Common Stock",Q,N,N,100,N,N
1028,CLNE,Clean Energy Fuels Corp. - Common Stock,Q,N,N,100,N,N
1029,CLNN,Clene Inc. - Common Stock,S,N,N,100,N,N
1030,CLOA,iShares AAA CLO Active ETF,G,N,N,100,Y,N
1031,CLOD,Themes Cloud Computing ETF,G,N,N,100,Y,N
1032,CLOU,Global X Cloud Computing ETF,G,N,N,100,Y,N
1033,CLOV,"Clover Health Investments, Corp.  - Class A Common stock",Q,N,N,100,N,N
1034,CLPS,CLPS Incorporation - Common Stock,G,N,N,100,N,N
1035,CLPT,ClearPoint Neuro Inc. - Common Stock,S,N,N,100,N,N
1036,CLRB,"Cellectar Biosciences, Inc. - Common Stock",S,N,N,100,N,N
1037,CLRO,"ClearOne, Inc. - Common Stock",S,N,N,100,N,N
1038,CLSK,"CleanSpark, Inc. - Common Stock",S,N,N,100,N,N
1039,CLSKW,"CleanSpark, Inc. - Warrant",S,N,N,100,N,N
1040,CLSM,ETC Cabana Target Leading Sector Moderate ETF,G,N,N,100,Y,N
1041,CLST,"Catalyst Bancorp, Inc. - common stock",S,N,N,100,N,N
1042,CLWT,Euro Tech Holdings Company Limited - Ordinary Shares,S,N,N,100,N,N
1043,CLYM,"Climb Bio, Inc. - Common Stock",G,N,N,100,N,N
1044,CMBM,Cambium Networks Corporation - Ordinary Shares,G,N,H,100,N,N
1045,CMBO,Wayfinder Dynamic U.S. Interest Rate ETF,G,N,N,100,Y,N
1046,CMCO,Columbus McKinnon Corporation - Common Stock,Q,N,N,100,N,N
1047,CMCSA,Comcast Corporation - Class A Common Stock,Q,N,N,100,N,N
1048,CMCT,Creative Media  - Common Stock,S,N,N,100,N,N
1049,CME,CME Group Inc. - Class A Common Stock,Q,N,N,40,N,N
1050,CMGG,Leverage Shares 2X Long CMG Daily ETF,G,N,N,100,Y,N
1051,CMMB,Chemomab Therapeutics Ltd.  - American Depositary Shares,S,N,N,100,N,N
1052,CMND,Clearmind Medicine Inc. - Common Shares,S,N,N,100,N,N
1053,CMPR,Cimpress plc - Ordinary Shares,Q,N,N,100,N,N
1054,CMPS,COMPASS Pathways Plc - American Depository Shares,Q,N,N,100,N,N
1055,CMPX,"Compass Therapeutics, Inc. - Common Stock",S,N,N,100,N,N
1056,CMRC,"Commerce.com, Inc. - Series 1 Common Stock",G,N,N,100,N,N
1057,CMTL,Comtech Telecommunications Corp. - Common Stock,Q,N,N,100,N,N
1058,CNCG,Leverage Shares 2X Long CNC Daily ETF,G,N,N,100,Y,N
1059,CNCK,Coincheck Group N.V. - Ordinary Shares,G,N,N,100,N,N
1060,CNCKW,Coincheck Group N.V. - Warrants,S,N,N,100,N,N
1061,CNDT,Conduent Incorporated - Common Stock,Q,N,N,100,N,N
1062,CNET,ZW Data Action Technologies Inc. - Common Stock,S,N,N,100,N,N
1063,CNEY,CN Energy Group Inc. - Class A Ordinary Shares,S,N,N,100,N,N
1064,CNOB,"ConnectOne Bancorp, Inc. - Common Stock",Q,N,N,100,N,N
1065,CNOBP,"ConnectOne Bancorp, Inc. - Depositary Shares (each representing a 1/40th interest in a share of 5.25% Fixed-Rate Reset Non-Cumulative Perpetual Preferred Stock, Series A, par value $0.00 per share)",Q,N,N,100,N,N
1066,CNQQ,Rayliant-ChinaAMC Transformative China Tech ETF,G,N,N,100,Y,N
1067,CNSP,"CNS Pharmaceuticals, Inc. - Common Stock",S,N,N,100,N,N
1068,CNTA,Centessa Pharmaceuticals plc - American Depositary Shares,Q,N,N,100,N,N
1069,CNTB,Connect Biopharma Holdings Limited - Ordinary Shares,G,N,N,100,N,N
1070,CNTX,Context Therapeutics Inc. - Common Stock,S,N,N,100,N,N
1071,CNTY,"Century Casinos, Inc. - Common Stock",S,N,N,100,N,N
1072,CNVS,Cineverse Corp. - Class A Common Stock,S,N,N,100,N,N
1073,CNXC,Concentrix Corporation - Common Stock,Q,N,N,100,N,N
1074,CNXN,"PC Connection, Inc. - Common Stock",Q,N,N,100,N,N
1075,COCH,"Envoy Medical, Inc. - Class A Common Stock",S,N,D,100,N,N
1076,COCHW,"Envoy Medical, Inc. - Warrant",S,N,D,100,N,N
1077,COCO,"The Vita Coco Company, Inc. - Common Stock",Q,N,N,100,N,N
1078,COCP,"Cocrystal Pharma, Inc. - Common Stock",S,N,N,100,N,N
1079,CODA,"Coda Octopus Group, Inc. - Common stock",S,N,N,100,N,N
1080,COEP,"Coeptis Therapeutics Holdings, Inc. - Common Stock",S,N,D,100,N,N
1081,COEPW,"Coeptis Therapeutics Holdings, Inc. - Warrants",S,N,D,100,N,N
1082,COFS,"ChoiceOne Financial Services, Inc. - Common Stock",S,N,N,100,N,N
1083,COGT,"Cogent Biosciences, Inc. - Common Stock",Q,N,N,100,N,N
1084,COHU,"Cohu, Inc. - Common Stock",Q,N,N,100,N,N
1085,COIG,Leverage Shares 2X Long COIN Daily ETF,G,N,N,100,Y,N
1086,COIN,"Coinbase Global, Inc. - 3Class A Common Stock",Q,N,N,40,N,N
1087,COKE,"Coca-Cola Consolidated, Inc. - Common Stock",Q,N,N,100,N,N
1088,COLA,Columbus Acquisition Corp - Ordinary Shares,G,N,N,100,N,N
1089,COLAR,Columbus Acquisition Corp - Rights,G,N,N,100,N,N
1090,COLAU,Columbus Acquisition Corp - Unit,G,N,N,100,N,N
1091,COLB,"Columbia Banking System, Inc. - Common Stock",Q,N,N,100,N,N
1092,COLL,"Collegium Pharmaceutical, Inc. - Common Stock",Q,N,N,100,N,N
1093,COLM,Columbia Sportswear Company - Common Stock,Q,N,N,100,N,N
1094,COMT,iShares GSCI Commodity Dynamic Roll Strategy ETF,G,N,N,100,Y,N
1095,CONI,GraniteShares 2x Short COIN Daily ETF,G,N,N,100,Y,N
1096,CONL,GraniteShares 2x Long COIN Daily ETF,G,N,N,100,Y,N
1097,CONX,Direxion Daily COIN Bull 2X ETF,G,N,N,100,Y,N
1098,COO,"The Cooper Companies, Inc.  - Common Stock",Q,N,N,100,N,N
1099,COOT,Australian Oilseeds Holdings Limited - Ordinary Shares,S,N,D,100,N,N
1100,COOTW,Australian Oilseeds Holdings Limited - Warrant,S,N,N,100,N,N
1101,COPJ,Sprott Junior Copper Miners ETF,G,N,N,100,Y,N
1102,COPP,Sprott Copper Miners ETF,G,N,N,100,Y,N
1103,CORO,iShares International Country Rotation Active ETF,G,N,N,100,Y,N
1104,CORT,Corcept Therapeutics Incorporated - Common Stock,S,N,N,100,N,N
1105,CORZ,"Core Scientific, Inc. - Common Stock",Q,N,N,100,N,N
1106,CORZW,"Core Scientific, Inc. - Tranche 1 Warrants",Q,N,N,100,N,N
1107,CORZZ,"Core Scientific, Inc. - Tranche 2 Warrants",Q,N,N,100,N,N
1108,COSM,Cosmos Health Inc. - Common Stock,S,N,D,100,N,N
1109,COST,Costco Wholesale Corporation - Common Stock,Q,N,N,40,N,N
1110,COTG,Leverage Shares 2X Long COST Daily ETF,G,N,N,100,Y,N
1111,COWG,Pacer US Large Cap Cash Cows Growth Leaders ETF,G,N,N,100,Y,N
1112,COWS,Amplify Cash Flow Dividend Leaders ETF,G,N,N,100,Y,N
1113,COYA,"Coya Therapeutics, Inc. - Common Stock",S,N,N,100,N,N
1114,COYY,GraniteShares YieldBOOST COIN ETF,G,N,N,100,Y,N
1115,CPAG,F/m Compoundr U.S. Aggregate Bond ETF,G,N,N,100,Y,N
1116,CPB,The Campbell's Company - Common Stock,Q,N,N,100,N,N
1117,CPBI,"Central Plains Bancshares, Inc. - Common Stock",S,N,N,100,N,N
1118,CPHC,Canterbury Park Holding Corporation - Common Stock,G,N,N,100,N,N
1119,CPHY,F/m Compoundr High Yield Bond ETF,G,N,N,100,Y,N
1120,CPIX,Cumberland Pharmaceuticals Inc. - Common Stock,Q,N,N,100,N,N
1121,CPLS,AB Core Plus Bond ETF,G,N,N,100,Y,N
1122,CPOP,"Pop Culture Group Co., Ltd - Class A Ordinary Shares",S,N,D,100,N,N
1123,CPRT,"Copart, Inc. - Common Stock",Q,N,N,100,N,N
1124,CPRX,"Catalyst Pharmaceuticals, Inc. - Common Stock",S,N,N,100,N,N
1125,CPSH,CPS Technologies Corp. - Common Stock,S,N,N,100,N,N
1126,CPSS,"Consumer Portfolio Services, Inc. - Common Stock",G,N,N,100,N,N
1127,CPZ,Calamos Long/Short Equity & Dynamic Income Trust - Closed End Fund,Q,N,N,100,N,N
1128,CRAC,Crown Reserve Acquisition Corp. I - Class A Ordinary Shares,G,N,N,100,N,N
1129,CRACR,Crown Reserve Acquisition Corp. I - Rights,G,N,N,100,N,N
1130,CRACU,Crown Reserve Acquisition Corp. I - Unit,G,N,N,100,N,N
1131,CRACW,Crown Reserve Acquisition Corp. I - Warrant,G,N,N,100,N,N
1132,CRAI,"CRA International,Inc. - Common Stock",Q,N,N,100,N,N
1133,CRAN,Crane Harbor Acquisition Corp. II - Class A Ordinary Shares,G,N,N,100,N,N
1134,CRANR,Crane Harbor Acquisition Corp. II - Rights,G,N,N,100,N,N
1135,CRANU,Crane Harbor Acquisition Corp. II - Units,G,N,N,100,N,N
1136,CRAQ,Cal Redwood Acquisition Corp. - Class A Ordinary Shares,G,N,N,100,N,N
1137,CRAQR,Cal Redwood Acquisition Corp. - Right,G,N,N,100,N,N
1138,CRAQU,Cal Redwood Acquisition Corp. - Units,G,N,N,100,N,N
1139,CRBP,"Corbus Pharmaceuticals Holdings, Inc. - Common Stock",S,N,N,100,N,N
1140,CRBU,"Caribou Biosciences, Inc. - Common Stock",Q,N,N,100,N,N
1141,CRCG,Leverage Shares 2X Long CRCL Daily ETF,G,N,N,100,Y,N
1142,CRCT,"Cricut, Inc. - Class A common stock",Q,N,N,100,N,N
1143,CRDF,"Cardiff Oncology, Inc. - Common Stock",S,N,N,100,N,N
1144,CRDL,Cardiol Therapeutics Inc. - Class A Common Shares,S,N,N,100,N,N
1145,CRDO,Credo Technology Group Holding Ltd - Ordinary Shares,Q,N,N,100,N,N
1146,CRE,Cre8 Enterprise Limited - Class A Ordinary Shares,S,N,D,100,N,N
1147,CREG,Smart Powerr Corp. - Common Stock,S,N,N,100,N,N
1148,CRESW,Cresud S.A.C.I.F. y A. - Warrant,S,N,N,100,N,N
1149,CRESY,"Cresud S.A.C.I.F. y A. - American Depositary Shares, each representing ten shares of Common Stock",Q,N,N,100,N,N
1150,CREV,Carbon Revolution Public Limited Company - Ordinary Shares,G,N,H,100,N,N
1151,CREVW,Carbon Revolution Public Limited Company - Warrant,S,N,E,100,N,N
1152,CREX,"Creative Realities, Inc. - Common Stock",S,N,N,100,N,N
1153,CRGO,Freightos Limited - Ordinary shares,S,N,N,100,N,N
1154,CRGOW,Freightos Limited - Warrants,S,N,N,100,N,N
1155,CRIS,"Curis, Inc. - Common Stock",S,N,D,100,N,N
1156,CRMD,CorMedix Inc. - Common Stock,G,N,N,100,N,N
1157,CRMG,Leverage Shares 2X Long CRM Daily ETF,G,N,N,100,Y,N
1158,CRML,Critical Metals Corp. - Ordinary Shares,G,N,N,100,N,N
1159,CRMLW,Critical Metals Corp. - Warrants,S,N,N,100,N,N
1160,CRMT,"America's Car-Mart, Inc. - Common Stock",Q,N,N,100,N,N
1161,CRNC,Cerence Inc. - Common Stock,Q,N,N,100,N,N
1162,CRNT,Ceragon Networks Ltd. - Ordinary Shares,Q,N,N,100,N,N
1163,CRNX,"Crinetics Pharmaceuticals, Inc. - Common Stock",Q,N,N,100,N,N
1164,CRON,Cronos Group Inc. - Common Share,G,N,N,100,N,N
1165,CROX,"Crocs, Inc. - Common Stock",Q,N,N,100,N,N
1166,CRSP,CRISPR Therapeutics AG - Common Shares,G,N,N,100,N,N
1167,CRSR,"Corsair Gaming, Inc. - Common Stock",Q,N,N,100,N,N
1168,CRTO,Criteo S.A. - American Depositary Shares,Q,N,N,100,N,N
1169,CRUS,"Cirrus Logic, Inc. - Common Stock",Q,N,N,100,N,N
1170,CRVL,CorVel Corp. - Common Stock,Q,N,N,100,N,N
1171,CRVO,CervoMed Inc. - Common Stock,S,N,N,100,N,N
1172,CRVS,"Corvus Pharmaceuticals, Inc. - Common Stock",G,N,N,100,N,N
1173,CRWD,"CrowdStrike Holdings, Inc. - Class A Common Stock",Q,N,N,40,N,N
1174,CRWG,Leverage Shares 2X Long CRWV Daily ETF,G,N,N,100,Y,N
1175,CRWL,GraniteShares 2x Long CRWD Daily ETF,G,N,N,100,Y,N
1176,CRWS,"Crown Crafts, Inc. - Common Stock",S,N,N,100,N,N
1177,CRWV,"CoreWeave, Inc. - Class A Common Stock",Q,N,N,100,N,N
1178,CSAI,"Cloudastructure, Inc. - Class A Common Stock",S,N,N,100,N,N
1179,CSB,VictoryShares US Small Cap High Div Volatility Wtd ETF,G,N,N,100,Y,N
1180,CSBR,"Champions Oncology, Inc. - Common Stock",S,N,N,100,N,N
1181,CSCL,Direxion Daily CSCO Bull 2X ETF,G,N,N,100,Y,N
1182,CSCO,"Cisco Systems, Inc. - Common Stock",Q,N,N,100,N,N
1183,CSCS,Direxion Daily CSCO Bear 1X ETF,G,N,N,100,Y,N
1184,CSGP,"CoStar Group, Inc. - Common Stock",Q,N,N,100,N,N
1185,CSGS,"CSG Systems International, Inc. - Common Stock",Q,N,N,100,N,N
1186,CSIQ,Canadian Solar Inc. - Common Shares,Q,N,N,100,N,N
1187,CSPI,CSP Inc. - Common Stock,G,N,N,100,N,N
1188,CSQ,Calamos Strategic Total Return Fund - Closed End Fund,Q,N,N,100,N,N
1189,CSTE,Caesarstone Ltd. - Ordinary Shares,Q,N,N,100,N,N
1190,CSTL,"Castle Biosciences, Inc. - Common stock",G,N,N,100,N,N
1191,CSWC,Capital Southwest Corporation - Common Stock,Q,N,N,100,N,N
1192,CSX,CSX Corporation - Common Stock,Q,N,N,100,N,N
1193,CTAS,Cintas Corporation - Common Stock,Q,N,N,100,N,N
1194,CTBI,"Community Trust Bancorp, Inc. - Common Stock",Q,N,N,100,N,N
1195,CTEC,Global X CleanTech ETF,G,N,N,100,Y,N
1196,CTKB,"Cytek Biosciences, Inc. - Common Stock",Q,N,N,100,N,N
1197,CTLP,"Cantaloupe, Inc. - Common Stock",Q,N,N,100,N,N
1198,CTMX,"CytomX Therapeutics, Inc. - Common Stock",Q,N,N,100,N,N
1199,CTNM,"Contineum Therapeutics, Inc. - Common stock",Q,N,N,100,N,N
1200,CTNT,Cheetah Net Supply Chain Service Inc. - Class A Common Stock,S,N,N,100,N,N
1201,CTOR,"Citius Oncology, Inc.  - Common Stock",S,N,N,100,N,N
1202,CTRM,Castor Maritime Inc. - Common Shares,S,N,N,100,N,N
1203,CTRN,"Citi Trends, Inc. - Common Stock",Q,N,N,100,N,N
1204,CTSH,Cognizant Technology Solutions Corporation - Class A Common Stock,Q,N,N,100,N,N
1205,CTSO,Cytosorbents Corporation - Common Stock,S,N,D,100,N,N
1206,CTW,CTW Cayman - Class A Ordinary Shares,S,N,N,100,N,N
1207,CTXR,"Citius Pharmaceuticals, Inc. - Common Stock",S,N,N,100,N,N
1208,CUB,Lionheart Holdings - Class A Ordinary Shares,G,N,N,100,N,N
1209,CUBWU,Lionheart Holdings - Unit,G,N,N,100,N,N
1210,CUBWW,Lionheart Holdings - Warrant,G,N,N,100,N,N
1211,CUE,"Cue Biopharma, Inc. - Common Stock",S,N,D,100,N,N
1212,CUPR,Cuprina Holdings (Cayman) Limited - Ordinary shares,S,N,D,100,N,N
1213,CURI,CuriosityStream Inc.  - Class A Common Stock,S,N,N,100,N,N
1214,CURR,Currenc Group Inc. - Ordinary Shares,G,N,D,100,N,N
1215,CURX,Curanex Pharmaceuticals Inc - Common Stock,S,N,D,100,N,N
1216,CV,"CapsoVision, Inc. - Common Stock",S,N,N,100,N,N
1217,CVBF,CVB Financial Corporation - Common Stock,Q,N,N,100,N,N
1218,CVCO,"Cavco Industries, Inc. - Common Stock",Q,N,N,40,N,N
1219,CVGI,"Commercial Vehicle Group, Inc. - Common Stock",Q,N,N,100,N,N
1220,CVGW,"Calavo Growers, Inc. - Common Stock",Q,N,N,100,N,N
1221,CVKD,"Cadrenal Therapeutics, Inc. - Common Stock",S,N,N,100,N,N
1222,CVLT,"Commvault Systems, Inc. - Common Stock",Q,N,N,100,N,N
1223,CVNX,Defiance Daily Target 2X Long CVNA ETF,G,N,N,100,Y,N
1224,CVRX,"CVRx, Inc. - Common Stock",Q,N,N,100,N,N
1225,CVV,CVD Equipment Corporation - Common Stock,S,N,N,100,N,N
1226,CWBC,Community West Bancshares - Common Stock,S,N,N,100,N,N
1227,CWCO,Consolidated Water Co. Ltd. - Ordinary Shares,Q,N,N,100,N,N
1228,CWD,CaliberCos Inc. - Class A Common Stock,S,N,N,100,N,N
1229,CWST,"Casella Waste Systems, Inc. - Class A Common Stock",Q,N,N,100,N,N
1230,CXAI,CXApp Inc. - Class A Common Stock,S,N,D,100,N,N
1231,CXAIW,CXApp Inc. - Warrant,S,N,N,100,N,N
1232,CXDO,"Crexendo, Inc. - Common Stock",S,N,N,100,N,N
1233,CXSE,WisdomTree China ex-State-Owned Enterprises Fund,G,N,N,100,Y,N
1234,CYBR,CyberArk Software Ltd. - Ordinary Shares,Q,N,N,40,N,N
1235,CYCN,"Cyclerion Therapeutics, Inc. - Common Stock",S,N,N,100,N,N
1236,CYCU,"Cycurion, Inc. - Common Stock",G,N,N,100,N,N
1237,CYCUW,"Cycurion, Inc. - Warrants",S,N,N,100,N,N
1238,CYN,Cyngn Inc. - Common stock,S,N,N,100,N,N
1239,CYPH,Cypherpunk Technologies Inc. - Common Stock,S,N,N,100,N,N
1240,CYRX,"CryoPort, Inc. - Common Stock",S,N,N,100,N,N
1241,CYTK,"Cytokinetics, Incorporated - Common Stock",Q,N,N,100,N,N
1242,CZAR,Themes Natural Monopoly ETF,G,N,N,100,Y,N
1243,CZFS,"Citizens Financial Services, Inc. - Common Stock",S,N,N,100,N,N
1244,CZNC,Citizens & Northern Corp - Common Stock,S,N,N,100,N,N
1245,CZR,"Caesars Entertainment, Inc. - Common Stock",Q,N,N,100,N,N
1246,CZWI,"Citizens Community Bancorp, Inc. - Common Stock",G,N,N,100,N,N
1247,DAAQ,Digital Asset Acquisition Corp. - Class A Ordinary shares,G,N,N,100,N,N
1248,DAAQU,Digital Asset Acquisition Corp. - Units,G,N,N,100,N,N
1249,DAAQW,Digital Asset Acquisition Corp. - Warrant,G,N,N,100,N,N
1250,DADS,Digital Asset Debt Strategy ETF,G,N,N,100,Y,N
1251,DAIC,"CID HoldCo, Inc. - Common Stock",G,N,N,100,N,N
1252,DAICW,"CID HoldCo, Inc. - Warrants",G,N,N,100,N,N
1253,DAIO,Data I/O Corporation - Common Stock,S,N,N,100,N,N
1254,DAK,Dakota Active Equity ETF,G,N,N,100,Y,N
1255,DAKT,"Daktronics, Inc. - Common Stock",Q,N,N,100,N,N
1256,DALI,First Trust Dorsey Wright DALI Equity ETF,G,N,N,100,Y,N
1257,DAPP,VanEck Digital Transformation ETF,G,N,N,100,Y,N
1258,DARE,"Dare Bioscience, Inc. - Common Stock",S,N,N,100,N,N
1259,DASH,"DoorDash, Inc. - Common Stock",Q,N,N,40,N,N
1260,DAVE,Dave Inc.  - Class A Common Stock,G,N,N,100,N,N
1261,DAVEW,Dave Inc.  - Warrants,G,N,N,100,N,N
1262,DAWN,"Day One Biopharmaceuticals, Inc. - Common Stock",Q,N,N,100,N,N
1263,DAX,Global X DAX Germany ETF,G,N,N,100,Y,N
1264,DBGI,"Digital Brands Group, Inc. - Common Stock",S,N,N,100,N,N
1265,DBSC,Deepwater Beachfront Small Cap ETF,G,N,N,100,Y,N
1266,DBVT,DBV Technologies S.A. - American Depositary Shares,S,N,N,100,N,N
1267,DBX,"Dropbox, Inc. - Class A Common Stock",Q,N,N,100,N,N
1268,DCBO,Docebo Inc. - Common Shares,Q,N,N,100,N,N
1269,DCGO,DocGo Inc. - Common Stock,S,N,N,100,N,N
1270,DCOM,"Dime Community Bancshares, Inc. - Common Stock",Q,N,N,100,N,N
1271,DCOMG,"Dime Community Bancshares, Inc. - 9.000% Fixed-to-Floating Rate Subordinated Notes due 2034",G,N,N,100,N,N
1272,DCOMP,"Dime Community Bancshares, Inc. - Fixed-Rate Non-Cumulative Perpetual Preferred Stock, Series A",Q,N,N,100,N,N
1273,DCOY,Decoy Therapeutics Inc. - Common Stock,S,N,D,100,N,N
1274,DCTH,"Delcath Systems, Inc. - Common Stock",S,N,N,100,N,N
1275,DCX,Digital Currency X Technology Inc. - Class A Ordinary Shares,S,N,N,100,N,N
1276,DDI,"DoubleDown Interactive Co., Ltd. - American Depository Shares",Q,N,N,100,N,N
1277,DDIV,First Trust Dorsey Wright Momentum & Dividend ETF,G,N,N,100,Y,N
1278,DDOG,"Datadog, Inc. - Class A Common Stock",Q,N,N,100,N,N
1279,DECO,SPDR Galaxy Digital Asset Ecosystem ETF,G,N,N,100,Y,N
1280,DEFT,"Defi Technologies, Inc. - Common Stock",S,N,N,100,N,N
1281,DEMZ,Democratic Large Cap Core ETF,G,N,N,100,Y,N
1282,DERM,Journey Medical Corporation - Common Stock,S,N,N,100,N,N
1283,DEVS,DevvStream Corp. - Common Stock,S,N,D,100,N,N
1284,DFDV,DeFi Development Corp. - Common Stock,S,N,N,100,N,N
1285,DFDVW,DeFi Development Corp. - Warrant,S,N,N,100,N,N
1286,DFGP,Dimensional Global Core Plus Fixed Income ETF,G,N,N,100,Y,N
1287,DFGX,Dimensional Global ex US Core Fixed Income ETF,G,N,N,100,Y,N
1288,DFLI,Dragonfly Energy Holdings Corp - Common Stock,S,N,N,100,N,N
1289,DFLIW,Dragonfly Energy Holdings Corp - Warrant,S,N,N,100,N,N
1290,DFSC,"DEFSEC Technologies Inc. - common stock, no R/S concurrent with offering",S,N,N,100,N,N
1291,DFSCW,DEFSEC Technologies Inc. - warrant,S,N,N,100,N,N
1292,DFTX,"Definium Therapeutics, Inc.  - Common Shares",Q,N,N,100,N,N
1293,DGCB,Dimensional Global Credit ETF,G,N,N,100,Y,N
1294,DGICA,"Donegal Group, Inc. - Class A Common Stock",Q,N,N,100,N,N
1295,DGICB,"Donegal Group, Inc. - Class B Common Stock",Q,N,N,100,N,N
1296,DGII,Digi International Inc. - Common Stock,Q,N,N,100,N,N
1297,DGLO,First Trust RBA Deglobalization ETF,G,N,N,100,Y,N
1298,DGNX,Diginex Limited - Ordinary Shares,S,N,N,100,N,N
1299,DGRE,WisdomTree Emerging Markets Quality Dividend Growth Fund,G,N,N,100,Y,N
1300,DGRS,WisdomTree U.S. SmallCap Quality Dividend Growth Fund,G,N,N,100,Y,N
1301,DGRW,WisdomTree U.S. Quality Dividend Growth Fund,G,N,N,100,Y,N
1302,DGXX,Digi Power X Inc. - Common Subordinate Voting Shares,S,N,N,100,N,N
1303,DH,Definitive Healthcare Corp. - Class A Common Stock,Q,N,N,100,N,N
1304,DHC,Diversified Healthcare Trust  - Common Shares of Beneficial Interest,Q,N,N,100,N,N
1305,DHCNI,Diversified Healthcare Trust  - 5.625% Senior Notes due 2042,Q,N,N,100,N,N
1306,DHCNL,Diversified Healthcare Trust  - 6.25% Senior Notes Due 2046,Q,N,N,100,N,N
1307,DHIL,"Diamond Hill Investment Group, Inc. - Class A Common Stock",Q,N,N,100,N,N
1308,DIBS,"1stdibs.com, Inc. - Common Stock",G,N,N,100,N,N
1309,DIME,CoinShares Altcoins ETF,G,N,N,100,Y,N
1310,DIOD,Diodes Incorporated - Common Stock,Q,N,N,100,N,N
1311,DIVD,Altrius Global Dividend ETF,G,N,N,100,Y,N
1312,DJCO,Daily Journal Corp. (S.C.) - Common Stock,S,N,N,40,N,N
1313,DJT,Trump Media & Technology Group Corp. - Common Stock,G,N,N,100,N,N
1314,DJTWW,Trump Media & Technology Group Corp. - Warrants,G,N,N,100,N,N
1315,DKI,DarkIris Inc. - Class A Ordinary Shares,S,N,D,100,N,N
1316,DKNG,DraftKings Inc. - Class A Common Stock,Q,N,N,100,N,N
1317,DKNX,Defiance Daily Target 2X Long DKNG ETF,G,N,N,100,Y,N
1318,DLHC,DLH Holdings Corp. - Common Stock,S,N,N,100,N,N
1319,DLLL,GraniteShares 2x Long DELL Daily ETF,G,N,N,100,Y,N
1320,DLO,DLocal Limited - Class A Common Shares,Q,N,N,100,N,N
1321,DLPN,"Dolphin Entertainment, Inc. - Common Stock",S,N,N,100,N,N
1322,DLTH,Duluth Holdings Inc. - Class B Common Stock,Q,N,N,100,N,N
1323,DLTR,"Dollar Tree, Inc. - Common Stock",Q,N,N,100,N,N
1324,DLXY,Delixy Holdings Limited - Ordinary Shares,S,N,N,100,N,N
1325,DMAA,Drugs Made In America Acquisition Corp. - Ordinary Shares,G,N,N,100,N,N
1326,DMAAR,Drugs Made In America Acquisition Corp. - Rights,G,N,N,100,N,N
1327,DMAAU,Drugs Made In America Acquisition Corp. - Units,G,N,N,100,N,N
1328,DMAC,DiaMedica Therapeutics Inc. - Common Stock,S,N,N,100,N,N
1329,DMAT,Global X Disruptive Materials ETF,G,N,N,100,Y,N
1330,DMII,Drugs Made In America Acquisition II Corp. - Ordinary Shares,G,N,N,100,N,N
1331,DMIIR,Drugs Made In America Acquisition II Corp. - Right,G,N,N,100,N,N
1332,DMIIU,Drugs Made In America Acquisition II Corp. - Unit,G,N,N,100,N,N
1333,DMLP,"Dorchester Minerals, L.P. - Common Units Representing Limited Partnership Interests",Q,N,D,100,N,N
1334,DMRC,Digimarc Corporation - Common Stock,Q,N,N,100,N,N
1335,DMXF,iShares ESG Advanced MSCI EAFE ETF,G,N,N,100,Y,N
1336,DNLI,Denali Therapeutics Inc. - Common Stock,Q,N,N,100,N,N
1337,DNMX,Dynamix Corporation III - Class A Ordinary Shares,G,N,N,100,N,N
1338,DNMXU,Dynamix Corporation III - Unit,G,N,N,100,N,N
1339,DNMXW,Dynamix Corporation III - Warrants,G,N,N,100,N,N
1340,DNTH,"Dianthus Therapeutics, Inc. - Common Stock",S,N,N,100,N,N
1341,DNUT,"Krispy Kreme, Inc. - Common Stock",Q,N,N,100,N,N
1342,DOCU,"DocuSign, Inc. - Common Stock",Q,N,N,100,N,N
1343,DOGZ,Dogness (International) Corporation - Class A Common Stock,S,N,N,100,N,N
1344,DOMH,Dominari Holdings Inc. - Common Stock,S,N,N,100,N,N
1345,DOMO,"Domo, Inc. - Class B Common Stock",G,N,N,100,N,N
1346,DOO,BRP Inc. - Common Subordinate Voting Shares,Q,N,N,100,N,N
1347,DORM,"Dorman Products, Inc. - Common Stock",Q,N,N,100,N,N
1348,DOX,Amdocs Limited - Ordinary Shares,Q,N,N,100,N,N
1349,DOYU,DouYu International Holdings Limited - American Depositary Shares,Q,N,N,100,N,N
1350,DPRO,Draganfly Inc. - Common Shares,S,N,N,100,N,N
1351,DPZ,Domino's Pizza Inc - Common Stock,Q,N,N,40,N,N
1352,DRCT,"Direct Digital Holdings, Inc. - Class A Common Stock",S,N,D,100,N,N
1353,DRDB,Roman DBDR Acquisition Corp. II - Ordinary shares,G,N,N,100,N,N
1354,DRDBU,Roman DBDR Acquisition Corp. II - Unit,G,N,N,100,N,N
1355,DRDBW,Roman DBDR Acquisition Corp. II - Warrants,G,N,N,100,N,N
1356,DRH,Diamondrock Hospitality Company - Common Stock,Q,N,N,100,N,N
1357,DRIO,DarioHealth Corp. - Common Stock,S,N,N,100,N,N
1358,DRIV,Global X Autonomous & Electric Vehicles ETF,G,N,N,100,Y,N
1359,DRMA,"Dermata Therapeutics, Inc. - Common Stock",S,N,N,100,N,N
1360,DRMAW,"Dermata Therapeutics, Inc. - Warrant",S,N,N,100,N,N
1361,DRNZ,REX Drone ETF,G,N,N,100,Y,N
1362,DRS,"Leonardo DRS, Inc. - Common Stock",Q,N,N,100,N,N
1363,DRTS,Alpha Tau Medical Ltd. - Ordinary Shares,S,N,N,100,N,N
1364,DRTSW,Alpha Tau Medical Ltd. - Warrant,S,N,N,100,N,N
1365,DRUG,Bright Minds Biosciences Inc. - common stock,S,N,N,100,N,N
1366,DRVN,Driven Brands Holdings Inc. - Common Stock,Q,N,N,100,N,N
1367,DSACU,Daedalus Special Acquisition Corp. - Unit,G,N,N,100,N,N
1368,DSGN,"Design Therapeutics, Inc. - Common Stock",Q,N,N,100,N,N
1369,DSGR,"Distribution Solutions Group, Inc. - Common Stock",Q,N,N,100,N,N
1370,DSGX,The Descartes Systems Group Inc. - Common Stock,Q,N,N,100,N,N
1371,DSP,Viant Technology Inc. - common stock,Q,N,N,100,N,N
1372,DSWL,"Deswell Industries, Inc. - Common Shares",G,N,N,100,N,N
1373,DSY,Big Tree Cloud Holdings Limited - Ordinary Shares,G,N,D,100,N,N
1374,DSYWW,Big Tree Cloud Holdings Limited - Warrants,S,N,N,100,N,N
1375,DTCK,Davis Commodities Limited - Class A Ordinary Shares,S,N,D,100,N,N
1376,DTCR,Global X Data Center & Digital Infrastructure ETF,G,N,N,100,Y,N
1377,DTCX,"Datacentrex, Inc. - Common Stock",S,N,N,100,N,N
1378,DTI,Drilling Tools International Corporation  - Common Stock,S,N,N,100,N,N
1379,DTIL,"Precision BioSciences, Inc. - Common Stock",S,N,N,100,N,N
1380,DTSQ,DT Cloud Star Acquisition Corporation - Ordinary Shares,G,N,D,100,N,N
1381,DTSQR,DT Cloud Star Acquisition Corporation - Right,G,N,D,100,N,N
1382,DTSQU,DT Cloud Star Acquisition Corporation - Units,G,N,D,100,N,N
1383,DTSS,Datasea Inc. - Common Stock,S,N,N,100,N,N
1384,DTST,Data Storage Corporation - Common Stock,S,N,N,100,N,N
1385,DTSTW,Data Storage Corporation - Warrant,S,N,N,100,N,N
1386,DUKH,Ocean Park High Income ETF,G,N,N,100,Y,N
1387,DUKX,Ocean Park International ETF,G,N,N,100,Y,N
1388,DUO,Fangdd Network Group Ltd. - Class A Ordinary Shares,S,N,N,100,N,N
1389,DUOG,Leverage Shares 2X Long DUOL Daily ETF,G,N,N,100,Y,N
1390,DUOL,"Duolingo, Inc. - Class A Common Stock",Q,N,N,40,N,N
1391,DUOT,"Duos Technologies Group, Inc. - Common Stock",S,N,N,100,N,N
1392,DVAL,BrandywineGLOBAL-Dynamic US Large Cap Value ETF,G,N,N,100,Y,N
1393,DVAX,Dynavax Technologies Corporation - Common Stock,Q,N,N,100,N,N
1394,DVGR,DAC 3D Dividend Growth ETF,G,N,N,100,Y,N
1395,DVIN,WEBs Industrials XLI Defined Volatility ETF,G,N,N,100,Y,N
1396,DVLT,Datavault AI Inc. - Common Stock,S,N,N,100,N,N
1397,DVLU,First Trust Dorsey Wright Momentum & Value ETF,G,N,N,100,Y,N
1398,DVOL,First Trust Dorsey Wright Momentum & Low Volatility ETF,G,N,N,100,Y,N
1399,DVQQ,WEBs QQQ Defined Volatility ETF,G,N,N,100,Y,N
1400,DVRE,WEBs Real Estate XLRE Defined Volatility ETF,G,N,N,100,Y,N
1401,DVSP,WEBs SPY Defined Volatility ETF,G,N,N,100,Y,N
1402,DVUT,WEBs Utilities XLU Defined Volatility ETF,G,N,N,100,Y,N
1403,DVXB,WEBs Materials XLB Defined Volatility ETF,G,N,N,100,Y,N
1404,DVXC,WEBs Communication Services XLC Defined Volatility ETF,G,N,N,100,Y,N
1405,DVXE,WEBs Energy XLE Defined Volatility ETF,G,N,N,100,Y,N
1406,DVXF,WEBs Financial XLF Defined Volatility ETF,G,N,N,100,Y,N
1407,DVXK,WEBs Technology XLK Defined Volatility ETF,G,N,N,100,Y,N
1408,DVXP,WEBs Consumer Staples XLP Defined Volatility ETF,G,N,N,100,Y,N
1409,DVXV,WEBs Health Care XLV Defined Volatility ETF,G,N,N,100,Y,N
1410,DVXY,WEBs Consumer Discretionary XLY Defined Volatility ETF,G,N,N,100,Y,N
1411,DVY,iShares Select Dividend ETF,G,N,N,100,Y,N
1412,DWAS,Invesco Dorsey Wright SmallCap Momentum ETF,G,N,N,100,Y,N
1413,DWAW,AdvisorShares Dorsey Wright FSM All Cap World ETF,G,N,N,100,Y,N
1414,DWSH,AdvisorShares Dorsey Wright Short ETF,G,N,N,100,Y,N
1415,DWSN,Dawson Geophysical Company - Common Stock,Q,N,N,100,N,N
1416,DWTX,"Dogwood Therapeutics, Inc.  - Common Stock",S,N,N,100,N,N
1417,DWUS,AdvisorShares Dorsey Wright FSM US Core ETF,G,N,N,100,Y,N
1418,DXCM,"DexCom, Inc. - Common Stock",Q,N,N,100,N,N
1419,DXLG,"Destination XL Group, Inc. - Common Stock",G,N,N,100,N,N
1420,DXPE,"DXP Enterprises, Inc. - Common Stock",Q,N,N,100,N,N
1421,DXR,Daxor Corporation - Closed End Fund,S,N,N,100,N,N
1422,DXST,Decent Holding Inc. - Class A Ordinary Shares,S,N,N,100,N,N
1423,DYAI,"Dyadic International, Inc. - Common Stock",S,N,D,100,N,N
1424,DYFI,IDX Dynamic Fixed Income ETF,G,N,N,100,Y,N
1425,DYN,"Dyne Therapeutics, Inc. - Common Stock",Q,N,N,100,N,N
1426,DYNB,Hartford Dynamic Bond ETF,G,N,N,100,Y,N
1427,DYOR,Insight Digital Partners II - Class A Ordinary Shares,G,N,N,100,N,N
1428,DYORU,Insight Digital Partners II - Units,G,N,N,100,N,N
1429,DYORW,Insight Digital Partners II - Warrants,G,N,N,100,N,N
1430,DYTA,SGI Dynamic Tactical ETF,G,N,N,100,Y,N
1431,EA,Electronic Arts Inc. - Common Stock,Q,N,N,100,N,N
1432,EASY,Liberty One Defensive Dividend Growth ETF,G,N,N,100,Y,N
1433,EBAY,eBay Inc. - Common Stock,Q,N,N,100,N,N
1434,EBC,"Eastern Bankshares, Inc. - Common Stock",Q,N,N,100,N,N
1435,EBI,Longview Advantage ETF,G,N,N,100,Y,N
1436,EBIZ,Global X E-commerce ETF,G,N,N,100,Y,N
1437,EBMT,"Eagle Bancorp Montana, Inc. - Common Stock",G,N,N,100,N,N
1438,EBON,Ebang International Holdings Inc. - Class A Ordinary Shares,Q,N,N,100,N,N
1439,ECBK,"ECB Bancorp, Inc. - Common Stock",S,N,N,100,N,N
1440,ECOR,"electroCore, Inc. - Common Stock",S,N,N,100,N,N
1441,ECOW,Pacer Emerging Markets Cash Cows 100 ETF,G,N,N,100,Y,N
1442,ECPG,Encore Capital Group Inc - Common Stock,Q,N,N,100,N,N
1443,ECX,ECARX Holdings Inc. - Class A Ordinary shares,G,N,N,100,N,N
1444,ECXWW,ECARX Holdings Inc. - Warrants,S,N,N,100,N,N
1445,EDAP,"EDAP TMS S.A. - American Depositary Shares, each representing One Ordinary Share",G,N,N,100,N,N
1446,EDBL,Edible Garden AG Incorporated - Common Stock,S,N,N,100,N,N
1447,EDBLW,Edible Garden AG Incorporated - Warrant,S,N,N,100,N,N
1448,EDHL,Everbright Digital Holding Limited - Ordinary Shares,S,N,D,100,N,N
1449,EDIT,"Editas Medicine, Inc. - Common Stock",Q,N,N,100,N,N
1450,EDRY,EuroDry Ltd. - Common Shares,S,N,N,100,N,N
1451,EDSA,"Edesa Biotech, Inc. - Common Shares",S,N,N,100,N,N
1452,EDTK,Skillful Craftsman Education Technology Limited - Ordinary Share,S,N,N,100,N,N
1453,EDUC,Educational Development Corporation - Common Stock,G,N,N,100,N,N
1454,EEFT,"Euronet Worldwide, Inc. - Common Stock",Q,N,N,100,N,N
1455,EEIQ,EpicQuest Education Group International Limited - Common Stock,S,N,D,100,N,N
1456,EEMA,iShares MSCI Emerging Markets Asia ETF,G,N,N,100,Y,N
1457,EFAS,Global X MSCI SuperDividend EAFE ETF,G,N,N,100,Y,N
1458,EFOI,"Energy Focus, Inc. - Common Stock",S,N,N,100,N,N
1459,EFRA,iShares Environmental Infrastructure and Industrials ETF,G,N,N,100,Y,N
1460,EFSC,Enterprise Financial Services Corporation - Common Stock,Q,N,N,100,N,N
1461,EFSCP,"Enterprise Financial Services Corporation - Depositary Shares Each Representing a 1/40th Interest in a Share of 5% Fixed Rate Non-Cumulative Perpetual Preferred Stock, Series A",Q,N,N,100,N,N
1462,EFSI,Eagle Financial Services Inc - Common Stock,S,N,N,100,N,N
1463,EFTY,"Etoiles Capital Group Co., Ltd. - Class A Ordinary Shares",S,N,N,100,N,N
1464,EGAN,eGain Corporation - Common Stock,S,N,N,100,N,N
1465,EGBN,"Eagle Bancorp, Inc. - Common Stock",S,N,N,100,N,N
1466,EGGQ,NestYield Visionary ETF,G,N,N,100,Y,N
1467,EGHA,EGH Acquisition Corp. - Class A ordinary shares,G,N,N,100,N,N
1468,EGHAR,EGH Acquisition Corp. - rights,G,N,N,100,N,N
1469,EGHAU,EGH Acquisition Corp. - Unit,G,N,N,100,N,N
1470,EGHT,8x8 Inc - Common stock,Q,N,N,100,N,N
1471,EH,EHang Holdings Limited - ADS,G,N,N,100,N,N
1472,EHGO,Eshallgo Inc. - Class A Ordinary Shares,S,N,D,100,N,N
1473,EHLD,Euroholdings Ltd. - Common Stock,S,N,N,100,N,N
1474,EHLS,Even Herd Long Short ETF,G,N,N,100,Y,N
1475,EHTH,"eHealth, Inc. - Common Stock",Q,N,N,100,N,N
1476,EJH,E-Home Household Service Holdings Limited - Ordinary shares,S,N,N,100,N,N
1477,EKG,First Trust Nasdaq Lux Digital Health Solutions ETF,G,N,N,100,Y,N
1478,EKSO,"Ekso Bionics Holdings, Inc. - Common Stock",S,N,N,100,N,N
1479,ELAB,PMGC Holdings Inc. - Common Stock,S,N,N,100,N,N
1480,ELBM,Electra Battery Materials Corporation - Common Stock,S,N,N,100,N,N
1481,ELDN,"Eledon Pharmaceuticals, Inc. - Common Stock",S,N,N,100,N,N
1482,ELE,Elemental Royalty Corporation - Common Stock,S,N,N,100,N,N
1483,ELFY,ALPS Electrification Infrastructure ETF,G,N,N,100,Y,N
1484,ELIL,Direxion Daily LLY Bull 2X Shares,G,N,N,100,Y,N
1485,ELIS,Direxion Daily LLY Bear 1X Shares,G,N,N,100,Y,N
1486,ELOG,Eastern International Ltd. - Ordinary Shares,S,N,N,100,N,N
1487,ELPW,Elong Power Holding Limited - Class A Ordinary Shares,G,N,D,100,N,N
1488,ELSE,"Electro-Sensors, Inc. - Common Stock",S,N,N,100,N,N
1489,ELTK,Eltek Ltd. - Ordinary Shares,S,N,N,100,N,N
1490,ELTX,"Elicio Therapeutics, Inc. - Common Stock",S,N,N,100,N,N
1491,ELUT,"Elutia, Inc. - Class A Common Stock",S,N,D,100,N,N
1492,ELVA,Electrovaya Inc. - Common Shares,S,N,N,100,N,N
1493,ELVN,"Enliven Therapeutics, Inc.  - Common Stock",Q,N,N,100,N,N
1494,ELVR,Elevra Lithium Limited - American Depository Shares,S,N,N,100,N,N
1495,ELWT,"Elauwit Connection, Inc. - Common Stock",S,N,N,100,N,N
1496,EM,Smart Share Global Limited - American Depositary Shares,S,N,E,100,N,N
1497,EMAT,Evolution Metals & Technologies Corp. - Common Stock,G,N,N,100,N,N
1498,EMB,iShares J.P. Morgan USD Emerging Markets Bond ETF,G,N,N,100,Y,N
1499,EMBC,Embecta Corp. - Common Stock,Q,N,N,100,N,N
1500,EMCB,WisdomTree Emerging Markets Corporate Bond Fund,G,N,N,100,Y,N
1501,EMEQ,Nomura Focused Emerging Markets Equity ETF,G,N,N,100,Y,N
1502,EMIF,iShares Emerging Markets Infrastructure ETF,G,N,N,100,Y,N
1503,EMIS,Emmis Acquisition Corp. - Class A Ordinary Share,G,N,N,100,N,N
1504,EMISR,Emmis Acquisition Corp. - Rights,G,N,N,100,N,N
1505,EML,Eastern Company (The) - Common Stock,G,N,N,100,N,N
1506,EMPD,Empery Digital Inc. - Common stock,Q,N,N,100,N,N
1507,EMPG,Empro Group Inc. - Ordinary shares,S,N,N,100,N,N
1508,EMXC,iShares MSCI Emerging Markets ex China ETF,G,N,N,100,Y,N
1509,EMXF,iShares ESG Advanced MSCI EM ETF,G,N,N,100,Y,N
1510,ENDW,Cambria Endowment Style ETF,G,N,N,100,Y,N
1511,ENGN,enGene Holdings Inc. - Common Stock,S,N,N,100,N,N
1512,ENGNW,enGene Holdings Inc. - Warrants,S,N,N,100,N,N
1513,ENGS,Energys Group Limited - Ordinary Shares,S,N,D,100,N,N
1514,ENHU,iShares Enhanced Large Cap Core Active ETF,G,N,N,100,Y,N
1515,ENLT,Enlight Renewable Energy Ltd. - Ordinary Shares,Q,N,N,100,N,N
1516,ENLV,Enlivex Therapeutics Ltd. - Ordinary Shares,S,N,N,100,N,N
1517,ENPH,"Enphase Energy, Inc. - Common Stock",G,N,N,100,N,N
1518,ENSC,"Ensysce Biosciences, Inc. - Common Stock",S,N,N,100,N,N
1519,ENSG,"The Ensign Group, Inc. - Common Stock",Q,N,N,100,N,N
1520,ENTA,"Enanta Pharmaceuticals, Inc. - Common Stock",Q,N,N,100,N,N
1521,ENTG,"Entegris, Inc. - Common Stock",Q,N,N,100,N,N
1522,ENTX,Entera Bio Ltd. - Ordinary Shares,S,N,N,100,N,N
1523,ENVB,"Enveric Biosciences, Inc.  - Common Stock",S,N,N,100,N,N
1524,ENVX,Enovix Corporation - Common Stock,Q,N,N,100,N,N
1525,ENZL,iShares MSCI New Zealand ETF,G,N,N,100,Y,N
1526,EOLS,"Evolus, Inc. - Common Stock",G,N,N,100,N,N
1527,EOSE,"Eos Energy Enterprises, Inc. - Common Stock",S,N,N,100,N,N
1528,EPOW,"Sunrise New Energy Co., Ltd - Class A Ordinary Shares",S,N,N,100,N,N
1529,EPRX,Eupraxia Pharmaceuticals Inc. - Common Stock,S,N,N,100,N,N
1530,EPSM,Epsium Enterprise Limited - Class A Ordinary Shares,S,N,N,100,N,N
1531,EPSN,Epsilon Energy Ltd. - Common Shares,G,N,N,100,N,N
1532,EQ,"Equillium, Inc. - Common Stock",S,N,N,100,N,N
1533,EQIX,"Equinix, Inc. - Common Stock",Q,N,N,40,N,N
1534,EQPT,EquipmentShare.com Inc - Class A Common Stock,Q,N,N,100,N,N
1535,EQRR,ProShares Equities for Rising Rates ETF,G,N,N,100,Y,N
1536,ERAS,"Erasca, Inc. - Common Stock",Q,N,N,100,N,N
1537,ERET,iShares Environmentally Aware Real Estate ETF,G,N,N,100,Y,N
1538,ERIC,Ericsson - American Depositary Shares each representing 1 underlying Class B share,Q,N,N,100,N,N
1539,ERIE,Erie Indemnity Company - Class A Common Stock,Q,N,N,40,N,N
1540,ERII,"Energy Recovery, Inc. - Common Stock",Q,N,N,100,N,N
1541,ERNA,Ernexa Therapeutics Inc. - Common Stock,S,N,N,100,N,N
1542,ERNZ,TrueShares Active Yield ETF,G,N,N,100,Y,N
1543,ESCA,"Escalade, Incorporated - Common Stock",G,N,N,100,N,N
1544,ESEA,Euroseas Ltd. - Common Stock,S,N,N,100,N,N
1545,ESGD,iShares ESG Aware MSCI EAFE ETF,G,N,N,100,Y,N
1546,ESGE,iShares ESG Aware MSCI EM ETF,G,N,N,100,Y,N
1547,ESGL,ESGL Holdings Limited - Class A Ordinary Shares,S,N,N,100,N,N
1548,ESGLW,ESGL Holdings Limited - Warrants,S,N,N,100,N,N
1549,ESGU,iShares ESG Aware MSCI USA ETF,G,N,N,100,Y,N
1550,ESHA,ESH Acquisition Corp. - Class A Common Stock,S,N,N,100,N,N
1551,ESHAR,ESH Acquisition Corp. - Right,S,N,N,100,N,N
1552,ESLA,"Estrella Immunopharma, Inc. - Common Stock",S,N,D,100,N,N
1553,ESLAW,"Estrella Immunopharma, Inc. - Warrant",S,N,D,100,N,N
1554,ESLT,Elbit Systems Ltd. - Ordinary Shares,Q,N,N,40,N,N
1555,ESMV,iShares ESG Optimized MSCI USA Min Vol Factor ETF,G,N,N,100,Y,N
1556,ESN,Essential 40 Stock ETF,G,N,N,100,Y,N
1557,ESOA,Energy Services of America Corporation - Common Stock,S,N,N,100,N,N
1558,ESPO,VanEck Video Gaming and eSports ETF,G,N,N,100,Y,N
1559,ESPR,"Esperion Therapeutics, Inc. - Common Stock",G,N,N,100,N,N
1560,ESQ,"Esquire Financial Holdings, Inc. - Common Stock",S,N,N,100,N,N
1561,ESTA,Establishment Labs Holdings Inc. - Common Shares,S,N,N,100,N,N
1562,ETEC,iShares Breakthrough Environmental Solutions ETF,G,N,N,100,Y,N
1563,ETHA,iShares Ethereum Trust ETF,G,N,N,100,Y,N
1564,ETHI,Defiance Leveraged Long + Income Ethereum ETF,G,N,N,100,Y,N
1565,ETHM,Dynamix Corporation - Class A Ordinary Share,G,N,N,100,N,N
1566,ETHMU,Dynamix Corporation - Unit,G,N,N,100,N,N
1567,ETHMW,Dynamix Corporation - Warrant,G,N,N,100,N,N
1568,ETHZ,ETHZilla Corporation - Common Stock,S,N,N,100,N,N
1569,ETON,"Eton Pharmaceuticals, Inc. - Common Stock",G,N,N,100,N,N
1570,ETOR,eToro Group Ltd. - Class A Common Shares,Q,N,N,100,N,N
1571,ETRL,GraniteShares 2x Long ETOR Daily ETF,G,N,N,100,Y,N
1572,ETS,Elite Express Holding Inc. - Class A Common Stock,S,N,D,100,N,N
1573,EU,enCore Energy Corp. - Common Stock,S,N,N,100,N,N
1574,EUDA,Euda Health Holdings Limited - Ordinary Shares,S,N,N,100,N,N
1575,EUDAW,Euda Health Holdings Limited - Warrant,S,N,N,100,N,N
1576,EUFN,iShares MSCI Europe Financials ETF,G,N,N,100,Y,N
1577,EURK,Eureka Acquisition Corp - Class A Ordinary Share,S,N,N,100,N,N
1578,EURKR,Eureka Acquisition Corp - Right,S,N,N,100,N,N
1579,EURKU,Eureka Acquisition Corp - Unit,S,N,N,100,N,N
1580,EVAX,Evaxion A/S - American Depositary Share,S,N,N,100,N,N
1581,EVCM,EverCommerce Inc. - Common Stock,Q,N,N,100,N,N
1582,EVER,"EverQuote, Inc. - Class A Common Stock",G,N,N,100,N,N
1583,EVGN,Evogene Ltd. - Ordinary Shares,S,N,N,100,N,N
1584,EVGO,EVgo Inc. - Common Stock,Q,N,N,100,N,N
1585,EVGOW,"EVgo Inc. - Warrants, each whole warrant exercisable for one share of Class A Common Stock at an exercise price of $11.50",Q,N,N,100,N,N
1586,EVLV,"Evolv Technologies Holdings, Inc. - Class A Common Stock",S,N,N,100,N,N
1587,EVLVW,"Evolv Technologies Holdings, Inc. - Warrant",S,N,N,100,N,N
1588,EVMT,Invesco Electric Vehicle Metals Commodity Strategy No K-1 ETF,G,N,N,100,Y,N
1589,EVO,Evotec SE - American Depositary Shares each representing 1/2 of one ordinary share,Q,N,N,100,N,N
1590,EVOX,Evolution Global Acquisition Corp - Class A Ordinary Shares,G,N,N,100,N,N
1591,EVOXU,Evolution Global Acquisition Corp - Units,G,N,N,100,N,N
1592,EVOXW,Evolution Global Acquisition Corp - Warrants,G,N,N,100,N,N
1593,EVRG,"Evergy, Inc. - Common Stock",Q,N,N,100,N,N
1594,EVSD,Eaton Vance Short Duration Income ETF,G,N,N,100,Y,N
1595,EVTV,"Envirotech Vehicles, Inc. - Common stock",S,N,D,100,N,N
1596,EVYM,Eaton Vance High Income Municipal ETF,G,N,N,100,Y,N
1597,EWBC,"East West Bancorp, Inc. - Common Stock",Q,N,N,100,N,N
1598,EWCZ,"European Wax Center, Inc. - Class A Common Stock",Q,N,N,100,N,N
1599,EWJV,iShares MSCI Japan Value ETF,G,N,N,100,Y,N
1600,EWTX,"Edgewise Therapeutics, Inc. - Common Stock",Q,N,N,100,N,N
1601,EWZS,iShares MSCI Brazil Small-Cap ETF,G,N,N,100,Y,N
1602,EXAS,Exact Sciences Corporation - Common Stock,S,N,N,100,N,N
1603,EXC,Exelon Corporation - Common Stock,Q,N,N,100,N,N
1604,EXE,Expand Energy Corporation - Common Stock,Q,N,N,100,N,N
1605,EXEEL,Expand Energy Corporation - Class C Warrants,Q,N,N,100,N,N
1606,EXEEW,Expand Energy Corporation - Class A Warrants,S,N,N,100,N,N
1607,EXEEZ,Expand Energy Corporation - Class B Warrants,S,N,N,100,N,N
1608,EXEL,"Exelixis, Inc. - Common Stock",Q,N,N,100,N,N
1609,EXFY,"Expensify, Inc. - Class A Common Stock",Q,N,N,100,N,N
1610,EXLS,"ExlService Holdings, Inc. - Common Stock",Q,N,N,100,N,N
1611,EXOZ,eXoZymes Inc. - Common Stock,S,N,N,100,N,N
1612,EXPE,"Expedia Group, Inc. - Common Stock",Q,N,N,100,N,N
1613,EXPI,"eXp World Holdings, Inc. - Common Stock",G,N,N,100,N,N
1614,EXPO,"Exponent, Inc. - Common Stock",Q,N,N,100,N,N
1615,EXTR,"Extreme Networks, Inc. - Common Stock",Q,N,N,100,N,N
1616,EXUS,Nomura Focused International Core ETF,G,N,N,100,Y,N
1617,EYE,"National Vision Holdings, Inc. - Common Stock",Q,N,N,100,N,N
1618,EYEG,AB Corporate Bond ETF,G,N,N,100,Y,N
1619,EYPT,"EyePoint, Inc. - Common Stock",G,N,N,100,N,N
1620,EZGO,EZGO Technologies Ltd. - Ordinary Shares,S,N,N,100,N,N
1621,EZMO,AlphaDroid Broad Markets Momentum ETF,G,N,N,100,Y,N
1622,EZPW,"EZCORP, Inc. - Class A Non-Voting Common Stock",Q,N,N,100,N,N
1623,EZRA,"Reliance Global Group, Inc. - Common Stock",S,N,D,100,N,N
1624,EZRAW,"Reliance Global Group, Inc. - Series A Warrants",S,N,N,100,N,N
1625,EZRO,AlphaDroid Defensive Sector Rotation ETF,G,N,N,100,Y,N
1626,FA,First Advantage Corporation - Common Stock,Q,N,N,100,N,N
1627,FAAR,First Trust Alternative Absolute Return Strategy ETF,G,N,N,100,Y,N
1628,FAB,First Trust Multi Cap Value AlphaDEX Fund,G,N,N,100,Y,N
1629,FACT,FACT II Acquisition Corp. - Class A Ordinary Shares,G,N,N,100,N,N
1630,FACTU,FACT II Acquisition Corp. - Unit,G,N,N,100,N,N
1631,FACTW,FACT II Acquisition Corp. - Warrant,G,N,N,100,N,N
1632,FAD,First Trust Multi Cap Growth AlphaDEX Fund,G,N,N,100,Y,N
1633,FALN,iShares Fallen Angels USD Bond ETF,G,N,N,100,Y,N
1634,FAMI,"Farmmi, INC. - Ordinary Shares",S,N,N,100,N,N
1635,FANG,"Diamondback Energy, Inc. - Common Stock",Q,N,N,100,N,N
1636,FARM,Farmer Brothers Company - Common Stock,Q,N,N,100,N,N
1637,FAST,Fastenal Company - Common Stock,Q,N,N,100,N,N
1638,FAT,FAT Brands Inc. - Common Stock,S,N,D,100,N,N
1639,FATBB,FAT Brands Inc. - Class B Common Stock,S,N,D,100,N,N
1640,FATBP,FAT Brands Inc. - 8.25% Series B Cumulative Preferred Stock,S,N,D,100,N,N
1641,FATE,"Fate Therapeutics, Inc. - Common Stock",G,N,N,100,N,N
1642,FATN,"FatPipe, Inc. - common stock",S,N,N,100,N,N
1643,FBGL,FBS Global Limited - Ordinary Shares,S,N,D,100,N,N
1644,FBIO,"Fortress Biotech, Inc. - Common Stock",S,N,N,100,N,N
1645,FBIOP,"Fortress Biotech, Inc. - 9.375% Series A Cumulative Redeemable Perpetual Preferred Stock",S,N,N,100,N,N
1646,FBIZ,"First Business Financial Services, Inc. - Common Stock",Q,N,N,100,N,N
1647,FBL,GraniteShares 2x Long META Daily ETF,G,N,N,100,Y,N
1648,FBLA,"FB Bancorp, Inc. - Common Stock",S,N,N,100,N,N
1649,FBLG,"FibroBiologics, Inc. - Common Stock",S,N,D,100,N,N
1650,FBNC,First Bancorp - Common Stock,Q,N,N,100,N,N
1651,FBOT,Fidelity Disruptive Automation ETF,G,N,N,100,Y,N
1652,FBRX,"Forte Biosciences, Inc.  - Common Stock",S,N,N,100,N,N
1653,FBYD,"Falcon's Beyond Global, Inc. - Class A Common Stock",G,N,N,100,N,N
1654,FBYDW,"Falcon's Beyond Global, Inc. - Warrants",S,N,N,100,N,N
1655,FBYY,GraniteShares YieldBOOST META ETF,G,N,N,100,Y,N
1656,FCA,First Trust China AlphaDEX Fund,G,N,N,100,Y,N
1657,FCAL,First Trust California Municipal High income ETF,G,N,N,100,Y,N
1658,FCAP,"First Capital, Inc. - Common Stock",S,N,N,100,N,N
1659,FCBC,"First Community Bankshares, Inc. - Common Stock",Q,N,N,100,N,N
1660,FCCO,First Community Corporation - Common Stock,S,N,N,100,N,N
1661,FCEF,First Trust Income Opportunities ETF,G,N,N,100,Y,N
1662,FCEL,"FuelCell Energy, Inc. - Common Stock",G,N,N,100,N,N
1663,FCFS,"FirstCash Holdings, Inc. - Common Stock",Q,N,N,100,N,N
1664,FCHL,Fitness Champs Holdings Limited - Ordinary Shares,S,N,D,100,N,N
1665,FCNCA,"First Citizens BancShares, Inc. - Class A Common Stock",Q,N,N,10,N,N
1666,FCNCO,"First Citizens BancShares, Inc. - 5.625% Non-Cumulative Perpetual Preferred Stock, Series C",Q,N,N,100,N,N
1667,FCNCP,"First Citizens BancShares, Inc. - Depositary Shares Each Representing a 1/40th Interest in a Share of 5.375% Non-Cumulative Perpetual Preferred Stock, Series A",Q,N,N,100,N,N
1668,FCTE,SMI 3Fourteen Full-Cycle Trend ETF,G,N,N,100,Y,N
1669,FCUV,Focus Universal Inc. - Common Stock,S,N,N,100,N,N
1670,FCVT,First Trust SSI Strategic Convertible Securities ETF,G,N,N,100,Y,N
1671,FDBC,"Fidelity D & D Bancorp, Inc. - Common Stock",G,N,N,100,N,N
1672,FDCF,Fidelity Disruptive Communications ETF,G,N,N,100,Y,N
1673,FDFF,Fidelity Disruptive Finance ETF,G,N,N,100,Y,N
1674,FDIF,Fidelity Disruptors ETF,G,N,N,100,Y,N
1675,FDIG,Fidelity Crypto Industry and Digital Payments ETF,G,N,N,100,Y,N
1676,FDIV,MarketDesk Focused U.S. Dividend ETF,G,N,N,100,Y,N
1677,FDMT,"4D Molecular Therapeutics, Inc. - Common Stock",Q,N,N,100,N,N
1678,FDNI,First Trust Dow Jones International Internet ETF,G,N,N,100,Y,N
1679,FDRS,Founder-Led ETF,G,N,N,100,Y,N
1680,FDRX,Founder-Led 2X Daily ETF,G,N,N,100,Y,N
1681,FDSB,"Fifth District Bancorp, Inc. - Common Stock",S,N,N,100,N,N
1682,FDT,First Trust Developed Markets Ex-US AlphaDEX Fund,G,N,N,100,Y,N
1683,FDTS,First Trust Developed Markets ex-US Small Cap AlphaDEX Fund,G,N,N,100,Y,N
1684,FDTX,Fidelity Disruptive Technology ETF,G,N,N,100,Y,N
1685,FDUS,Fidus Investment Corporation - Closed End Fund,Q,N,N,100,N,N
1686,FEAM,"5E Advanced Materials, Inc. - Common Stock",Q,N,N,100,N,N
1687,FEAT,YieldMax Dorsey Wright Featured 5 Income ETF,G,N,N,100,Y,N
1688,FEBO,Fenbo Holdings Limited - Class A Ordinary Shares,S,N,N,100,N,N
1689,FEED,"ENvue Medical, Inc. - Common Stock",S,N,N,100,N,N
1690,FEIM,"Frequency Electronics, Inc. - Common Stock",G,N,N,100,N,N
1691,FELE,"Franklin Electric Co., Inc. - Common Stock",Q,N,N,100,N,N
1692,FEM,First Trust Emerging Markets AlphaDEX Fund,G,N,N,100,Y,N
1693,FEMB,First Trust Emerging Markets Local Currency Bond ETF,G,N,N,100,Y,N
1694,FEMS,First Trust Emerging Markets Small Cap AlphaDEX Fund,G,N,N,100,Y,N
1695,FEMY,Femasys Inc. - Common Stock,S,N,D,100,N,N
1696,FENC,Fennec Pharmaceuticals Inc. - Common Stock,S,N,N,100,N,N
1697,FEP,First Trust Europe AlphaDEX Fund,G,N,N,100,Y,N
1698,FEPI,REX FANG & Innovation Equity Premium Income ETF,G,N,N,100,Y,N
1699,FER,Ferrovial SE - Ordinary Shares,Q,N,N,100,N,N
1700,FERA,Fifth Era Acquisition Corp I - Class A Ordinary Shares,G,N,N,100,N,N
1701,FERAR,Fifth Era Acquisition Corp I - Rights,G,N,N,100,N,N
1702,FERAU,Fifth Era Acquisition Corp I - Units,G,N,N,100,N,N
1703,FEUZ,First Trust Eurozone AlphaDEX ETF,G,N,N,100,Y,N
1704,FEX,First Trust Large Cap Core AlphaDEX Fund,G,N,N,100,Y,N
1705,FFAI,Faraday Future Intelligent Electric Inc. - Class A Common Stock,S,N,N,100,N,N
1706,FFAIW,Faraday Future Intelligent Electric Inc. - Warrant,S,N,N,100,N,N
1707,FFBC,First Financial Bancorp. - Common Stock,Q,N,N,100,N,N
1708,FFIC,Flushing Financial Corporation - Common Stock,Q,N,N,100,N,N
1709,FFIN,"First Financial Bankshares, Inc. - Common Stock",Q,N,N,100,N,N
1710,FFIV,"F5, Inc. - Common Stock",Q,N,N,40,N,N
1711,FFUT,Fidelity Managed Futures ETF,G,N,N,100,Y,N
1712,FGBI,"First Guaranty Bancshares, Inc. - Common Stock",G,N,N,100,N,N
1713,FGBIP,"First Guaranty Bancshares, Inc. - 6.75% Series A Fixed-Rate Non-Cumulative Perpetual Preferred Stock",G,N,N,100,N,N
1714,FGI,FGI Industries Ltd. - Ordinary Shares,S,N,N,100,N,N
1715,FGIIU,FG Imperii Acquisition Corp. - Units,G,N,N,100,N,N
1716,FGIWW,FGI Industries Ltd. - warrant,S,N,N,100,N,N
1717,FGL,Founder Group Limited - Class A Ordinary Shares,S,N,D,100,N,N
1718,FGM,First Trust Germany AlphaDEX Fund,G,N,N,100,Y,N
1719,FGMC,FG Merger II Corp. - Common stock,G,N,N,100,N,N
1720,FGMCR,FG Merger II Corp. - Rights,G,N,N,100,N,N
1721,FGMCU,FG Merger II Corp. - Unit,G,N,N,100,N,N
1722,FGNX,FG Nexus Inc. - Common Stock,G,N,N,100,N,N
1723,FGNXP,FG Nexus Inc. - 8.00% Cumulative Series A Preferred Stock,G,N,N,100,N,N
1724,FGSI,FT Vest Growth Strength & Target Income ETF,G,N,N,100,Y,N
1725,FHB,"First Hawaiian, Inc. - Common Stock",Q,N,N,100,N,N
1726,FHTX,Foghorn Therapeutics Inc. - Common Stock,G,N,N,100,N,N
1727,FIBK,"First Interstate BancSystem, Inc. - Common Stock",Q,N,N,100,N,N
1728,FICS,First Trust International Developed Capital Strength ETF,G,N,N,100,Y,N
1729,FID,First Trust S&P International Dividend Aristocrats ETF,G,N,N,100,Y,N
1730,FIEE,"FiEE, Inc - Common Stock",S,N,N,100,N,N
1731,FIGG,Leverage Shares 2x Long FIG Daily ETF,G,N,N,100,Y,N
1732,FIGR,"Figure Technology Solutions, Inc. - Class A Common Stock",Q,N,N,100,N,N
1733,FIGX,FIGX Capital Acquisition Corp. - Class A ordinary share,G,N,N,100,N,N
1734,FIGXU,FIGX Capital Acquisition Corp. - Units,G,N,N,100,N,N
1735,FIGXW,FIGX Capital Acquisition Corp. - one-half of one redeemable warrant.,G,N,N,100,N,N
1736,FINW,FinWise Bancorp - Common Stock,G,N,N,100,N,N
1737,FINX,Global X FinTech ETF,G,N,N,100,Y,N
1738,FIP,FTAI Infrastructure Inc. - Common Stock,Q,N,N,100,N,N
1739,FISI,"Financial Institutions, Inc. - Common Stock",Q,N,N,100,N,N
1740,FISV,"Fiserv, Inc. - Common Stock",Q,N,N,100,N,N
1741,FITB,Fifth Third Bancorp - Common Stock,Q,N,N,100,N,N
1742,FITBI,Fifth Third Bancorp - Depositary Share repstg 1/1000th Ownership Interest Perp Pfd Series I,Q,N,N,100,N,N
1743,FITBO,"Fifth Third Bancorp - Depositary Shares each representing a 1/1000th ownership interest in a share of Non-Cumulative Perpetual Preferred Stock, Series K",Q,N,N,100,N,N
1744,FITBP,"Fifth Third Bancorp - Depositary Shares each representing 1/40th share of Fifth Third 6.00% Non-Cumulative Perpetual Class B Preferred Stock, Series A",Q,N,N,100,N,N
1745,FIVE,"Five Below, Inc. - Common Stock",Q,N,N,100,N,N
1746,FIVN,"Five9, Inc. - Common Stock",G,N,N,100,N,N
1747,FIVY,YieldMax Dorsey Wright Hybrid 5 Income ETF,G,N,N,100,Y,N
1748,FIXD,First Trust Smith Opportunistic Fixed Income ETF,G,N,N,100,Y,N
1749,FIZZ,National Beverage Corp. - Common Stock,Q,N,N,100,N,N
1750,FJP,First Trust Japan AlphaDEX Fund,G,N,N,100,Y,N
1751,FKU,First Trust United Kingdom AlphaDEX Fund,G,N,N,100,Y,N
1752,FKWL,Franklin Wireless Corp. - common stock,S,N,N,100,N,N
1753,FLD,"Fold Holdings, Inc. - Class A Common Stock",S,N,N,100,N,N
1754,FLDB,Fidelity Low Duration Bond ETF,G,N,N,100,Y,N
1755,FLDDW,"Fold Holdings, Inc. - Warrant",S,N,N,100,N,N
1756,FLEX,Flex Ltd. - Ordinary Shares,Q,N,N,100,N,N
1757,FLGC,Flora Growth Corp. - Common Stock,S,N,N,100,N,N
1758,FLGT,"Fulgent Genetics, Inc. - Common Stock",G,N,N,100,N,N
1759,FLL,"Full House Resorts, Inc. - Common Stock",S,N,N,100,N,N
1760,FLN,First Trust Latin America AlphaDEX Fund,G,N,N,100,Y,N
1761,FLNC,"Fluence Energy, Inc. - Class A Common Stock",Q,N,N,100,N,N
1762,FLNT,"Fluent, Inc. - Common Stock",S,N,N,100,N,N
1763,FLUX,"Flux Power Holdings, Inc. - Common Stock",S,N,N,100,N,N
1764,FLWS,"1-800-FLOWERS.COM, Inc. - Class A Common Stock",Q,N,N,100,N,N
1765,FLX,BingEx Limited - American Depositary Shares,Q,N,N,100,N,N
1766,FLXS,"Flexsteel Industries, Inc. - Common Stock",Q,N,N,100,N,N
1767,FLY,Firefly Aerospace Inc. - Common Stock,G,N,N,100,N,N
1768,FLYE,"Fly-E Group, Inc. - Common Stock",S,N,N,100,N,N
1769,FLYW,Flywire Corporation - Voting Common Stock,Q,N,N,100,N,N
1770,FMAO,"Farmers & Merchants Bancorp, Inc. - Common Stock",S,N,N,100,N,N
1771,FMB,First Trust Managed Municipal ETF,G,N,N,100,Y,N
1772,FMBH,"First Mid Bancshares, Inc. - Common Stock",G,N,N,100,N,N
1773,FMED,Fidelity Disruptive Medicine ETF,G,N,N,100,Y,N
1774,FMET,Fidelity Metaverse ETF,G,N,N,100,Y,N
1775,FMFC,Kandal M Venture Limited - Class A ordinary Shares,S,N,D,100,N,N
1776,FMHI,First Trust Municipal High Income ETF,G,N,N,100,Y,N
1777,FMNB,Farmers National Banc Corp. - Common Stock,S,N,N,100,N,N
1778,FMST,Foremost Clean Energy Ltd. - Common Shares,S,N,N,100,N,N
1779,FMSTW,Foremost Clean Energy Ltd. - Warrant,S,N,N,100,N,N
1780,FMTM,MarketDesk Focused U.S. Momentum ETF,G,N,N,100,Y,N
1781,FMUB,Fidelity Municipal Bond Opportunities ETF,G,N,N,100,Y,N
1782,FMUN,Fidelity Systematic Municipal Bond Index ETF,G,N,N,100,Y,N
1783,FNGR,"FingerMotion, Inc. - common stock",S,N,N,100,N,N
1784,FNK,First Trust Mid Cap Value AlphaDEX Fund,G,N,N,100,Y,N
1785,FNKO,"Funko, Inc. - Class A Common Stock",Q,N,N,100,N,N
1786,FNLC,"First Bancorp, Inc (ME) - Common Stock",Q,N,N,100,N,N
1787,FNWB,First Northwest Bancorp - Common Stock,G,N,N,100,N,N
1788,FNWD,Finward Bancorp - common stock,S,N,N,100,N,N
1789,FNX,First Trust Mid Cap Core AlphaDEX Fund,G,N,N,100,Y,N
1790,FNY,First Trust Mid Cap Growth AlphaDEX Fund,G,N,N,100,Y,N
1791,FOFO,"Hang Feng Technology Innovation Co., Ltd. - Ordinary Shares",S,N,N,100,N,N
1792,FOLD,"Amicus Therapeutics, Inc. - Common Stock",G,N,N,100,N,N
1793,FONR,Fonar Corporation - Common Stock,S,N,N,100,N,N
1794,FORA,Forian Inc. - Common Stock,S,N,N,100,N,N
1795,FORM,"FormFactor, Inc. - Common Stock",Q,N,N,100,N,N
1796,FORR,"Forrester Research, Inc. - Common Stock",Q,N,N,100,N,N
1797,FORTY,Formula Systems (1985) Ltd. - American Depositary Shares,Q,N,N,100,N,N
1798,FOSL,"Fossil Group, Inc. - Common Stock",Q,N,N,100,N,N
1799,FOX,Fox Corporation - Class B Common Stock,Q,N,N,100,N,N
1800,FOXA,Fox Corporation - Class A Common Stock,Q,N,N,100,N,N
1801,FOXF,Fox Factory Holding Corp. - Common Stock,Q,N,N,100,N,N
1802,FOXX,Foxx Development Holdings Inc. - Common Stock,S,N,D,100,N,N
1803,FOXXW,Foxx Development Holdings Inc. - Warrant,S,N,D,100,N,N
1804,FPA,First Trust Asia Pacific Ex-Japan AlphaDEX Fund,G,N,N,100,Y,N
1805,FPXE,First Trust IPOX Europe Equity Opportunities ETF,G,N,N,100,Y,N
1806,FPXI,First Trust International Equity Opportunities ETF,G,N,N,100,Y,N
1807,FRAF,Franklin Financial Services Corporation - Common Stock,S,N,N,100,N,N
1808,FRBA,First Bank  - Common Stock,G,N,N,100,N,N
1809,FRD,Friedman Industries Inc. - Common Stock,Q,N,N,100,N,N
1810,FRDD,Direxion Daily F Bear 1X ETF,G,N,N,100,Y,N
1811,FRDU,Direxion Daily F Bull 2X ETF,G,N,N,100,Y,N
1812,FRGT,"Freight Technologies, Inc. - Ordinary Shares",S,N,N,100,N,N
1813,FRHC,Freedom Holding Corp. - Common Stock,S,N,N,100,N,N
1814,FRME,First Merchants Corporation - Common Stock,Q,N,N,100,N,N
1815,FRMEP,"First Merchants Corporation - Depository Shares, each representing a 1/100th interest in a share of 7.50% Non-Cumulative Perpetual Preferred Stock, A",Q,N,N,100,N,N
1816,FRMI,Fermi Inc. - Common Stock,Q,N,N,100,N,N
1817,FROG,JFrog Ltd. - Ordinary shares,Q,N,N,100,N,N
1818,FRPH,"FRP Holdings, Inc. - Common Stock",Q,N,N,100,N,N
1819,FRPT,"Freshpet, Inc. - Common Stock",G,N,N,100,N,N
1820,FRSH,Freshworks Inc. - Class A Common Stock,Q,N,N,100,N,N
1821,FRST,Primis Financial Corp. - Common Stock,G,N,N,100,N,N
1822,FRSX,Foresight Autonomous Holdings Ltd. - American Depositary Shares,S,N,N,100,N,N
1823,FRWD,Nomura Transformational Technologies ETF,G,N,N,100,Y,N
1824,FSBC,Five Star Bancorp - Common Stock,Q,N,N,100,N,N
1825,FSBW,"FS Bancorp, Inc. - Common Stock",S,N,N,100,N,N
1826,FSCS,First Trust SMID Capital Strength ETF,G,N,N,100,Y,N
1827,FSEA,"First Seacoast Bancorp, Inc. - Common Stock",S,N,N,100,N,N
1828,FSFG,"First Savings Financial Group, Inc. - Common Stock",S,N,N,100,N,N
1829,FSGS,First Trust SMID Growth Strength ETF,G,N,N,100,Y,N
1830,FSHP,Flag Ship Acquisition Corp. - Ordinary Shares,G,N,N,100,N,N
1831,FSHPR,Flag Ship Acquisition Corp. - Right,G,N,N,100,N,N
1832,FSHPU,Flag Ship Acquisition Corp. - Unit,G,N,N,100,N,N
1833,FSLR,"First Solar, Inc. - Common Stock",Q,N,N,100,N,N
1834,FSLY,"Fastly, Inc. - Class A Common Stock",Q,N,N,100,N,N
1835,FSTR,L.B. Foster Company - Common Stock,Q,N,N,100,N,N
1836,FSUN,FirstSun Capital Bancorp - Common Stock,Q,N,N,100,N,N
1837,FSV,FirstService Corporation - Common Shares,Q,N,N,100,N,N
1838,FSZ,First Trust Switzerland AlphaDEX Fund,G,N,N,100,Y,N
1839,FTA,First Trust Large Cap Value AlphaDEX Fund,G,N,N,100,Y,N
1840,FTAG,First Trust Indxx Global Agriculture ETF,G,N,N,100,Y,N
1841,FTAI,FTAI Aviation Ltd. - Common Stock,Q,N,N,100,N,N
1842,FTAIM,FTAI Aviation Ltd. - 9.500% Fixed-Rate Reset Series D Cumulative Perpetual Redeemable Preferred Shares,Q,N,N,100,N,N
1843,FTAIN,FTAI Aviation Ltd. - 8.25% Fixed-Rate Reset Series C Cumulative Perpetual Redeemable Preferred Shares,Q,N,N,100,N,N
1844,FTC,First Trust Large Cap Growth AlphaDEX Fund,G,N,N,100,Y,N
1845,FTCI,"FTC Solar, Inc. - Common Stock",S,N,N,100,N,N
1846,FTCS,First Trust Capital Strength ETF,G,N,N,100,Y,N
1847,FTDR,"Frontdoor, Inc. - Common Stock",Q,N,N,100,N,N
1848,FTDS,First Trust Dividend Strength ETF,G,N,N,100,Y,N
1849,FTEK,"Fuel Tech, Inc. - Common Stock",S,N,N,100,N,N
1850,FTEL,Fitell Corporation - Class A Ordinary Shares,S,N,N,100,N,N
1851,FTFT,Future FinTech Group Inc. - Common Stock,S,N,N,100,N,N
1852,FTGC,First Trust Global Tactical Commodity Strategy Fund,G,N,N,100,Y,N
1853,FTGS,First Trust Growth Strength ETF,G,N,N,100,Y,N
1854,FTHI,First Trust BuyWrite Income ETF,G,N,N,100,Y,N
1855,FTHM,Fathom Holdings Inc. - Common Stock,S,N,N,100,N,N
1856,FTLF,"FitLife Brands, Inc. - Common Stock",S,N,N,100,N,N
1857,FTNT,"Fortinet, Inc. - Common Stock",Q,N,N,100,N,N
1858,FTQI,First Trust Nasdaq BuyWrite Income ETF,G,N,N,100,Y,N
1859,FTRE,Fortrea Holdings Inc. - Common Stock,Q,N,N,100,N,N
1860,FTRI,First Trust Indxx Global Natural Resources Income ETF,G,N,N,100,Y,N
1861,FTRK,FAST TRACK GROUP - Ordinary shares,S,N,D,100,N,N
1862,FTSL,First Trust Senior Loan Fund,G,N,N,100,Y,N
1863,FTSM,First Trust Enhanced Short Maturity ETF,G,N,N,100,Y,N
1864,FTXG,First Trust Nasdaq Food & Beverage ETF,G,N,N,100,Y,N
1865,FTXH,First Trust Nasdaq Pharmaceuticals ETF,G,N,N,100,Y,N
1866,FTXL,First Trust Nasdaq Semiconductor ETF,G,N,N,100,Y,N
1867,FTXN,First Trust Nasdaq Oil & Gas ETF,G,N,N,100,Y,N
1868,FTXO,First Trust Nasdaq Bank ETF,G,N,N,100,Y,N
1869,FTXR,First Trust Nasdaq Transportation ETF,G,N,N,100,Y,N
1870,FUFU,BitFuFu Inc. - Class A Ordinary Shares,S,N,N,100,N,N
1871,FUFUW,BitFuFu Inc. - Warrant,S,N,N,100,N,N
1872,FULC,"Fulcrum Therapeutics, Inc. - Common Stock",G,N,N,100,N,N
1873,FULT,Fulton Financial Corporation - Common Stock,Q,N,N,100,N,N
1874,FULTP,"Fulton Financial Corporation - Depositary Shares Each Representing a 1/40th Interest in a Share of Fixed Rate Non-Cumulative Perpetual Preferred Stock, Series A",Q,N,N,100,N,N
1875,FUNC,First United Corporation - Common Stock,Q,N,N,100,N,N
1876,FUND,"Sprott Focus Trust, Inc. - Closed End Fund",Q,N,N,100,N,N
1877,FUSB,"First US Bancshares, Inc. - Common Stock",S,N,N,100,N,N
1878,FUSE,Fusemachines Inc. - Common stock,G,N,H,100,N,N
1879,FUSEW,Fusemachines Inc. - Warrants,S,N,E,100,N,N
1880,FUTG,Leverage Shares 2x Long FUTU Daily ETF,G,N,N,100,Y,N
1881,FUTU,Futu Holdings Limited - American Depositary Shares,G,N,N,100,N,N
1882,FV,First Trust Dorsey Wright Focus 5 ETF,G,N,N,100,Y,N
1883,FVC,First Trust Dorsey Wright Dynamic Focus 5 ETF,G,N,N,100,Y,N
1884,FVCB,"FVCBankcorp, Inc. - Common Stock",S,N,N,100,N,N
1885,FVN,Future Vision II Acquisition Corporation - Ordinary Shares,S,N,N,100,N,N
1886,FVNNR,Future Vision II Acquisition Corporation - Right,S,N,N,100,N,N
1887,FVNNU,Future Vision II Acquisition Corporation - Units,S,N,N,100,N,N
1888,FWDI,"Forward Industries, Inc. - Common Stock",S,N,N,100,N,N
1889,FWONA,Liberty Media Corporation - Series A Liberty Formula One Common Stock,Q,N,N,100,N,N
1890,FWONK,Liberty Media Corporation - Series C Liberty Formula One Common Stock,Q,N,N,100,N,N
1891,FWRD,Forward Air Corporation - Common Stock,Q,N,N,100,N,N
1892,FWRG,"First Watch Restaurant Group, Inc. - Common Stock",Q,N,N,100,N,N
1893,FXNC,First National Corporation - Common Stock,S,N,N,100,N,N
1894,FYC,First Trust Small Cap Growth AlphaDEX Fund,G,N,N,100,Y,N
1895,FYT,First Trust Small Cap Value AlphaDEX Fund,G,N,N,100,Y,N
1896,FYX,First Trust Small Cap Core AlphaDEX Fund,G,N,N,100,Y,N
1897,GABC,"German American Bancorp, Inc. - Common Stock",Q,N,N,100,N,N
1898,GAIA,"Gaia, Inc. - Class A Common Stock",G,N,N,100,N,N
1899,GAIN,Gladstone Investment Corporation - Business Development Company,Q,N,N,100,N,N
1900,GAINI,Gladstone Investment Corporation - 7.875% Notes due 2030,Q,N,N,100,N,N
1901,GAINN,Gladstone Investment Corporation - 5.00% Notes Due 2026,Q,N,N,100,N,N
1902,GAINZ,Gladstone Investment Corporation - 4.875% Notes due 2028,Q,N,N,100,N,N
1903,GALT,Galectin Therapeutics Inc. - Common Stock,S,N,N,100,N,N
1904,GAMB,Gambling.com Group Limited - Ordinary Shares,G,N,N,100,N,N
1905,GAME,"GameSquare Holdings, Inc. - Common stock",S,N,D,100,N,N
1906,GANX,"Gain Therapeutics, Inc. - Common Stock",G,N,N,100,N,N
1907,GARY,Mango Growth ETF,G,N,N,100,Y,N
1908,GASS,"StealthGas, Inc. - common stock",Q,N,N,100,N,N
1909,GAUZ,Gauzy Ltd. - Ordinary Shares,G,N,N,100,N,N
1910,GBDC,"Golub Capital BDC, Inc. - Closed End Fund",Q,N,N,100,N,N
1911,GBFH,GBank Financial Holdings Inc. - Common Stock,S,N,N,100,N,N
1912,GBIO,Generation Bio Co. - Common stock,Q,N,N,100,N,N
1913,GBLI,"Global Indemnity Group, LLC - Class A Common Shares",Q,N,N,100,N,N
1914,GBUG,Sprott Active Gold & Silver Miners ETF,G,N,N,100,Y,N
1915,GCBC,"Greene County Bancorp, Inc. - Common Stock",S,N,N,100,N,N
1916,GCL,GCL Global Holdings Ltd - Ordinary Shares,Q,N,N,100,N,N
1917,GCLWW,GCL Global Holdings Ltd - Warrants,Q,N,N,100,N,N
1918,GCMG,GCM Grosvenor Inc. - Class A Common Stock,G,N,N,100,N,N
1919,GCT,GigaCloud Technology Inc - Class A Ordinary Shares,G,N,N,100,N,N
1920,GCTK,"GlucoTrack, Inc. - Common Stock",S,N,N,100,N,N
1921,GDC,GD Culture Group Limited - Common Stock,S,N,N,100,N,N
1922,GDEN,"Golden Entertainment, Inc. - Common Stock",G,N,N,100,N,N
1923,GDEV,GDEV Inc. - Ordinary Shares,G,N,N,100,N,N
1924,GDEVW,GDEV Inc. - Warrant,G,N,N,100,N,N
1925,GDFN,Tema International Defense Innovation ETF,G,N,N,100,Y,N
1926,GDHG,Golden Heaven Group Holdings Ltd.  - Class A Ordinary Shares,S,N,N,100,N,N
1927,GDRX,"GoodRx Holdings, Inc. - Class A Common Stock",Q,N,N,100,N,N
1928,GDS,GDS Holdings Limited - American Depositary Shares,G,N,N,100,N,N
1929,GDTC,CytoMed Therapeutics Limited - Ordinary Shares,S,N,N,100,N,N
1930,GDYN,"Grid Dynamics Holdings, Inc. - Class A Common Stock",S,N,N,100,N,N
1931,GECC,Great Elm Capital Corp. - Closed End Fund,G,N,N,100,N,N
1932,GECCG,Great Elm Capital Corp. - 7.75% Notes Due 2030,G,N,N,100,N,N
1933,GECCH,Great Elm Capital Corp. - 8.125% Notes Due 2029,G,N,N,100,N,N
1934,GECCI,Great Elm Capital Corp. - 8.50% NOTES DUE 2029,G,N,N,100,N,N
1935,GECCO,Great Elm Capital Corp. - 5.875% Notes due 2026,G,N,N,100,N,N
1936,GEG,"Great Elm Group, Inc.  - Common Stock",Q,N,N,100,N,N
1937,GEGGL,"Great Elm Group, Inc.  - 7.25% Notes due 2027",G,N,N,100,N,N
1938,GEHC,GE HealthCare Technologies Inc. - Common Stock,Q,N,N,100,N,N
1939,GELS,Gelteq Limited - Ordinary Shares,S,N,N,100,N,N
1940,GEME,Pacific North of South EM Equity Active ETF,G,N,N,100,Y,N
1941,GEMG,Leverage Shares 2X Long GEMI Daily ETF,G,N,N,100,Y,N
1942,GEMI,"Gemini Space Station, Inc. - Class A Common Stock",Q,N,N,100,N,N
1943,GEN,Gen Digital Inc. - Common Stock,Q,N,N,100,N,N
1944,GENK,"GEN Restaurant Group, Inc. - Class A Common Stock",G,N,N,100,N,N
1945,GENVR,Gen Digital Inc. - Contingent Value Rights,G,N,N,100,N,N
1946,GEOS,Geospace Technologies Corporation - Common Stock,Q,N,N,100,N,N
1947,GERN,Geron Corporation - Common Stock,Q,N,N,100,N,N
1948,GEVG,Leverage Shares 2X Long GEV Daily ETF,G,N,N,100,Y,N
1949,GEVO,"Gevo, Inc. - Common Stock",S,N,N,100,N,N
1950,GEW,Cambria Global EW ETF,G,N,N,100,Y,N
1951,GFAI,"Guardforce AI Co., Limited - Ordinary Shares",S,N,D,100,N,N
1952,GFAIW,"Guardforce AI Co., Limited - Warrant",S,N,N,100,N,N
1953,GFGF,Guru Favorite Stocks ETF,G,N,N,100,Y,N
1954,GFLW,VictoryShares Free Cash Flow Growth ETF,G,N,N,100,Y,N
1955,GFS,GlobalFoundries Inc. - Ordinary Share,Q,N,N,100,N,N
1956,GGAL,"Grupo Financiero Galicia S.A. - American Depositary Shares, Class B Shares underlying",S,N,N,100,N,N
1957,GGLL,Direxion Daily GOOGL Bull 2X Shares,G,N,N,100,Y,N
1958,GGLS,Direxion Daily GOOGL Bear 1X Shares,G,N,N,100,Y,N
1959,GGR,Gogoro Inc. - Ordinary Shares,S,N,N,100,N,N
1960,GGROW,Gogoro Inc. - Warrant,S,N,N,100,N,N
1961,GH,"Guardant Health, Inc. - Common Stock",Q,N,N,100,N,N
1962,GHRS,GH Research PLC - Ordinary Shares,G,N,N,100,N,N
1963,GIBO,GIBO Holdings Limited - Class A Ordinary Shares,S,N,N,100,N,N
1964,GIBOW,GIBO Holdings Limited - Warrants,S,N,N,100,N,N
1965,GIFT,"Giftify, Inc. - Common Stock",S,N,N,100,N,N
1966,GIG,GigCapital7 Corp. - Class A Ordinary Share,G,N,N,100,N,N
1967,GIGGU,GigCapital7 Corp. - Unit,G,N,N,100,N,N
1968,GIGGW,GigCapital7 Corp. - Warrant,G,N,N,100,N,N
1969,GIGM,GigaMedia Limited - Ordinary Shares,S,N,N,100,N,N
1970,GIII,"G-III Apparel Group, LTD. - Common Stock",Q,N,N,100,N,N
1971,GILD,"Gilead Sciences, Inc. - Common Stock",Q,N,N,100,N,N
1972,GILT,Gilat Satellite Networks Ltd. - Ordinary Shares,Q,N,N,100,N,N
1973,GIND,Goldman Sachs India Equity ETF,G,N,N,100,Y,N
1974,GINX,SGI Enhanced Global Income ETF,G,N,N,100,Y,N
1975,GIPR,Generation Income Properties Inc. - Common stock,S,N,D,100,N,N
1976,GIPRW,Generation Income Properties Inc. - Warrant,S,N,D,100,N,N
1977,GITS,"Global Interactive Technologies, Inc. Common Stock - Common Stock",S,N,N,100,N,N
1978,GIW,GigCapital8 Corp. - Class A Ordinary Shares,G,N,N,100,N,N
1979,GIWWR,GigCapital8 Corp. - Rights,G,N,N,100,N,N
1980,GIWWU,GigCapital8 Corp. - Units,G,N,N,100,N,N
1981,GKAT,Scharf Global Opportunity ETF,G,N,N,100,Y,N
1982,GLAD,Gladstone Capital Corporation - Closed End Fund,Q,N,N,100,N,N
1983,GLBE,Global-E Online Ltd. - ordinary shares,Q,N,N,100,N,N
1984,GLBS,Globus Maritime Limited - Common Stock,S,N,N,100,N,N
1985,GLCR,GlacierShares Nasdaq Iceland ETF,G,N,N,100,Y,N
1986,GLDB,IDX Alternative FIAT ETF,G,N,N,100,Y,N
1987,GLDD,Great Lakes Dredge & Dock Corporation - Common Stock,Q,N,N,100,N,N
1988,GLDI,"ETRACS Gold Shares Covered Call ETNs due February 2, 2033",G,N,N,100,Y,N
1989,GLDY,Defiance Gold Enhanced Options Income ETF,G,N,N,100,Y,N
1990,GLE,Global Engine Group Holding Limited - Class A Ordinary Shares,S,N,D,100,N,N
1991,GLGG,Leverage Shares 2X Long GLXY Daily ETF,G,N,N,100,Y,N
1992,GLIBA,"GCI Liberty, Inc. - Series A GCI Group Common Stock",Q,N,N,100,N,N
1993,GLIBK,"GCI Liberty, Inc. - Series C GCI Group Common Stock",Q,N,N,100,N,N
1994,GLMD,Galmed Pharmaceuticals Ltd. - Ordinary Shares,S,N,N,100,N,N
1995,GLNG,Golar LNG Limited - Common Shares,Q,N,N,100,N,N
1996,GLOO,"Gloo Holdings, Inc. - Common Stock",Q,N,N,100,N,N
1997,GLOW,VictoryShares WestEnd Global Equity ETF,G,N,N,100,Y,N
1998,GLPG,Galapagos NV - American Depositary Shares,Q,N,N,100,N,N
1999,GLPI,"Gaming and Leisure Properties, Inc. - Common Stock",Q,N,N,100,N,N
2000,GLRE,"Greenlight Reinsurance, Ltd. - Class A Ordinary Shares",Q,N,N,100,N,N
2001,GLSI,"Greenwich LifeSciences, Inc. - Common stock",S,N,N,100,N,N
2002,GLTO,"Galecto, Inc. - Common Stock",S,N,N,100,N,N
2003,GLUE,"Monte Rosa Therapeutics, Inc. - Common Stock",Q,N,N,100,N,N
2004,GLXG,Galaxy Payroll Group Limited - Class A Ordinary Shares,S,N,N,100,N,N
2005,GLXY,Galaxy Digital Inc. - Class A common stock,Q,N,N,100,N,N
2006,GMAB,Genmab A/S - American Depositary Shares,Q,N,N,100,N,N
2007,GMGI,"Golden Matrix Group, Inc. - Common Stock",S,N,D,100,N,N
2008,GMHS,Gamehaus Holdings Inc. - Class A Ordinary Shares,S,N,N,100,N,N
2009,GMM,Global Mofy AI Limited  - Class A Ordinary Shares,S,N,N,100,N,N
2010,GNLN,"Greenlane Holdings, Inc. - Class A Common Stock",S,N,N,100,N,N
2011,GNLX,Genelux Corporation - Common Stock,S,N,N,100,N,N
2012,GNMA,iShares GNMA Bond ETF,G,N,N,100,Y,N
2013,GNOM,Global X Genomics & Biotechnology ETF,G,N,N,100,Y,N
2014,GNPX,"Genprex, Inc. - Common Stock",S,N,N,100,N,N
2015,GNSS,Genasys Inc. - Common Stock,S,N,N,100,N,N
2016,GNTA,Genenta Science S.p.A. - American Depositary Shares,S,N,N,100,N,N
2017,GNTX,Gentex Corporation - Common Stock,Q,N,N,100,N,N
2018,GO,Grocery Outlet Holding Corp. - Common Stock,Q,N,N,100,N,N
2019,GOCO,"GoHealth, Inc. - Class A Common Stock",S,N,N,100,N,N
2020,GOGO,Gogo Inc. - Common Stock,Q,N,N,100,N,N
2021,GOOD,Gladstone Commercial Corporation - Real Estate Investment Trust,Q,N,N,100,N,N
2022,GOODN,Gladstone Commercial Corporation - 6.625% Series E Cumulative Redeemable Preferred Stock,Q,N,N,100,N,N
2023,GOODO,"Gladstone Commercial Corporation - 6.00% Series G Cumulative Redeemable Preferred Stock, par value $0.001 per share",Q,N,N,100,N,N
2024,GOOG,Alphabet Inc. - Class C Capital Stock,Q,N,N,100,N,N
2025,GOOGL,Alphabet Inc. - Class A Common Stock,Q,N,N,100,N,N
2026,GOSS,"Gossamer Bio, Inc. - Common Stock",Q,N,N,100,N,N
2027,GOU,GraniteShares 2x Long GOOGL Daily ETF,G,N,N,100,Y,N
2028,GOVI,Invesco Equal Weight 0-30 Year Treasury ETF,G,N,N,100,Y,N
2029,GOVX,"GeoVax Labs, Inc. - Common Stock",S,N,D,100,N,N
2030,GP,GreenPower Motor Company Inc. - Common Shares,S,N,D,100,N,N
2031,GPAC,General Purpose Acquisition Corp. - Class A Ordinary Shares,G,N,N,100,N,N
2032,GPACU,General Purpose Acquisition Corp. - Units,G,N,N,100,N,N
2033,GPACW,General Purpose Acquisition Corp. - Warrant,G,N,N,100,N,N
2034,GPAT,GP-Act III Acquisition Corp. - Class A Ordinary Share,G,N,N,100,N,N
2035,GPATU,GP-Act III Acquisition Corp. - Units,G,N,N,100,N,N
2036,GPATW,GP-Act III Acquisition Corp. - Warrants,G,N,N,100,N,N
2037,GPCR,Structure Therapeutics Inc. - American Depositary Shares,G,N,N,100,N,N
2038,GPIQ,Goldman Sachs Nasdaq-100 Premium Income ETF,G,N,N,100,Y,N
2039,GPIX,Goldman Sachs S&P 500 Premium Income ETF,G,N,N,100,Y,N
2040,GPRE,"Green Plains, Inc. - Common Stock",Q,N,N,100,N,N
2041,GPRF,Goldman Sachs Access U.S. Preferred Stock and Hybrid Securities ETF,G,N,N,100,Y,N
2042,GPRO,"GoPro, Inc. - Class A Common Stock",Q,N,N,100,N,N
2043,GPT,Intelligent Alpha Atlas ETF,G,N,N,100,Y,N
2044,GQQQ,Astoria US Quality Growth Kings ETF,G,N,N,100,Y,N
2045,GRAB,Grab Holdings Limited - Class A Ordinary Shares,Q,N,N,100,N,N
2046,GRABW,Grab Holdings Limited - Warrant,Q,N,N,100,N,N
2047,GRAG,Leverage Shares 2X Long GRAB Daily ETF,G,N,N,100,Y,N
2048,GRAL,"GRAIL, Inc. - Common Stock",Q,N,N,100,N,N
2049,GRAN,Grande Group Limited - Class A Ordinary Shares,S,N,N,100,N,N
2050,GRCE,"Grace Therapeutics, Inc. - Common Stock",S,N,N,100,N,N
2051,GRDX,GridAI Technologies Corp.  - Common Stock,S,N,N,100,N,N
2052,GREE,Greenidge Generation Holdings Inc. - Class A Common Stock,Q,N,N,100,N,N
2053,GREEL,Greenidge Generation Holdings Inc. - 8.50% Senior Notes due 2026,Q,N,N,100,N,N
2054,GRFS,"Grifols, S.A. - American Depositary Shares",Q,N,N,100,N,N
2055,GRI,"GRI Bio, Inc. - Common Stock",S,N,N,100,N,N
2056,GRID,First Trust NASDAQ Clean Edge Smart Grid Infrastructure Index Fund,G,N,N,100,Y,N
2057,GRIN,VictoryShares International Free Cash Flow Growth ETF,G,N,N,100,Y,N
2058,GRNQ,Greenpro Capital Corp. - Common Stock,S,N,N,100,N,N
2059,GROW,"U.S. Global Investors, Inc. - Class A Common Stock",S,N,N,100,N,N
2060,GRPN,"Groupon, Inc. - Common Stock",Q,N,N,100,N,N
2061,GRRR,Gorilla Technology Group Inc. - Ordinary shares,S,N,N,100,N,N
2062,GRRRW,Gorilla Technology Group Inc. - Warrant,S,N,N,100,N,N
2063,GRVY,"GRAVITY Co., Ltd. - American depositary shares, each representing one common share.",G,N,N,100,N,N
2064,GRW,TCW Durable Growth ETF,G,N,N,100,Y,N
2065,GRWG,GrowGeneration Corp. - Common Stock,S,N,N,100,N,N
2066,GSAT,"Globalstar, Inc. - Common Stock",Q,N,N,100,N,N
2067,GSBC,"Great Southern Bancorp, Inc. - Common Stock",Q,N,N,100,N,N
2068,GSGO,Goldman Sachs Growth Opportunities ETF,G,N,N,100,Y,N
2069,GSHD,"Goosehead Insurance, Inc. - Class A Common Stock",Q,N,N,100,N,N
2070,GSHR,Gesher Acquisition Corp. II - Class A Ordinary Shares,G,N,N,100,N,N
2071,GSHRU,Gesher Acquisition Corp. II - Units,G,N,N,100,N,N
2072,GSHRW,Gesher Acquisition Corp. II - Warrants,G,N,N,100,N,N
2073,GSIB,Themes Global Systemically Important Banks ETF,G,N,N,100,Y,N
2074,GSIT,"GSI Technology, Inc. - Common Stock",Q,N,N,100,N,N
2075,GSIW,Garden Stage Limited - Ordinary Shares,S,N,D,100,N,N
2076,GSM,Ferroglobe PLC - Ordinary Shares,S,N,N,100,N,N
2077,GSRF,GSR IV Acquisition Corp. - Class A ordinary share,G,N,N,100,N,N
2078,GSRFR,GSR IV Acquisition Corp. - Rights,G,N,N,100,N,N
2079,GSRFU,GSR IV Acquisition Corp. - Units,G,N,N,100,N,N
2080,GSUN,Golden Sun Health Technology Group Limited - Class A Ordinary Shares,S,N,N,100,N,N
2081,GT,The Goodyear Tire & Rubber Company - Common Stock,Q,N,N,100,N,N
2082,GTBP,"GT Biopharma, Inc. - Common Stock",S,N,D,100,N,N
2083,GTEC,Greenland Technologies Holding Corporation - Ordinary Shares,S,N,N,100,N,N
2084,GTEN,"Gores Holdings X, Inc. - Class A ordinary shares",G,N,N,100,N,N
2085,GTENU,"Gores Holdings X, Inc. - Units",G,N,N,100,N,N
2086,GTENW,"Gores Holdings X, Inc. - Warrants",G,N,N,100,N,N
2087,GTERA,Globa Terra Acquisition Corporation - Class A Ordinary Shares,G,N,N,100,N,N
2088,GTERR,Globa Terra Acquisition Corporation - Rights,G,N,N,100,N,N
2089,GTERU,Globa Terra Acquisition Corporation - Units,G,N,N,100,N,N
2090,GTERW,Globa Terra Acquisition Corporation - Warrants,G,N,N,100,N,N
2091,GTIM,Good Times Restaurants Inc. - Common Stock,S,N,N,100,N,N
2092,GTLB,GitLab Inc. - Class A Common Stock,Q,N,N,100,N,N
2093,GTM,ZoomInfo Technologies Inc. - Common Stock,Q,N,N,100,N,N
2094,GTOP,Goldman Sachs Technology Opportunities ETF,G,N,N,100,Y,N
2095,GTPE,Goldman Sachs MSCI World Private Equity Return Tracker ETF,G,N,N,100,Y,N
2096,GTR,WisdomTree Target Range Fund,G,N,N,100,Y,N
2097,GTX,Garrett Motion Inc. - Common Stock,Q,N,N,100,N,N
2098,GURE,"Gulf Resources, Inc. - Common Stock",S,N,N,100,N,N
2099,GUSE,Goldman Sachs Enhanced U.S. Equity ETF,G,N,N,100,Y,N
2100,GUTS,"Fractyl Health, Inc. - Common Stock",G,N,N,100,N,N
2101,GV,Visionary Holdings Inc. - Common Shares,S,N,E,100,N,N
2102,GVH,Globavend Holdings Limited - Ord Shares,S,N,N,100,N,N
2103,GVLE,Goldman Sachs Value Opportunities ETF,G,N,N,100,Y,N
2104,GWAV,"Greenwave Technology Solutions, Inc. - Common Stock",S,N,E,100,N,N
2105,GWRS,"Global Water Resources, Inc. - common stock",G,N,N,100,N,N
2106,GXAI,Gaxos.ai Inc. - Common Stock,S,N,N,100,N,N
2107,GXDW,Global X Dorsey Wright Thematic ETF,G,N,N,100,Y,N
2108,GYRE,"Gyre Therapeutics, Inc. - Common Stock",S,N,N,100,N,N
2109,GYRO,"Gyrodyne , LLC - Common Stock",S,N,N,100,N,N
2110,HAFC,Hanmi Financial Corporation - Common Stock,Q,N,N,100,N,N
2111,HAIN,"The Hain Celestial Group, Inc. - Common Stock",Q,N,N,100,N,N
2112,HALO,"Halozyme Therapeutics, Inc. - Common Stock",Q,N,N,100,N,N
2113,HAO,Haoxi Health Technology Limited - Class A Ord Share,S,N,N,100,N,N
2114,HAS,"Hasbro, Inc. - Common Stock",Q,N,N,100,N,N
2115,HAVA,Harvard Ave Acquisition Corporation - Class A Ordinary Share,G,N,N,100,N,N
2116,HAVAR,Harvard Ave Acquisition Corporation - Rights that convert on a 1/10th of 1 basis to Class A ordinary Shares,G,N,N,100,N,N
2117,HAVAU,Harvard Ave Acquisition Corporation - Unit,G,N,N,100,N,N
2118,HBAN,Huntington Bancshares Incorporated - Common Stock,Q,N,N,100,N,N
2119,HBANL,"Huntington Bancshares Incorporated - Depositary Shares, Each Representing a 1/40th Interest in a Share of 6.875% Series J Non-Cumulative Perpetual Preferred Stock",Q,N,N,100,N,N
2120,HBANM,Huntington Bancshares Incorporated - Depositary Shares each representing a 1/1000th interest in a share of Huntington Series I Preferred Stock,Q,N,N,100,N,N
2121,HBANP,Huntington Bancshares Incorporated - Depositary Shares 4.500% Series H Non-Cumulative Perpetual Preferred Stock,Q,N,N,100,N,N
2122,HBCP,"Home Bancorp, Inc. - Common Stock",Q,N,N,100,N,N
2123,HBDC,Hilton BDC Corporate Bond ETF,G,N,N,100,Y,N
2124,HBIO,"Harvard Bioscience, Inc. - Common Stock",S,N,D,100,N,N
2125,HBNB,Hotel101 Global Holdings Corp. - Class A Ordinary Shares,S,N,N,100,N,N
2126,HBNC,"Horizon Bancorp, Inc. - Common Stock",Q,N,N,100,N,N
2127,HBR,Canary HBAR ETF,G,N,N,100,Y,N
2128,HBT,"HBT Financial, Inc. - Common Stock",Q,N,N,100,N,N
2129,HCACU,Hall Chadwick Acquisition Corp. - Unit,G,N,N,100,N,N
2130,HCAI,"Huachen AI Parking Management Technology Holding Co., Ltd. - Class A Ordinary Shares",S,N,D,100,N,N
2131,HCAT,"Health Catalyst, Inc - Common stock",Q,N,N,100,N,N
2132,HCHL,Happy City Holdings Limited - Class A Ordinary shares,S,N,N,100,N,N
2133,HCKT,"The Hackett Group, Inc. - Common Stock",Q,N,N,100,N,N
2134,HCM,HUTCHMED (China) Limited - American Depositary Shares,Q,N,N,100,N,N
2135,HCMA,HCM III Acquisition Corp. - Class A Ordinary Share,G,N,N,100,N,N
2136,HCMAU,HCM III Acquisition Corp. - Units,G,N,N,100,N,N
2137,HCMAW,HCM III Acquisition Corp. - Warrants,G,N,N,100,N,N
2138,HCOW,Amplify COWS Covered Call ETF,G,N,N,100,Y,N
2139,HCSG,"Healthcare Services Group, Inc. - Common Stock",Q,N,N,100,N,N
2140,HCTI,"Healthcare Triangle, Inc. - Common Stock",S,N,N,100,N,N
2141,HCWB,HCW Biologics Inc. - Common Stock,S,N,N,100,N,N
2142,HDL,SUPER HI INTERNATIONAL HOLDING LTD. - American Depositary Shares,G,N,N,100,N,N
2143,HDSN,"Hudson Technologies, Inc. - Common Stock",S,N,N,100,N,N
2144,HEAL,Global X HealthTech ETF,G,N,N,100,Y,N
2145,HECO,SPDR Galaxy Hedged Digital Asset Ecosystem ETF,G,N,N,100,Y,N
2146,HEJD,VictoryShares Hedged Equity Income ETF,G,N,N,100,Y,N
2147,HELE,Helen of Troy Limited - Common Stock,Q,N,N,100,N,N
2148,HELP,Cybin Inc. - Common Stock,G,N,N,100,N,N
2149,HEPS,D-Market Electronic Services & Trading - American Depositary Shares,Q,N,N,100,N,N
2150,HEQQ,JPMorgan Nasdaq Hedged Equity Laddered Overlay ETF,G,N,N,100,Y,N
2151,HERD,Pacer Cash Cows Fund of Funds ETF,G,N,N,100,Y,N
2152,HERE,Here Group Limited - American Depositary Shares,G,N,N,100,N,N
2153,HERO,Global X Video Games & Esports ETF,G,N,N,100,Y,N
2154,HERZ,"Herzfeld Credit Income Fund, Inc.  - Closed End Fund",S,N,N,100,N,N
2155,HFBL,"Home Federal Bancorp, Inc. of Louisiana - Common Stock",S,N,N,100,N,N
2156,HFFG,HF Foods Group Inc. - Common Stock,S,N,N,100,N,N
2157,HFSP,TradersAI Large Cap Equity & Cash ETF,G,N,N,100,Y,N
2158,HFWA,Heritage Financial Corporation - Common Stock,Q,N,N,100,N,N
2159,HGBL,Heritage Global Inc. - Common Stock,S,N,N,100,N,N
2160,HHS,"Harte Hanks, Inc. - Common Stock",G,N,N,100,N,N
2161,HIDE,Alpha Architect High Inflation and Deflation ETF,G,N,N,100,Y,N
2162,HIFS,Hingham Institution for Savings - Common Stock,G,N,N,40,N,N
2163,HIHO,Highway Holdings Limited - Common Stock,S,N,N,100,N,N
2164,HIMX,"Himax Technologies, Inc. - American depositary shares, each of which represents two ordinary shares.",Q,N,N,100,N,N
2165,HIMY,Defiance Leveraged Long + Income HIMS ETF,G,N,N,100,Y,N
2166,HIMZ,Defiance Daily Target 2X Long HIMS ETF,G,N,N,100,Y,N
2167,HIND,"Vyome Holdings, Inc. - Common Stock",S,N,N,100,N,N
2168,HISF,First Trust High Income Strategic Focus ETF,G,N,N,100,Y,N
2169,HIT,"Health In Tech, Inc. - Class A Common Stock",S,N,N,100,N,N
2170,HITI,High Tide Inc. - Common Shares,S,N,N,100,N,N
2171,HIVE,HIVE Digital Technologies Ltd - Common Shares,S,N,N,100,N,N
2172,HKIT,Hitek Global Inc. - Class A Ordinary Share,S,N,N,100,N,N
2173,HKPD,"Cellyan Biotechnology Co., Ltd  - Class A Ordinary Shares",S,N,D,100,N,N
2174,HLAL,Wahed FTSE USA Shariah ETF,G,N,N,100,Y,N
2175,HLIT,Harmonic Inc. - Common Stock,Q,N,N,100,N,N
2176,HLMN,Hillman Solutions Corp. - Common Stock,G,N,N,100,N,N
2177,HLNE,Hamilton Lane Incorporated - Class A Common Stock,Q,N,N,100,N,N
2178,HLP,Hongli Group Inc. - Ordinary Shares,S,N,N,100,N,N
2179,HLXC,Helix Acquisition Corp. III - Class A Ordinary Shares,G,N,N,100,N,N
2180,HMR,Heidmar Maritime Holdings Corp. - Common Stock,S,N,N,100,N,N
2181,HMYY,GraniteShares YieldBoost HIMS ETF,G,N,N,100,Y,N
2182,HNDL,Strategy Shares Nasdaq 7HANDL Index ETF,G,N,N,100,Y,N
2183,HNNA,"Hennessy Advisors, Inc. - Common Stock",G,N,N,100,N,N
2184,HNNAZ,"Hennessy Advisors, Inc. - 4.875% Notes due 2026",G,N,N,100,N,N
2185,HNRG,Hallador Energy Company - Common Stock,S,N,N,100,N,N
2186,HNST,"The Honest Company, Inc. - Common Stock",Q,N,N,100,N,N
2187,HNVR,"Hanover Bancorp, Inc. - Common Stock",Q,N,N,100,N,N
2188,HODU,Direxion Daily HOOD Bull 2X ETF,G,N,N,100,Y,N
2189,HOFT,Hooker Furnishings Corporation - Common Stock,Q,N,N,100,N,N
2190,HOLO,MicroCloud Hologram Inc. - Ordinary Shares,S,N,N,100,N,N
2191,HOLOW,MicroCloud Hologram Inc. - Warrant,S,N,N,100,N,N
2192,HOLX,"Hologic, Inc. - Common Stock",Q,N,N,100,N,N
2193,HON,Honeywell International Inc. - Common Stock,Q,N,N,100,N,N
2194,HOOD,"Robinhood Markets, Inc. - Class A Common Stock",Q,N,N,100,N,N
2195,HOOG,Leverage Shares 2X Long HOOD Daily ETF,G,N,N,100,Y,N
2196,HOOI,Defiance Leveraged Long + Income HOOD ETF,G,N,N,100,Y,N
2197,HOOX,Defiance Daily Target 2X Long HOOD ETF,G,N,N,100,Y,N
2198,HOPE,"Hope Bancorp, Inc. - Common Stock",Q,N,N,100,N,N
2199,HOTH,"Hoth Therapeutics, Inc. - Common Stock",S,N,N,100,N,N
2200,HOUR,"Hour Loop, Inc. - common stock",S,N,N,100,N,N
2201,HOVNP,Hovnanian Enterprises Inc - Depositary Share representing 1/1000th of 7.625% Series A Preferred Stock,G,N,N,100,N,N
2202,HOVR,New Horizon Aircraft Ltd. - Class A Ordinary Shares,S,N,N,100,N,N
2203,HOVRW,New Horizon Aircraft Ltd. - Warrant,S,N,N,100,N,N
2204,HOWL,"Werewolf Therapeutics, Inc. - Common Stock",Q,N,N,100,N,N
2205,HOYY,GraniteShares YieldBOOST HOOD ETF,G,N,N,100,Y,N
2206,HPAI,Helport AI Limited - Ordinary Shares,S,N,N,100,N,N
2207,HPAIW,Helport AI Limited - Warrants,S,N,N,100,N,N
2208,HPK,"HighPeak Energy, Inc. - Common Stock",G,N,N,100,N,N
2209,HQGO,Hartford US Quality Growth ETF,G,N,N,100,Y,N
2210,HQI,"HireQuest, Inc. - Common Stock",S,N,N,100,N,N
2211,HQY,"HealthEquity, Inc. - Common Stock",Q,N,N,100,N,N
2212,HRMY,"Harmony Biosciences Holdings, Inc. - Common Stock",G,N,N,100,N,N
2213,HROW,"Harrow, Inc. - Common Stock",G,N,N,100,N,N
2214,HRTS,Tema Heart & Health ETF,G,N,N,100,Y,N
2215,HRTX,"Heron Therapeutics, Inc.   - Common Stock",S,N,N,100,N,N
2216,HRZN,Horizon Technology Finance Corporation - Common Stock,Q,N,N,100,N,N
2217,HSAI,"Hesai Group - American Depositary Share, each ADS represents one Class B ordinary share",Q,N,N,100,N,N
2218,HSCS,HeartSciences Inc. - Common Stock,S,N,N,100,N,N
2219,HSCSW,HeartSciences Inc. - Warrant,S,N,N,100,N,N
2220,HSDT,Solana Company - Class A Common Stock,S,N,N,100,N,N
2221,HSIC,"Henry Schein, Inc. - Common Stock",Q,N,N,100,N,N
2222,HSPT,Horizon Space Acquisition II Corp. - Ordinary share,G,N,N,100,N,N
2223,HSPTR,Horizon Space Acquisition II Corp. - Right,G,N,N,100,N,N
2224,HSPTU,Horizon Space Acquisition II Corp. - Units,G,N,N,100,N,N
2225,HST,"Host Hotels & Resorts, Inc. - Common Stock",Q,N,N,100,N,N
2226,HSTM,"HealthStream, Inc. - Common Stock",Q,N,N,100,N,N
2227,HTBK,Heritage Commerce Corp - Common Stock,Q,N,N,100,N,N
2228,HTCO,High-Trend International Group - Class A Ordinary Shares,S,N,N,100,N,N
2229,HTCR,"Heartcore Enterprises, Inc. - Common Stock",S,N,D,100,N,N
2230,HTFL,"Heartflow, Inc. - Common Stock",Q,N,N,100,N,N
2231,HTHT,H World Group Limited - American Depositary Shares,Q,N,N,100,N,N
2232,HTLD,"Heartland Express, Inc. - Common Stock",Q,N,N,100,N,N
2233,HTLM,HomesToLife Ltd - Ordinary Shares,S,N,N,100,N,N
2234,HTO,H2O America  - Common Stock,Q,N,N,100,N,N
2235,HTOO,Fusion Fuel Green PLC - Ordinary Shares,S,N,N,100,N,N
2236,HTZ,"Hertz Global Holdings, Inc - Common Stock",Q,N,N,100,N,N
2237,HTZWW,"Hertz Global Holdings, Inc - Warrant",Q,N,N,100,N,N
2238,HUBC,Hub Cyber Security Ltd. - Ordinary Shares,S,N,N,100,N,N
2239,HUBCW,Hub Cyber Security Ltd. - Warrant expiring 2/27/28,S,N,N,100,N,N
2240,HUBCZ,Hub Cyber Security Ltd. - Warrant,S,N,N,100,N,N
2241,HUBG,"Hub Group, Inc. - Class A Common Stock",Q,N,N,100,N,N
2242,HUDI,"Huadi International Group Co., Ltd. - Ordinary Shares",S,N,N,100,N,N
2243,HUHU,HUHUTECH International Group Inc. - Ordinary Shares,S,N,N,100,N,N
2244,HUIZ,Huize Holding Limited - American Depositary Shares,G,N,N,100,N,N
2245,HUMA,"Humacyte, Inc. - Common Stock",Q,N,N,100,N,N
2246,HUMAW,"Humacyte, Inc. - Warrant",Q,N,N,100,N,N
2247,HURA,"TuHURA Biosciences, Inc. - Common Stock",S,N,N,100,N,N
2248,HURC,"Hurco Companies, Inc. - Common Stock",Q,N,N,100,N,N
2249,HURN,Huron Consulting Group Inc. - Common Stock,Q,N,N,100,N,N
2250,HUT,Hut 8 Corp. - Common Stock,Q,N,N,100,N,N
2251,HUTG,Leverage Shares 2X Long HUT Daily ETF,G,N,N,100,Y,N
2252,HVII,Hennessy Capital Investment Corp. VII - Ordinary Shares,G,N,N,100,N,N
2253,HVIIR,Hennessy Capital Investment Corp. VII - Rights,G,N,N,100,N,N
2254,HVIIU,Hennessy Capital Investment Corp. VII - Unit,G,N,N,100,N,N
2255,HVMC,Highview Merger Corp. - Class A Ordinary Share,G,N,N,100,N,N
2256,HVMCU,Highview Merger Corp. - Units,G,N,N,100,N,N
2257,HVMCW,Highview Merger Corp. - Warrants,G,N,N,100,N,N
2258,HWAY,Themes US Infrastructure ETF,G,N,N,100,Y,N
2259,HWBK,"Hawthorn Bancshares, Inc. - Common Stock",Q,N,N,100,N,N
2260,HWC,Hancock Whitney Corporation - Common Stock,Q,N,N,100,N,N
2261,HWCPZ,Hancock Whitney Corporation - 6.25% Subordinated Notes due 2060,Q,N,N,100,N,N
2262,HWH,HWH International Inc. - Common Stock,S,N,N,100,N,N
2263,HWKN,"Hawkins, Inc. - Common Stock",Q,N,N,100,N,N
2264,HWSM,Hotchkis & Wiley SMID Cap Diversified Value Fund,G,N,N,100,Y,N
2265,HXHX,Haoxin Holdings Limited - Class A Ordinary Shares,S,N,D,100,N,N
2266,HYBI,NEOS Enhanced Income Credit Select ETF,G,N,N,100,Y,N
2267,HYDR,Global X Hydrogen ETF,G,N,N,100,Y,N
2268,HYFM,"Hydrofarm Holdings Group, Inc. - Common Stock",S,N,N,100,N,N
2269,HYFT,MindWalk Holdings Corp. - Common Stock,S,N,N,100,N,N
2270,HYLS,First Trust Tactical High Yield ETF,G,N,N,100,Y,N
2271,HYMC,Hycroft Mining Holding Corporation - Class A Common Stock,S,N,N,100,N,N
2272,HYNE,"Hoyne Bancorp, Inc. - Common Stock",S,N,N,100,N,N
2273,HYP,Golden Eagle Dynamic Hypergrowth ETF,G,N,N,100,Y,N
2274,HYPD,"Hyperion DeFi, Inc. - Common Stock",S,N,N,100,N,N
2275,HYPR,"Hyperfine, Inc.  - Class A Common Stock",G,N,N,100,N,N
2276,HYXF,iShares ESG Advanced High Yield Corporate Bond ETF,G,N,N,100,Y,N
2277,HYZD,WisdomTree Interest Rate Hedged High Yield Bond Fund,G,N,N,100,Y,N
2278,IAC,IAC Inc. - Common Stock,Q,N,N,100,N,N
2279,IALT,iShares Systematic Alternatives Active ETF,G,N,N,100,Y,N
2280,IART,Integra LifeSciences Holdings Corporation - Common Stock,Q,N,N,100,N,N
2281,IBAC,IB Acquisition Corp. - Common Stock,G,N,N,100,N,N
2282,IBACR,IB Acquisition Corp. - Right,G,N,N,100,N,N
2283,IBAT,iShares Energy Storage & Materials ETF,G,N,N,100,Y,N
2284,IBB,iShares Biotechnology ETF,G,N,N,100,Y,N
2285,IBBQ,Invesco Nasdaq Biotechnology ETF,G,N,N,100,Y,N
2286,IBCP,Independent Bank Corporation - Common Stock,Q,N,N,100,N,N
2287,IBEX,IBEX Limited - Common Share,G,N,N,100,N,N
2288,IBG,Innovation Beverage Group Limited - Ordinary Shares,S,N,D,100,N,N
2289,IBGA,iShares iBonds Dec 2044 Term Treasury ETF,G,N,N,100,Y,N
2290,IBGB,iShares iBonds Dec 2045 Term Treasury ETF,G,N,N,100,Y,N
2291,IBGK,iShares iBonds Dec 2054 Term Treasury ETF,G,N,N,100,Y,N
2292,IBGL,iShares iBonds Dec 2055 Term Treasury ETF,G,N,N,100,Y,N
2293,IBIO,"iBio, Inc. - Common Stock",S,N,N,100,N,N
2294,IBIT,iShares Bitcoin Trust ETF,G,N,N,100,Y,N
2295,IBKR,"Interactive Brokers Group, Inc. - Class A Common Stock",Q,N,N,100,N,N
2296,IBOC,International Bancshares Corporation - Common Stock,Q,N,N,100,N,N
2297,IBOT,VanEck Robotics ETF,G,N,N,100,Y,N
2298,IBRX,"ImmunityBio, Inc. - Common Stock",Q,N,N,100,N,N
2299,IBTG,iShares iBonds Dec 2026 Term Treasury ETF,G,N,N,100,Y,N
2300,IBTH,iShares iBonds Dec 2027 Term Treasury ETF,G,N,N,100,Y,N
2301,IBTI,iShares iBonds Dec 2028 Term Treasury ETF,G,N,N,100,Y,N
2302,IBTJ,iShares iBonds Dec 2029 Term Treasury ETF,G,N,N,100,Y,N
2303,IBTK,iShares iBonds Dec 2030 Term Treasury ETF,G,N,N,100,Y,N
2304,IBTL,iShares iBonds Dec 2031 Term Treasury ETF,G,N,N,100,Y,N
2305,IBTM,iShares iBonds Dec 2032 Term Treasury ETF,G,N,N,100,Y,N
2306,IBTO,iShares iBonds Dec 2033 Term Treasury ETF,G,N,N,100,Y,N
2307,IBTP,iShares iBonds Dec 2034 Term Treasury ETF,G,N,N,100,Y,N
2308,IBTQ,iShares iBonds Dec 2035 Term Treasury ETF,G,N,N,100,Y,N
2309,ICCC,ImmuCell Corporation - Common Stock,S,N,N,100,N,N
2310,ICCM,IceCure Medical Ltd. - Ordinary Shares,S,N,D,100,N,N
2311,ICFI,"ICF International, Inc. - Common Stock",Q,N,N,100,N,N
2312,ICG,Intchains Group Limited - American Depositary Shares,S,N,N,100,N,N
2313,ICHR,Ichor Holdings - Ordinary Shares,Q,N,N,100,N,N
2314,ICLN,iShares Global Clean Energy ETF,G,N,N,100,Y,N
2315,ICLR,ICON plc - Ordinary Shares,Q,N,N,100,N,N
2316,ICMB,"Investcorp Credit Management BDC, Inc. - Common Stock",Q,N,N,100,N,N
2317,ICON,Icon Energy Corp. - Common stock,S,N,N,100,N,N
2318,ICOP,iShares Copper and Metals Mining ETF,G,N,N,100,Y,N
2319,ICU,SeaStar Medical Holding Corporation - Common Stock,S,N,N,100,N,N
2320,ICUCW,SeaStar Medical Holding Corporation - Warrant,S,N,N,100,N,N
2321,ICUI,"ICU Medical, Inc. - Common Stock",Q,N,N,100,N,N
2322,IDAI,T Stamp Inc. - Class A Common Stock,S,N,N,100,N,N
2323,IDCC,"InterDigital, Inc. - Common Stock",Q,N,N,40,N,N
2324,IDEF,iShares Defense Industrials Active ETF,G,N,N,100,Y,N
2325,IDN,"Intellicheck, Inc. - Common Stock",G,N,N,100,N,N
2326,IDXX,"IDEXX Laboratories, Inc. - Common Stock",Q,N,N,40,N,N
2327,IDYA,"IDEAYA Biosciences, Inc. - Common Stock",Q,N,N,100,N,N
2328,IEAGU,Infinite Eagle Acquisition Corp. - Unit,G,N,N,100,N,N
2329,IEF,iShares 7-10 Year Treasury Bond ETF,G,N,N,100,Y,N
2330,IEI,iShares 3-7 Year Treasury Bond ETF,G,N,N,100,Y,N
2331,IEP,Icahn Enterprises L.P. - Depositary Units representing Limited Partner Interests,Q,N,N,100,N,N
2332,IESC,"IES Holdings, Inc. - Common Stock",G,N,N,40,N,N
2333,IEUS,iShares MSCI Europe Small-Cap ETF,G,N,N,100,Y,N
2334,IFBD,"Infobird Co., Ltd - Ordinary Shares",S,N,N,100,N,N
2335,IFGL,iShares International Developed Real Estate ETF,G,N,N,100,Y,N
2336,IFLO,VictoryShares International Free Cash Flow ETF,G,N,N,100,Y,N
2337,IFRX,InflaRx N.V. - Common Stock,Q,N,N,100,N,N
2338,IFV,First Trust Dorsey Wright International Focus 5 ETF,G,N,N,100,Y,N
2339,IGAC,Invest Green Acquisition Corporation - Class A Ordinary Shares,G,N,N,100,N,N
2340,IGACR,Invest Green Acquisition Corporation - Rights,G,N,N,100,N,N
2341,IGACU,Invest Green Acquisition Corporation - Units,G,N,N,100,N,N
2342,IGF,iShares Global Infrastructure ETF,G,N,N,100,Y,N
2343,IGIB,iShares 5-10 Year Investment Grade Corporate Bond ETF,G,N,N,100,Y,N
2344,IGIC,International General Insurance Holdings Ltd. - Ordinary Shares,S,N,N,100,N,N
2345,IGOV,iShares International Treasury Bond ETF,G,N,N,100,Y,N
2346,IGSB,iShares 1-5 Year Investment Grade Corporate Bond ETF,G,N,N,100,Y,N
2347,IHRT,"iHeartMedia, Inc. - Class A Common Stock",Q,N,N,100,N,N
2348,IHYF,Invesco High Yield Bond Factor ETF,G,N,N,100,Y,N
2349,III,"Information Services Group, Inc. - Common Stock",G,N,N,100,N,N
2350,IIIV,"i3 Verticals, Inc. - Common Stock",Q,N,N,100,N,N
2351,IINN,Inspira Technologies Oxy B.H.N. Ltd. - Ordinary Shares,S,N,N,100,N,N
2352,IINNW,Inspira Technologies Oxy B.H.N. Ltd. - Warrant,S,N,N,100,N,N
2353,IJT,iShares S&P SmallCap 600 Growth ETF,G,N,N,100,Y,N
2354,IKT,"Inhibikase Therapeutics, Inc. - Common Stock",S,N,N,100,N,N
2355,ILAG,Intelligent Living Application Group Inc. - Ordinary Shares,S,N,N,100,N,N
2356,ILIT,iShares Lithium Miners and Producers ETF,G,N,N,100,Y,N
2357,ILMN,"Illumina, Inc. - Common Stock",Q,N,N,100,N,N
2358,ILPT,Industrial Logistics Properties Trust - Common Shares of Beneficial Interest,Q,N,N,100,N,N
2359,IMA,"ImageneBio, Inc. - Common Stock",S,N,N,100,N,N
2360,IMCC,IM Cannabis Corp. - Common Shares,S,N,N,100,N,N
2361,IMCR,Immunocore Holdings plc - American Depositary Shares,Q,N,N,100,N,N
2362,IMCV,iShares Morningstar Mid-Cap Value ETF,G,N,N,100,Y,N
2363,IMDX,Insight Molecular Diagnostics Inc. - Common Stock,S,N,N,100,N,N
2364,IMG,CIMG Inc. - Common Stock,S,N,D,100,N,N
2365,IMKTA,"Ingles Markets, Incorporated - Class A Common Stock",Q,N,N,100,N,N
2366,IMMP,Immutep Limited - American Depositary Shares,G,N,N,100,N,N
2367,IMMR,Immersion Corporation - Common Stock,Q,N,E,100,N,N
2368,IMMX,"Immix Biopharma, Inc. - Common Stock",S,N,N,100,N,N
2369,IMNM,"Immunome, Inc. - Common Stock",S,N,N,100,N,N
2370,IMNN,"Imunon, Inc. - Common Stock",S,N,N,100,N,N
2371,IMOM,Alpha Architect International Quantitative Momentum ETF,G,N,N,100,Y,N
2372,IMOS,ChipMOS TECHNOLOGIES INC. - American Depositary Shares,Q,N,N,100,N,N
2373,IMPP,Imperial Petroleum Inc. - Common Shares,S,N,N,100,N,N
2374,IMPPP,Imperial Petroleum Inc. - 8.75% Series A Cumulative Redeemable Perpetual Preferred Shares,S,N,N,100,N,N
2375,IMRN,Immuron Limited - American Depositary Shares,S,N,N,100,N,N
2376,IMRX,Immuneering Corporation - Class A Common Stock,G,N,N,100,N,N
2377,IMSR,Terrestrial Energy Inc. - Common Stock,Q,N,N,100,N,N
2378,IMSRW,Terrestrial Energy Inc. - Warrant,Q,N,N,100,N,N
2379,IMTE,Integrated Media Technology Limited - Ordinary Shares,S,N,H,100,N,N
2380,IMTX,Immatics N.V. - Ordinary Shares,S,N,N,100,N,N
2381,IMUX,"Immunic, Inc.  - Common Stock",S,N,D,100,N,N
2382,IMVT,"Immunovant, Inc.  - Common Stock",Q,N,N,100,N,N
2383,IMXI,"International Money Express, Inc. - Common Stock",S,N,N,100,N,N
2384,INAB,"IN8bio, Inc. - Common Stock",S,N,N,100,N,N
2385,INAC,Indigo Acquisition Corp. - Ordinary Shares,G,N,N,100,N,N
2386,INACR,Indigo Acquisition Corp. - Right,G,N,N,100,N,N
2387,INACU,Indigo Acquisition Corp. - Unit,G,N,N,100,N,N
2388,INBK,First Internet Bancorp - Common Stock,Q,N,N,100,N,N
2389,INBKZ,First Internet Bancorp - Fixed-to-Floating Rate Subordinated Notes Due 2029,Q,N,N,100,N,N
2390,INBS,Intelligent Bio Solutions Inc.  - Common Stock,S,N,N,100,N,N
2391,INBX,"Inhibrx Biosciences, Inc. - Common Stock",Q,N,N,100,N,N
2392,INCR,Intercure Ltd. - ordinary shares,G,N,N,100,N,N
2393,INCY,Incyte Corporation - Common Stock,Q,N,N,100,N,N
2394,IND,Xtrackers Nifty 500 India ETF,G,N,N,100,Y,N
2395,INDB,Independent Bank Corp. - Common Stock,Q,N,N,100,N,N
2396,INDH,WisdomTree India Hedged Equity Fund,G,N,N,100,Y,N
2397,INDI,"indie Semiconductor, Inc. - Class A Common Stock",S,N,N,100,N,N
2398,INDP,"Indaptus Therapeutics, Inc. - Common Stock",S,N,N,100,N,N
2399,INDV,"Indivior Pharmaceuticals, Inc.  - Common Stock",Q,N,N,100,N,N
2400,INDY,iShares India 50 ETF,G,N,N,100,Y,N
2401,INEO,INNEOVA Holdings Limited - Class A Ordinary Shares,S,N,D,100,N,N
2402,INGN,"Inogen, Inc - Common Stock",Q,N,N,100,N,N
2403,INHD,Inno Holdings Inc. - Common Stock,S,N,N,100,N,N
2404,INKT,"MiNK Therapeutics, Inc. - Common Stock",S,N,N,100,N,N
2405,INLF,INLIF LIMITED - Class A Ordinary shares,S,N,D,100,N,N
2406,INM,InMed Pharmaceuticals Inc. - Common Shares,S,N,N,100,N,N
2407,INMB,INmune Bio Inc. - Common stock,S,N,N,100,N,N
2408,INMD,InMode Ltd.  - Ordinary Shares,Q,N,N,100,N,N
2409,INNV,InnovAge Holding Corp. - Common Stock,Q,N,N,100,N,N
2410,INO,"Inovio Pharmaceuticals, Inc. - Common Stock",S,N,N,100,N,N
2411,INOD,Innodata Inc. - Common Stock,G,N,N,100,N,N
2412,INRO,iShares U.S. Industry Rotation Active ETF,G,N,N,100,Y,N
2413,INSE,"Inspired Entertainment, Inc. - Common Stock",S,N,N,100,N,N
2414,INSG,Inseego Corp. - Common Stock,Q,N,N,100,N,N
2415,INSM,Insmed Incorporated - Common Stock,Q,N,N,100,N,N
2416,INTA,"Intapp, Inc. - Common Stock",Q,N,N,100,N,N
2417,INTC,Intel Corporation - Common Stock,Q,N,N,100,N,N
2418,INTG,The Intergroup Corporation - Common Stock,S,N,N,100,N,N
2419,INTJ,Intelligent Group Limited - Class A Ordinary Shares,S,N,D,100,N,N
2420,INTR,Inter & Co. Inc. - Class A Common Shares,Q,N,N,100,N,N
2421,INTS,"Intensity Therapeutics, Inc. - Common Stock",S,N,D,100,N,N
2422,INTU,Intuit Inc. - Common Stock,Q,N,N,40,N,N
2423,INTW,GraniteShares 2x Long INTC Daily ETF,G,N,N,100,Y,N
2424,INTZ,Intrusion Inc. - Common Stock,S,N,N,100,N,N
2425,INV,"Innventure, Inc. - Common Stock",G,N,N,100,N,N
2426,INVA,"Innoviva, Inc. - Common Stock",Q,N,N,100,N,N
2427,INVE,"Identiv, Inc. - Common Stock",S,N,N,100,N,N
2428,INVZ,Innoviz Technologies Ltd. - Ordinary shares,S,N,N,100,N,N
2429,INVZW,Innoviz Technologies Ltd. - Warrant,S,N,N,100,N,N
2430,IOBT,"IO Biotech, Inc. - Common Stock",Q,N,D,100,N,N
2431,IONL,GraniteShares 2x Long IONQ Daily ETF,G,N,N,100,Y,N
2432,IONR,ioneer Ltd - American Depositary Shares,S,N,N,100,N,N
2433,IONS,"Ionis Pharmaceuticals, Inc. - Common Stock",Q,N,N,100,N,N
2434,IONX,Defiance Daily Target 2X Long IONQ ETF,G,N,N,100,Y,N
2435,IONZ,Defiance Daily Target 2x Short IONQ ETF,G,N,N,100,Y,N
2436,IOSP,Innospec Inc. - Common Stock,Q,N,N,100,N,N
2437,IOTR,iOThree Limited - Ordinary Shares,S,N,N,100,N,N
2438,IOVA,"Iovance Biotherapeutics, Inc. - Common Stock",G,N,N,100,N,N
2439,IOYY,GraniteShares YieldBOOST IONQ ETF,G,N,N,100,Y,N
2440,IPAR,"Interparfums, Inc. - Common Stock",Q,N,N,100,N,N
2441,IPCX,Inflection Point Acquisition Corp. III - Class A ordinary shares,G,N,N,100,N,N
2442,IPCXR,Inflection Point Acquisition Corp. III - Rights,G,N,N,100,N,N
2443,IPCXU,Inflection Point Acquisition Corp. III - Units,G,N,N,100,N,N
2444,IPDN,"Professional Diversity Network, Inc. - Common Stock",S,N,N,100,N,N
2445,IPEX,Inflection Point Acquisition Corp. - Class A Ordinary Shares,G,N,N,100,N,N
2446,IPEXR,Inflection Point Acquisition Corp. - Right,G,N,N,100,N,N
2447,IPEXU,Inflection Point Acquisition Corp. - Unit,G,N,N,100,N,N
2448,IPGP,IPG Photonics Corporation - Common Stock,Q,N,N,100,N,N
2449,IPHA,Innate Pharma S.A. - American Depositary Shares,Q,N,N,100,N,N
2450,IPKW,Invesco International BuyBack Achievers ETF,G,N,N,100,Y,N
2451,IPM,Intelligent Protection Management Corp.  - Common Stock,S,N,N,100,N,N
2452,IPOD,Dune Acquisition Corporation II - Class A ordinary shares,G,N,N,100,N,N
2453,IPODU,Dune Acquisition Corporation II - Units,G,N,N,100,N,N
2454,IPODW,Dune Acquisition Corporation II - Warrants,G,N,N,100,N,N
2455,IPSC,"Century Therapeutics, Inc. - Common Stock",S,N,N,100,N,N
2456,IPST,"Heritage Distilling Holding Company, Inc. - Common Stock",S,N,N,100,N,N
2457,IPW,iPower Inc. - Common Stock,S,N,N,100,N,N
2458,IPWR,Ideal Power Inc. - Common Stock,S,N,N,100,N,N
2459,IPX,IperionX Limited - American Depositary Share,S,N,N,100,N,N
2460,IQ,"iQIYI, Inc. - American Depositary Shares",Q,N,N,100,N,N
2461,IQQQ,ProShares Nasdaq-100 High Income ETF,G,N,N,100,Y,N
2462,IQST,iQSTEL Inc. - Common Stock,S,N,N,100,N,N
2463,IRD,"Opus Genetics, Inc. - Common Stock",S,N,N,100,N,N
2464,IRDM,Iridium Communications Inc - Common Stock,Q,N,N,100,N,N
2465,IREG,Leverage Shares 2X Long IREN Daily ETF,G,N,N,100,Y,N
2466,IREN,IREN Limited - Ordinary Shares,Q,N,N,100,N,N
2467,IRHOU,Iron Horse Acquisitions II Corp. - Units,G,N,N,100,N,N
2468,IRIX,IRIDEX Corporation - Common Stock,S,N,N,100,N,N
2469,IRMD,iRadimed Corporation - Common Stock,G,N,N,100,N,N
2470,IRON,"Disc Medicine, Inc. - Common Stock",G,N,N,100,N,N
2471,IROQ,"IF Bancorp, Inc. - Common Stock",S,N,N,100,N,N
2472,IRTC,"iRhythm Holdings, Inc.  - Common Stock",Q,N,N,100,N,N
2473,IRWD,"Ironwood Pharmaceuticals, Inc. - Class A Common Stock",Q,N,N,100,N,N
2474,ISBA,Isabella Bank Corporation - Common stock,S,N,N,100,N,N
2475,ISHG,iShares 1-3 Year International Treasury Bond ETF,G,N,N,100,Y,N
2476,ISHP,First Trust S-Network E-Commerce ETF,G,N,N,100,Y,N
2477,ISPC,iSpecimen Inc. - Common Stock,S,N,D,100,N,N
2478,ISPO,Inspirato Incorporated - Class A Common Stock,G,N,N,100,N,N
2479,ISPOW,Inspirato Incorporated - Warrant,G,N,N,100,N,N
2480,ISPR,Ispire Technology Inc. - Common Stock,S,N,N,100,N,N
2481,ISRG,"Intuitive Surgical, Inc. - Common Stock",Q,N,N,40,N,N
2482,ISSC,"Innovative Solutions and Support, Inc. - Common Stock",Q,N,N,100,N,N
2483,ISTB,iShares Core 1-5 Year USD Bond ETF,G,N,N,100,Y,N
2484,ISTR,Investar Holding Corporation - Common Stock,G,N,N,100,N,N
2485,ISUL,GraniteShares 2x Long ISRG Daily ETF,G,N,N,100,Y,N
2486,ITHA,ITHAX Acquisition Corp III - Class A Ordinary Shares,G,N,N,100,N,N
2487,ITHAU,ITHAX Acquisition Corp III - Units,G,N,N,100,N,N
2488,ITHAW,ITHAX Acquisition Corp III - Warrants,G,N,N,100,N,N
2489,ITIC,Investors Title Company - Common Stock,Q,N,N,40,N,N
2490,ITOC,iTonic Holdings Ltd - Class A Ordinary Shares,S,N,D,100,N,N
2491,ITRI,"Itron, Inc. - Common Stock",Q,N,N,100,N,N
2492,ITRM,Iterum Therapeutics plc - Ordinary Share,S,N,D,100,N,N
2493,ITRN,Ituran Location and Control Ltd. - Ordinary Shares,Q,N,N,100,N,N
2494,IUS,Invesco RAFI Strategic US ETF,G,N,N,100,Y,N
2495,IUSB,iShares Core Universal USD Bond ETF,G,N,N,100,Y,N
2496,IUSG,iShares Core S&P U.S. Growth ETF,G,N,N,100,Y,N
2497,IUSV,iShares Core S&P U.S. Value ETF,G,N,N,100,Y,N
2498,IVA,Inventiva S.A. - American Depository Shares,G,N,N,100,N,N
2499,IVAL,Alpha Architect International Quantitative Value ETF,G,N,N,100,Y,N
2500,IVDA,"Iveda Solutions, Inc. - Common Stock",S,N,N,100,N,N
2501,IVDAW,"Iveda Solutions, Inc. - Warrant",S,N,N,100,N,N
2502,IVF,"INVO Fertility, Inc. - Common Stock",S,N,N,100,N,N
2503,IVSI,Applied Finance IVS International Large ETF,G,N,N,100,Y,N
2504,IVSS,Applied Finance IVS US SMID ETF,G,N,N,100,Y,N
2505,IVVD,"Invivyd, Inc. - Common Stock",G,N,N,100,N,N
2506,IXHL,Incannex Healthcare Inc. - Common Stock,S,N,D,100,N,N
2507,IXUS,iShares Core MSCI Total International Stock ETF,G,N,N,100,Y,N
2508,IZEA,"IZEA Worldwide, Inc. - Common Stock",S,N,N,100,N,N
2509,IZM,ICZOOM Group Inc. - Class A Ordinary Shares,S,N,N,100,N,N
2510,JACK,Jack In The Box Inc. - Common Stock,Q,N,N,100,N,N
2511,JAGX,"Jaguar Health, Inc. - Common Stock",S,N,N,100,N,N
2512,JAKK,"JAKKS Pacific, Inc. - Common Stock",Q,N,N,100,N,N
2513,JAMF,Jamf Holding Corp. - Common Stock,Q,N,N,100,N,N
2514,JANX,"Janux Therapeutics, Inc. - Common Stock",G,N,N,100,N,N
2515,JAPN,Horizon Kinetics Japan Owner Operator ETF,G,N,N,100,Y,N
2516,JAZZ,Jazz Pharmaceuticals plc - Ordinary Shares,Q,N,N,100,N,N
2517,JBDI,JBDI Holdings Limited - Ordinary Shares,S,N,D,100,N,N
2518,JBHT,"J.B. Hunt Transport Services, Inc. - Common Stock",Q,N,N,100,N,N
2519,JBIO,"Jade Biosciences, Inc. - Common Stock",S,N,N,100,N,N
2520,JBLU,JetBlue Airways Corporation - Common Stock,Q,N,N,100,N,N
2521,JBSS,"John B. Sanfilippo & Son, Inc. - Common Stock",Q,N,N,100,N,N
2522,JCAP,"Jefferson Capital, Inc. - Common Stock",Q,N,N,100,N,N
2523,JCSE,JE Cleantech Holdings Limited - Ordinary Shares,S,N,N,100,N,N
2524,JCTC,Jewett-Cameron Trading Company - Common Shares,S,N,N,100,N,N
2525,JD,"JD.com, Inc. - American Depositary Shares",Q,N,N,100,N,N
2526,JDOC,JPMorgan Healthcare Leaders ETF,G,N,N,100,Y,N
2527,JDZG,JIADE LIMITED - Class A Ordinary Shares,S,N,N,100,N,N
2528,JEM,707 Cayman Holdings Limited - Ordinary Shares,S,N,D,100,N,N
2529,JEPQ,JPMorgan Nasdaq Equity Premium Income ETF,G,N,N,100,Y,N
2530,JF,J and Friends Holdings Limited - American Depositary Shares,G,N,N,100,N,N
2531,JFB,JFB Construction Holdings - Class A Common Stock,S,N,N,100,N,N
2532,JFBR,Jeffs' Brands Ltd - Ordinary Shares,S,N,N,100,N,N
2533,JFBRW,Jeffs' Brands Ltd - Warrant,S,N,N,100,N,N
2534,JFIN,Jiayin Group Inc. - American Depositary Shares,G,N,N,100,N,N
2535,JFU,9F Inc. - American Depositary Shares,G,N,N,100,N,N
2536,JG,Aurora Mobile Limited - American Depositary Shares,S,N,N,100,N,N
2537,JGLO,JPMorgan Global Select Equity ETF,G,N,N,100,Y,N
2538,JHAI,Janus Henderson Global Artificial Intelligence ETF,G,N,N,100,Y,N
2539,JIVE,JPMorgan International Value ETF,G,N,N,100,Y,N
2540,JJSF,J & J Snack Foods Corp. - Common Stock,Q,N,N,100,N,N
2541,JKHY,"Jack Henry & Associates, Inc. - Common Stock",Q,N,N,100,N,N
2542,JL,J-Long Group Limited - Class A Ordinary Shares,S,N,N,100,N,N
2543,JLHL,Julong Holding Limited - Class A Ordinary Shares,S,N,N,100,N,N
2544,JMID,Janus Henderson Mid Cap Growth Alpha ETF,G,N,N,100,Y,N
2545,JMSB,"John Marshall Bancorp, Inc. - Common Stock",S,N,N,100,N,N
2546,JOUT,Johnson Outdoors Inc. - Class A Common Stock,Q,N,N,100,N,N
2547,JOYY,JOYY Inc. - American Depositary Shares,Q,N,N,100,N,N
2548,JPEF,JPMorgan Equity Focus ETF,G,N,N,100,Y,N
2549,JPY,Lazard Japanese Equity ETF,G,N,N,100,Y,N
2550,JRSH,"Jerash Holdings (US), Inc. - Common Stock",S,N,N,100,N,N
2551,JRVR,"James River Group Holdings, Inc. - Common Stock",Q,N,N,100,N,N
2552,JSM,"Navient Corporation - 6% Senior Notes due December 15, 2043",Q,N,N,100,N,N
2553,JSMD,Janus Henderson Small/Mid Cap Growth Alpha ETF,G,N,N,100,Y,N
2554,JSML,Janus Henderson Small Cap Growth Alpha ETF,G,N,N,100,Y,N
2555,JSPR,"Jasper Therapeutics, Inc. - Class A Common Stock",S,N,N,100,N,N
2556,JSPRW,"Jasper Therapeutics, Inc. - Warrant",S,N,N,100,N,N
2557,JTAI,Jet.AI Inc. - Common Stock,S,N,N,100,N,N
2558,JTEK,JPMorgan U.S. Tech Leaders ETF,G,N,N,100,Y,N
2559,JUNS,"Jupiter Neurosciences, Inc. - Common Stock",S,N,N,100,N,N
2560,JVA,"Coffee Holding Co., Inc. - Common Stock",S,N,N,100,N,N
2561,JWEL,Jowell Global Ltd. - Ordinary Shares,S,N,N,100,N,N
2562,JXG,JX Luxventure Group Inc. - Common Stock,S,N,N,100,N,N
2563,JYD,Jayud Global Logistics Limited - Class A Ordinary Shares,S,N,N,100,N,N
2564,JYNT,The Joint Corp. - Common Stock,S,N,N,100,N,N
2565,JZ,Jianzhi Education Technology Group Company Limited - American Depositary Shares,S,N,N,100,N,N
2566,JZXN,"Jiuzi Holdings, Inc. - Ordinary Shares",S,N,N,100,N,N
2567,KALA,"KALA BIO, Inc. - Common Stock",S,N,D,100,N,N
2568,KALU,Kaiser Aluminum Corporation - Common Stock,Q,N,N,100,N,N
2569,KALV,"KalVista Pharmaceuticals, Inc. - Common Stock",G,N,N,100,N,N
2570,KARO,Karooooo Ltd. - Ordinary shares,S,N,N,100,N,N
2571,KAT,Scharf ETF,G,N,N,100,Y,N
2572,KBAB,KraneShares 2x Long BABA Daily ETF,G,N,N,100,Y,N
2573,KBDU,KraneShares 2x Long BIDU Daily ETF,G,N,N,100,Y,N
2574,KBONU,Karbon Capital Partners Corp. - Units,G,N,N,100,N,N
2575,KBSX,FST Corp. - Ordinary Shares,G,N,N,100,N,N
2576,KBWB,Invesco KBW Bank ETF,G,N,N,100,Y,N
2577,KBWD,Invesco KBW High Dividend Yield Financial ETF,G,N,N,100,Y,N
2578,KBWP,Invesco KBW Property & Casualty Insurance ETF,G,N,N,100,Y,N
2579,KBWR,Invesco KBW Regional Banking ETF,G,N,N,100,Y,N
2580,KBWY,Invesco KBW Premium Yield Equity REIT ETF,G,N,N,100,Y,N
2581,KC,Kingsoft Cloud Holdings Limited - American Depositary Shares,Q,N,N,100,N,N
2582,KCHV,Kochav Defense Acquisition Corp. - Class A Ordinary Shares,G,N,N,100,N,N
2583,KCHVR,Kochav Defense Acquisition Corp. - Right,G,N,N,100,N,N
2584,KCHVU,Kochav Defense Acquisition Corp. - Units,G,N,N,100,N,N
2585,KDK,"Kodiak AI, Inc. - Common Stock",G,N,N,100,N,N
2586,KDKRW,"Kodiak AI, Inc. - Warrant",S,N,N,100,N,N
2587,KDP,Keurig Dr Pepper Inc. - Common Stock,Q,N,N,100,N,N
2588,KE,"Kimball Electronics, Inc. - Common Stock",Q,N,N,100,N,N
2589,KEAT,Keating Active ETF,G,N,N,100,Y,N
2590,KELYA,"Kelly Services, Inc. - Class A Common Stock",Q,N,N,100,N,N
2591,KELYB,"Kelly Services, Inc. - Class B Common Stock",Q,N,N,100,N,N
2592,KEQU,Kewaunee Scientific Corporation - Common Stock,G,N,N,100,N,N
2593,KFFB,Kentucky First Federal Bancorp - Common Stock,G,N,N,100,N,N
2594,KFII,K&F Growth Acquisition Corp. II - Class A Ordinary shares,G,N,N,100,N,N
2595,KFIIR,K&F Growth Acquisition Corp. II - Rights,G,N,N,100,N,N
2596,KFIIU,K&F Growth Acquisition Corp. II - Unit,G,N,N,100,N,N
2597,KG,"Kestrel Group, Ltd. - Common Stock",S,N,N,100,N,N
2598,KGEI,Kolibri Global Energy Inc. - Common stock,S,N,N,100,N,N
2599,KHC,The Kraft Heinz Company - Common Stock,Q,N,N,100,N,N
2600,KIDS,OrthoPediatrics Corp. - Common Stock,G,N,N,100,N,N
2601,KIDZ,"Classover Holdings, Inc. - Class B Common Stock",S,N,D,100,N,N
2602,KIDZW,"Classover Holdings, Inc. - Warrants",S,N,N,100,N,N
2603,KINS,"Kingstone Companies, Inc - Common Stock",S,N,N,100,N,N
2604,KIQQ,KraneShares InspereX Nasdaq Dynamic Buffered High Income Index ETF,G,N,N,100,Y,N
2605,KITT,"Nauticus Robotics, Inc. - Common stock",S,N,D,100,N,N
2606,KITTW,"Nauticus Robotics, Inc. - Warrant",S,N,D,100,N,N
2607,KJD,KraneShares 2x Long JD Daily ETF,G,N,N,100,Y,N
2608,KLAC,KLA Corporation  - Common Stock,Q,N,N,40,N,N
2609,KLAG,Leverage Shares 2x Long KLAC Daily ETF,G,N,N,100,Y,N
2610,KLIC,"Kulicke and Soffa Industries, Inc. - Common Stock",Q,N,N,100,N,N
2611,KLRS,"Kalaris Therapeutics, Inc.  - Common Stock",G,N,N,100,N,N
2612,KLTO,"Klotho Neurosciences, Inc. - Common Stock",S,N,D,100,N,N
2613,KLTOW,"Klotho Neurosciences, Inc. - Warrants",S,N,N,100,N,N
2614,KLTR,"Kaltura, Inc. - Common Stock",Q,N,N,100,N,N
2615,KLXE,"KLX Energy Services Holdings, Inc.  - Common Stock",Q,N,N,100,N,N
2616,KMB,Kimberly-Clark Corporation - Common Stock,Q,N,N,100,N,N
2617,KMDA,Kamada Ltd. - Ordinary Shares,Q,N,N,100,N,N
2618,KMLI,KraneShares 2x Long MELI Daily ETF,G,N,N,100,Y,N
2619,KMRK,K-Tech Solutions Company Limited - Class A Ordinary Shares,S,N,N,100,N,N
2620,KMTS,"Kestra Medical Technologies, Ltd. - Common Stock",Q,N,N,100,N,N
2621,KNDI,"Kandi Technologies Group, Inc. - Ordinary Shares",Q,N,N,100,N,N
2622,KNGZ,First Trust S&P 500 Diversified Dividend Aristocrats ETF,G,N,N,100,Y,N
2623,KNSA,"Kiniksa Pharmaceuticals International, plc - Class A Ordinary Shares",Q,N,N,100,N,N
2624,KOD,Kodiak Sciences Inc - Common Stock,G,N,N,100,N,N
2625,KOID,KraneShares Global Humanoid and Embodied Intelligence Index ETF,G,N,N,100,Y,N
2626,KOPN,Kopin Corporation - Common Stock,S,N,N,100,N,N
2627,KOSS,Koss Corporation - Common Stock,S,N,N,100,N,N
2628,KOYN,CSLM Digital Asset Acquisition Corp III - Class A Ordinary Shares,G,N,N,100,N,N
2629,KOYNU,CSLM Digital Asset Acquisition Corp III - Units,G,N,N,100,N,N
2630,KOYNW,CSLM Digital Asset Acquisition Corp III - Warrants,G,N,N,100,N,N
2631,KPDD,KraneShares 2x Long PDD Daily ETF,G,N,N,100,Y,N
2632,KPLT,"Katapult Holdings, Inc. - Common Stock",G,N,N,100,N,N
2633,KPLTW,"Katapult Holdings, Inc. - Warrant",G,N,N,100,N,N
2634,KPRX,"Kiora Pharmaceuticals, Inc.  - Common Stock",S,N,N,100,N,N
2635,KPTI,Karyopharm Therapeutics Inc. - Common Stock,Q,N,N,100,N,N
2636,KQQQ,Kurv Technology Titans Select ETF,G,N,N,100,Y,N
2637,KRKR,36Kr Holdings Inc. - American Depositary Shares,S,N,N,100,N,N
2638,KRMA,Global X Conscious Companies ETF,G,N,N,100,Y,N
2639,KRMD,"KORU Medical Systems, Inc. - Common Stock",S,N,N,100,N,N
2640,KRNT,Kornit Digital Ltd. - Ordinary Shares,Q,N,N,100,N,N
2641,KRNY,Kearny Financial - Common Stock,Q,N,N,100,N,N
2642,KROP,Global X AgTech & Food Innovation ETF,G,N,N,100,Y,N
2643,KROS,"Keros Therapeutics, Inc. - common stock",G,N,N,100,N,N
2644,KRRO,"Korro Bio, Inc. - Common Stock",S,N,N,100,N,N
2645,KRT,Karat Packaging Inc. - Common Stock,Q,N,N,100,N,N
2646,KRUS,"Kura Sushi USA, Inc. - Class A Common Stock",G,N,N,100,N,N
2647,KRYS,"Krystal Biotech, Inc. - Common Stock",Q,N,N,100,N,N
2648,KSCP,"Knightscope, Inc. - Class A Common Stock",S,N,N,100,N,N
2649,KSPI,Joint Stock Company Kaspi.kz - American Depository Shares,Q,N,N,100,N,N
2650,KTCC,Key Tronic Corporation - Common Stock,G,N,N,100,N,N
2651,KTOS,"Kratos Defense & Security Solutions, Inc. - Common Stock",Q,N,N,100,N,N
2652,KTTA,Pasithea Therapeutics Corp. - Common Stock,S,N,N,100,N,N
2653,KTTAW,Pasithea Therapeutics Corp. - Warrant,S,N,N,100,N,N
2654,KURA,"Kura Oncology, Inc. - Common Stock",Q,N,N,100,N,N
2655,KUST,"Kustom Entertainment, Inc. - Common Stock",S,N,N,100,N,N
2656,KVAC,Keen Vision Acquisition Corporation - Ordinary Shares,G,N,N,100,N,N
2657,KVACU,Keen Vision Acquisition Corporation - Units,G,N,N,100,N,N
2658,KVACW,Keen Vision Acquisition Corporation - Warrant,G,N,N,100,N,N
2659,KVHI,"KVH Industries, Inc. - Common Stock",Q,N,N,100,N,N
2660,KWM,"K Wave Media, Ltd. - Ordinary Shares",G,N,D,100,N,N
2661,KWMWW,"K Wave Media, Ltd. - Warrant",S,N,N,100,N,N
2662,KXIN,Kaixin Holdings - Ordinary Shares,S,N,N,100,N,N
2663,KYIV,Kyivstar Group Ltd. - Common Shares,Q,N,N,100,N,N
2664,KYIVW,Kyivstar Group Ltd. - Warrant,S,N,N,100,N,N
2665,KYMR,"Kymera Therapeutics, Inc. - Common Stock",G,N,N,100,N,N
2666,KYNB,"Kyntra Bio, Inc. - Common Stock",Q,N,N,100,N,N
2667,KYTX,"Kyverna Therapeutics, Inc. - Common Stock",Q,N,N,100,N,N
2668,KZIA,Kazia Therapeutics Limited - American Depositary Shares,S,N,N,100,N,N
2669,KZR,"Kezar Life Sciences, Inc. - Common Stock",S,N,N,100,N,N
2670,LAB,Standard BioTools Inc. - Common Stock,Q,N,N,100,N,N
2671,LACG,Leverage Shares 2X Long LAC Daily ETF,G,N,N,100,Y,N
2672,LAES,SEALSQ Corp - Ordinary Shares,Q,N,N,100,N,N
2673,LAFA,LaFayette Acquisition Corp. - Ordinary Share,G,N,N,100,N,N
2674,LAFAR,LaFayette Acquisition Corp. - Rights,G,N,N,100,N,N
2675,LAFAU,LaFayette Acquisition Corp. - Unit,G,N,N,100,N,N
2676,LAKE,"Lakeland Industries, Inc. - Common Stock",G,N,N,100,N,N
2677,LAMR,Lamar Advertising Company - Class A Common Stock,Q,N,N,100,N,N
2678,LAND,Gladstone Land Corporation - Common Stock,G,N,N,100,N,N
2679,LANDM,Gladstone Land Corporation - 5.00% Series D Cumulative Term Preferred Stock,G,N,N,100,N,N
2680,LANDO,Gladstone Land Corporation - 6.00% Series B Cumulative Redeemable Preferred Stock,G,N,N,100,N,N
2681,LANDP,Gladstone Land Corporation - 6.00% Series C Cumulative Redeemable Preferred Stock,G,N,N,100,N,N
2682,LARK,Landmark Bancorp Inc. - Common Stock,G,N,N,100,N,N
2683,LASE,Laser Photonics Corporation - Common Stock,S,N,N,100,N,N
2684,LASR,"nLIGHT, Inc. - Common Stock",Q,N,N,100,N,N
2685,LATA,Galata Acquisition Corp. II - Class A Ordinary Shares,G,N,N,100,N,N
2686,LATAU,Galata Acquisition Corp. II - Units,G,N,N,100,N,N
2687,LATAW,Galata Acquisition Corp. II - Warrant,G,N,N,100,N,N
2688,LAUR,"Laureate Education, Inc. - Common Stock",Q,N,N,100,N,N
2689,LAWR,"Robot Consulting Co., Ltd. - ADS",S,N,N,100,N,N
2690,LAYS,STKd 100% NVDA & 100% AMD ETF,G,N,N,100,Y,N
2691,LBGJ,Li Bang International Corporation Inc. - Class A Ordinary Shares,S,N,D,100,N,N
2692,LBRDA,Liberty Broadband Corporation - Class A Common Stock,Q,N,N,100,N,N
2693,LBRDK,Liberty Broadband Corporation - Class C Common Stock,Q,N,N,100,N,N
2694,LBRDP,Liberty Broadband Corporation - Series A Cumulative Redeemable Preferred Stock,Q,N,N,100,N,N
2695,LBRX,LB Pharmaceuticals Inc - Common Stock,G,N,N,100,N,N
2696,LBTYA,Liberty Global Ltd. - Class A Common Shares,Q,N,N,100,N,N
2697,LBTYB,Liberty Global Ltd. - Class B Common Shares,Q,N,N,100,N,N
2698,LBTYK,Liberty Global Ltd. - Class C Common Shares,Q,N,N,100,N,N
2699,LCCC,Lakeshore Acquisition III Corp. - Ordinary Shares,G,N,N,100,N,N
2700,LCCCR,Lakeshore Acquisition III Corp. - Rights,G,N,N,100,N,N
2701,LCCCU,Lakeshore Acquisition III Corp. - Unit,G,N,N,100,N,N
2702,LCDL,GraniteShares 2x Long LCID Daily ETF,G,N,N,100,Y,N
2703,LCDS,JPMorgan Fundamental Data Science Large Core ETF,G,N,N,100,Y,N
2704,LCFY,Locafy Limited - Ordinary Share,S,N,N,100,N,N
2705,LCFYW,Locafy Limited - Warrant,S,N,N,100,N,N
2706,LCID,"Lucid Group, Inc. - Common Stock",Q,N,N,100,N,N
2707,LCNB,LCNB Corporation - Common Stock,S,N,N,100,N,N
2708,LCUT,"Lifetime Brands, Inc. - Common Stock",Q,N,N,100,N,N
2709,LDEM,iShares ESG MSCI EM Leaders ETF,G,N,N,100,Y,N
2710,LDRX,SGI Enhanced Market Leaders ETF,G,N,N,100,Y,N
2711,LDSF,First Trust Low Duration Strategic Focus ETF,G,N,N,100,Y,N
2712,LDWY,"Lendway, Inc. - Common Stock",S,N,N,100,N,N
2713,LE,"Lands' End, Inc. - Common Stock",S,N,N,100,N,N
2714,LECO,"Lincoln Electric Holdings, Inc. - Common Shares",Q,N,N,100,N,N
2715,LEDS,SemiLEDS Corporation - Common Stock,S,N,N,100,N,N
2716,LEE,"Lee Enterprises, Incorporated - Common Stock",Q,N,N,100,N,N
2717,LEGH,Legacy Housing Corporation - Common Stock,Q,N,N,100,N,N
2718,LEGN,Legend Biotech Corporation - American Depositary Shares,Q,N,N,100,N,N
2719,LEGR,First Trust Indxx Innovative Transaction & Process ETF,G,N,N,100,Y,N
2720,LENZ,"LENZ Therapeutics, Inc. - Common Stock",Q,N,N,100,N,N
2721,LESL,"Leslie's, Inc. - Common Stock",Q,N,N,100,N,N
2722,LEXI,Alexis Practical Tactical ETF,G,N,N,100,Y,N
2723,LEXX,Lexaria Bioscience Corp. - Common Stock,S,N,N,100,N,N
2724,LFAC,Leapfrog Acquisition Corporation - Class A Ordinary Shares,G,N,N,100,N,N
2725,LFACU,Leapfrog Acquisition Corporation - Units,G,N,N,100,N,N
2726,LFACW,Leapfrog Acquisition Corporation - Warrants,G,N,N,100,N,N
2727,LFCR,"Lifecore Biomedical, Inc. - Common Stock",Q,N,N,100,N,N
2728,LFMD,"LifeMD, Inc. - Common Stock",G,N,N,100,N,N
2729,LFMDP,"LifeMD, Inc. - 8.875% Series A Cumulative Perpetual Preferred Stock",G,N,N,100,N,N
2730,LFS,"LEIFRAS Co., Ltd. - American Depositary Shares",S,N,N,100,N,N
2731,LFSC,F/m Emerald Life Sciences Innovation ETF,G,N,N,100,Y,N
2732,LFST,"LifeStance Health Group, Inc. - Common Stock",Q,N,N,100,N,N
2733,LFUS,"Littelfuse, Inc. - Common Stock",Q,N,N,40,N,N
2734,LFVN,Lifevantage Corporation - Common Stock,S,N,N,100,N,N
2735,LFWD,Lifeward Ltd. - Ordinary Shares,S,N,D,100,N,N
2736,LGCB,Linkage Global Inc - Class A Ordinary Shares,S,N,N,100,N,N
2737,LGCF,Themes US Cash Flow Champions ETF,G,N,N,100,Y,N
2738,LGCL,Lucas GC Limited - Class A Ordinary Shares,S,N,N,100,N,N
2739,LGHL,Lion Group Holding Ltd. - American Depositary Share,S,N,N,100,N,N
2740,LGIH,"LGI Homes, Inc. - Common Stock",Q,N,N,100,N,N
2741,LGN,Legence Corp. - Class A Common stock,Q,N,N,100,N,N
2742,LGND,Ligand Pharmaceuticals Incorporated - Common Stock,G,N,N,100,N,N
2743,LGO,Largo Inc. - Common Shares,Q,N,N,100,N,N
2744,LGRO,Level Four Large Cap Growth Active ETF,G,N,N,100,Y,N
2745,LGVN,Longeveron Inc. - Class A Common stock,S,N,D,100,N,N
2746,LHAI,Linkhome Holdings Inc. - Common stock,S,N,N,100,N,N
2747,LHSW,Lianhe Sowell International Group Ltd - Class A Ordinary Shares,S,N,N,100,N,N
2748,LI,Li Auto Inc. - American Depositary Shares,Q,N,N,100,N,N
2749,LICN,Lichen International Limited - Class A Ordinary Shares,S,N,N,100,N,N
2750,LIDR,"AEye, Inc. - Class A Common Stock",S,N,N,100,N,N
2751,LIDRW,"AEye, Inc. - Warrant",S,N,N,100,N,N
2752,LIEN,"Chicago Atlantic BDC, Inc. - Common Stock",G,N,N,100,N,N
2753,LIF,"Life360, Inc. - Common Stock",Q,N,N,100,N,N
2754,LILA,Liberty Latin America Ltd. - Class A Common Stock,Q,N,N,100,N,N
2755,LILAK,Liberty Latin America Ltd. - Class C Common Stock,Q,N,N,100,N,N
2756,LIMN,"Liminatus Pharma, Inc. - Class A Common Stock",G,N,D,100,N,N
2757,LIMNW,"Liminatus Pharma, Inc. - Warrants",S,N,N,100,N,N
2758,LIN,Linde plc - Ordinary Shares,Q,N,N,40,N,N
2759,LINC,Lincoln Educational Services Corporation - Common Stock,Q,N,N,100,N,N
2760,LIND,Lindblad Expeditions Holdings Inc.  - Common Stock,S,N,N,100,N,N
2761,LINE,"Lineage, Inc. - Common Stock",Q,N,N,100,N,N
2762,LINK,"Interlink Electronics, Inc. - Common Stock",S,N,N,100,N,N
2763,LINT,Direxion Daily INTC Bull 2X ETF,G,N,N,100,Y,N
2764,LIQT,"LiqTech International, Inc. - Common Stock",S,N,N,100,N,N
2765,LITE,Lumentum Holdings Inc. - Common Stock,Q,N,N,100,N,N
2766,LITM,Snow Lake Resources Ltd. - Common Shares,S,N,N,100,N,N
2767,LITP,Sprott Lithium Miners ETF,G,N,N,100,Y,N
2768,LITS,"Lite Strategy, Inc. - Common Stock",S,N,N,100,N,N
2769,LIVE,Live Ventures Incorporated - Common Stock,S,N,N,100,N,N
2770,LIVN,LivaNova PLC - Ordinary Shares,Q,N,N,100,N,N
2771,LIXT,"Lixte Biotechnology Holdings, Inc. - Common Stock",S,N,N,100,N,N
2772,LKFN,Lakeland Financial Corporation - Common Stock,Q,N,N,100,N,N
2773,LKQ,LKQ Corporation - Common Stock,Q,N,N,100,N,N
2774,LKSP,Lake Superior Acquisition Corp. - Class A Ordinary Shares,G,N,N,100,N,N
2775,LKSPR,Lake Superior Acquisition Corp. - Rights,G,N,N,100,N,N
2776,LKSPU,Lake Superior Acquisition Corp. - Units,G,N,N,100,N,N
2777,LLYVA,"Liberty Live Holdings, Inc. - Series A Liberty Live Group Common Stock",Q,N,N,100,N,N
2778,LLYVK,"Liberty Live Holdings, Inc. - Series C Liberty Live Group Common Stock",Q,N,N,100,N,N
2779,LLYZ,Defiance Daily Target 2X Short LLY ETF,G,N,N,100,Y,N
2780,LMAT,"LeMaitre Vascular, Inc. - Common Stock",G,N,N,100,N,N
2781,LMB,"Limbach Holdings, Inc. - Common Stock",S,N,N,100,N,N
2782,LMBS,First Trust Low Duration Opportunities ETF,G,N,N,100,Y,N
2783,LMFA,"LM Funding America, Inc. - Common Stock",S,N,D,100,N,N
2784,LMNR,Limoneira Co - Common Stock,Q,N,N,100,N,N
2785,LMNX,Defiance Daily Target 2x Long LMND ETF,G,N,N,100,Y,N
2786,LMRI,"Lumexa Imaging Holdings, Inc. - Common Stock",Q,N,N,100,N,N
2787,LMTL,Direxion Daily LMT Bull 2X ETF,G,N,N,100,Y,N
2788,LMTS,Direxion Daily LMT Bear 1X ETF,G,N,N,100,Y,N
2789,LNAI,Lunai Bioworks Inc. - Common Stock,S,N,D,100,N,N
2790,LNKB,"LINKBANCORP, Inc. - Common Stock",S,N,N,100,N,N
2791,LNKS,Linkers Industries Limited - Class A Ordinary Shares,S,N,D,100,N,N
2792,LNSR,"LENSAR, Inc. - Common Stock",S,N,N,100,N,N
2793,LNT,Alliant Energy Corporation - Common Stock,Q,N,N,100,N,N
2794,LNTH,"Lantheus Holdings, Inc. - Common Stock",G,N,N,100,N,N
2795,LNZA,"LanzaTech Global, Inc. - Common Stock",S,N,N,100,N,N
2796,LNZAW,"LanzaTech Global, Inc. - Warrant",S,N,N,100,N,N
2797,LOAN,"Manhattan Bridge Capital, Inc - Common Stock",S,N,N,100,N,N
2798,LOBO,LOBO TECHNOLOGIES LTD. - Class A Ordinary Shares,S,N,D,100,N,N
2799,LOCO,"El Pollo Loco Holdings, Inc. - Common Stock",Q,N,N,100,N,N
2800,LOGI,Logitech International S.A. - Registered Shares,Q,N,N,100,N,N
2801,LOGO,Alpha Brands Consumption Leaders ETF,G,N,N,100,Y,N
2802,LOKV,Live Oak Acquisition Corp. V - Class A Ordinary Shares,G,N,N,100,N,N
2803,LOKVU,Live Oak Acquisition Corp. V - Units,G,N,N,100,N,N
2804,LOKVW,Live Oak Acquisition Corp. V - Warrants,G,N,N,100,N,N
2805,LONA,"LeonaBio, Inc. - Common Stock",S,N,N,100,N,N
2806,LOOP,"Loop Industries, Inc. - Common Stock",G,N,N,100,N,N
2807,LOPE,"Grand Canyon Education, Inc. - Common Stock",Q,N,N,100,N,N
2808,LOT,Lotus Technology Inc. - American Depositary Shares,Q,N,N,100,N,N
2809,LOTI,Liberty One Tactical Income ETF,G,N,N,100,Y,N
2810,LOTWW,Lotus Technology Inc. - Warrants,S,N,N,100,N,N
2811,LOVE,The Lovesac Company - Common Stock,G,N,N,100,N,N
2812,LPAA,Launch One Acquisition Corp. - Class A Ordinary Shares,G,N,N,100,N,N
2813,LPAAU,Launch One Acquisition Corp. - Unit,G,N,N,100,N,N
2814,LPAAW,Launch One Acquisition Corp. - Warrant,G,N,N,100,N,N
2815,LPBB,Launch Two Acquisition Corp. - Class A Ordinary Shares,G,N,N,100,N,N
2816,LPBBU,Launch Two Acquisition Corp. - Unit,G,N,N,100,N,N
2817,LPBBW,Launch Two Acquisition Corp. - Warrant,G,N,N,100,N,N
2818,LPCN,Lipocine Inc. - Common Stock,S,N,N,100,N,N
2819,LPCVU,Launchpad Cadenza Acquisition Corp I - Unit,G,N,N,100,N,N
2820,LPLA,LPL Financial Holdings Inc. - Common Stock,Q,N,N,40,N,N
2821,LPRO,Open Lending Corporation - Common Stock,G,N,N,100,N,N
2822,LPSN,"LivePerson, Inc. - Common Stock",Q,N,N,100,N,N
2823,LPTH,"LightPath Technologies, Inc. - Class A Common Stock",S,N,N,100,N,N
2824,LQDA,Liquidia Corporation - Common Stock,S,N,N,100,N,N
2825,LQDT,"Liquidity Services, Inc. - Common Stock",Q,N,N,100,N,N
2826,LRCX,Lam Research Corporation - Common Stock,Q,N,N,100,N,N
2827,LRE,"Lead Real Estate Co., Ltd - American Depositary Shares",S,N,N,100,N,N
2828,LRGE,ClearBridge Large Cap Growth Select ETF,G,N,N,100,Y,N
2829,LRHC,La Rosa Holdings Corp. - Common Stock,S,N,N,100,N,N
2830,LRMR,"Larimar Therapeutics, Inc. - Common Stock",G,N,N,100,N,N
2831,LRND,NYLI U.S. Large Cap R&D Leaders ETF,G,N,N,100,Y,N
2832,LSAK,"Lesaka Technologies, Inc. - Common Stock",Q,N,N,100,N,N
2833,LSBK,"Lake Shore Bancorp, Inc. - Common Stock",G,N,N,100,N,N
2834,LSCC,Lattice Semiconductor Corporation - Common Stock,Q,N,N,100,N,N
2835,LSE,"Leishen Energy Holding Co., Ltd. - Ordinary Shares",S,N,N,100,N,N
2836,LSH,Lakeside Holding Limited - Common Stock,S,N,D,100,N,N
2837,LSTA,"Lisata Therapeutics, Inc. - Common Stock",S,N,N,100,N,N
2838,LSTR,"Landstar System, Inc. - Common Stock",Q,N,N,100,N,N
2839,LTBR,Lightbridge Corporation - Common Stock,S,N,N,100,N,N
2840,LTCC,Canary Litecoin ETF,G,N,N,100,Y,N
2841,LTRN,Lantern Pharma Inc. - Common Stock,S,N,N,100,N,N
2842,LTRX,"Lantronix, Inc. - Common Stock",S,N,N,100,N,N
2843,LTRYW,"Lottery.com, Inc. - Warrant",G,N,N,100,N,N
2844,LUCD,Lucid Diagnostics Inc. - Common Stock,S,N,N,100,N,N
2845,LUCY,"Innovative Eyewear, Inc. - Common Stock",S,N,N,100,N,N
2846,LUCYW,"Innovative Eyewear, Inc. - Warrants",S,N,N,100,N,N
2847,LULG,Leverage Shares 2X Long LULU Daily ETF,G,N,N,100,Y,N
2848,LULU,lululemon athletica inc. - Common Stock,Q,N,N,100,N,N
2849,LUNG,Pulmonx Corporation - Common Stock,Q,N,N,100,N,N
2850,LUNR,"Intuitive Machines, Inc. - Class A Common Stock",G,N,N,100,N,N
2851,LVHD,Franklin U.S. Low Volatility High Dividend Index ETF,G,N,N,100,Y,N
2852,LVLU,"Lulu's Fashion Lounge Holdings, Inc. - Common Stock",S,N,N,100,N,N
2853,LVO,"LiveOne, Inc. - Common Stock",S,N,D,100,N,N
2854,LVRO,Lavoro Limited - Class A Ordinary Shares,G,N,N,100,N,N
2855,LVROW,Lavoro Limited - Warrant,G,N,N,100,N,N
2856,LWAC,LightWave Acquisition Corp. - Class A Ordinary Shares,G,N,N,100,N,N
2857,LWACU,LightWave Acquisition Corp. - Units,G,N,N,100,N,N
2858,LWACW,LightWave Acquisition Corp. - Warrants,G,N,N,100,N,N
2859,LWAY,"Lifeway Foods, Inc. - Common Stock",G,N,N,100,N,N
2860,LWLG,"Lightwave Logic, Inc. - Common Stock",S,N,N,100,N,N
2861,LX,LexinFintech Holdings Ltd. - American Depositary Shares,Q,N,N,100,N,N
2862,LXEH,"Lixiang Education Holding Co., Ltd. - American Depositary Shares",G,N,D,100,N,N
2863,LXEO,"Lexeo Therapeutics, Inc. - Common Stock",G,N,N,100,N,N
2864,LXRX,"Lexicon Pharmaceuticals, Inc. - Common Stock",S,N,N,100,N,N
2865,LYEL,"Lyell Immunopharma, Inc. - Common Stock",Q,N,N,100,N,N
2866,LYFT,"Lyft, Inc. - Class A Common Stock",Q,N,N,100,N,N
2867,LYRA,"Lyra Therapeutics, Inc. - Common Stock",S,N,D,100,N,N
2868,LYTS,LSI Industries Inc. - Common Stock,Q,N,N,100,N,N
2869,LZ,"LegalZoom.com, Inc. - Common Stock",Q,N,N,100,N,N
2870,LZMH,LZ Technology Holdings Limited - Class B Ordinary Shares,S,N,N,100,N,N
2871,MAAS,Maase Inc. - Class A Ordinary Shares,G,N,N,100,N,N
2872,MAAY,GraniteShares YieldBOOST MARA ETF,G,N,N,100,Y,N
2873,MACI,Melar Acquisition Corp. I - Class A Ordinary Shares,G,N,N,100,N,N
2874,MACIU,Melar Acquisition Corp. I - Unit,G,N,N,100,N,N
2875,MACIW,Melar Acquisition Corp. I - Warrant,G,N,N,100,N,N
2876,MAGH,Magnitude International Ltd - Ordinary Shares,S,N,N,100,N,N
2877,MAMA,"Mama's Creations, Inc. - Common Stock",S,N,N,100,N,N
2878,MAMK,MaxsMaking Inc. - Class A Ordinary Shares,S,N,N,100,N,N
2879,MAMO,Massimo Group - Common Stock,S,N,N,100,N,N
2880,MANH,"Manhattan Associates, Inc. - Common Stock",Q,N,N,100,N,N
2881,MAPS,"WM Technology, Inc. - Class A Common Stock",Q,N,N,100,N,N
2882,MAPSW,"WM Technology, Inc. - Warrants",Q,N,N,100,N,N
2883,MAR,Marriott International - Class A Common Stock,Q,N,N,40,N,N
2884,MARA,"MARA Holdings, Inc. - Common Stock",S,N,N,100,N,N
2885,MARPS,Marine Petroleum Trust - Units of Beneficial Interest,S,N,N,100,N,N
2886,MASI,Masimo Corporation - Common Stock,Q,N,N,100,N,N
2887,MASK,3 E Network Technology Group Ltd - Class A Ordinary Shares,S,N,D,100,N,N
2888,MASS,908 Devices Inc. - Common Stock,G,N,N,100,N,N
2889,MAT,"Mattel, Inc. - Common Stock",Q,N,N,100,N,N
2890,MATE,Man Active Trend Enhanced ETF,G,N,N,100,Y,N
2891,MATH,Metalpha Technology Holding Limited - Ordinary Shares,S,N,N,100,N,N
2892,MATW,Matthews International Corporation - Class A Common Stock,Q,N,N,100,N,N
2893,MAXI,Simplify Bitcoin Strategy PLUS Income ETF,G,N,N,100,Y,N
2894,MAXN,"Maxeon Solar Technologies, Ltd. - Ordinary Shares",Q,N,N,100,N,N
2895,MAYS,"J. W. Mays, Inc. - Common Stock",S,N,N,100,N,N
2896,MAZE,"Maze Therapeutics, Inc. - Common Stock",G,N,N,100,N,N
2897,MB,MasterBeef Group - Ordinary Shares,S,N,N,100,N,N
2898,MBAI,Check-Cap Ltd. - Ordinary Share,S,N,N,100,N,N
2899,MBAV,M3-Brigade Acquisition V Corp. - Class A Ordinary shares,G,N,N,100,N,N
2900,MBAVU,M3-Brigade Acquisition V Corp. - Units,G,N,N,100,N,N
2901,MBAVW,M3-Brigade Acquisition V Corp. - Warrant,G,N,N,100,N,N
2902,MBB,iShares MBS ETF,G,N,N,100,Y,N
2903,MBBC,"Marathon Bancorp, Inc. - Common Stock",S,N,N,100,N,N
2904,MBCN,Middlefield Banc Corp. - Common Stock,S,N,N,100,N,N
2905,MBIN,Merchants Bancorp - Common Stock,S,N,N,100,N,N
2906,MBINL,"Merchants Bancorp - Depositary Shares, Each Representing a 1/40th Interest in a Share of 7.625% Fixed Rate Series E Non-Cumulative Perpetual Preferred Stock, without par value",S,N,N,100,N,N
2907,MBINM,"Merchants Bancorp - Depositary Shares, Each Representing a 1/40th Interest in a Share of 8.25% Fixed-Rate Reset Series D Non-Cumulative Perpetual Preferred Stock",S,N,N,100,N,N
2908,MBINN,Merchants Bancorp - Depositary Shares 6.00% Fixed Rate Series C Non-Cumulative Perpetual Preferred Stock,S,N,N,100,N,N
2909,MBIO,"Mustang Bio, Inc. - Common Stock",S,N,N,100,N,N
2910,MBLY,Mobileye Global Inc. - Class A Common Stock,Q,N,N,100,N,N
2911,MBNKO,"Medallion Bank - Fixed-Rate Reset Non-Cumulative Perpetual Preferred Stock, Series G, par value $1.00 per share",S,N,N,100,N,N
2912,MBOT,Microbot Medical Inc.  - Common Stock,S,N,N,100,N,N
2913,MBRX,"Moleculin Biotech, Inc. - Common Stock",S,N,N,100,N,N
2914,MBS,Angel Oak Mortgage-Backed Securities ETF,G,N,N,100,Y,N
2915,MBUU,"Malibu Boats, Inc. - Common Stock",G,N,N,100,N,N
2916,MBVI,M3-Brigade Acquisition VI Corp. - Class A Ordinary Shares,G,N,N,100,N,N
2917,MBVIU,M3-Brigade Acquisition VI Corp. - Units,G,N,N,100,N,N
2918,MBVIW,M3-Brigade Acquisition VI Corp. - Warrant,G,N,N,100,N,N
2919,MBWM,Mercantile Bank Corporation - Common Stock,Q,N,N,100,N,N
2920,MBX,"MBX Biosciences, Inc. - Common Stock",Q,N,N,100,N,N
2921,MCBS,"MetroCity Bankshares, Inc. - Common Stock",Q,N,N,100,N,N
2922,MCDS,JPMorgan Fundamental Data Science Mid Core ETF,G,N,N,100,Y,N
2923,MCFT,"MasterCraft Boat Holdings, Inc. - Common Stock",G,N,N,100,N,N
2924,MCGA,Yorkville Acquisition Corp. - Class A Ordinary Share,G,N,N,100,N,N
2925,MCGAU,Yorkville Acquisition Corp. - Unit,G,N,N,100,N,N
2926,MCGAW,Yorkville Acquisition Corp. - Warrant,G,N,N,100,N,N
2927,MCHB,Mechanics Bancorp - Class A Common Stock,Q,N,N,100,N,N
2928,MCHI,iShares MSCI China ETF,G,N,N,100,Y,N
2929,MCHP,Microchip Technology Incorporated - Common Stock,Q,N,N,100,N,N
2930,MCHPP,Microchip Technology Incorporated - Depositary Shares Each Representing a 1/20th Interest in a Share of 7.50% Series A Mandatory Convertible Preferred Stock,Q,N,N,100,N,N
2931,MCHS,Matthews China Discovery Active ETF,G,N,N,100,Y,N
2932,MCHX,"Marchex, Inc. - Class B Common Stock",Q,N,N,100,N,N
2933,MCRB,"Seres Therapeutics, Inc. - Common Stock",Q,N,N,100,N,N
2934,MCRI,"Monarch Casino & Resort, Inc. - Common Stock",Q,N,N,100,N,N
2935,MCTA,Charming Medical Limited - Class A Ordinary Shares,S,N,N,100,N,N
2936,MCW,"Mister Car Wash, Inc. - Common Stock",Q,N,N,100,N,N
2937,MDAI,"Spectral AI, Inc. - Class A Common Stock",S,N,N,100,N,N
2938,MDAIW,"Spectral AI, Inc. - Warrants",S,N,N,100,N,N
2939,MDB,"MongoDB, Inc. - Class A Common Stock",G,N,N,40,N,N
2940,MDBH,"MDB Capital Holdings, LLC - Class A common ",S,N,N,100,N,N
2941,MDCX,Medicus Pharma Ltd. - Common Stock,S,N,N,100,N,N
2942,MDCXW,Medicus Pharma Ltd. - Warrant,S,N,N,100,N,N
2943,MDGL,"Madrigal Pharmaceuticals, Inc. - Common Stock",Q,N,N,40,N,N
2944,MDIA,Mediaco Holding Inc. - Class A Common Stock,S,N,D,100,N,N
2945,MDIV,Multi-Asset Diversified Income Index Fund,G,N,N,100,Y,N
2946,MDLN,Medline Inc. - Class A common stock,Q,N,N,100,N,N
2947,MDLZ,"Mondelez International, Inc. - Class A Common Stock",Q,N,N,100,N,N
2948,MDRR,"Medalist Diversified REIT, Inc. - Common Stock",S,N,N,100,N,N
2949,MDWD,MediWound Ltd. - Ordinary Shares,G,N,N,100,N,N
2950,MDXG,"MiMedx Group, Inc - Common Stock",S,N,N,100,N,N
2951,MDXH,MDxHealth SA - Ordinary Shares,S,N,N,100,N,N
2952,MEDP,"Medpace Holdings, Inc. - Common Stock",Q,N,N,40,N,N
2953,MEDX,Horizon Kinetics Medical ETF,G,N,N,100,Y,N
2954,MEGL,Magic Empire Global Limited - Class A Ordinary Shares,S,N,N,100,N,N
2955,MEHA,"Functional Brands, Inc. - Common Stock",S,N,D,100,N,N
2956,MELI,"MercadoLibre, Inc. - Common Stock",Q,N,N,10,N,N
2957,MEMA,Man Active Emerging Markets Alternative ETF,G,N,N,100,Y,N
2958,MEMS,Matthews Emerging Markets Discovery Active ETF,G,N,N,100,Y,N
2959,MENS,Jyong Biotech Ltd. - Ordinary shares,G,N,N,100,N,N
2960,MEOH,Methanex Corporation - Common Stock,Q,N,N,100,N,N
2961,MERC,Mercer International Inc. - Common Stock,Q,N,N,100,N,N
2962,MESHU,Meshflow Acquisition Corp. - Units,G,N,N,100,N,N
2963,MESO,Mesoblast Limited - American Depositary Shares,Q,N,N,100,N,N
2964,META,"Meta Platforms, Inc. - Class A Common Stock",Q,N,N,40,N,N
2965,METC,"Ramaco Resources, Inc. - Class A Common Stock",Q,N,N,100,N,N
2966,METCB,"Ramaco Resources, Inc. - Class B Common Stock",Q,N,N,100,N,N
2967,METCI,"Ramaco Resources, Inc. - 8.250% Senior Notes due 2030",G,N,N,100,N,N
2968,METCZ,"Ramaco Resources, Inc. - 8.375% Senior Notes due 2029",Q,N,N,100,N,N
2969,METD,Direxion Daily META Bear 1X Shares,G,N,N,100,Y,N
2970,METL,Sprott Active Metals & Miners ETF,G,N,N,100,Y,N
2971,METU,Direxion Daily META Bull 2X Shares,G,N,N,100,Y,N
2972,MFI,mF International Limited - Class A Ordinary Shares,S,N,N,100,N,N
2973,MFIC,MidCap Financial Investment Corporation - Closed End Fund,Q,N,N,100,N,N
2974,MFICL,MidCap Financial Investment Corporation - 8.00% Notes due 2028,Q,N,N,100,N,N
2975,MFIG,Motley Fool Innovative Growth ETF,G,N,N,100,Y,N
2976,MFIN,Medallion Financial Corp. - Common Stock,Q,N,N,100,N,N
2977,MFLX,First Trust Flexible Municipal High Income ETF,G,N,N,100,Y,N
2978,MFMO,Motley Fool Momentum Factor ETF,G,N,N,100,Y,N
2979,MFVL,Motley Fool Value Factor ETF,G,N,N,100,Y,N
2980,MGEE,MGE Energy Inc. - Common Stock,Q,N,N,100,N,N
2981,MGIC,Magic Software Enterprises Ltd. - Ordinary Shares,Q,N,N,100,N,N
2982,MGIH,Millennium Group International Holdings Limited - Ordinary Shares,S,N,N,100,N,N
2983,MGN,Megan Holdings Limited - Ordinary shares.,S,N,N,100,N,N
2984,MGNI,"Magnite, Inc. - Common Stock",Q,N,N,100,N,N
2985,MGNX,"MacroGenics, Inc. - Common Stock",Q,N,N,100,N,N
2986,MGPI,"MGP Ingredients, Inc. - Common Stock",Q,N,N,100,N,N
2987,MGRC,McGrath RentCorp - Common Stock,Q,N,N,100,N,N
2988,MGRT,Mega Fortune Company Limited - Ordinary Shares,S,N,N,100,N,N
2989,MGRX,"Mangoceuticals, Inc. - Common Stock",S,N,N,100,N,N
2990,MGTX,MeiraGTx Holdings plc - Ordinary Shares,Q,N,N,100,N,N
2991,MGX,"Metagenomi Therapeutics, Inc. - Common Stock",Q,N,N,100,N,N
2992,MGYR,"Magyar Bancorp, Inc. - Common Stock",G,N,N,100,N,N
2993,MIDD,The Middleby Corporation - Common Stock,Q,N,N,100,N,N
2994,MIGI,Mawson Infrastructure Group Inc. - Common Stock,S,N,N,100,N,N
2995,MILN,Global X Millennial Consumer ETF,G,N,N,100,Y,N
2996,MIMI,Mint Incorporation Limited - Class A Ordinary Shares,S,N,D,100,N,N
2997,MIND,"MIND Technology, Inc. - Common Stock",S,N,N,100,N,N
2998,MIRA,"MIRA Pharmaceuticals, Inc. - Common Stock",S,N,N,100,N,N
2999,MIRM,"Mirum Pharmaceuticals, Inc. - common stock",G,N,N,100,N,N
3000,MIST,Milestone Pharmaceuticals Inc. - Common Shares,Q,N,N,100,N,N
3001,MITK,"Mitek Systems, Inc. - Common Stock",S,N,N,100,N,N
3002,MKAM,MKAM ETF,G,N,N,100,Y,N
3003,MKDW,MKDWELL Tech Inc. - Ordinary Shares,S,N,D,100,N,N
3004,MKDWW,MKDWELL Tech Inc. - Warrants,S,N,N,100,N,N
3005,MKLY,McKinley Acquisition Corporation - Class A Ordinary Shares,G,N,N,100,N,N
3006,MKLYR,McKinley Acquisition Corporation - Rights,G,N,N,100,N,N
3007,MKLYU,McKinley Acquisition Corporation - Units,G,N,N,100,N,N
3008,MKSI,MKS Inc. - Common Stock,Q,N,N,100,N,N
3009,MKTW,"MarketWise, Inc. - Class A Common Stock",G,N,N,100,N,N
3010,MKTX,"MarketAxess Holdings, Inc. - Common Stock",Q,N,N,100,N,N
3011,MKZR,"MacKenzie Realty Capital, Inc. - Common Stock",S,N,N,100,N,N
3012,MLAB,"Mesa Laboratories, Inc. - Common Stock",Q,N,N,100,N,N
3013,MLAC,Mountain Lake Acquisition Corp. - Class A Ordinary Shares,G,N,N,100,N,N
3014,MLACR,Mountain Lake Acquisition Corp. - Right,G,N,N,100,N,N
3015,MLACU,Mountain Lake Acquisition Corp. - Units,G,N,N,100,N,N
3016,MLCI,Mount Logan Capital Inc. - Common Stock,S,N,N,100,N,N
3017,MLCO,Melco Resorts & Entertainment Limited - American Depositary Shares ,Q,N,N,100,N,N
3018,MLEC,Moolec Science SA - Ordinary Shares,S,N,H,100,N,N
3019,MLECW,Moolec Science SA - Warrant,S,N,H,100,N,N
3020,MLGO,"MicroAlgo, Inc. - Ordinary Shares",S,N,N,100,N,N
3021,MLKN,"MillerKnoll, Inc. - Common Stock",Q,N,N,100,N,N
3022,MLTX,MoonLake Immunotherapeutics - Class A Ordinary Shares,S,N,N,100,N,N
3023,MLYS,"Mineralys Therapeutics, Inc. - Common Stock",Q,N,N,100,N,N
3024,MMLP,Martin Midstream Partners L.P. - Common Units Representing Limited Partnership Interests,Q,N,N,100,N,N
3025,MMSI,"Merit Medical Systems, Inc. - Common Stock",Q,N,N,100,N,N
3026,MMTX,Miluna Acquisition Corp - Class A Ordinary Shares,G,N,N,100,N,N
3027,MMTXU,Miluna Acquisition Corp - Units,G,N,N,100,N,N
3028,MMTXW,Miluna Acquisition Corp - Warrant,G,N,N,100,N,N
3029,MMYT,MakeMyTrip Limited - Ordinary Shares,Q,N,N,100,N,N
3030,MNDO,MIND C.T.I. Ltd. - Ordinary Shares,G,N,N,100,N,N
3031,MNDR,Mobile-health Network Solutions - Class A Ordinary Shares,S,N,N,100,N,N
3032,MNDY,monday.com Ltd. - Ordinary Shares,Q,N,N,100,N,N
3033,MNKD,MannKind Corporation - Common Stock,G,N,N,100,N,N
3034,MNOV,"MediciNova, Inc. - Common Stock",G,N,N,100,N,N
3035,MNPR,Monopar Therapeutics Inc. - Common Stock,S,N,N,100,N,N
3036,MNRO,"Monro, Inc.  - Common Stock",Q,N,N,100,N,N
3037,MNSB,"MainStreet Bancshares, Inc. - Common Stock",S,N,N,100,N,N
3038,MNSBP,"MainStreet Bancshares, Inc. - Depositary Shares",S,N,N,100,N,N
3039,MNST,Monster Beverage Corporation - Common Stock,Q,N,N,100,N,N
3040,MNTK,"Montauk Renewables, Inc. - Common Stock",S,N,N,100,N,N
3041,MNTS,Momentus Inc. - Class A Common Stock,S,N,N,100,N,N
3042,MNTSW,Momentus Inc. - Warrant,S,N,N,100,N,N
3043,MNY,MoneyHero Limited - Class A Ordinary Shares,G,N,N,100,N,N
3044,MNYWW,MoneyHero Limited - Warrants,G,N,N,100,N,N
3045,MNZL,Manzil Russell Halal USA Broad Market ETF,G,N,N,100,Y,N
3046,MOB,Mobilicom Limited - Ordinary Shares,S,N,N,100,N,N
3047,MOBBW,Mobilicom Limited - Warrants,S,N,N,100,N,N
3048,MOBX,"Mobix Labs, Inc. - Class A Common Stock",S,N,D,100,N,N
3049,MOBXW,"Mobix Labs, Inc. - Warrants",S,N,D,100,N,N
3050,MODD,"Modular Medical, Inc. - common stock",S,N,D,100,N,N
3051,MODL,VictoryShares WestEnd U.S. Sector ETF,G,N,N,100,Y,N
3052,MOFG,"MidWestOne Financial Group, Inc. - Common Stock",Q,N,N,100,N,N
3053,MOLN,Molecular Partners AG - American Depositary Shares,Q,N,N,100,N,N
3054,MOMO,Hello Group Inc.  - American Depositary Shares,Q,N,N,100,N,N
3055,MOOD,Relative Sentiment Tactical Allocation ETF,G,N,N,100,Y,N
3056,MORN,"Morningstar, Inc. - Common Stock",Q,N,N,100,N,N
3057,MOVE,Movano Inc. - Common Stock,S,N,D,100,N,N
3058,MPAA,"Motorcar Parts of America, Inc. - Common Stock",Q,N,N,100,N,N
3059,MPB,Mid Penn Bancorp - Common Stock,G,N,N,100,N,N
3060,MPG,Leverage Shares 2X Long MP Daily ETF,G,N,N,100,Y,N
3061,MPLT,"MapLight Therapeutics, Inc. - Common Stock",Q,N,N,100,N,N
3062,MPWR,"Monolithic Power Systems, Inc. - Common Stock",Q,N,N,40,N,N
3063,MQ,"Marqeta, Inc. - Class A Common Stock",Q,N,N,100,N,N
3064,MQQQ,Tradr 2X Long Innovation 100 Monthly ETF,G,N,N,100,Y,N
3065,MRAL,GraniteShares 2x Long MARA Daily ETF,G,N,N,100,Y,N
3066,MRAM,"Everspin Technologies, Inc. - Common Stock",G,N,N,100,N,N
3067,MRBK,Meridian Corporation - Common Stock,Q,N,N,100,N,N
3068,MRCC,Monroe Capital Corporation - Closed End Fund,Q,N,N,100,N,N
3069,MRCY,Mercury Systems Inc - Common Stock,Q,N,N,100,N,N
3070,MREO,Mereo BioPharma Group plc - American Depositary Shares,S,N,N,100,N,N
3071,MRKR,"Marker Therapeutics, Inc. - Common Stock",S,N,N,100,N,N
3072,MRM,MEDIROM Healthcare Technologies Inc. - American Depositary Share,S,N,N,100,N,N
3073,MRNA,"Moderna, Inc. - Common Stock",Q,N,N,100,N,N
3074,MRNO,Murano Global Investments PLC - Ordinary Shares,S,N,N,100,N,N
3075,MRNOW,Murano Global Investments PLC - Warrants,S,N,N,100,N,N
3076,MRTN,"Marten Transport, Ltd. - Common Stock",Q,N,N,100,N,N
3077,MRVI,"Maravai LifeSciences Holdings, Inc. - Class A common stock",Q,N,N,100,N,N
3078,MRVL,"Marvell Technology, Inc. - Common Stock",Q,N,N,100,N,N
3079,MRX,Marex Group plc - Ordinary Shares,Q,N,N,100,N,N
3080,MSAI,"MultiSensor AI Holdings, Inc. - Common Stock",S,N,D,100,N,N
3081,MSAIW,"MultiSensor AI Holdings, Inc. - Warrants",S,N,N,100,N,N
3082,MSBI,"Midland States Bancorp, Inc. - Common Stock",Q,N,N,100,N,N
3083,MSBIP,"Midland States Bancorp, Inc. - Depositary Shares Each Representing a 1/40th Interest in a Share of 7.750% Fixed-Rate Reset Non-Cumulative Perpetual Preferred Stock, Series A",Q,N,N,100,N,N
3084,MSDD,GraniteShares 2x Short MSTR Daily ETF,G,N,N,100,Y,N
3085,MSEX,Middlesex Water Company - Common Stock,Q,N,N,100,N,N
3086,MSFD,Direxion Daily MSFT Bear 1X Shares,G,N,N,100,Y,N
3087,MSFL,GraniteShares 2x Long MSFT Daily ETF,G,N,N,100,Y,N
3088,MSFT,Microsoft Corporation - Common Stock,Q,N,N,40,N,N
3089,MSFU,Direxion Daily MSFT Bull 2X Shares,G,N,N,100,Y,N
3090,MSGM,Motorsport Games Inc. - Class A Common Stock,S,N,N,100,N,N
3091,MSGY,Masonglory Limited - Ordinary Shares,S,N,N,100,N,N
3092,MSS,Maison Solutions Inc. - Class A Common Stock,S,N,D,100,N,N
3093,MST,Defiance Leveraged Long + Income MSTR ETF,G,N,N,100,Y,N
3094,MSTP,GraniteShares 2x Long MSTR Daily ETF,G,N,N,100,Y,N
3095,MSTR,Strategy Inc - Class A Common Stock,Q,N,N,40,N,N
3096,MSTX,Defiance Daily Target 2x Long MSTR ETF,G,N,N,100,Y,N
3097,MSW,Ming Shing Group Holdings Limited - Ordinary Shares,S,N,N,100,N,N
3098,MTC,"MMTec, Inc. - Common Shares",S,N,N,100,N,N
3099,MTCH,"Match Group, Inc. - Common Stock",Q,N,N,100,N,N
3100,MTEK,Maris-Tech Ltd. - ordinary shares,S,N,N,100,N,N
3101,MTEKW,Maris-Tech Ltd. - Warrants,S,N,N,100,N,N
3102,MTEN,Mingteng International Corporation Inc. - Class A Ordinary Shares,S,N,N,100,N,N
3103,MTEX,"Mannatech, Incorporated - Common Stock",S,N,N,100,N,N
3104,MTLS,Materialise NV - American Depositary Shares,Q,N,N,100,N,N
3105,MTRX,Matrix Service Company - Common Stock,Q,N,N,100,N,N
3106,MTSI,"MACOM Technology Solutions Holdings, Inc. - Common Stock",Q,N,N,100,N,N
3107,MTVA,MetaVia Inc.  - Common Stock,S,N,N,100,N,N
3108,MTYY,GraniteShares YieldBOOST MSTR ETF,G,N,N,100,Y,N
3109,MU,"Micron Technology, Inc. - Common Stock",Q,N,N,100,N,N
3110,MUD,Direxion Daily MU Bear 1X Shares,G,N,N,100,Y,N
3111,MULL,GraniteShares 2x Long MU Daily ETF,G,N,N,100,Y,N
3112,MULT,Franklin Multisector Income ETF,G,N,N,100,Y,N
3113,MUU,Direxion Daily MU Bull 2X Shares,G,N,N,100,Y,N
3114,MVBF,MVB Financial Corp. - Common Stock,S,N,N,100,N,N
3115,MVIS,"MicroVision, Inc. - Common Stock",G,N,D,100,N,N
3116,MVLL,GraniteShares 2x Long MRVL Daily ETF,G,N,N,100,Y,N
3117,MVST,"Microvast Holdings, Inc. - Common Stock",S,N,N,100,N,N
3118,MVSTW,"Microvast Holdings, Inc. - Warrant",S,N,N,100,N,N
3119,MWYN,"Marwynn Holdings, Inc. - Common stock",S,N,N,100,N,N
3120,MXCT,"MaxCyte, Inc. - Common Stock",Q,N,N,100,N,N
3121,MXL,"MaxLinear, Inc - Common Stock",Q,N,N,100,N,N
3122,MYCF,State Street My2026 Corporate Bond ETF,G,N,N,100,Y,N
3123,MYCG,State Street My2027 Corporate Bond ETF,G,N,N,100,Y,N
3124,MYCH,State Street My2028 Corporate Bond ETF,G,N,N,100,Y,N
3125,MYCI,State Street My2029 Corporate Bond ETF,G,N,N,100,Y,N
3126,MYCJ,State Street My2030 Corporate Bond ETF,G,N,N,100,Y,N
3127,MYCK,State Street My2031 Corporate Bond ETF,G,N,N,100,Y,N
3128,MYCL,State Street My2032 Corporate Bond ETF,G,N,N,100,Y,N
3129,MYCM,State Street My2033 Corporate Bond ETF,G,N,N,100,Y,N
3130,MYCN,State Street My2034 Corporate Bond ETF,G,N,N,100,Y,N
3131,MYCO,State Street My2035 Corporate Bond ETF,G,N,N,100,Y,N
3132,MYFW,"First Western Financial, Inc. - Common Stock",Q,N,N,100,N,N
3133,MYGN,"Myriad Genetics, Inc. - Common Stock",Q,N,N,100,N,N
3134,MYMF,State Street My2026 Municipal Bond ETF,G,N,N,100,Y,N
3135,MYMG,State Street My2027 Municipal Bond ETF,G,N,N,100,Y,N
3136,MYMH,State Street My2028 Municipal Bond ETF,G,N,N,100,Y,N
3137,MYMI,State Street My2029 Municipal Bond ETF,G,N,N,100,Y,N
3138,MYMJ,State Street My2030 Municipal Bond ETF,G,N,N,100,Y,N
3139,MYMK,State Street My2031 Municipal Bond ETF,G,N,N,100,Y,N
3140,MYNZ,Mainz Biomed N.V. - Ordinary Shares,S,N,N,100,N,N
3141,MYPS,"PLAYSTUDIOS, Inc.  - Class A Common Stock",G,N,D,100,N,N
3142,MYPSW,"PLAYSTUDIOS, Inc.  - Warrant",G,N,N,100,N,N
3143,MYRG,"MYR Group, Inc. - Common Stock",Q,N,N,100,N,N
3144,MYSE,"Myseum, Inc. - Common Stock",S,N,N,100,N,N
3145,MYSEW,"Myseum, Inc. - Series A Warrant",S,N,N,100,N,N
3146,MYSZ,"My Size, Inc. - Common Stock",S,N,N,100,N,N
3147,MZTI,The Marzetti Company - Common Stock,Q,N,N,100,N,N
3148,,Nano Labs Ltd - Class A Ordinary Shares,G,N,N,100,N,N
3149,NAAS,NaaS Technology Inc. - American Depositary Shares,S,N,N,100,N,N
3150,NAGE,"Niagen Bioscience, Inc. - Common Stock",S,N,N,100,N,N
3151,NAII,"Natural Alternatives International, Inc. - Common Stock",G,N,N,100,N,N
3152,NAKA,Nakamoto Inc. - Common Stock,G,N,D,100,N,N
3153,NAMI,Jinxin Technology Holding Company - American Depositary Shares,S,N,N,100,N,N
3154,NAMM,Namib Minerals - Ordinary Shares,G,N,N,100,N,N
3155,NAMMW,Namib Minerals - Warrants,S,N,N,100,N,N
3156,NAMS,NewAmsterdam Pharma Company N.V. - Ordinary Shares,G,N,N,100,N,N
3157,NAMSW,NewAmsterdam Pharma Company N.V. - Warrant,G,N,N,100,N,N
3158,NATH,"Nathan's Famous, Inc. - Common Stock",Q,N,N,100,N,N
3159,NATO,Themes Transatlantic Defense ETF,G,N,N,100,Y,N
3160,NATR,"Nature's Sunshine Products, Inc. - Common Stock",S,N,N,100,N,N
3161,NAUT,"Nautilus Biotechnology, Inc. - Common Stock",S,N,N,100,N,N
3162,NAVI,Navient Corporation - Common Stock,Q,N,N,100,N,N
3163,NAVN,"Navan, Inc. - Class A Common Stock",Q,N,N,100,N,N
3164,NB,NioCorp Developments Ltd. - Common Stock,G,N,N,100,N,N
3165,NBBK,"NB Bancorp, Inc. - Common Stock",S,N,N,100,N,N
3166,NBIG,Leverage Shares 2X Long NBIS Daily ETF,G,N,N,100,Y,N
3167,NBIL,GraniteShares 2x Long NBIS Daily ETF,G,N,N,100,Y,N
3168,NBIS,Nebius Group N.V. - Class A Ordinary Shares,Q,N,N,100,N,N
3169,NBIX,"Neurocrine Biosciences, Inc. - Common Stock",Q,N,N,100,N,N
3170,NBN,Northeast Bank - Common Stock,G,N,N,100,N,N
3171,NBP,NovaBridge Biosciences - American Depositary Shares,G,N,N,100,N,N
3172,NBTB,NBT Bancorp Inc. - Common Stock,Q,N,N,100,N,N
3173,NBTX,Nanobiotix S.A. - ADSs,Q,N,N,100,N,N
3174,NCEL,NewcelX Ltd. - Ordinary Shares,S,N,N,100,N,N
3175,NCEW,New Century Logistics Limited - Ordinary Shares,S,N,N,100,N,N
3176,NCI,Neo-Concept International Group Holdings Limited - Class A Ordinary Shares,S,N,N,100,N,N
3177,NCIQ,Hashdex Nasdaq Crypto Index US ETF,G,N,N,100,Y,N
3178,NCMI,"National CineMedia, Inc. - Common Stock",Q,N,N,100,N,N
3179,NCNA,NuCana plc - American Depositary Shares,S,N,N,100,N,N
3180,NCNO,"nCino, Inc. - Common Stock",Q,N,N,100,N,N
3181,NCPB,Nuveen Core Plus Bond ETF,G,N,N,100,Y,N
3182,NCPL,Netcapital Inc. - Common Stock,S,N,N,100,N,N
3183,NCPLW,Netcapital Inc. - warrants,S,N,N,100,N,N
3184,NCRA,"Nocera, Inc. - common stock",S,N,N,100,N,N
3185,NCSM,"NCS Multistage Holdings, Inc. - Common Stock",S,N,N,100,N,N
3186,NCT,Intercont (Cayman) Limited - Ordinary shares,S,N,D,100,N,N
3187,NCTY,The9 Limited - American Depository Shares,S,N,N,100,N,N
3188,NDAA,Ned Davis Research 360 Dynamic Allocation ETF,G,N,N,100,Y,N
3189,NDAQ,"Nasdaq, Inc. - Common Stock",Q,N,N,100,N,N
3190,NDLS,Noodles & Company - Common Stock,Q,N,D,100,N,N
3191,NDRA,ENDRA Life Sciences Inc. - Common Stock,S,N,N,100,N,N
3192,NDSN,Nordson Corporation - Common Stock,Q,N,N,100,N,N
3193,NECB,"NorthEast Community Bancorp, Inc. - Common Stock",S,N,N,100,N,N
3194,NEGG,"Newegg Commerce, Inc. - Common Shares",S,N,N,100,N,N
3195,NEMG,Leverage Shares 2x Long NEM Daily ETF,G,N,N,100,Y,N
3196,NEO,"NeoGenomics, Inc. - Common Stock",S,N,N,100,N,N
3197,NEOG,Neogen Corporation - Common Stock,Q,N,N,100,N,N
3198,NEON,Neonode Inc. - Common Stock,S,N,N,100,N,N
3199,NEOV,NeoVolta Inc. - Common Stock,S,N,N,100,N,N
3200,NEOVW,NeoVolta Inc. - Warrant,S,N,N,100,N,N
3201,NEPH,"Nephros, Inc. - Common Stock",S,N,N,100,N,N
3202,NERV,"Minerva Neurosciences, Inc - Common Stock",S,N,N,100,N,N
3203,NESR,National Energy Services Reunited Corp - Ordinary Shares,S,N,N,100,N,N
3204,NETG,Leverage Shares 2X Long NET Daily ETF,G,N,N,100,Y,N
3205,NEUP,Neuphoria Therapeutics Inc. - Common Stock,G,N,N,100,N,N
3206,NEWT,"NewtekOne, Inc. - Common Stock",G,N,N,100,N,N
3207,NEWTG,"NewtekOne, Inc. - 8.50% Fixed Rate Senior Notes due 2029",G,N,N,100,N,N
3208,NEWTH,"NewtekOne, Inc. - 8.625% Fixed Rate Senior Notes due 2029",G,N,N,100,N,N
3209,NEWTI,"NewtekOne, Inc. - 8.00% Fixed Rate Senior Notes due 2028",G,N,N,100,N,N
3210,NEWTP,"NewtekOne, Inc. - Depositary Shares, Each Representing a 1/40th Interest in a Share of 8.500% Fixed Rate Reset Non-Cumulative Perpetual Preferred Stock, Series B",G,N,N,100,N,N
3211,NEWTZ,"NewtekOne, Inc. - 5.50% Notes Due 2026",G,N,N,100,N,N
3212,NEWZ,StockSnips AI-Powered Sentiment US All Cap ETF,G,N,N,100,Y,N
3213,NEXM,NexMetals Mining Corp. - Common Stock,S,N,N,100,N,N
3214,NEXN,Nexxen International Ltd. - Ordinary Shares,G,N,N,100,N,N
3215,NEXT,NextDecade Corporation - Common Stock,S,N,N,100,N,N
3216,NFBK,"Northfield Bancorp, Inc. - Common Stock",Q,N,N,100,N,N
3217,NFE,New Fortress Energy Inc. - Class A Common Stock,Q,N,N,100,N,N
3218,NFLX,"Netflix, Inc. - Common Stock",Q,N,N,10,N,N
3219,NFTY,First Trust India Nifty 50 Equal Weight ETF,G,N,N,100,Y,N
3220,NFXL,Direxion Daily NFLX Bull 2X Shares,G,N,N,100,Y,N
3221,NFXS,Direxion Daily NFLX Bear 1X Shares,G,N,N,100,Y,N
3222,NGEN,NervGen Pharma Corp. - Common stock,S,N,N,100,N,N
3223,NGNE,Neurogene Inc. - Common Stock,G,N,N,100,N,N
3224,NHIC,NewHold Investment Corp III - Class A Ordinary shares,G,N,N,100,N,N
3225,NHICU,NewHold Investment Corp III - Units,G,N,N,100,N,N
3226,NHICW,NewHold Investment Corp III - Warrants,G,N,N,100,N,N
3227,NHPAP,"National Healthcare Properties, Inc. - 7.375% Series A Cumulative Redeemable Perpetual Preferred Stock",G,N,N,100,N,N
3228,NHPBP,"National Healthcare Properties, Inc. - 7.125% Series B Cumulative Redeemable Perpetual Preferred Stock",G,N,N,100,N,N
3229,NHTC,Natural Health Trends Corp. - Commn Stock,S,N,N,100,N,N
3230,NICE,NICE Ltd - American Depositary Shares each representing one Ordinary Share,Q,N,N,100,N,N
3231,NIKL,Sprott Nickel Miners ETF,G,N,N,100,Y,N
3232,NIOBW,NioCorp Developments Ltd. - Warrant,S,N,N,100,N,N
3233,NIOG,Leverage Shares 2X Long NIO Daily ETF,G,N,N,100,Y,N
3234,NIPG,NIP Group Inc. - American Depositary Shares,G,N,N,100,N,N
3235,NISN,"NiSun Intl Enterprise Development Group Co, Ltd - Class A Common Shares",S,N,N,100,N,N
3236,NITO,"N2OFF, Inc. - Common Stock",S,N,N,100,N,N
3237,NIU,Niu Technologies - American Depositary Shares,G,N,N,100,N,N
3238,NIVF,NewGenIvf Group Limited - Class A Ordinary Shares,S,N,N,100,N,N
3239,NIVFW,NewGenIvf Group Limited - Warrants,S,N,N,100,N,N
3240,NIXT,Research Affiliates Deletions ETF,G,N,N,100,Y,N
3241,NIXX,"Nixxy, Inc. - Common Stock",S,N,N,100,N,N
3242,NIXXW,"Nixxy, Inc. - Warrant",S,N,N,100,N,N
3243,NKLR,Terra Innovatum Global N.V. - Ordinary shares,G,N,N,100,N,N
3244,NKSH,"National Bankshares, Inc. - Common Stock",S,N,N,100,N,N
3245,NKTR,Nektar Therapeutics - Common Stock,S,N,N,100,N,N
3246,NKTX,"Nkarta, Inc. - Common Stock",Q,N,N,100,N,N
3247,NMFC,New Mountain Finance Corporation - Common Stock,Q,N,N,100,N,N
3248,NMFCZ,New Mountain Finance Corporation - 8.250% Notes due 2028,G,N,N,100,N,N
3249,NMIH,NMI Holdings Inc - Common Stock,G,N,N,100,N,N
3250,NMP,NMP Acquisition Corp. - Class A Ordinary Shares,G,N,N,100,N,N
3251,NMPAR,NMP Acquisition Corp. - Right,G,N,N,100,N,N
3252,NMPAU,NMP Acquisition Corp. - Units,G,N,N,100,N,N
3253,NMRA,"Neumora Therapeutics, Inc. - Common Stock",Q,N,N,100,N,N
3254,NMRK,"Newmark Group, Inc. - Class A Common Stock",Q,N,N,100,N,N
3255,NMTC,NeuroOne Medical Technologies Corporation - Common Stock,S,N,D,100,N,N
3256,NN,NextNav Inc. - Common stock,S,N,N,100,N,N
3257,NNAVW,NextNav Inc. - Warrant,S,N,N,100,N,N
3258,NNBR,"NN, Inc. - Common Stock",Q,N,N,100,N,N
3259,NNDM,Nano Dimension Ltd. - American Depositary Shares,S,N,N,100,N,N
3260,NNE,Nano Nuclear Energy Inc. - common stock,S,N,N,100,N,N
3261,NNNN,Anbio Biotechnology - Class A Ordinary Shares,G,N,N,100,N,N
3262,NNOX,NANO-X IMAGING LTD - Ordinary Shares,G,N,N,100,N,N
3263,NODK,"NI Holdings, Inc. - Common Stock",S,N,N,100,N,N
3264,NOEM,CO2 Energy Transition Corp. - Common Stock,G,N,N,100,N,N
3265,NOEMR,CO2 Energy Transition Corp. - Right,G,N,N,100,N,N
3266,NOEMU,CO2 Energy Transition Corp. - Unit,G,N,N,100,N,N
3267,NOEMW,CO2 Energy Transition Corp. - Warrant,G,N,N,100,N,N
3268,NOMA,NOMADAR Corp. - Class A Common Stock,S,N,N,100,N,N
3269,NOTV,"Inotiv, Inc. - Common Stock",S,N,D,100,N,N
3270,NOVT,Novanta Inc. - Common Shares,Q,N,N,100,N,N
3271,NOVTU,Novanta Inc. - Tangible Equity Units,Q,N,N,100,N,N
3272,NOWL,GraniteShares 2x Long NOW Daily ETF,G,N,N,100,Y,N
3273,NPAC,New Providence Acquisition Corp. III - Ordinary Shares,G,N,N,100,N,N
3274,NPACU,New Providence Acquisition Corp. III - Units,G,N,N,100,N,N
3275,NPACW,New Providence Acquisition Corp. III - Warrants,G,N,N,100,N,N
3276,NPCE,"Neuropace, Inc. - Common Stock",G,N,N,100,N,N
3277,NPFI,Nuveen Preferred and Income ETF,G,N,N,100,Y,N
3278,NPT,Texxon Holding Limited - Ordinary shares,S,N,N,100,N,N
3279,NRC,National Research Corporation - Common Stock,Q,N,N,100,N,N
3280,NRDS,"NerdWallet, Inc. - Class A Common Stock",G,N,N,100,N,N
3281,NRES,Xtrackers RREEF Global Natural Resources ETF,G,N,N,100,Y,N
3282,NRIM,Northrim BanCorp Inc - Common Stock,Q,N,N,100,N,N
3283,NRIX,"Nurix Therapeutics, Inc. - Common stock",G,N,N,100,N,N
3284,NRSN,NeuroSense Therapeutics Ltd. - Ordinary Shares,S,N,N,100,N,N
3285,NRSNW,NeuroSense Therapeutics Ltd. - Warrant,S,N,N,100,N,N
3286,NRXP,"NRX Pharmaceuticals, Inc. - Common Stock",S,N,D,100,N,N
3287,NRXPW,"NRX Pharmaceuticals, Inc. - Warrant",S,N,D,100,N,N
3288,NSCR,Nuveen Sustainable Core ETF,G,N,N,100,Y,N
3289,NSI,National Security Emerging Markets Index ETF,G,N,N,100,Y,N
3290,NSIT,"Insight Enterprises, Inc. - Common Stock",Q,N,N,100,N,N
3291,NSPR,InspireMD Inc. - Common Stock,S,N,N,100,N,N
3292,NSSC,"NAPCO Security Technologies, Inc. - Common Stock",Q,N,N,100,N,N
3293,NSTS,"NSTS Bancorp, Inc. - Common Stock",S,N,N,100,N,N
3294,NSYS,Nortech Systems Incorporated - Common Stock,S,N,N,100,N,N
3295,NTAP,"NetApp, Inc. - Common Stock",Q,N,N,100,N,N
3296,NTCL,NETCLASS TECHNOLOGY INC - Class A Ordinary Shares,S,N,N,100,N,N
3297,NTCT,"NetScout Systems, Inc. - Common Stock",Q,N,N,100,N,N
3298,NTES,"NetEase, Inc. - American Depositary Shares, each representing 5 ordinary shares",Q,N,N,100,N,N
3299,NTGR,"NETGEAR, Inc. - Common Stock",Q,N,N,100,N,N
3300,NTHI,"NeOnc Technologies Holdings, Inc. - Common Stock",G,N,N,100,N,N
3301,NTIC,Northern Technologies International Corporation - Common Stock,G,N,N,100,N,N
3302,NTLA,"Intellia Therapeutics, Inc. - Common Stock",G,N,N,100,N,N
3303,NTNX,"Nutanix, Inc. - Class A Common Stock",Q,N,N,100,N,N
3304,NTRA,"Natera, Inc. - Common Stock",Q,N,N,100,N,N
3305,NTRB,Nutriband Inc. - Common Stock,S,N,N,100,N,N
3306,NTRBW,Nutriband Inc. - Warrant,S,N,N,100,N,N
3307,NTRP,"NextTrip, Inc. - Common Stock",S,N,N,100,N,N
3308,NTRS,Northern Trust Corporation - Common Stock,Q,N,N,100,N,N
3309,NTRSO,"Northern Trust Corporation - Depositary Shares Each Representing a 1/1,000th Interest in a Share of Series E Non-Cumulative Perpetual Preferred Stock",Q,N,N,100,N,N
3310,NTSK,"Netskope, Inc. - Class A Common Stock",Q,N,N,100,N,N
3311,NTWK,NETSOL Technologies Inc. - Common Stock,S,N,N,100,N,N
3312,NTWO,Newbury Street II Acquisition Corp - Class A Ordinary Shares,G,N,N,100,N,N
3313,NTWOU,Newbury Street II Acquisition Corp - Unit,G,N,N,100,N,N
3314,NTWOW,Newbury Street II Acquisition Corp - Warrant,G,N,N,100,N,N
3315,NUAI,"New Era Energy & Digital, Inc. - Common Stock",G,N,N,100,N,N
3316,NUAIW,"New Era Energy & Digital, Inc. - Warrants",S,N,N,100,N,N
3317,NUG,Leverage Shares 2X Long NU Daily ETF,G,N,N,100,Y,N
3318,NUGY,GraniteShares YieldBOOST Gold Miners ETF,G,N,N,100,Y,N
3319,NUKK,Nukkleus Inc. - Ordinary Shares,G,N,N,100,N,N
3320,NUKKW,Nukkleus Inc. - Warrants,S,N,N,100,N,N
3321,NUSB,Nuveen Ultra Short Income ETF,G,N,N,100,Y,N
3322,NUTR,Nusatrip Incorporated - Common Stock,S,N,N,100,N,N
3323,NUTX,Nutex Health Inc. - Common Stock,S,N,N,100,N,N
3324,NUVL,"Nuvalent, Inc. - Class A Common Stock",Q,N,N,100,N,N
3325,NUWE,"Nuwellis, Inc. - Common Stock",S,N,N,100,N,N
3326,NVA,Nova Minerals Limited - American Depositary Shares,S,N,N,100,N,N
3327,NVAWW,Nova Minerals Limited - Warrant,S,N,N,100,N,N
3328,NVAX,"Novavax, Inc. - Common Stock",Q,N,N,100,N,N
3329,NVCR,NovoCure Limited - Ordinary Shares,Q,N,N,100,N,N
3330,NVCT,"Nuvectis Pharma, Inc. - Common Stock",S,N,N,100,N,N
3331,NVD,GraniteShares 2x Short NVDA Daily ETF,G,N,N,100,Y,N
3332,NVDA,NVIDIA Corporation - Common Stock,Q,N,N,100,N,N
3333,NVDD,Direxion Daily NVDA Bear 1X Shares,G,N,N,100,Y,N
3334,NVDG,Leverage Shares 2X Long NVDA Daily ETF,G,N,N,100,Y,N
3335,NVDL,GraniteShares 2x Long NVDA Daily ETF,G,N,N,100,Y,N
3336,NVDS,Tradr 1.5X Short NVDA Daily ETF,G,N,N,100,Y,N
3337,NVDU,Direxion Daily NVDA Bull 2X Shares,G,N,N,100,Y,N
3338,NVEC,NVE Corporation - Common Stock,S,N,N,100,N,N
3339,NVMI,Nova Ltd. - Ordinary Shares,Q,N,N,40,N,N
3340,NVNI,Nvni Group Limited - Ordinary Shares,S,N,N,100,N,N
3341,NVNIW,Nvni Group Limited - Warrants,S,N,N,100,N,N
3342,NVNO,enVVeno Medical Corporation - Common Stock,S,N,D,100,N,N
3343,NVTS,Navitas Semiconductor Corporation - Common Stock,G,N,N,100,N,N
3344,NVVE,Nuvve Holding Corp. - Common Stock,S,N,N,100,N,N
3345,NVVEW,Nuvve Holding Corp. - Warrant,S,N,N,100,N,N
3346,NVX,NOVONIX Limited - American Depository Shares,G,N,N,100,N,N
3347,NVYY,GraniteShares YieldBOOST NVDA ETF,G,N,N,100,Y,N
3348,NWBI,"Northwest Bancshares, Inc. - Common Stock",Q,N,N,100,N,N
3349,NWE,"NorthWestern Energy Group, Inc.  - Common Stock",Q,N,N,100,N,N
3350,NWFL,Norwood Financial Corp. - Common Stock,G,N,N,100,N,N
3351,NWGL,CL Workshop Group Limited - American Depositary Shares,S,N,N,100,N,N
3352,NWL,Newell Brands Inc. - Common Stock,Q,N,N,100,N,N
3353,NWPX,"NWPX Infrastructure, Inc. - Common Stock",Q,N,N,100,N,N
3354,NWS,News Corporation - Class B Common Stock,Q,N,N,100,N,N
3355,NWSA,News Corporation - Class A Common Stock,Q,N,N,100,N,N
3356,NWTG,"Newton Golf Company, Inc. - Common Stock",S,N,D,100,N,N
3357,NXGL,"NexGel, Inc - Common Stock",S,N,N,100,N,N
3358,NXGLW,"NexGel, Inc - Warrant",S,N,N,100,N,N
3359,NXL,"Nexalin Technology, Inc. - Common Stock",S,N,N,100,N,N
3360,NXPI,NXP Semiconductors N.V. - Common Stock,Q,N,N,100,N,N
3361,NXPL,NextPlat Corp - Common Stock,S,N,D,100,N,N
3362,NXPLW,NextPlat Corp - Warrants,S,N,N,100,N,N
3363,NXST,"Nexstar Media Group, Inc. - Common Stock",Q,N,N,100,N,N
3364,NXT,Nextpower Inc. - Class A Common Stock,Q,N,N,100,N,N
3365,NXTC,"NextCure, Inc. - Common Stock",Q,N,N,100,N,N
3366,NXTG,First Trust Indxx NextG ETF,G,N,N,100,Y,N
3367,NXTT,Next Technology Holding Inc. - Ordinary Shares,S,N,N,100,N,N
3368,NXXT,"NextNRG, Inc. - Common Stock",S,N,N,100,N,N
3369,NYAX,Nayax Ltd. - Ordinary Shares,Q,N,N,100,N,N
3370,NYXH,Nyxoah SA - Ordinary Shares,G,N,N,100,N,N
3371,NZAC,SPDR MSCI ACWI Climate Paris Aligned ETF,G,N,N,100,Y,N
3372,NZUS,State Street SPDR MSCI USA Climate Paris Aligned ETF,G,N,N,100,Y,N
3373,OABI,"OmniAb, Inc. - Common Stock",G,N,N,100,N,N
3374,OABIW,"OmniAb, Inc. - Warrant",S,N,N,100,N,N
3375,OACC,Oaktree Acquisition Corp. III Life Sciences - Class A Ordinary Share,G,N,N,100,N,N
3376,OACCU,Oaktree Acquisition Corp. III Life Sciences - Unit,G,N,N,100,N,N
3377,OACCW,Oaktree Acquisition Corp. III Life Sciences - Warrant,G,N,N,100,N,N
3378,OAKU,Oak Woods Acquisition Corporation - Class A Ordinary Shares,S,N,H,100,N,N
3379,OAKUR,Oak Woods Acquisition Corporation - Right,S,N,H,100,N,N
3380,OAKUU,Oak Woods Acquisition Corporation - Unit,S,N,H,100,N,N
3381,OAKUW,Oak Woods Acquisition Corporation - Warrant,S,N,H,100,N,N
3382,OBA,Oxley Bridge Acquisition Limited - Class A Ordinary Shares,G,N,N,100,N,N
3383,OBAWU,Oxley Bridge Acquisition Limited - Unit,G,N,N,100,N,N
3384,OBAWW,Oxley Bridge Acquisition Limited - Warrants,G,N,N,100,N,N
3385,OBIL,US Treasury 12 Month Bill ETF,G,N,N,100,Y,N
3386,OBIO,"Orchestra BioMed Holdings, Inc. - Ordinary Shares",G,N,N,100,N,N
3387,OBT,"Orange County Bancorp, Inc. - Common Stock",S,N,N,100,N,N
3388,OBTC,Osprey Bitcoin Trust,G,N,N,100,Y,N
3389,OCC,Optical Cable Corporation - Common Stock,G,N,N,100,N,N
3390,OCCI,"OFS Credit Company, Inc. - Closed End Fund",S,N,N,100,N,N
3391,OCCIM,"OFS Credit Company, Inc. - 7.875% Series F Term Preferred Stock",S,N,N,100,N,N
3392,OCCIN,"OFS Credit Company, Inc. - 5.25% Series E Term Preferred Stock Due 2026",S,N,N,100,N,N
3393,OCCIO,"OFS Credit Company, Inc. - 6.125% Series C Term Preferred Stock",S,N,N,100,N,N
3394,OCFC,OceanFirst Financial Corp. - Common Stock,Q,N,N,100,N,N
3395,OCG,Oriental Culture Holding LTD - Ordinary Shares,S,N,N,100,N,N
3396,OCGN,"Ocugen, Inc. - Common Stock",S,N,N,100,N,N
3397,OCS,Oculis Holding AG - Ordinary shares,G,N,N,100,N,N
3398,OCSAW,Oculis Holding AG - Warrants,G,N,N,100,N,N
3399,OCSL,Oaktree Specialty Lending Corporation - Closed End Fund,Q,N,N,100,N,N
3400,OCUL,"Ocular Therapeutix, Inc. - Common Stock",G,N,N,100,N,N
3401,ODD,ODDITY Tech Ltd. - Class A Ordinary Shares,G,N,N,100,N,N
3402,ODDS,Pacer BlueStar Digital Entertainment ETF,G,N,N,100,Y,N
3403,ODFL,"Old Dominion Freight Line, Inc. - Common Stock",Q,N,N,100,N,N
3404,ODVWZ,Osisko Development Corp. - Warrant,S,N,N,100,N,N
3405,ODYS,Odysight.ai Inc. - Common Stock,S,N,N,100,N,N
3406,OESX,"Orion Energy Systems, Inc. - Common Stock",S,N,N,100,N,N
3407,OFAL,OFA Group - Class A Ordinary Shares,S,N,D,100,N,N
3408,OFIX,Orthofix Medical Inc.  - Common Stock,Q,N,N,100,N,N
3409,OFLX,"Omega Flex, Inc. - Common Stock",G,N,N,100,N,N
3410,OFS,OFS Capital Corporation - Closed End Fund,Q,N,N,100,N,N
3411,OFSSH,OFS Capital Corporation - 4.95% Notes due 2028,Q,N,N,100,N,N
3412,OFSSO,OFS Capital Corporation - 7.50% Notes due 2028,G,N,N,100,N,N
3413,OGI,Organigram Global Inc. - Common Shares,Q,N,N,100,N,N
3414,OIMAU,OneIM Acquisition Corp. - Units,G,N,N,100,N,N
3415,OKLL,Defiance Daily Target 2x Long OKLO ETF,G,N,N,100,Y,N
3416,OKTA,"Okta, Inc. - Class A Common Stock",Q,N,N,100,N,N
3417,OKTG,Leverage Shares 2X Long OKTA Daily ETF,G,N,N,100,Y,N
3418,OKUR,"OnKure Therapeutics, Inc. - Class A Common Stock",G,N,N,100,N,N
3419,OKYO,OKYO Pharma Limited - Ordinary Shares,S,N,N,100,N,N
3420,OLB,"The OLB Group, Inc. - Common Stock",S,N,N,100,N,N
3421,OLED,Universal Display Corporation - Common Stock,Q,N,N,100,N,N
3422,OLLI,"Ollie's Bargain Outlet Holdings, Inc. - Common Stock",G,N,N,100,N,N
3423,OLMA,"Olema Pharmaceuticals, Inc. - Common Stock",Q,N,N,100,N,N
3424,OLOX,Olenox Industries Inc. - Common Stock,S,N,N,100,N,N
3425,OLPX,"Olaplex Holdings, Inc. - Common Stock",Q,N,N,100,N,N
3426,OM,"Outset Medical, Inc. - Common Stock",Q,N,N,100,N,N
3427,OMAB,Grupo Aeroportuario del Centro Norte S.A.B. de C.V. - American Depositary Shares each representing 8 Series B shares,Q,N,N,100,N,N
3428,OMCL,"Omnicell, Inc. - Common Stock",Q,N,N,100,N,N
3429,OMDA,"Omada Health, Inc. - Common Stock",Q,N,N,100,N,N
3430,OMER,Omeros Corporation - Common Stock,G,N,N,100,N,N
3431,OMEX,"Odyssey Marine Exploration, Inc. - Common Stock",S,N,N,100,N,N
3432,OMH,Ohmyhome Limited - Class A Ordinary Shares,S,N,N,100,N,N
3433,OMSE,OMS Energy Technologies Inc. - Ordinary Shares,S,N,N,100,N,N
3434,ON,ON Semiconductor Corporation - Common Stock,Q,N,N,100,N,N
3435,ONB,Old National Bancorp - Common Stock,Q,N,N,100,N,N
3436,ONBPO,"Old National Bancorp - Depositary Shares, Each Representing a 1/40th Interest in a Share of Series C Preferred Stock",Q,N,N,100,N,N
3437,ONBPP,"Old National Bancorp - Depositary Shares, Each Representing a 1/40th Interest in a Share of Series A Preferred Stock",Q,N,N,100,N,N
3438,ONC,BeOne Medicines Ltd. - American Depositary Shares,Q,N,N,40,N,N
3439,ONCH,1RT Acquisition Corp. - Class A Ordinary Share,G,N,N,100,N,N
3440,ONCHU,1RT Acquisition Corp. - Units,G,N,N,100,N,N
3441,ONCHW,1RT Acquisition Corp. - Warrant,G,N,N,100,N,N
3442,ONCO,"Onconetix, Inc.  - Common Stock",S,N,N,100,N,N
3443,ONCY,Oncolytics Biotech Inc. - Common Shares,S,N,N,100,N,N
3444,ONDG,Leverage Shares 2X Long ONDS Daily ETF,G,N,N,100,Y,N
3445,ONDS,Ondas Inc - Common Stock,S,N,N,100,N,N
3446,ONEG,OneConstruction Group Limited - Ordinary Shares,S,N,N,100,N,N
3447,ONEQ,Fidelity Nasdaq Composite Index ETF,G,N,N,100,Y,N
3448,ONEW,OneWater Marine Inc. - Class A Common Stock,G,N,N,100,N,N
3449,ONFO,Onfolio Holdings Inc. - Common Stock,S,N,D,100,N,N
3450,ONFOW,Onfolio Holdings Inc. - Warrant,S,N,N,100,N,N
3451,ONMD,OneMedNet Corp - Class A Common Stock,S,N,N,100,N,N
3452,ONMDW,OneMedNet Corp - Warrant,S,N,N,100,N,N
3453,OOQB,One One Nasdaq-100 and Bitcoin ETF,G,N,N,100,Y,N
3454,OOSB,One One S&P 500 and Bitcoin ETF,G,N,N,100,Y,N
3455,OPAL,OPAL Fuels Inc. - Class A Common Stock,S,N,N,100,N,N
3456,OPBK,OP Bancorp - Common Stock,G,N,N,100,N,N
3457,OPCH,"Option Care Health, Inc. - Common Stock",Q,N,N,100,N,N
3458,OPEG,Leverage Shares 2X Long OPEN Daily ETF,G,N,N,100,Y,N
3459,OPEN,Opendoor Technologies Inc  - Common Stock,Q,N,N,100,N,N
3460,OPENL,"Opendoor Technologies Inc  - Series A Warrants, each whole warrant exercisable to purchase one share of Common Stock at an exercise price of $13.00 per warrant",Q,N,N,100,N,N
3461,OPENW,"Opendoor Technologies Inc  - Series K Warrants, each whole warrant exercisable to purchase one share of Common Stock at an exercise price of $9.00 per warrant",Q,N,N,100,N,N
3462,OPENZ,"Opendoor Technologies Inc  - Series Z Warrants, each whole warrant exercisable to purchase one share of Common Stock at an exercise price of $17.00 per warrant",Q,N,N,100,N,N
3463,OPK,"Opko Health, Inc. - Common Stock",Q,N,N,100,N,N
3464,OPPJ,WisdomTree Japan Opportunities Fund,G,N,N,100,Y,N
3465,OPRA,Opera Limited - American Depositary Shares,Q,N,N,100,N,N
3466,OPRT,Oportun Financial Corporation - common stock,Q,N,N,100,N,N
3467,OPRX,OptimizeRx Corporation - Common Stock,S,N,N,100,N,N
3468,OPTX,"Syntec Optics Holdings, Inc. - Class A Common Stock",S,N,N,100,N,N
3469,OPTXW,"Syntec Optics Holdings, Inc. - Warrant",S,N,N,100,N,N
3470,OPTZ,Optimize Strategy Index ETF,G,N,N,100,Y,N
3471,OPXS,"Optex Systems Holdings, Inc. - Common Stock",S,N,N,100,N,N
3472,ORBS,Eightco Holdings Inc. - Common Stock,S,N,N,100,N,N
3473,ORCS,Direxion Daily ORCL Bear 1X ETF,G,N,N,100,Y,N
3474,ORCU,Direxion Daily ORCL Bull 2X ETF,G,N,N,100,Y,N
3475,ORCX,Defiance Daily Target 2X Long ORCL ETF,G,N,N,100,Y,N
3476,ORGN,"Origin Materials, Inc. - Class A Common Stock",S,N,D,100,N,N
3477,ORGNW,"Origin Materials, Inc. - Warrant",S,N,N,100,N,N
3478,ORGO,Organogenesis Holdings Inc.  - Class A ,S,N,N,100,N,N
3479,ORIC,"Oric Pharmaceuticals, Inc. - Common Stock",Q,N,N,100,N,N
3480,ORIO,Orion Digital Corp. - Common Shares,S,N,N,100,N,N
3481,ORIQ,Origin Investment Corp I - Ordinary Shares,G,N,N,100,N,N
3482,ORIQU,Origin Investment Corp I - Units,G,N,N,100,N,N
3483,ORIQW,Origin Investment Corp I - Redeemable Warrant,G,N,N,100,N,N
3484,ORIS,Oriental Rise Holdings Limited - Ordinary Shares,S,N,N,100,N,N
3485,ORKA,"Oruka Therapeutics, Inc. - Common Stock",G,N,N,100,N,N
3486,ORKT,Orangekloud Technology Inc. - Class A Ordinary Shares,S,N,N,100,N,N
3487,ORLG,Leverage Shares 2X Long ORLY Daily ETF,G,N,N,100,Y,N
3488,ORLY,"O'Reilly Automotive, Inc. - Common Stock",Q,N,N,100,N,N
3489,ORMP,Oramed Pharmaceuticals Inc. - Common Stock,S,N,N,100,N,N
3490,ORR,Militia Long/Short Equity ETF,G,N,N,100,Y,N
3491,ORRF,"Orrstown Financial Services, Inc. - Common Stock",S,N,N,100,N,N
3492,OS,"OneStream, Inc. - Class A Common Stock",Q,N,N,100,N,N
3493,OSBC,"Old Second Bancorp, Inc. - Common Stock",Q,N,N,100,N,N
3494,OSCG,Leverage Shares 2X Long OSCR Daily ETF,G,N,N,100,Y,N
3495,OSCX,Defiance Daily Target 2x Long OSCR ETF,G,N,N,100,Y,N
3496,OSIS,"OSI Systems, Inc. - Common Stock",Q,N,N,100,N,N
3497,OSPN,OneSpan Inc. - Common Stock,S,N,N,100,N,N
3498,OSRH,"OSR Holdings, Inc. - Common Stock",S,N,D,100,N,N
3499,OSRHW,"OSR Holdings, Inc. - Warrant",S,N,N,100,N,N
3500,OSS,"One Stop Systems, Inc. - Common Stock",S,N,N,100,N,N
3501,OST,"Ostin Technology Group Co., Ltd. - Class A Ordinary Shares",S,N,N,100,N,N
3502,OSUR,"OraSure Technologies, Inc. - Common Stock",Q,N,N,100,N,N
3503,OSW,OneSpaWorld Holdings Limited - Common Shares,S,N,N,100,N,N
3504,OTEX,Open Text Corporation - Common Shares,Q,N,N,100,N,N
3505,OTGA,OTG Acquisition Corp. I - Class A Ordinary Share,G,N,N,100,N,N
3506,OTGAU,OTG Acquisition Corp. I - Unit,G,N,N,100,N,N
3507,OTGAW,OTG Acquisition Corp. I - Warrants,G,N,N,100,N,N
3508,OTGL,OTG Latin America ETF,G,N,N,100,Y,N
3509,OTLK,"Outlook Therapeutics, Inc. - Common Stock",S,N,N,100,N,N
3510,OTLY,Oatly Group AB - American Depositary Shares,Q,N,N,100,N,N
3511,OTTR,Otter Tail Corporation - Common Stock,Q,N,N,100,N,N
3512,OUST,"Ouster, Inc. - Common Stock",Q,N,N,100,N,N
3513,OUSTZ,"Ouster, Inc. - Warrants",S,N,N,100,N,N
3514,OVBC,Ohio Valley Banc Corp. - Common Stock,G,N,N,100,N,N
3515,OVID,Ovid Therapeutics Inc. - Common Stock,S,N,N,100,N,N
3516,OVLY,Oak Valley Bancorp (CA) - Common Stock,S,N,N,100,N,N
3517,OWLS,OBOOK Holdings Inc. - Class A Common Shares,G,N,N,100,N,N
3518,OXBR,Oxbridge Re Holdings Limited - Ordinary Shares,S,N,N,100,N,N
3519,OXBRW,Oxbridge Re Holdings Limited - Warrant,S,N,N,100,N,N
3520,OXLC,Oxford Lane Capital Corp. - Closed End Fund,Q,N,N,100,N,N
3521,OXLCG,Oxford Lane Capital Corp. - 7.95% Notes due 2032,Q,N,N,100,N,N
3522,OXLCI,Oxford Lane Capital Corp. - 8.75% Notes due 2030,Q,N,N,100,N,N
3523,OXLCL,Oxford Lane Capital Corp. - 6.75% Notes due 2031,Q,N,N,100,N,N
3524,OXLCN,Oxford Lane Capital Corp. - 7.125% Series 2029 Term Preferred Stock,Q,N,N,100,N,N
3525,OXLCO,"Oxford Lane Capital Corp. - Preferred Stock Shares, 6.00% Series 2029",Q,N,N,100,N,N
3526,OXLCP,Oxford Lane Capital Corp. - 6.25% Series 2027 Term Preferred Shares,Q,N,N,100,N,N
3527,OXLCZ,Oxford Lane Capital Corp. - 5.00% Notes due 2027,Q,N,N,100,N,N
3528,OXSQ,Oxford Square Capital Corp. - Closed End Fund,Q,N,N,100,N,N
3529,OXSQG,Oxford Square Capital Corp. - 5.50% Notes due 2028,Q,N,N,100,N,N
3530,OXSQH,Oxford Square Capital Corp. - 7.75% Notes due 2030,Q,N,N,100,N,N
3531,OYSE,Oyster Enterprises II Acquisition Corp - Class A Ordinary Shares,G,N,N,100,N,N
3532,OYSER,Oyster Enterprises II Acquisition Corp - Rights,G,N,N,100,N,N
3533,OYSEU,Oyster Enterprises II Acquisition Corp - Units,G,N,N,100,N,N
3534,OZEM,Roundhill GLP-1 & Weight Loss ETF,G,N,N,100,Y,N
3535,OZK,Bank OZK - Common Stock,Q,N,N,100,N,N
3536,OZKAP,Bank OZK - 4.625% Series A Non-Cumulative Perpetual Preferred Stock,Q,N,N,100,N,N
3537,PAA,"Plains All American Pipeline, L.P. - Common Units representing Limited Partner Interests",Q,N,N,100,N,N
3538,PABD,iShares Paris-Aligned Climate Optimized MSCI World ex USA ETF,G,N,N,100,Y,N
3539,PABU,iShares Paris-Aligned Climate Optimized MSCI USA ETF,G,N,N,100,Y,N
3540,PACB,"Pacific Biosciences of California, Inc. - Common Stock",Q,N,N,100,N,N
3541,PACH,Pioneer Acquisition I Corp - Class A Ordinary Shares,G,N,N,100,N,N
3542,PACHU,Pioneer Acquisition I Corp - Units,G,N,N,100,N,N
3543,PACHW,Pioneer Acquisition I Corp - Warrants,G,N,N,100,N,N
3544,PAGP,"Plains GP Holdings, L.P. - Class A Shares representing limited partner interests",Q,N,N,100,N,N
3545,PAHC,Phibro Animal Health Corporation - Class A Common Stock,G,N,N,100,N,N
3546,PAL,"Proficient Auto Logistics, Inc. - Common Stock",Q,N,N,100,N,N
3547,PALD,Direxion Daily PANW Bear 1X Shares,G,N,N,100,Y,N
3548,PALI,"Palisade Bio, Inc. - Common Stock",S,N,N,100,N,N
3549,PALU,Direxion Daily PANW Bull 2X Shares,G,N,N,100,Y,N
3550,PAMT,PAMT CORP - Common Stock,G,N,N,100,N,N
3551,PANG,Leverage Shares 2X Long PANW Daily ETF,G,N,N,100,Y,N
3552,PANL,Pangaea Logistics Solutions Ltd. - Common Stock,S,N,N,100,N,N
3553,PANW,"Palo Alto Networks, Inc. - Common Stock",Q,N,N,100,N,N
3554,PARK,"Park Dental Partners, Inc. - Common Stock",S,N,N,100,N,N
3555,PASG,"Passage Bio, Inc. - Common Stock",S,N,N,100,N,N
3556,PASW,"Ping An Biomedical Co., Ltd. - Ordinary Shares",S,N,D,100,N,N
3557,PATK,"Patrick Industries, Inc. - Common Stock",Q,N,N,100,N,N
3558,PATN,Pacer Nasdaq International Patent Leaders ETF,G,N,N,100,Y,N
3559,PAVM,PAVmed Inc. - Common Stock,S,N,N,100,N,N
3560,PAVS,Paranovus Entertainment Technology Ltd. - Class A Ordinary Shares,S,N,N,100,N,N
3561,PAX,Patria Investments Limited - Class A Common Shares,Q,N,N,100,N,N
3562,PAYO,Payoneer Global Inc. - Common Stock,G,N,N,100,N,N
3563,PAYS,"Paysign, Inc. - Common Stock",S,N,N,100,N,N
3564,PAYX,"Paychex, Inc. - Common Stock",Q,N,N,100,N,N
3565,PBEU,Portfolio Building Block European Banks Index ETF,G,N,N,100,Y,N
3566,PBFS,"Pioneer Bancorp, Inc. - Common Stock",S,N,N,100,N,N
3567,PBHC,"Pathfinder Bancorp, Inc. - Common Stock",S,N,N,100,N,N
3568,PBM,Psyence Biomedical Ltd. - Ordinary Shares,S,N,N,100,N,N
3569,PBMWW,Psyence Biomedical Ltd. - Warrant,S,N,N,100,N,N
3570,PBOG,Portfolio Building Block Integrated Oil and Gas and Exploration and Production Index ETF,G,N,N,100,Y,N
3571,PBPH,Portfolio Building Block World Pharma and Biotech Index ETF,G,N,N,100,Y,N
3572,PBQQ,PGIM Laddered Nasdaq-100 Buffer 12 ETF,G,N,N,100,Y,N
3573,PBRG,Leverage Shares 2X Long PBR Daily ETF,G,N,N,100,Y,N
3574,PBYI,Puma Biotechnology Inc - Common Stock,Q,N,N,100,N,N
3575,PC,Premium Catering (Holdings) Limited - Ordinary Shares,S,N,N,100,N,N
3576,PCAP,ProCap Acquisition Corp - Class A Ordinary Shares,G,N,N,100,N,N
3577,PCAPU,ProCap Acquisition Corp - Unit,G,N,N,100,N,N
3578,PCAPW,ProCap Acquisition Corp - Warrant,G,N,N,100,N,N
3579,PCAR,PACCAR Inc. - Common Stock,Q,N,N,100,N,N
3580,PCB,PCB Bancorp - Common Stock,Q,N,N,100,N,N
3581,PCH,PotlatchDeltic Corporation - Common Stock,Q,N,N,100,N,N
3582,PCLA,PicoCELA Inc. - American Depositary Shares,S,N,D,100,N,N
3583,PCMM,BondBloxx Private Credit CLO ETF,G,N,N,100,Y,N
3584,PCRX,"Pacira BioSciences, Inc. - Common Stock",Q,N,N,100,N,N
3585,PCSA,"Processa Pharmaceuticals, Inc. - Common Stock",S,N,N,100,N,N
3586,PCSC,Perceptive Capital Solutions Corp - Class A Ordinary Shares,G,N,N,100,N,N
3587,PCT,"PureCycle Technologies, Inc. - Common stock",S,N,N,100,N,N
3588,PCTTU,"PureCycle Technologies, Inc. - Unit",S,N,N,100,N,N
3589,PCTTW,"PureCycle Technologies, Inc. - Warrant",S,N,N,100,N,N
3590,PCTY,Paylocity Holding Corporation - Common Stock,Q,N,N,100,N,N
3591,PCVX,"Vaxcyte, Inc. - Common Stock",Q,N,N,100,N,N
3592,PCYO,Pure Cycle Corporation - Common Stock,S,N,N,100,N,N
3593,PDBA,Invesco Agriculture Commodity Strategy No K-1 ETF,G,N,N,100,Y,N
3594,PDBC,Invesco Optimum Yield Diversified Commodity Strategy No K-1 ETF,G,N,N,100,Y,N
3595,PDC,Perpetuals.com Ltd - American Depositary Shares,S,N,N,100,N,N
3596,PDD,PDD Holdings Inc. - American Depositary Shares,Q,N,N,100,N,N
3597,PDDL,GraniteShares 2x Long PDD Daily ETF,G,N,N,100,Y,N
3598,PDEX,"Pro-Dex, Inc. - Common Stock",S,N,N,100,N,N
3599,PDFS,"PDF Solutions, Inc. - Common Stock",Q,N,N,100,N,N
3600,PDLB,"Ponce Financial Group, Inc. - Common Stock",G,N,N,100,N,N
3601,PDP,Invesco Dorsey Wright Momentum ETF,G,N,N,100,Y,N
3602,PDSB,PDS Biotechnology Corporation - Common Stock,S,N,N,100,N,N
3603,PDYN,Palladyne AI Corp. - Common stock,G,N,N,100,N,N
3604,PDYNW,Palladyne AI Corp. - Warrant,G,N,N,100,N,N
3605,PEBK,"Peoples Bancorp of North Carolina, Inc. - Common Stock",G,N,N,100,N,N
3606,PEBO,Peoples Bancorp Inc. - Common Stock,Q,N,N,100,N,N
3607,PECO,"Phillips Edison & Company, Inc. - Common Stock",Q,N,N,100,N,N
3608,PEGA,Pegasystems Inc. - Common Stock,Q,N,N,100,N,N
3609,PELI,Pelican Acquisition Corporation - Ordinary Shares,G,N,N,100,N,N
3610,PELIR,Pelican Acquisition Corporation - Right,G,N,N,100,N,N
3611,PELIU,Pelican Acquisition Corporation - Unit,G,N,N,100,N,N
3612,PENG,"Penguin Solutions, Inc. - Common Stock",Q,N,N,100,N,N
3613,PENN,"PENN Entertainment, Inc. - Common Stock",Q,N,N,100,N,N
3614,PEP,"PepsiCo, Inc. - Common Stock",Q,N,N,100,N,N
3615,PEPG,PepGen Inc. - Common Stock,Q,N,N,100,N,N
3616,PEPS,Parametric Equity Plus ETF,G,N,N,100,Y,N
3617,PERI,Perion Network Ltd - Ordinary Shares,Q,N,N,100,N,N
3618,PESI,"Perma-Fix Environmental Services, Inc. - Common Stock",S,N,N,100,N,N
3619,PETS,"PetMed Express, Inc. - Common Stock",Q,N,N,100,N,N
3620,PETZ,"TDH Holdings, Inc. - Common Shares",S,N,N,100,N,N
3621,PEY,Invesco High Yield Equity Dividend Achievers ETF,G,N,N,100,Y,N
3622,PEZ,Invesco Dorsey Wright Consumer Cyclicals Momentum ETF,G,N,N,100,Y,N
3623,PFAI,Pinnacle Food Group Limited - Class A Common Shares,S,N,N,100,N,N
3624,PFBC,Preferred Bank - Common Stock,Q,N,N,100,N,N
3625,PFDE,Pathfinder Disciplined US Equity ETF,G,N,N,100,Y,N
3626,PFF,iShares Preferred and Income Securities ETF,G,N,N,100,Y,N
3627,PFG,Principal Financial Group Inc - Common Stock,Q,N,N,100,N,N
3628,PFI,Invesco Dorsey Wright Financial Momentum ETF,G,N,N,100,Y,N
3629,PFIS,Peoples Financial Services Corp.  - Common Stock,Q,N,N,100,N,N
3630,PFM,Invesco Dividend Achievers ETF,G,N,N,100,Y,N
3631,PFOE,Pathfinder Focused Opportunities ETF,G,N,N,100,Y,N
3632,PFSA,"Profusa, Inc. - Common Stock",G,N,D,100,N,N
3633,PFX,PhenixFIN Corporation  - Common Stock,G,N,N,100,N,N
3634,PFXNZ,PhenixFIN Corporation  - 5.25% Notes due 2028,G,N,N,100,N,N
3635,PGAC,Pantages Capital Acquisition Corporation - Class A Ordinary Shares,G,N,N,100,N,N
3636,PGACR,Pantages Capital Acquisition Corporation - Right,G,N,N,100,N,N
3637,PGACU,Pantages Capital Acquisition Corporation - Unit,G,N,N,100,N,N
3638,PGC,Peapack-Gladstone Financial Corporation - Common Stock,Q,N,N,100,N,N
3639,PGEN,"Precigen, Inc. - Common Stock",Q,N,N,100,N,N
3640,PGJ,Invesco Golden Dragon China ETF,G,N,N,100,Y,N
3641,PGNY,"Progyny, Inc. - Common Stock",Q,N,N,100,N,N
3642,PGY,Pagaya Technologies Ltd. - Class A Ordinary Shares,S,N,N,100,N,N
3643,PGYWW,Pagaya Technologies Ltd. - Warrants,S,N,N,100,N,N
3644,PHAR,"Pharming Group N.V. - ADS, each representing 10 ordinary shares",G,N,N,100,N,N
3645,PHAT,"Phathom Pharmaceuticals, Inc. - Common Stock",Q,N,N,100,N,N
3646,PHIO,Phio Pharmaceuticals Corp. - Common Stock,S,N,N,100,N,N
3647,PHO,Invesco Water Resources ETF,G,N,N,100,Y,N
3648,PHOE,Phoenix Asia Holdings Limited - Ordinary Shares,S,N,N,100,N,N
3649,PHUN,"Phunware, Inc. - Common Stock",S,N,N,100,N,N
3650,PHVS,Pharvaris N.V. - Ordinary Shares,Q,N,N,100,N,N
3651,PI,"Impinj, Inc. - Common Stock",Q,N,N,100,N,N
3652,PID,Invesco International Dividend Achievers ETF,G,N,N,100,Y,N
3653,PIE,Invesco Dorsey Wright Emerging Markets Momentum ETF,G,N,N,100,Y,N
3654,PIII,P3 Health Partners Inc. - Class A Common Stock,S,N,D,100,N,N
3655,PIIIW,P3 Health Partners Inc. - Warrant,S,N,D,100,N,N
3656,PIO,Invesco Global Water ETF,G,N,N,100,Y,N
3657,PIZ,Invesco Dorsey Wright Developed Markets Momentum ETF,G,N,N,100,Y,N
3658,PKBK,"Parke Bancorp, Inc. - Common Stock",S,N,N,100,N,N
3659,PKOH,Park-Ohio Holdings Corp. - Common Stock,Q,N,N,100,N,N
3660,PKW,Invesco BuyBack Achievers ETF,G,N,N,100,Y,N
3661,PLAB,"Photronics, Inc. - Common Stock",Q,N,N,100,N,N
3662,PLAY,"Dave & Buster's Entertainment, Inc. - Common Stock",Q,N,N,100,N,N
3663,PLBC,Plumas Bancorp - Common Stock,S,N,N,100,N,N
3664,PLBL,Polibeli Group Ltd - Class A Ordinary Shares,G,N,N,100,N,N
3665,PLBY,"Playboy, Inc. - Common Stock",G,N,D,100,N,N
3666,PLCE,"Children's Place, Inc. (The) - Common Stock",Q,N,N,100,N,N
3667,PLMK,Plum Acquisition Corp. IV - Class A Ordinary Shares,G,N,N,100,N,N
3668,PLMKU,Plum Acquisition Corp. IV - Unit,G,N,N,100,N,N
3669,PLMKW,Plum Acquisition Corp. IV - Warrants,G,N,N,100,N,N
3670,PLMR,"Palomar Holdings, Inc. - Common stock",Q,N,N,100,N,N
3671,PLPC,Preformed Line Products Company - Common Stock,Q,N,N,100,N,N
3672,PLRX,"Pliant Therapeutics, Inc. - Common Stock",Q,N,N,100,N,N
3673,PLRZ,Polyrizon Ltd. - Ordinary Shares,S,N,N,100,N,N
3674,PLSE,"Pulse Biosciences, Inc - Common Stock",S,N,N,100,N,N
3675,PLSM,Pulsenmore Ltd. - Ordinary Shares,S,N,N,100,N,N
3676,PLT,Defiance Leveraged Long + Income PLTR ETF,G,N,N,100,Y,N
3677,PLTD,Direxion Daily PLTR Bear 1X Shares,G,N,N,100,Y,N
3678,PLTG,Leverage Shares 2X Long PLTR Daily ETF,G,N,N,100,Y,N
3679,PLTK,Playtika Holding Corp. - Common Stock,Q,N,N,100,N,N
3680,PLTR,Palantir Technologies Inc. - Class A Common Stock,Q,N,N,100,N,N
3681,PLTS,Platinum Analytics Cayman Limited - Class A Ordinary Shares,S,N,N,100,N,N
3682,PLTU,Direxion Daily PLTR Bull 2X Shares,G,N,N,100,Y,N
3683,PLTZ,Defiance Daily Target 2x Short PLTR ETF,G,N,N,100,Y,N
3684,PLUG,"Plug Power, Inc. - Common Stock",S,N,N,100,N,N
3685,PLUL,Leverage Shares 2X Long PLUG Daily ETF,G,N,N,100,Y,N
3686,PLUR,Pluri Inc. - Common Stock,S,N,N,100,N,N
3687,PLUS,ePlus inc. - Common Stock,Q,N,N,100,N,N
3688,PLUT,Plutus Financial Group Limited - Ordinary Shares,S,N,N,100,N,N
3689,PLXS,Plexus Corp. - Common Stock,Q,N,N,100,N,N
3690,PLYY,GraniteShares YieldBOOST PLTR ETF,G,N,N,100,Y,N
3691,PMAX,Powell Max Limited - Class A Ordinary Shares,S,N,N,100,N,N
3692,PMBS,PIMCO Mortgage-Backed Securities Active Exchange-Traded Fund,G,N,N,100,Y,N
3693,PMCB,"PharmaCyte  Biotech, Inc. - Common Stock",S,N,D,100,N,N
3694,PMEC,Primech Holdings Ltd. - Ordinary Shares,S,N,N,100,N,N
3695,PMN,ProMIS Neurosciences Inc. - Common Shares,S,N,N,100,N,N
3696,PMTR,Perimeter Acquisition Corp. I - Class A Ordinary Shares,G,N,N,100,N,N
3697,PMTRU,Perimeter Acquisition Corp. I - Unit,G,N,N,100,N,N
3698,PMTRW,Perimeter Acquisition Corp. I - Warrant,G,N,N,100,N,N
3699,PMTS,CPI Card Group Inc. - Common Stock,G,N,N,100,N,N
3700,PMVP,"PMV Pharmaceuticals, Inc. - Common Stock",Q,N,N,100,N,N
3701,PN,Skycorp Solar Group Limited - Ordinary Shares,S,N,D,100,N,N
3702,PNBK,Patriot National Bancorp Inc. - Common Stock,G,N,N,100,N,N
3703,PNQI,Invesco Nasdaq Internet ETF,G,N,N,100,Y,N
3704,PNRG,PrimeEnergy Resources Corporation - Common Stock,S,N,N,100,N,N
3705,PNTG,"The Pennant Group, Inc. - Common Stock",Q,N,N,100,N,N
3706,POCI,"Precision Optics Corporation, Inc. - Common stock",S,N,N,100,N,N
3707,PODC,"PodcastOne, Inc. - Common Stock",S,N,N,100,N,N
3708,PODD,Insulet Corporation - Common Stock,Q,N,N,40,N,N
3709,POET,POET Technologies Inc. - Common Shares,S,N,N,100,N,N
3710,POLA,"Polar Power, Inc. - Common Stock",S,N,N,100,N,N
3711,POLE,Andretti Acquisition Corp. II - Class A Ordinary Shares,G,N,N,100,N,N
3712,POLEU,Andretti Acquisition Corp. II - Unit,G,N,N,100,N,N
3713,POLEW,Andretti Acquisition Corp. II - Warrant,G,N,N,100,N,N
3714,POM,POMDOCTOR LIMITED - American Depositary Shares,G,N,N,100,N,N
3715,PONY,Pony AI Inc. - American Depositary Shares,Q,N,N,100,N,N
3716,POOL,Pool Corporation - Common Stock,Q,N,N,40,N,N
3717,POWI,"Power Integrations, Inc. - Common Stock",Q,N,N,100,N,N
3718,POWL,"Powell Industries, Inc. - Common Stock",Q,N,N,40,N,N
3719,POWW,Outdoor Holding Company - Common Stock,S,N,N,100,N,N
3720,POWWP,Outdoor Holding Company - 8.75% Series A Cumulative Redeemable Perpetual Preferred Stock,S,N,N,100,N,N
3721,PPBT,Purple Biotech Ltd. - American Depositary Shares,S,N,D,100,N,N
3722,PPC,Pilgrim's Pride Corporation - Common Stock,Q,N,N,100,N,N
3723,PPCB,"Propanc Biopharma, Inc. - Common Stock",S,N,D,100,N,N
3724,PPH,VanEck Pharmaceutical ETF,G,N,N,100,Y,N
3725,PPI,Astoria Real Assets ETF,G,N,N,100,Y,N
3726,PPIH,"Perma-Pipe International Holdings, Inc. - Common Stock",G,N,N,100,N,N
3727,PPSI,"Pioneer Power Solutions, Inc. - Common Stock",S,N,N,100,N,N
3728,PPTA,Perpetua Resources Corp. - Common Shares,S,N,N,100,N,N
3729,PQAP,PGIM Nasdaq-100 Buffer 12 ETF - April,G,N,N,100,Y,N
3730,PQJA,PGIM Nasdaq-100 Buffer 12 ETF - January,G,N,N,100,Y,N
3731,PQJL,PGIM Nasdaq-100 Buffer 12 ETF - July,G,N,N,100,Y,N
3732,PQOC,PGIM Nasdaq-100 Buffer 12 ETF - October,G,N,N,100,Y,N
3733,PRAA,"PRA Group, Inc. - Common Stock",Q,N,N,100,N,N
3734,PRAX,"Praxis Precision Medicines, Inc. - Common Stock",Q,N,N,100,N,N
3735,PRCH,"Porch Group, Inc. - Common Stock",S,N,N,100,N,N
3736,PRCT,PROCEPT BioRobotics Corporation - Common Stock,G,N,N,100,N,N
3737,PRDO,Perdoceo Education Corporation - Common Stock,Q,N,N,100,N,N
3738,PRE,Prenetics Global Limited - Class A Ordinary Share,G,N,N,100,N,N
3739,PRENW,Prenetics Global Limited - Warrant,S,N,N,100,N,N
3740,PRFX,PRF Technologies Ltd. - Ordinary Shares,S,N,N,100,N,N
3741,PRFZ,Invesco RAFI US 1500 Small-Mid ETF,G,N,N,100,Y,N
3742,PRGS,Progress Software Corporation - Common Stock,Q,N,N,100,N,N
3743,PRHI,"Presurance Holdings, Inc. - Common Stock",S,N,N,100,N,N
3744,PRHIZ,"Presurance Holdings, Inc. - 9.75% Senior Unsecured Notes due 2028",G,N,N,100,N,N
3745,PRLD,Prelude Therapeutics Incorporated - Common Stock,Q,N,N,100,N,N
3746,PRME,"Prime Medicine, Inc. - Common Stock",G,N,N,100,N,N
3747,PRMR,PeakShares RMR Prime Equity ETF,G,N,N,100,Y,N
3748,PRN,Invesco Dorsey Wright Industrials Momentum ETF,G,N,N,100,Y,N
3749,PROF,Profound Medical Corp. - common stock,S,N,N,100,N,N
3750,PROK,ProKidney Corp. - Class A Ordinary Shares,S,N,N,100,N,N
3751,PROP,Prairie Operating Co. - Common Stock,S,N,N,100,N,N
3752,PROV,"Provident Financial Holdings, Inc. - Common Stock",Q,N,N,100,N,N
3753,PRPL,"Purple Innovation, Inc. - Common Stock",Q,N,D,100,N,N
3754,PRPO,"Precipio, Inc. - Common Stock",S,N,N,100,N,N
3755,PRQR,ProQR Therapeutics N.V. - Ordinary Shares,S,N,N,100,N,N
3756,PRSO,Peraso Inc. - Common Stock,S,N,N,100,N,N
3757,PRTA,Prothena Corporation plc - Ordinary Shares,Q,N,N,100,N,N
3758,PRTC,PureTech Health plc - American Depositary Shares,G,N,N,100,N,N
3759,PRTH,"Priority Technology Holdings, Inc. - Common Stock",S,N,N,100,N,N
3760,PRTS,"CarParts.com, Inc. - Common Stock",S,N,D,100,N,N
3761,PRVA,"Privia Health Group, Inc. - Common Stock",Q,N,N,100,N,N
3762,PRZO,ParaZero Technologies Ltd. - Ordinary Shares,S,N,N,100,N,N
3763,PSC,Principal U.S. Small-Cap ETF,G,N,N,100,Y,N
3764,PSCC,Invesco S&P SmallCap Consumer Staples ETF,G,N,N,100,Y,N
3765,PSCD,Invesco S&P SmallCap Consumer Discretionary ETF,G,N,N,100,Y,N
3766,PSCE,Invesco S&P SmallCap Energy ETF,G,N,N,100,Y,N
3767,PSCF,Invesco S&P SmallCap Financials ETF,G,N,N,100,Y,N
3768,PSCH,Invesco S&P SmallCap Health Care ETF,G,N,N,100,Y,N
3769,PSCI,Invesco S&P SmallCap Industrials ETF,G,N,N,100,Y,N
3770,PSCM,Invesco S&P SmallCap Materials ETF,G,N,N,100,Y,N
3771,PSCT,Invesco S&P SmallCap Information Technology ETF,G,N,N,100,Y,N
3772,PSCU,Invesco S&P SmallCap Utilities & Communication Services ETF,G,N,N,100,Y,N
3773,PSEC,Prospect Capital Corporation - Closed End Fund,Q,N,N,100,N,N
3774,PSET,Principal Quality ETF,G,N,N,100,Y,N
3775,PSHG,Performance Shipping Inc. - Common Shares,S,N,N,100,N,N
3776,PSIG,PS International Group Ltd. - Ordinary Shares,S,N,N,100,N,N
3777,PSIX,"Power Solutions International, Inc. - Common Stock",S,N,N,100,N,N
3778,PSKY,Paramount Skydance Corporation - Class B Common Stock,Q,N,N,100,N,N
3779,PSL,Invesco Dorsey Wright Consumer Staples Momentum ETF,G,N,N,100,Y,N
3780,PSMT,"PriceSmart, Inc. - Common Stock",Q,N,N,100,N,N
3781,PSNL,"Personalis, Inc. - Common Stock",G,N,N,100,N,N
3782,PSNY,Polestar Automotive Holding UK Limited - Class A ADS,G,N,N,100,N,N
3783,PSNYW,Polestar Automotive Holding UK Limited - Class C-1 ADS (ADW),G,N,N,100,N,N
3784,PSTR,PeakShares Sector Rotation ETF,G,N,N,100,Y,N
3785,PSTV,"PLUS THERAPEUTICS, Inc. - Common Stock",S,N,D,100,N,N
3786,PSWD,Xtrackers Cybersecurity Select Equity ETF,G,N,N,100,Y,N
3787,PTC,PTC Inc. - Common Stock,Q,N,N,100,N,N
3788,PTCT,"PTC Therapeutics, Inc. - Common Stock",Q,N,N,100,N,N
3789,PTEN,"Patterson-UTI Energy, Inc. - Common Stock",Q,N,N,100,N,N
3790,PTF,Invesco Dorsey Wright Technology Momentum ETF,G,N,N,100,Y,N
3791,PTGX,"Protagonist Therapeutics, Inc. - Common Stock",G,N,N,100,N,N
3792,PTH,Invesco Dorsey Wright Healthcare Momentum ETF,G,N,N,100,Y,N
3793,PTIR,GraniteShares 2x Long PLTR Daily ETF,G,N,N,100,Y,N
3794,PTLE,PTL LTD - Class A Ordinary Shares,S,N,D,100,N,N
3795,PTLO,Portillo's Inc. - Class A Common Stock,Q,N,N,100,N,N
3796,PTNM,Pitanium Limited - Class A Ordinary Shares,S,N,N,100,N,N
3797,PTNQ,Pacer Trendpilot 100 ETF,G,N,N,100,Y,N
3798,PTON,"Peloton Interactive, Inc. - Common Stock",Q,N,N,100,N,N
3799,PTORU,Praetorian Acquisition Corp. - Units,G,N,N,100,N,N
3800,PTRN,Pattern Group Inc. - Series A Common Stock,Q,N,N,100,N,N
3801,PUBM,"PubMatic, Inc. - Class A Common Stock",G,N,N,100,N,N
3802,PUI,Invesco Dorsey Wright Utilities Momentum ETF,G,N,N,100,Y,N
3803,PULM,"Pulmatrix, Inc. - Common Stock",S,N,N,100,N,N
3804,PURR,Hyperliquid Strategies Inc - Common Stock,S,N,N,100,N,N
3805,PVLA,"Palvella Therapeutics, Inc. - Common Stock",S,N,N,100,N,N
3806,PWP,Perella Weinberg Partners - Class A Common Stock,Q,N,N,100,N,N
3807,PWRD,TCW Transform Systems ETF,G,N,N,100,Y,N
3808,PXI,Invesco Dorsey Wright Energy Momentum ETF,G,N,N,100,Y,N
3809,PXLW,"Pixelworks, Inc. - Common Stock",S,N,N,100,N,N
3810,PXS,Pyxis Tankers Inc. - Common Stock,S,N,N,100,N,N
3811,PY,Principal Value ETF,G,N,N,100,Y,N
3812,PYPD,PolyPid Ltd. - Ordinary Shares,S,N,N,100,N,N
3813,PYPG,Leverage Shares 2X Long PYPL Daily ETF,G,N,N,100,Y,N
3814,PYPL,"PayPal Holdings, Inc. - Common Stock",Q,N,N,100,N,N
3815,PYXS,"Pyxis Oncology, Inc. - Common Stock",Q,N,N,100,N,N
3816,PYZ,Invesco Dorsey Wright Basic Materials Momentum ETF,G,N,N,100,Y,N
3817,PZZA,"Papa John's International, Inc. - Common Stock",Q,N,N,100,N,N
3818,QABA,First Trust NASDAQ ABA Community Bank Index Fund,G,N,N,100,Y,N
3819,QALT,SEI DBi Multi-Strategy Alternative ETF,G,N,N,100,Y,N
3820,QAT,iShares MSCI Qatar ETF,G,N,N,100,Y,N
3821,QB,ProShares Nasdaq-100 Dynamic Buffer ETF,G,N,N,100,Y,N
3822,QBIG,Invesco Top QQQ ETF,G,N,N,100,Y,N
3823,QBTZ,Defiance Daily Target 2x Short QBTS ETF,G,N,N,100,Y,N
3824,QBUF,Innovator Nasdaq-100 10 Buffer ETF Quarterly,G,N,N,100,Y,N
3825,QBY,GraniteShares YieldBoost QBTS ETF,G,N,N,100,Y,N
3826,QCLN,First Trust NASDAQ Clean Edge Green Energy Index Fund,G,N,N,100,Y,N
3827,QCLR,Global X NASDAQ 100 Collar 95-110 ETF,G,N,N,100,Y,N
3828,QCLS,"Q/C Technologies, Inc. - Common Stock",S,N,N,100,N,N
3829,QCMD,Direxion Daily QCOM Bear 1X ETF,G,N,N,100,Y,N
3830,QCML,GraniteShares 2x Long QCOM Daily ETF,G,N,N,100,Y,N
3831,QCMU,Direxion Daily QCOM Bull 2X ETF,G,N,N,100,Y,N
3832,QCOM,QUALCOMM Incorporated - Common Stock,Q,N,N,100,N,N
3833,QCRH,"QCR Holdings, Inc. - Common Stock",G,N,N,100,N,N
3834,QDEL,QuidelOrtho Corporation - Common Stock,Q,N,N,100,N,N
3835,QDTY,YieldMax Nasdaq 100 0DTE Covered Call Strategy ETF,G,N,N,100,Y,N
3836,QETA,Quetta Acquisition Corporation - Common Stock,G,N,D,100,N,N
3837,QETAR,Quetta Acquisition Corporation - Right,G,N,D,100,N,N
3838,QETAU,Quetta Acquisition Corporation - Unit,G,N,D,100,N,N
3839,QFIN,"Qfin Holdings, Inc.  - American Depositary Shares",Q,N,N,100,N,N
3840,QGRD,Horizon Nasdaq-100 Defined Risk ETF,G,N,N,100,Y,N
3841,QH,Quhuo Limited - American Depository Shares,G,N,N,100,N,N
3842,QHDG,Innovator Hedged Nasdaq-100 ETF,G,N,N,100,Y,N
3843,QIPT,Quipt Home Medical Corp. - Common Shares,S,N,N,100,N,N
3844,QLDY,Defiance Nasdaq 100 LightningSpread Income ETF,G,N,N,100,Y,N
3845,QLYS,"Qualys, Inc. - Common Stock",Q,N,N,100,N,N
3846,QMCO,Quantum Corporation - Common Stock,G,N,N,100,N,N
3847,QMID,WisdomTree U.S. MidCap Quality Growth Fund,G,N,N,100,Y,N
3848,QMMM,QMMM Holdings Limited - Class A Ordinary Shares,S,N,N,100,N,N
3849,QMOM,Alpha Architect U.S. Quantitative Momentum ETF,G,N,N,100,Y,N
3850,QNCX,"Quince Therapeutics, Inc. - Common Stock",Q,N,N,100,N,N
3851,QNRX,"Quoin Pharmaceuticals, Ltd. - American Depositary Shares",S,N,N,100,N,N
3852,QNST,"QuinStreet, Inc. - Common Stock",Q,N,N,100,N,N
3853,QNTM,Quantum Biopharma Ltd. - Class B Subordinate Voting Shares,S,N,N,100,N,N
3854,QNXT,iShares Nasdaq-100 ex Top 30 ETF,G,N,N,100,Y,N
3855,QOWZ,Invesco Nasdaq Free Cash Flow Achievers ETF,G,N,N,100,Y,N
3856,QPUX,Defiance 2X Daily Long Pure Quantum ETF,G,N,N,100,Y,N
3857,QQA,Invesco QQQ Income Advantage ETF,G,N,N,100,Y,N
3858,QQDN,ProShares UltraShort QQQ Mega,G,N,N,100,Y,N
3859,QQEW,First Trust Nasdaq-100 Select Equal Weight ETF,G,N,N,100,Y,N
3860,QQHG,Invesco QQQ Hedged Advantage ETF,G,N,N,100,Y,N
3861,QQJG,Invesco ESG NASDAQ Next Gen 100 ETF,G,N,N,100,Y,N
3862,QQLV,Invesco QQQ Low Volatility ETF,G,N,N,100,Y,N
3863,QQMG,Invesco ESG NASDAQ 100 ETF,G,N,N,100,Y,N
3864,QQQ,"Invesco QQQ Trust, Series 1",G,N,N,40,Y,N
3865,QQQA,ProShares Nasdaq-100 Dorsey Wright Momentum ETF,G,N,N,100,Y,N
3866,QQQE,Direxion NASDAQ-100 Equal Weighted Index Shares,G,N,N,100,Y,N
3867,QQQG,Pacer Nasdaq 100 Top 50 Cash Cows Growth Leaders ETF,G,N,N,100,Y,N
3868,QQQH,NEOS Nasdaq-100 Hedged Equity Income ETF,G,N,N,100,Y,N
3869,QQQI,NEOS Nasdaq 100 High Income ETF,G,N,N,100,Y,N
3870,QQQJ,Invesco NASDAQ Next Gen 100 ETF,G,N,N,100,Y,N
3871,QQQM,Invesco NASDAQ 100 ETF,G,N,N,100,Y,N
3872,QQQP,Tradr 2X Long Innovation 100 Quarterly ETF,G,N,N,100,Y,N
3873,QQQS,Invesco NASDAQ Future Gen 200 ETF,G,N,N,100,Y,N
3874,QQQT,Defiance Nasdaq 100 Income Target ETF,G,N,N,100,Y,N
3875,QQQX,Nuveen NASDAQ 100 Dynamic Overwrite Fund - Closed End Fund,Q,N,N,100,N,N
3876,QQQY,Defiance Nasdaq 100 Weekly Distribution ETF,G,N,N,100,Y,N
3877,QQUP,ProShares Ultra QQQ Mega,G,N,N,100,Y,N
3878,QQWZ,Pacer Cash COWZ 100-Nasdaq 100 Rotator ETF,G,N,N,100,Y,N
3879,QQXL,ProShares Ultra QQQ Top 30,G,N,N,100,Y,N
3880,QQXT,First Trust NASDAQ-100 Ex-Technology Sector Index Fund,G,N,N,100,Y,N
3881,QRHC,Quest Resource Holding Corporation - Common Stock,S,N,N,100,N,N
3882,QRMI,Global X NASDAQ 100 Risk Managed Income ETF,G,N,N,100,Y,N
3883,QRVO,"Qorvo, Inc. - Common Stock",Q,N,N,100,N,N
3884,QS,QuantumScape Corporation - Common Stock,Q,N,N,100,N,N
3885,QSEA,Quartzsea Acquisition Corporation - Ordinary Shares,G,N,N,100,N,N
3886,QSEAR,Quartzsea Acquisition Corporation - Rights,G,N,N,100,N,N
3887,QSEAU,Quartzsea Acquisition Corporation - Units,G,N,N,100,N,N
3888,QSI,Quantum-Si Incorporated - Class A Common Stock,G,N,N,100,N,N
3889,QSIAW,Quantum-Si Incorporated - Warrant,G,N,N,100,N,N
3890,QSIX,Pacer Metaurus Nasdaq 100 Dividend Multiplier 600 ETF,G,N,N,100,Y,N
3891,QSML,WisdomTree U.S. SmallCap Quality Growth Fund,G,N,N,100,Y,N
3892,QTEC,First Trust NASDAQ-100-Technology Sector Index Fund,G,N,N,100,Y,N
3893,QTOP,iShares Nasdaq Top 30 Stocks ETF,G,N,N,100,Y,N
3894,QTR,Global X NASDAQ 100 Tail Risk ETF,G,N,N,100,Y,N
3895,QTRX,Quanterix Corporation - Common Stock,G,N,N,100,N,N
3896,QTTB,Q32 Bio Inc. - Common Stock,S,N,N,100,N,N
3897,QTUM,Defiance Quantum ETF,G,N,N,100,Y,N
3898,QUBT,Quantum Computing Inc. - Common Stock,S,N,N,100,N,N
3899,QUIK,QuickLogic Corporation - Common Stock,S,N,N,100,N,N
3900,QUMS,Quantumsphere Acquisition Corp. - Ordinary Shares,G,N,N,100,N,N
3901,QUMSR,Quantumsphere Acquisition Corp. - Rights,G,N,N,100,N,N
3902,QUMSU,Quantumsphere Acquisition Corp. - Units,G,N,N,100,N,N
3903,QURE,uniQure N.V. - Ordinary Shares,Q,N,N,100,N,N
3904,QVAL,Alpha Architect U.S. Quantitative Value ETF,G,N,N,100,Y,N
3905,QVCGA,"QVC Group, Inc. - Series A Common Stock",S,N,N,100,N,N
3906,QVCGP,"QVC Group, Inc. - 8.0% Fixed Rate Cumulative Redeemable Preferred Stock",S,N,N,100,N,N
3907,QXQ,SGI Enhanced Nasdaq-100 ETF,G,N,N,100,Y,N
3908,QYLD,Global X NASDAQ 100 Covered Call ETF,G,N,N,100,Y,N
3909,QYLG,Global X Nasdaq 100 Covered Call & Growth ETF,G,N,N,100,Y,N
3910,RAA,SMI 3Fourteen REAL Asset Allocation ETF,G,N,N,100,Y,N
3911,RAAQ,Real Asset Acquisition Corp. - Class A Ordinary Share,G,N,N,100,N,N
3912,RAAQU,Real Asset Acquisition Corp. - Unit,G,N,N,100,N,N
3913,RAAQW,Real Asset Acquisition Corp. - Warrants,G,N,N,100,N,N
3914,RADX,Radiopharm Theranostics Limited - American Depositary Shares,S,N,N,100,N,N
3915,RAIL,"Freightcar America, Inc. - Common Stock",Q,N,N,100,N,N
3916,RAIN,"Rain Enhancement Technologies Holdco, Inc. - Class A Common Stock",S,N,N,100,N,N
3917,RAINW,"Rain Enhancement Technologies Holdco, Inc. - Warrants",S,N,N,100,N,N
3918,RAND,Rand Capital Corporation - Closed End Fund,S,N,N,100,N,N
3919,RANG,Range Capital Acquisition Corp. - Ordinary Shares,G,N,N,100,N,N
3920,RANGR,Range Capital Acquisition Corp. - Rights,G,N,N,100,N,N
3921,RANGU,Range Capital Acquisition Corp. - Units,G,N,N,100,N,N
3922,RANI,"Rani Therapeutics Holdings, Inc. - Class A Common Stock",G,N,N,100,N,N
3923,RAPP,"Rapport Therapeutics, Inc. - Common Stock",G,N,N,100,N,N
3924,RAPT,"RAPT Therapeutics, Inc. - Common Stock",G,N,N,100,N,N
3925,RARE,Ultragenyx Pharmaceutical Inc. - Common Stock,Q,N,N,100,N,N
3926,RAUS,RACWI US ETF,G,N,N,100,Y,N
3927,RAVE,"Rave Restaurant Group, Inc. - Common Stock",S,N,N,100,N,N
3928,RAY,Raytech Holding Limited - Ordinary Shares,S,N,N,100,N,N
3929,RAYA,Erayak Power Solution Group Inc. - Class A Ordinary Shares,S,N,N,100,N,N
3930,RBB,RBB Bancorp - Common Stock,Q,N,N,100,N,N
3931,RBBN,Ribbon Communications Inc.  - Common Stock,Q,N,N,100,N,N
3932,RBCAA,"Republic Bancorp, Inc. - Class A Common Stock",Q,N,N,100,N,N
3933,RBIL,F/m Ultrashort Treasury Inflation-Protected Security (TIPS) ETF,G,N,N,100,Y,N
3934,RBKB,"Rhinebeck Bancorp, Inc. - Common Stock",S,N,N,100,N,N
3935,RBNE,Robin Energy Ltd. - Common Stock,S,N,N,100,N,N
3936,RCAT,"Red Cat Holdings, Inc. - Common Stock",S,N,N,100,N,N
3937,RCEL,"Avita Medical, Inc. - Common Stock",S,N,N,100,N,N
3938,RCGE,RockCreek Global Equality ETF,G,N,N,100,Y,N
3939,RCKT,"Rocket Pharmaceuticals, Inc. - Common Stock",G,N,N,100,N,N
3940,RCKTW,"Rocket Pharmaceuticals, Inc. - Warrant",S,N,N,100,N,N
3941,RCKY,"Rocky Brands, Inc. - Common Stock",Q,N,N,100,N,N
3942,RCMT,"RCM Technologies, Inc. - Common Stock",G,N,N,100,N,N
3943,RCON,"Recon Technology, Ltd. - Class A Ordinary Shares",S,N,N,100,N,N
3944,RCT,RedCloud Holdings plc - Ordinary Shares,S,N,N,100,N,N
3945,RDAC,Rising Dragon Acquisition Corp. - Ordinary Shares,S,N,N,100,N,N
3946,RDACR,Rising Dragon Acquisition Corp. - Rights,S,N,N,100,N,N
3947,RDACU,Rising Dragon Acquisition Corp. - Unit,S,N,N,100,N,N
3948,RDAG,Republic Digital Acquisition Company - Class A Ordinary Shares,G,N,N,100,N,N
3949,RDAGU,Republic Digital Acquisition Company - Unit,G,N,N,100,N,N
3950,RDAGW,Republic Digital Acquisition Company - Warrants,G,N,N,100,N,N
3951,RDCM,Radcom Ltd. - Ordinary Shares,S,N,N,100,N,N
3952,RDGT,"Ridgetech, Inc. - Ordinary Shares",S,N,N,100,N,N
3953,RDHL,Redhill Biopharma Ltd. - American Depositary Shares,S,N,N,100,N,N
3954,RDI,Reading International Inc - Class A Non-voting Common Stock,S,N,N,100,N,N
3955,RDIB,Reading International Inc - Class B Voting Common Stock,S,N,N,100,N,N
3956,RDNT,"RadNet, Inc. - Common Stock",G,N,N,100,N,N
3957,RDNW,"RideNow Group, Inc. - Class B Common Stock",S,N,N,100,N,N
3958,RDTL,GraniteShares 2x Long RDDT Daily ETF,G,N,N,100,Y,N
3959,RDTY,YieldMax R2000 0DTE Covered Strategy ETF,G,N,N,100,Y,N
3960,RDVT,"Red Violet, Inc. - Common Stock ",S,N,N,100,N,N
3961,RDVY,First Trust Rising Dividend Achievers ETF,G,N,N,100,Y,N
3962,RDWR,Radware Ltd. - Ordinary Shares,Q,N,N,100,N,N
3963,RDZN,"Roadzen, Inc. - Ordinary Shares",G,N,N,100,N,N
3964,RDZNW,"Roadzen, Inc. - Warrants",S,N,N,100,N,N
3965,REAI,Intelligent Real Estate ETF,G,N,N,100,Y,N
3966,REAL,"The RealReal, Inc. - Common Stock",Q,N,N,100,N,N
3967,REAX,"The Real Brokerage, Inc. - Common Shares",S,N,N,100,N,N
3968,REBN,"Reborn Coffee, Inc. - Common Stock",S,N,N,100,N,N
3969,RECT,Rectitude Holdings Ltd - Ordinary Shares,S,N,N,100,N,N
3970,REE,REE Automotive Ltd. - Class A Ordinary Shares,S,N,D,100,N,N
3971,REFI,"Chicago Atlantic Real Estate Finance, Inc. - Common Stock",G,N,N,100,N,N
3972,REFR,Research Frontiers Incorporated - Common Stock,S,N,N,100,N,N
3973,REG,Regency Centers Corporation - Common Stock,Q,N,N,100,N,N
3974,REGCO,Regency Centers Corporation - 5.875% Series B Cumulative Redeemable Preferred Stock,Q,N,N,100,N,N
3975,REGCP,Regency Centers Corporation - 6.25% Series A Cumulative Redeemable Preferred Stock,Q,N,N,100,N,N
3976,REGN,"Regeneron Pharmaceuticals, Inc. - Common Stock",Q,N,N,40,N,N
3977,REIT,ALPS Active REIT ETF,G,N,N,100,Y,N
3978,REKR,"Rekor Systems, Inc. - Common Stock",S,N,N,100,N,N
3979,RELL,"Richardson Electronics, Ltd. - Common Stock",Q,N,N,100,N,N
3980,RELY,"Remitly Global, Inc. - Common stock",Q,N,N,100,N,N
3981,REMG,Russell Investments Emerging Markets Equity ETF,G,N,N,100,Y,N
3982,RENT,"Rent the Runway, Inc. - Class A Common Stock",G,N,N,100,N,N
3983,RENX,RenX Enterprises Corp. - Common Stock,S,N,N,100,N,N
3984,REPL,"Replimune Group, Inc. - Common Stock",Q,N,N,100,N,N
3985,RETO,"ReTo Eco-Solutions, Inc. - Class A Shares",S,N,N,100,N,N
3986,REVB,"Revelation Biosciences, Inc. - Common Stock",S,N,N,100,N,N
3987,REVBW,"Revelation Biosciences, Inc. - Warrant",S,N,N,100,N,N
3988,REYN,Reynolds Consumer Products Inc. - Common Stock,Q,N,N,100,N,N
3989,RFAI,RF Acquisition Corp II - Ordinary Shares,G,N,N,100,N,N
3990,RFAIR,RF Acquisition Corp II - Right,G,N,N,100,N,N
3991,RFAIU,RF Acquisition Corp II - Unit,G,N,N,100,N,N
3992,RFDI,First Trust RiverFront Dynamic Developed International ETF,G,N,N,100,Y,N
3993,RFEM,First Trust RiverFront Dynamic Emerging Markets ETF,G,N,N,100,Y,N
3994,RFIL,"RF Industries, Ltd. - Common Stock",G,N,N,100,N,N
3995,RGC,Regencell Bioscience Holdings Limited - Ordinary Shares,S,N,N,100,N,N
3996,RGCO,RGC Resources Inc. - Common Stock,G,N,N,100,N,N
3997,RGEN,Repligen Corporation - Common Stock,Q,N,N,100,N,N
3998,RGLD,"Royal Gold, Inc. - Common Stock",Q,N,N,100,N,N
3999,RGLO,Russell Investments Global Equity ETF,G,N,N,100,Y,N
4000,RGNX,REGENXBIO Inc. - Common Stock,Q,N,N,100,N,N
4001,RGP,"Resources Connection, Inc. - Common Stock",Q,N,N,100,N,N
4002,RGS,Regis Corporation - Common Stock,G,N,N,100,N,N
4003,RGTI,"Rigetti Computing, Inc.  - Common stock",S,N,N,100,N,N
4004,RGTIW,"Rigetti Computing, Inc.  - Redeemable warrants, each whole warrant exercisable for one Class A ordinary share at an exercise price of $11.50",S,N,N,100,N,N
4005,RGTX,Defiance Daily Target 2X Long RGTI ETF,G,N,N,100,Y,N
4006,RGTZ,Defiance Daily Target 2x Short RGTI ETF,G,N,N,100,Y,N
4007,RGYY,GraniteShares YieldBoost RGTI ETF,G,N,N,100,Y,N
4008,RIBB,Ribbon Acquisition Corp - Class A Ordinary Shares,S,N,N,100,N,N
4009,RIBBR,Ribbon Acquisition Corp - Rights,S,N,N,100,N,N
4010,RIBBU,Ribbon Acquisition Corp - Unit,S,N,N,100,N,N
4011,RICK,"RCI Hospitality Holdings, Inc. - Common Stock",G,N,N,100,N,N
4012,RIFR,Russell Investments Global Infrastructure ETF,G,N,N,100,Y,N
4013,RIGL,"Rigel Pharmaceuticals, Inc. - Common Stock",Q,N,N,100,N,N
4014,RILY,"BRC Group Holdings, Inc. - Common Stock",G,N,E,100,N,N
4015,RILYG,"BRC Group Holdings, Inc. - 5.00% Senior Notes due 2026",G,N,E,100,N,N
4016,RILYK,"BRC Group Holdings, Inc. - 5.50% Senior Notes Due 2026",G,N,E,100,N,N
4017,RILYL,"BRC Group Holdings, Inc. - Depositary Shares, each representing a 1/1000th fractional interest in a share of Series B Cumulative Perpetual Preferred Stock",G,N,E,100,N,N
4018,RILYN,"BRC Group Holdings, Inc. - 6.50% Senior Notes Due 2026",G,N,E,100,N,N
4019,RILYP,"BRC Group Holdings, Inc. - Depositary Shares, each representing a 1/1000th fractional interest in a share of Series A Cumulative Perpetual Preferred Stock",G,N,E,100,N,N
4020,RILYT,"BRC Group Holdings, Inc. - 6.00% Senior Notes Due 2028",G,N,E,100,N,N
4021,RILYZ,"BRC Group Holdings, Inc. - 5.25% Senior Notes due 2028",G,N,E,100,N,N
4022,RIME,"Algorhythm Holdings, Inc. - Common Stock",S,N,D,100,N,N
4023,RING,iShares MSCI Global Gold Miners ETF,G,N,N,100,Y,N
4024,RINT,Russell Investments International Developed Equity ETF,G,N,N,100,Y,N
4025,RIOT,"Riot Platforms, Inc. - Common Stock",S,N,N,100,N,N
4026,RITR,Reitar Logtech Holdings Limited - Ordinary shares,S,N,N,100,N,N
4027,RIVN,"Rivian Automotive, Inc. - Class A Common Stock",Q,N,N,100,N,N
4028,RJET,Republic Airways Holdings Inc. - Common Stock,Q,N,N,100,N,N
4029,RKDA,"Arcadia Biosciences, Inc. - Common Stock",S,N,N,100,N,N
4030,RKLB,Rocket Lab Corporation - Common Stock,S,N,N,100,N,N
4031,RKLX,Defiance Daily Target 2X Long RKLB ETF,G,N,N,100,Y,N
4032,RKLZ,Defiance Daily Target 2x Short RKLB ETF,G,N,N,100,Y,N
4033,RKNG,Defiance Retail Kings ETF,G,N,N,100,Y,N
4034,RLAY,"Relay Therapeutics, Inc. - Common Stock",G,N,N,100,N,N
4035,RLMD,"Relmada Therapeutics, Inc. - Common Stock",S,N,N,100,N,N
4036,RLYB,Rallybio Corporation - Common Stock,S,N,D,100,N,N
4037,RMBI,"Richmond Mutual Bancorporation, Inc. - Common Stock",S,N,N,100,N,N
4038,RMBS,"Rambus, Inc. - Common Stock",Q,N,N,100,N,N
4039,RMCF,"Rocky Mountain Chocolate Factory, Inc. - Common Stock",S,N,N,100,N,N
4040,RMCO,Royalty Management Holding Corporation - Class A Common Stock,S,N,N,100,N,N
4041,RMCOW,Royalty Management Holding Corporation - Warrant,S,N,N,100,N,N
4042,RMNI,"Rimini Street, Inc. - Common Stock",G,N,N,100,N,N
4043,RMR,The RMR Group Inc. - Class A Common Stock,S,N,N,100,N,N
4044,RMSG,Real Messenger Corporation - Ordinary Shares,S,N,N,100,N,N
4045,RMSGW,Real Messenger Corporation - Warrants,S,N,N,100,N,N
4046,RMTI,"Rockwell Medical, Inc. - Common Stock",S,N,N,100,N,N
4047,RNA,"Avidity Biosciences, Inc. - Common Stock",G,N,N,100,N,N
4048,RNAC,"Cartesian Therapeutics, Inc. - Common Stock",G,N,N,100,N,N
4049,RNAZ,"TransCode Therapeutics, Inc. - Common Stock",S,N,N,100,N,N
4050,RNEM,Emerging Markets Equity Select ETF,G,N,N,100,Y,N
4051,RNGT,Range Capital Acquisition Corp II - Class A Ordinary Shares,G,N,N,100,N,N
4052,RNGTU,Range Capital Acquisition Corp II - Units,G,N,N,100,N,N
4053,RNGTW,Range Capital Acquisition Corp II - Warrants,G,N,N,100,N,N
4054,RNIN,Bushido Capital US SMID Cap Equity ETF,G,N,N,100,Y,N
4055,RNRG,Global X Renewable Energy Producers ETF,G,N,N,100,Y,N
4056,RNTX,"Rein Therapeutics, Inc. - Common Stock",S,N,N,100,N,N
4057,RNW,ReNew Energy Global plc - Class A Shares,Q,N,N,100,N,N
4058,RNWWW,ReNew Energy Global plc - Warrant,Q,N,N,100,N,N
4059,RNXT,"RenovoRx, Inc. - Common Stock",S,N,D,100,N,N
4060,ROAD,"Construction Partners, Inc. - Common Stock",Q,N,N,100,N,N
4061,ROBT,First Trust Nasdaq Artificial Intelligence and Robotics ETF,G,N,N,100,Y,N
4062,ROCK,"Gibraltar Industries, Inc. - Common Stock",Q,N,N,100,N,N
4063,ROE,Astoria US Equal Weight Quality Kings ETF,G,N,N,100,Y,N
4064,ROIV,Roivant Sciences Ltd. - Common Shares,Q,N,N,100,N,N
4065,ROKU,"Roku, Inc. - Class A Common Stock",Q,N,N,100,N,N
4066,ROMA,Roma Green Finance Limited - Class A Ordinary Shares,S,N,N,100,N,N
4067,ROOT,"Root, Inc. - Common Stock",Q,N,N,100,N,N
4068,ROP,"Roper Technologies, Inc. - Common Stock",Q,N,N,40,N,N
4069,ROST,"Ross Stores, Inc. - Common Stock",Q,N,N,100,N,N
4070,RPAY,Repay Holdings Corporation - Class A Common Stock,S,N,N,100,N,N
4071,RPD,"Rapid7, Inc. - Common Stock",G,N,N,100,N,N
4072,RPGL,Republic Power Group Limited - Class A Ordinary Shares,S,N,D,100,N,N
4073,RPID,"Rapid Micro Biosystems, Inc. - Class A Common Stock",S,N,N,100,N,N
4074,RPRX,Royalty Pharma plc - Class A Ordinary Shares,Q,N,N,100,N,N
4075,RPTX,Repare Therapeutics Inc. - Common Shares,Q,N,N,100,N,N
4076,RR,Richtech Robotics Inc. - Class B Common Stock,S,N,N,100,N,N
4077,RRBI,"Red River Bancshares, Inc. - Common Stock",Q,N,N,100,N,N
4078,RRGB,"Red Robin Gourmet Burgers, Inc. - Common Stock",Q,N,N,100,N,N
4079,RRR,"Red Rock Resorts, Inc. - Class A Common Stock",Q,N,N,100,N,N
4080,RSSS,"Research Solutions, Inc - Common Stock",S,N,N,100,N,N
4081,RSVR,"Reservoir Media, Inc.. - Common Stock",G,N,N,100,N,N
4082,RSVRW,"Reservoir Media, Inc.. - Warrant",G,N,N,100,N,N
4083,RTAC,Renatus Tactical Acquisition Corp I - Class A Ordinary Shares,G,N,N,100,N,N
4084,RTACU,Renatus Tactical Acquisition Corp I - Unit,G,N,N,100,N,N
4085,RTACW,Renatus Tactical Acquisition Corp I - Warrant,G,N,N,100,N,N
4086,RTH,VanEck Retail ETF,G,N,N,40,Y,N
4087,RTXG,Leverage Shares 2X Long RTX Daily ETF,G,N,N,100,Y,N
4088,RTYY,GraniteShares YieldBoost RIOT ETF,G,N,N,100,Y,N
4089,RUBI,Rubico Inc. - Common Stock,S,N,N,100,N,N
4090,RUM,Rumble Inc. - Class A Common Stock,G,N,N,100,N,N
4091,RUMBW,Rumble Inc. - Warrant,G,N,N,100,N,N
4092,RUN,Sunrun Inc. - Common Stock,Q,N,N,100,N,N
4093,RUNN,Running Oak Efficient Growth ETF,G,N,N,100,Y,N
4094,RUSC,Russell Investments U.S. Small Cap Equity ETF,G,N,N,100,Y,N
4095,RUSHA,"Rush Enterprises, Inc. - Class A Common Stock",Q,N,N,100,N,N
4096,RUSHB,"Rush Enterprises, Inc. - Class B Common Stock",Q,N,N,100,N,N
4097,RVMD,"Revolution Medicines, Inc. - Common Stock",Q,N,N,100,N,N
4098,RVMDW,"Revolution Medicines, Inc. - Warrant",Q,N,N,100,N,N
4099,RVNL,GraniteShares 2x Long RIVN Daily ETF,G,N,N,100,Y,N
4100,RVPH,"Reviva Pharmaceuticals Holdings, Inc. - Common Stock",S,N,D,100,N,N
4101,RVSB,Riverview Bancorp Inc - Common Stock,Q,N,N,100,N,N
4102,RVSN,Rail Vision Ltd. - Ordinary Shares,S,N,D,100,N,N
4103,RVSNW,Rail Vision Ltd. - Warrant,S,N,N,100,N,N
4104,RVYL,Ryvyl Inc. - Common Stock,S,N,N,100,N,N
4105,RWAY,Runway Growth Finance Corp. - Common Stock,Q,N,N,100,N,N
4106,RWAYL,Runway Growth Finance Corp. - 7.50% Notes due 2027,Q,N,N,100,N,N
4107,RWAYZ,Runway Growth Finance Corp. - 8.00% Notes due 2027,Q,N,N,100,N,N
4108,RXRX,"Recursion Pharmaceuticals, Inc. - Class A Common Stock",Q,N,N,100,N,N
4109,RXST,"RxSight, Inc. - Common Stock",G,N,N,100,N,N
4110,RXT,"Rackspace Technology, Inc. - Common Stock",Q,N,N,100,N,N
4111,RYAAY,"Ryanair Holdings plc - American Depositary Shares, each representing five Ordinary Shares",Q,N,N,100,N,N
4112,RYET,Ruanyun Edai Technology Inc. - Ordinary shares,S,N,N,100,N,N
4113,RYM,"RYTHM, Inc. - Common Stock",S,N,N,100,N,N
4114,RYOJ,"rYojbaba Co., Ltd. - Common Shares",S,N,N,100,N,N
4115,RYTM,"Rhythm Pharmaceuticals, Inc. - Common Stock",G,N,N,100,N,N
4116,RZLT,"Rezolute, Inc. - Common Stock (NV)",S,N,N,100,N,N
4117,RZLV,Rezolve AI PLC - Ordinary Shares,G,N,N,100,N,N
4118,RZLVW,Rezolve AI PLC - Warrants,S,N,N,100,N,N
4119,SABR,Sabre Corporation - Common Stock,Q,N,N,100,N,N
4120,SABS,"SAB Biotherapeutics, Inc. - Common Stock",S,N,N,100,N,N
4121,SABSW,"SAB Biotherapeutics, Inc. - Warrant",S,N,N,100,N,N
4122,SAFT,"Safety Insurance Group, Inc. - Common Stock",Q,N,N,100,N,N
4123,SAFX,"XCF Global, Inc. - Class A Common Stock",S,N,D,100,N,N
4124,SAGT,SAGTEC GLOBAL LIMITED - Class A Ordinary shares,S,N,N,100,N,N
4125,SAIA,"Saia, Inc. - Common Stock",Q,N,N,40,N,N
4126,SAIC,Science Applications International Corporation - Common Stock,Q,N,N,100,N,N
4127,SAIH,SAIHEAT Limited - Class A Ordinary Shares,S,N,N,100,N,N
4128,SAIHW,SAIHEAT Limited - Warrant,S,N,N,100,N,N
4129,SAIL,"SailPoint, Inc. - Common Stock",Q,N,N,100,N,N
4130,SAMG,Silvercrest Asset Management Group Inc. - Common Stock,G,N,N,100,N,N
4131,SANA,"Sana Biotechnology, Inc. - Common Stock",Q,N,N,100,N,N
4132,SANG,Sangoma Technologies Corporation - Common Shares,Q,N,N,100,N,N
4133,SANM,Sanmina Corporation - Common Stock,Q,N,N,100,N,N
4134,SARK,Tradr 1X Short Innovation Daily ETF,G,N,N,100,Y,N
4135,SATA,"Strive, Inc. - Variable Rate Series A Perpetual Preferred Stock",G,N,N,100,N,N
4136,SATG,Leverage Shares 2X Long SATS Daily ETF,G,N,N,100,Y,N
4137,SATL,Satellogic Inc. - Class A Common Stock,S,N,N,100,N,N
4138,SATLW,Satellogic Inc. - Warrant,S,N,N,100,N,N
4139,SATS,EchoStar Corporation - Common stock,Q,N,N,100,N,N
4140,SAVA,"Cassava Sciences, Inc. - Common Stock",S,N,N,100,N,N
4141,SBAC,SBA Communications Corporation - Class A Common Stock,Q,N,N,100,N,N
4142,SBC,SBC Medical Group Holdings Incorporated - Common Stock,G,N,N,100,N,N
4143,SBCF,Seacoast Banking Corporation of Florida - Common Stock,Q,N,N,100,N,N
4144,SBCWW,SBC Medical Group Holdings Incorporated - Warrants,S,N,N,100,N,N
4145,SBET,"SharpLink Gaming, Inc. - Common Stock",S,N,N,100,N,N
4146,SBFG,"SB Financial Group, Inc. - Common Stock",S,N,N,100,N,N
4147,SBFM,Sunshine Biopharma Inc. - Common stock,S,N,N,100,N,N
4148,SBFMW,Sunshine Biopharma Inc. - Warrant,S,N,N,100,N,N
4149,SBGI,"Sinclair, Inc. - Class A Common Stock",Q,N,N,100,N,N
4150,SBLK,Star Bulk Carriers Corp. - Common Shares,Q,N,N,100,N,N
4151,SBLX,"StableX Technologies, Inc. - Common Stock",S,N,N,100,N,N
4152,SBRA,"Sabra Health Care REIT, Inc. - Common Stock",Q,N,N,100,N,N
4153,SBU,Leverage Shares 2X Long SBUX Daily ETF,G,N,N,100,Y,N
4154,SBUX,Starbucks Corporation - Common Stock,Q,N,N,100,N,N
4155,SCAG,Scage Future - American Depositary Shares,G,N,N,100,N,N
4156,SCAGW,Scage Future - Warrants,S,N,N,100,N,N
4157,SCDS,JPMorgan Fundamental Data Science Small Core ETF,G,N,N,100,Y,N
4158,SCHL,Scholastic Corporation - Common Stock,Q,N,N,100,N,N
4159,SCII,SC II Acquisition Corp. - Class A ordinary share,G,N,N,100,N,N
4160,SCIIR,SC II Acquisition Corp. - Rights,G,N,N,100,N,N
4161,SCIIU,SC II Acquisition Corp. - Units,G,N,N,100,N,N
4162,SCKT,"Socket Mobile, Inc. - Common Stock",S,N,N,100,N,N
4163,SCLS,Stoneport Advisors Commodity Long Short ETF,G,N,N,100,Y,N
4164,SCLX,Scilex Holding Company - Common Stock,S,N,N,100,N,N
4165,SCLXW,Scilex Holding Company - Warrant,S,N,N,100,N,N
4166,SCNI,Scinai Immunotherapeutics Ltd. - American Depositary Shares,S,N,N,100,N,N
4167,SCNX,"Scienture Holdings, Inc. - Common Stock",S,N,D,100,N,N
4168,SCOR,"comScore, Inc. - Common Stock",Q,N,N,100,N,N
4169,SCPQU,Social Commerce Partners Corporation - Unit,G,N,N,100,N,N
4170,SCSC,"ScanSource, Inc. - Common Stock",Q,N,N,100,N,N
4171,SCVL,"Shoe Carnival, Inc. - Common Stock",Q,N,N,100,N,N
4172,SCWO,374Water Inc. - common stock,S,N,N,100,N,N
4173,SCYX,"SCYNEXIS, Inc. - Common Stock",S,N,D,100,N,N
4174,SCZ,iShares MSCI EAFE Small-Cap ETF,G,N,N,100,Y,N
4175,SCZM,Santacruz Silver Mining Ltd. - Common Shares,S,N,N,100,N,N
4176,SDA,SunCar Technology Group Inc. - Ordinary Shares,S,N,N,100,N,N
4177,SDAWW,SunCar Technology Group Inc. - Warrant,S,N,N,100,N,N
4178,SDG,iShares MSCI Global Sustainable Development Goals ETF,G,N,N,100,Y,N
4179,SDGR,"Schrodinger, Inc. - Common Stock",Q,N,N,100,N,N
4180,SDHI,Siddhi Acquisition Corp - Class A Common stock,G,N,N,100,N,N
4181,SDHIR,Siddhi Acquisition Corp - Right,G,N,N,100,N,N
4182,SDHIU,Siddhi Acquisition Corp - Unit,G,N,N,100,N,N
4183,SDM,Smart Digital Group Limited - Ordinary Shares,S,N,N,100,N,N
4184,SDOT,Sadot Group Inc. - Common Stock,S,N,D,100,N,N
4185,SDSI,American Century Short Duration Strategic Income ETF,G,N,N,100,Y,N
4186,SDST,Stardust Power Inc. - Common Stock,S,N,N,100,N,N
4187,SDSTW,Stardust Power Inc. - Warrant,S,N,N,100,N,N
4188,SDTY,YieldMax S&P 500 0DTE Covered Call Strategy ETF,G,N,N,100,Y,N
4189,SDVY,First Trust SMID Cap Rising Dividend Achievers ETF,G,N,N,100,Y,N
4190,SEAT,Vivid Seats Inc. - Class A common stock,Q,N,N,100,N,N
4191,SEATW,Vivid Seats Inc. - Warrant,Q,N,N,100,N,N
4192,SEDG,"SolarEdge Technologies, Inc. - Common Stock",Q,N,N,100,N,N
4193,SEED,Origin Agritech Limited - Ordinary Shares,S,N,N,100,N,N
4194,SEEM,SEI Select Emerging Markets Equity ETF,G,N,N,100,Y,N
4195,SEER,"Seer, Inc. - Class A Common Stock",Q,N,N,100,N,N
4196,SEGG,"Lottery.com, Inc. - Common Stock",G,N,N,100,N,N
4197,SEIC,SEI Investments Company - Common Stock,Q,N,N,100,N,N
4198,SEIE,SEI Select International Equity ETF,G,N,N,100,Y,N
4199,SEIS,SEI Select Small Cap ETF,G,N,N,100,Y,N
4200,SELF,"Global Self Storage, Inc. - Common Stock",S,N,N,100,N,N
4201,SELX,Semilux International Ltd. - Ordinary Shares,S,N,D,100,N,N
4202,SEMY,GraniteShares YieldBOOST Semiconductor ETF,G,N,N,100,Y,N
4203,SENEA,Seneca Foods Corp. - Class A Common Stock,Q,N,N,100,N,N
4204,SENEB,Seneca Foods Corp. - Class B Common Stock,Q,N,N,100,N,N
4205,SENS,"Senseonics Holdings, Inc. - Common Stock",Q,N,N,100,N,N
4206,SEPN,"Septerna, Inc. - Common Stock",G,N,N,100,N,N
4207,SERA,"Sera Prognostics, Inc. - Class A Common Stock",G,N,N,100,N,N
4208,SERV,Serve Robotics Inc. - Common Stock,S,N,N,100,N,N
4209,SETM,Sprott Critical Materials ETF,G,N,N,100,Y,N
4210,SEV,Aptera Motors Corp. - Class B Common Stock,S,N,N,100,N,N
4211,SEVN,Seven Hills Realty Trust  - Common Stock,S,N,N,100,N,N
4212,SEZL,Sezzle Inc. - Common Stock,S,N,N,100,N,N
4213,SFBC,"Sound Financial Bancorp, Inc. - Common Stock",S,N,N,100,N,N
4214,SFD,"Smithfield Foods, Inc. - Common Stock",Q,N,N,100,N,N
4215,SFHG,Samfine Creation Holdings Group Limited - Class A Ordinary Share,S,N,D,100,N,N
4216,SFIX,"Stitch Fix, Inc. - Class A Common Stock",Q,N,N,100,N,N
4217,SFLO,VictoryShares Small Cap Free Cash Flow ETF,G,N,N,100,Y,N
4218,SFM,"Sprouts Farmers Market, Inc. - Common Stock",Q,N,N,100,N,N
4219,SFNC,Simmons First National Corporation - Common Stock,Q,N,N,100,N,N
4220,SFST,"Southern First Bancshares, Inc. - Common Stock",G,N,N,100,N,N
4221,SFWL,Shengfeng Development Limited - Class A Ordinary Shares,S,N,N,100,N,N
4222,SGA,"Saga Communications, Inc. - Class A Common Stock",G,N,N,100,N,N
4223,SGC,"Superior Group of Companies, Inc. - Common Stock",G,N,N,100,N,N
4224,SGHT,"Sight Sciences, Inc. - Common Stock",Q,N,N,100,N,N
4225,SGLY,Singularity Future Technology Ltd. - Common Stock,S,N,D,100,N,N
4226,SGML,Sigma Lithium Corporation - common shares,S,N,N,100,N,N
4227,SGMO,"Sangamo Therapeutics, Inc. - Common Stock",S,N,D,100,N,N
4228,SGMT,Sagimet Biosciences Inc. - Series A Common Stock,G,N,N,100,N,N
4229,SGRP,"SPAR Group, Inc. - Common Stock",S,N,D,100,N,N
4230,SGRY,"Surgery Partners, Inc. - Common Stock",Q,N,N,100,N,N
4231,SHBI,"Shore Bancshares, Inc. - Common Stock",Q,N,N,100,N,N
4232,SHC,Sotera Health Company - Common Stock,Q,N,N,100,N,N
4233,SHEN,Shenandoah Telecommunications Co - Common Stock,Q,N,N,100,N,N
4234,SHFS,"SHF Holdings, Inc. - Class A Common Stock",S,N,N,100,N,N
4235,SHFSW,"SHF Holdings, Inc. - Warrants",S,N,N,100,N,N
4236,SHIM,Shimmick Corporation - Common Stock,S,N,N,100,N,N
4237,SHIP,Seanergy Maritime Holdings Corp. - Common Stock,S,N,N,100,N,N
4238,SHLS,"Shoals Technologies Group, Inc. - Class A Common Stock",G,N,N,100,N,N
4239,SHMD,SCHMID Group N.V. - Class A Ordinary Shares,G,N,E,100,N,N
4240,SHMDW,SCHMID Group N.V. - Warrants,S,N,E,100,N,N
4241,SHOO,"Steven Madden, Ltd. - Common Stock",Q,N,N,100,N,N
4242,SHOP,Shopify Inc. - Class A Subordinate Voting Shares,Q,N,N,100,N,N
4243,SHPD,Direxion Daily SHOP Bear 1X ETF,G,N,N,100,Y,N
4244,SHPH,"Shuttle Pharmaceuticals Holdings, Inc. - common stock",S,N,N,100,N,N
4245,SHPU,Direxion Daily SHOP Bull 2X ETF,G,N,N,100,Y,N
4246,SHRY,First Trust Bloomberg Shareholder Yield ETF,G,N,N,100,Y,N
4247,SHV,iShares 0-1 Year Treasury Bond ETF,G,N,N,100,Y,N
4248,SHY,iShares 1-3 Year Treasury Bond ETF,G,N,N,100,Y,N
4249,SIBN,"SI-BONE, Inc. - Common Stock",G,N,N,100,N,N
4250,SIDU,"Sidus Space, Inc. - Class A Common Stock",S,N,N,100,N,N
4251,SIEB,Siebert Financial Corp. - Common Stock,S,N,N,100,N,N
4252,SIFY,Sify Technologies Limited - American Depository Shares,S,N,N,100,N,N
4253,SIGA,SIGA Technologies Inc. - Common Stock,G,N,N,100,N,N
4254,SIGI,"Selective Insurance Group, Inc. - Common Stock",Q,N,N,100,N,N
4255,SIGIP,"Selective Insurance Group, Inc. - Depositary Shares, each representing a 1/1,000th interest in a share of 4.60% Non-Cumulative Preferred Stock, Series B",Q,N,N,100,N,N
4256,SILC,Silicom Ltd - Ordinary Shares,Q,N,N,100,N,N
4257,SILO,"Silo Pharma, Inc. - Common Stock",S,N,D,100,N,N
4258,SIMA,SIM Acquisition Corp. I - Class A Ordinary Shares,G,N,N,100,N,N
4259,SIMAU,SIM Acquisition Corp. I - Unit,G,N,N,100,N,N
4260,SIMAW,SIM Acquisition Corp. I - Warrant,G,N,N,100,N,N
4261,SIMO,"Silicon Motion Technology Corporation - American Depositary Shares, each representing four ordinary shares",Q,N,N,100,N,N
4262,SINT,"SiNtx Technologies, Inc. - Common Stock",S,N,N,100,N,N
4263,SION,"Sionna Therapeutics, Inc. - Common Stock",G,N,N,100,N,N
4264,SIRI,SiriusXM Holdings Inc. - Common Stock,Q,N,N,100,N,N
4265,SITM,SiTime Corporation - Common Stock,G,N,N,40,N,N
4266,SIXG,Defiance Connective Technologies ETF,G,N,N,100,Y,N
4267,SJ,Scienjoy Holding Corporation - Class A Ordinary Shares,S,N,D,100,N,N
4268,SJCP,SanJac Alpha Core Plus Bond ETF,G,N,N,100,Y,N
4269,SJLD,SanJac Alpha Low Duration ETF,G,N,N,100,Y,N
4270,SKBL,Skyline Builders Group Holding Limited - Class A Ordinary Shares,S,N,N,100,N,N
4271,SKIN,The Beauty Health Company - Class A Common Stock,S,N,N,100,N,N
4272,SKK,SKK Holdings Limited - Ordinary Shares,S,N,D,100,N,N
4273,SKOR,FlexShares Credit-Scored US Corporate Bond Index Fund,G,N,N,100,Y,N
4274,SKRE,Tuttle Capital Daily 2X Inverse Regional Banks ETF,G,N,N,100,Y,N
4275,SKWD,"Skyward Specialty Insurance Group, Inc. - Common Stock",Q,N,N,100,N,N
4276,SKYE,"Skye Bioscience, Inc. - Common Stock",G,N,N,100,N,N
4277,SKYQ,Sky Quarry Inc. - Common Stock,S,N,D,100,N,N
4278,SKYT,"SkyWater Technology, Inc. - Common Stock",S,N,N,100,N,N
4279,SKYU,ProShares Ultra Cloud Computing,G,N,N,100,Y,N
4280,SKYW,"SkyWest, Inc. - Common Stock",Q,N,N,100,N,N
4281,SKYX,SKYX Platforms Corp. - Common Stock,S,N,N,100,N,N
4282,SKYY,First Trust Cloud Computing ETF,G,N,N,100,Y,N
4283,SLAB,"Silicon Laboratories, Inc. - Common Stock",Q,N,N,100,N,N
4284,SLDB,Solid Biosciences Inc. - Common Stock,Q,N,N,100,N,N
4285,SLDE,"Slide Insurance Holdings, Inc. - Common Stock",Q,N,N,100,N,N
4286,SLDP,"Solid Power, Inc. - Class A Common Stock",Q,N,N,100,N,N
4287,SLDPW,"Solid Power, Inc. - Warrant",Q,N,N,100,N,N
4288,SLE,"Super League Enterprise, Inc. - Common Stock",S,N,N,100,N,N
4289,SLGB,Smart Logistics Global Limited - Ordinary Shares,S,N,N,100,N,N
4290,SLGL,Sol-Gel Technologies Ltd. - Ordinary Shares,S,N,N,100,N,N
4291,SLM,SLM Corporation - Common Stock,Q,N,N,100,N,N
4292,SLMBP,"SLM Corporation - Floating Rate Non-Cumulative Preferred Stock, Series B",Q,N,N,100,N,N
4293,SLMT,Brera Holdings PLC - Class B Ordinary Shares,S,N,N,100,N,N
4294,SLN,Silence Therapeutics Plc - American Depository Share,G,N,N,100,N,N
4295,SLNG,"Stabilis Solutions, Inc. - Common Stock",S,N,N,100,N,N
4296,SLNH,"Soluna Holdings, Inc. - Common Stock",S,N,N,100,N,N
4297,SLNHP,"Soluna Holdings, Inc. - 9.0% Series A Cumulative Perpetual Preferred Stock",S,N,N,100,N,N
4298,SLNO,"Soleno Therapeutics, Inc. - Common Stock",S,N,N,100,N,N
4299,SLP,"Simulations Plus, Inc. - Common Stock",Q,N,N,100,N,N
4300,SLQD,iShares 0-5 Year Investment Grade Corporate Bond ETF,G,N,N,100,Y,N
4301,SLRC,SLR Investment Corp. - Closed End Fund,Q,N,N,100,N,N
4302,SLS,"SELLAS Life Sciences Group, Inc.  - Common Stock",S,N,N,100,N,N
4303,SLSN,"Solesence, Inc. - Common stock",S,N,N,100,N,N
4304,SLVO,"ETRACS Silver Shares Covered Call ETNs due April 21, 2033",G,N,N,100,Y,N
4305,SLVR,Sprott Silver Miners & Physical Silver ETF,G,N,N,100,Y,N
4306,SLXN,Silexion Therapeutics Corp - Ordinary Shares,S,N,N,100,N,N
4307,SLXNW,Silexion Therapeutics Corp - Warrant,S,N,N,100,N,N
4308,SMBC,"Southern Missouri Bancorp, Inc. - Common Stock",G,N,N,100,N,N
4309,SMCC,Defiance Leveraged Long + Income SMCI ETF,G,N,N,100,Y,N
4310,SMCF,Themes US Small Cap Cash Flow Champions ETF,G,N,N,100,Y,N
4311,SMCI,"Super Micro Computer, Inc. - Common Stock",Q,N,N,100,N,N
4312,SMCL,GraniteShares 2x Long SMCI Daily ETF,G,N,N,100,Y,N
4313,SMCO,Hilton Small-MidCap Opportunity ETF,G,N,N,100,Y,N
4314,SMCX,Defiance Daily Target 2X Long SMCI ETF,G,N,N,100,Y,N
4315,SMCZ,Defiance Daily Target 2X Short SMCI ETF,G,N,N,100,Y,N
4316,SMH,VanEck Semiconductor ETF,G,N,N,40,Y,N
4317,SMHX,VanEck Fabless Semiconductor ETF,G,N,N,100,Y,N
4318,SMID,Smith-Midland Corporation - Common Stock,S,N,N,100,N,N
4319,SMMT,Summit Therapeutics Inc.  - Common Stock,G,N,N,100,N,N
4320,SMOM,Symmetry Panoramic Sector Momentum ETF,G,N,N,100,Y,N
4321,SMPL,The Simply Good Foods Company - Common Stock,S,N,N,100,N,N
4322,SMRI,Bushido Capital US Equity ETF,G,N,N,100,Y,N
4323,SMSI,"Smith Micro Software, Inc. - Common Stock",S,N,D,100,N,N
4324,SMST,Defiance Daily Target 2x Short MSTR ETF,G,N,N,100,Y,N
4325,SMTC,Semtech Corporation - Common Stock,Q,N,N,100,N,N
4326,SMTI,Sanara MedTech Inc. - Common Stock,S,N,N,100,N,N
4327,SMTK,"SmartKem, Inc. - Common Stock",S,N,D,100,N,N
4328,SMX,SMX (Security Matters) Public Limited Company - Ordinary Shares,S,N,N,100,N,N
4329,SMXT,Solarmax Technology Inc. - Common Stock,S,N,N,100,N,N
4330,SMXWW,SMX (Security Matters) Public Limited Company - Warrant,S,N,N,100,N,N
4331,SMYY,GraniteShares YieldBOOST SMCI ETF,G,N,N,100,Y,N
4332,SNAG,Leverage Shares 2x Long SNAP Daily ETF,G,N,N,100,Y,N
4333,SNAL,"Snail, Inc. - Class A Common Stock",S,N,D,100,N,N
4334,SNBR,Sleep Number Corporation - Common Stock,Q,N,N,100,N,N
4335,SNCR,"Synchronoss Technologies, Inc. - Common Stock",S,N,N,100,N,N
4336,SNCY,"Sun Country Airlines Holdings, Inc. - Common Stock",Q,N,N,100,N,N
4337,SND,"Smart Sand, Inc. - Common Stock",Q,N,N,100,N,N
4338,SNDK,Sandisk Corporation - Common Stock,Q,N,N,100,N,N
4339,SNDL,SNDL Inc. - Common Shares,S,N,N,100,N,N
4340,SNDX,"Syndax Pharmaceuticals, Inc. - Common Stock",Q,N,N,100,N,N
4341,SNES,"SenesTech, Inc. - Common Stock",S,N,N,100,N,N
4342,SNEX,StoneX Group Inc. - Common Stock,Q,N,N,100,N,N
4343,SNFCA,Security National Financial Corporation - Class A Common Stock,G,N,N,100,N,N
4344,SNGX,"Soligenix, Inc. - Common Stock",S,N,N,100,N,N
4345,SNOA,"Sonoma Pharmaceuticals, Inc. - Common Stock",S,N,N,100,N,N
4346,SNPS,"Synopsys, Inc. - Common Stock",Q,N,N,40,N,N
4347,SNSE,"Sensei Biotherapeutics, Inc. - Common Stock",S,N,N,100,N,N
4348,SNSR,Global X Internet of Things ETF,G,N,N,100,Y,N
4349,SNT,Senstar Technologies Corporation - Common Shares,G,N,N,100,N,N
4350,SNTG,Sentage Holdings Inc. - Class A Ordinary Shares,S,N,N,100,N,N
4351,SNTI,"Senti Biosciences, Inc.  - Common Stock",S,N,N,100,N,N
4352,SNWV,"SANUWAVE Health, Inc. - Common Stock",G,N,N,100,N,N
4353,SNY,Sanofi - American Depositary Shares,Q,N,N,100,N,N
4354,SNYR,Synergy CHC Corp. - Common Stock,S,N,N,100,N,N
4355,SOBR,"SOBR Safe, Inc. - Common Stock",S,N,N,100,N,N
4356,SOCA,Solarius Capital Acquisition Corp. - Class A Ordinary Share,G,N,N,100,N,N
4357,SOCAU,Solarius Capital Acquisition Corp. - Units,G,N,N,100,N,N
4358,SOCAW,Solarius Capital Acquisition Corp. - Warrant,G,N,N,100,N,N
4359,SOCL,Global X Social Media ETF,G,N,N,100,Y,N
4360,SOFI,"SoFi Technologies, Inc.  - Common Stock",Q,N,N,100,N,N
4361,SOFX,Defiance Daily Target 2X Long SOFI ETF,G,N,N,100,Y,N
4362,SOGP,Sound Group Inc. - American Depositary Shares,S,N,N,100,N,N
4363,SOHO,Sotherly Hotels Inc. - Common Stock,S,N,N,100,N,N
4364,SOHOB,Sotherly Hotels Inc. - 8.0% Series B Cumulative Redeemable Perpetual Preferred Stock,G,N,N,100,N,N
4365,SOHON,Sotherly Hotels Inc. - 8.25% Series D Cumulative Redeemable Perpetual Preferred Stock,G,N,N,100,N,N
4366,SOHOO,Sotherly Hotels Inc. - 7.875% Series C Cumulative Redeemable Perpetual Preferred Stock,G,N,N,100,N,N
4367,SOHU,Sohu.com Limited  - American Depositary Shares,Q,N,N,100,N,N
4368,SOLC,Canary Marinade Solana ETF,G,N,N,100,Y,N
4369,SOLS,Solstice Advanced Materials Inc. - Common Stock,Q,N,N,100,N,N
4370,SOLT,2x Solana ETF,G,N,N,100,Y,N
4371,SOLZ,Solana ETF,G,N,N,100,Y,N
4372,SONM,"Sonim Technologies, Inc. - Common Stock",S,N,D,100,N,N
4373,SONO,"Sonos, Inc. - Common Stock",Q,N,N,100,N,N
4374,SOPA,Society Pass Incorporated - Common Stock,S,N,N,100,N,N
4375,SOPH,SOPHiA GENETICS SA - Ordinary Shares,Q,N,N,100,N,N
4376,SORA,AsiaStrategy - Ordinary Shares,S,N,N,100,N,N
4377,SORNU,Soren Acquisition Corp. - Unit,G,N,N,100,N,N
4378,SOTK,Sono-Tek Corporation - Common Stock,S,N,N,100,N,N
4379,SOUN,"SoundHound AI, Inc. - Class A Common Stock",G,N,N,100,N,N
4380,SOUNW,"SoundHound AI, Inc. - Warrant",G,N,N,100,N,N
4381,SOUX,Defiance Daily Target 2X Long SOUN ETF,G,N,N,100,Y,N
4382,SOWG,Sow Good Inc. - Common Stock,S,N,D,100,N,N
4383,SOXQ,Invesco PHLX Semiconductor ETF,G,N,N,100,Y,N
4384,SOXX,iShares PHLX SOX Semiconductor Sector Index Fund,G,N,N,40,Y,N
4385,SPAI,Safe Pro Group Inc. - Common Stock,S,N,N,100,N,N
4386,SPAM,Themes Cybersecurity ETF,G,N,N,100,Y,N
4387,SPAQ,Horizon Kinetics SPAC Active ETF,G,N,N,100,Y,N
4388,SPBC,Simplify US Equity PLUS Bitcoin Strategy ETF,G,N,N,100,Y,N
4389,SPC,CrossingBridge Pre-Merger SPAC ETF,G,N,N,100,Y,N
4390,SPCB,"SuperCom, Ltd. - Ordinary Shares",S,N,N,100,N,N
4391,SPCT,Liberty One Spectrum ETF,G,N,N,100,Y,N
4392,SPCX,SPAC and New Issue ETF,G,N,N,100,Y,N
4393,SPEG,Silver Pegasus Acquisition Corp - Class A Ordinary Shares,G,N,N,100,N,N
4394,SPEGR,Silver Pegasus Acquisition Corp - Rights,G,N,N,100,N,N
4395,SPEGU,Silver Pegasus Acquisition Corp - Unit,G,N,N,100,N,N
4396,SPFI,"South Plains Financial, Inc. - Common Stock",Q,N,N,100,N,N
4397,SPHL,Springview Holdings Ltd - Ordinary shares,S,N,N,100,N,N
4398,SPIT,F/m Emerald Special Situations ETF,G,N,N,100,Y,N
4399,SPKL,Spark I Acquisition Corp. - Class A Ordinary Share,G,N,N,100,N,N
4400,SPKLU,Spark I Acquisition Corp. - Unit,G,N,N,100,N,N
4401,SPKLW,Spark I Acquisition Corp. - Warrant,G,N,N,100,N,N
4402,SPOG,Leverage Shares 2X Long SPOT Daily ETF,G,N,N,100,Y,N
4403,SPOK,"Spok Holdings, Inc. - Common Stock",Q,N,N,100,N,N
4404,SPPL,SIMPPLE LTD. - Ordinary Shares,S,N,N,100,N,N
4405,SPRB,"Spruce Biosciences, Inc. - Common Stock",S,N,N,100,N,N
4406,SPRC,SciSparc Ltd. - Ordinary Shares,S,N,D,100,N,N
4407,SPRO,"Spero Therapeutics, Inc. - Common Stock",Q,N,N,100,N,N
4408,SPRX,Spear Alpha ETF,G,N,N,100,Y,N
4409,SPRY,"ARS Pharmaceuticals, Inc. - Common Stock",G,N,N,100,N,N
4410,SPSC,"SPS Commerce, Inc. - Common Stock",Q,N,N,100,N,N
4411,SPT,"Sprout Social, Inc - Class A Common Stock",S,N,N,100,N,N
4412,SPWH,"Sportsman's Warehouse Holdings, Inc. - Common Stock",Q,N,N,100,N,N
4413,SPWR,SunPower Inc. - Common Stock,G,N,N,100,N,N
4414,SPWRW,SunPower Inc. - Warrant,S,N,N,100,N,N
4415,SPXD,Xtrackers S&P 500 Diversified Sector Weight ETF,G,N,N,100,Y,N
4416,SPYQ,Tradr 2X Long SPY Quarterly ETF,G,N,N,100,Y,N
4417,SQFT,"Presidio Property Trust, Inc. - Class A Common Stock",S,N,N,100,N,N
4418,SQFTP,"Presidio Property Trust, Inc. - 9.375% Series D Cumulative Redeemable Perpetual Preferred Stock, $0.01 par value per share",S,N,N,100,N,N
4419,SQFTW,"Presidio Property Trust, Inc. - Series A Common Stock Purchase Warrants",S,N,N,100,N,N
4420,SQLV,Royce Quant Small-Cap Quality Value ETF,G,N,N,100,Y,N
4421,SQQQ,ProShares UltraPro Short QQQ,G,N,N,100,Y,N
4422,SRAD,Sportradar Group AG - Class A Ordinary Shares,Q,N,N,100,N,N
4423,SRBK,"SR Bancorp, Inc. - Common stock",S,N,N,100,N,N
4424,SRCE,1st Source Corporation - Common Stock,Q,N,N,100,N,N
4425,SRET,Global X SuperDividend REIT ETF,G,N,N,100,Y,N
4426,SRPT,"Sarepta Therapeutics, Inc. - Common Stock",Q,N,N,100,N,N
4427,SRRK,Scholar Rock Holding Corporation - Common Stock,Q,N,N,100,N,N
4428,SRTA,"Strata Critical Medical, Inc. - Class A Common Stock",S,N,N,100,N,N
4429,SRTAW,"Strata Critical Medical, Inc. - Warrants",S,N,N,100,N,N
4430,SRTS,"Sensus Healthcare, Inc. - Common Stock",S,N,N,100,N,N
4431,SRZN,"Surrozen, Inc. - Common Stock",S,N,N,100,N,N
4432,SRZNW,"Surrozen, Inc. - Warrant",S,N,N,100,N,N
4433,SSBI,Summit State Bank - Common Stock,G,N,N,100,N,N
4434,SSEA,Starry Sea Acquisition Corp - Ordinary Shares,S,N,N,100,N,N
4435,SSEAR,Starry Sea Acquisition Corp - Rights,S,N,N,100,N,N
4436,SSEAU,Starry Sea Acquisition Corp - Unit,S,N,N,100,N,N
4437,SSII,SS Innovations International Inc. - Common Stock,S,N,N,100,N,N
4438,SSKN,"Strata Skin Sciences, Inc. - Common Stock",S,N,D,100,N,N
4439,SSM,Sono Group N.V. - Ordinary Shares,S,N,N,100,N,N
4440,SSNC,"SS&C Technologies Holdings, Inc. - Common Stock",Q,N,N,100,N,N
4441,SSP,E.W. Scripps Company (The) - Class A Common Stock,Q,N,N,100,N,N
4442,SSRM,SSR Mining Inc. - Common Stock,Q,N,N,100,N,N
4443,SSSS,SuRo Capital Corp. - Closed End Fund,Q,N,N,100,N,N
4444,SSSSL,SuRo Capital Corp. - 6.00% Notes due 2026,G,N,N,100,N,N
4445,SSTI,"SoundThinking, Inc. - Common Stock",S,N,N,100,N,N
4446,SSYS,"Stratasys, Ltd. - Common Stock",Q,N,N,100,N,N
4447,STAA,STAAR Surgical Company - Common Stock,G,N,N,100,N,N
4448,STAI,ScanTech AI Systems Inc. - Common stock,G,N,D,100,N,N
4449,STAK,STAK Inc. - Class A Ordinary Shares,S,N,D,100,N,N
4450,STBA,"S&T Bancorp, Inc. - Common Stock",Q,N,N,100,N,N
4451,STEP,StepStone Group Inc. - Class A Common Stock,Q,N,N,100,N,N
4452,STEX,Streamex Corp. - Common Stock,S,N,N,100,N,N
4453,STFS,Star Fashion Culture Holdings Limited - Class A Ordinary Shares,S,N,D,100,N,N
4454,STGW,Stagwell Inc. - Class A Common Stock,Q,N,N,100,N,N
4455,STHO,Star Holdings - Shares of Beneficial Interest,G,N,N,100,N,N
4456,STI,"Solidion Technology, Inc. - Common Stock",S,N,N,100,N,N
4457,STIM,"Neuronetics, Inc. - Common Stock",G,N,N,100,N,N
4458,STKE,Sol Strategies Inc. - Common Shares,Q,N,N,100,N,N
4459,STKH,Steakholder Foods Ltd. - American Depositary Shares,S,N,N,100,N,N
4460,STKL,"SunOpta, Inc. - Common Stock",Q,N,N,100,N,N
4461,STKS,"The ONE Group Hospitality, Inc. - Common Stock",S,N,N,100,N,N
4462,STLD,"Steel Dynamics, Inc. - Common Stock",Q,N,N,100,N,N
4463,STNC,Hennessy Sustainable ETF,G,N,N,100,Y,N
4464,STNE,StoneCo Ltd. - Class A Common Share,Q,N,N,100,N,N
4465,STOK,"Stoke Therapeutics, Inc. - Common Stock",Q,N,N,100,N,N
4466,STRA,"Strategic Education, Inc. - Common Stock",Q,N,N,100,N,N
4467,STRC,Strategy Inc - Variable Rate Series A Perpetual Stretch Preferred Stock,Q,N,N,100,N,N
4468,STRD,Strategy Inc - 10.00% Series A Perpetual Stride Preferred Stock,Q,N,N,100,N,N
4469,STRF,Strategy Inc - 10.00% Series A Perpetual Strife Preferred Stock,Q,N,N,100,N,N
4470,STRK,Strategy Inc - 8.00% Series A Perpetual Strike Preferred Stock,Q,N,N,100,N,N
4471,STRL,"Sterling Infrastructure, Inc. - Common Stock",Q,N,N,40,N,N
4472,STRO,"Sutro Biopharma, Inc. - Common Stock",G,N,N,100,N,N
4473,STRR,"Star Equity Holdings, Inc. - Common Stock",Q,N,N,100,N,N
4474,STRRP,"Star Equity Holdings, Inc. - 10% Series A Cumulative Perpetual Preferred Stock",Q,N,N,100,N,N
4475,STRS,Stratus Properties Inc. - Common Stock,Q,N,N,100,N,N
4476,STRT,STRATTEC SECURITY CORPORATION - Common Stock,G,N,N,100,N,N
4477,STRZ,Starz Entertainment Corp. - Common Shares,Q,N,N,100,N,N
4478,STSS,Sharps Technology Inc. - Common Stock,S,N,N,100,N,N
4479,STSSW,Sharps Technology Inc. - Warrant,S,N,N,100,N,N
4480,STTK,"Shattuck Labs, Inc. - Common Stock",Q,N,N,100,N,N
4481,STX,Seagate Technology Holdings PLC - Ordinary Shares (Ireland),Q,N,N,100,N,N
4482,SUGP,SU Group Holdings Limited - Ordinary Shares,S,N,N,100,N,N
4483,SUIG,Sui Group Holdings Limited - Common Stock,S,N,N,100,N,N
4484,SUNE,"SUNation Energy, Inc. - Common Stock",S,N,N,100,N,N
4485,SUNS,"Sunrise Realty Trust, Inc. - Common Stock",S,N,N,100,N,N
4486,SUPN,"Supernus Pharmaceuticals, Inc. - Common Stock",G,N,N,100,N,N
4487,SUPP,TCW Transform Supply Chain ETF,G,N,N,100,Y,N
4488,SUPX,SuperX AI Technology Limited - Ordinary Shares,S,N,N,100,N,N
4489,SURG,"SurgePays, Inc. - Common Stock",S,N,N,100,N,N
4490,SUSB,iShares ESG Aware 1-5 Year USD Corporate Bond ETF,G,N,N,100,Y,N
4491,SUSC,iShares ESG Aware USD Corporate Bond ETF,G,N,N,100,Y,N
4492,SUSL,iShares ESG MSCI USA Leaders ETF,G,N,N,100,Y,N
4493,SUUN,PowerBank Corporation - Common Stock,G,N,N,100,N,N
4494,SVA,"Sinovac Biotech, Ltd. - Ordinary Shares (Antigua/Barbudo)",Q,N,E,100,N,N
4495,SVAC,Spring Valley Acquisition Corp. III - Class A Ordinary Shares,G,N,N,100,N,N
4496,SVACU,Spring Valley Acquisition Corp. III - Unit,G,N,N,100,N,N
4497,SVACW,Spring Valley Acquisition Corp. III - Warrant,G,N,N,100,N,N
4498,SVAQU,Silicon Valley Acquisition Corp. - Units,G,N,N,100,N,N
4499,SVC,Service Properties Trust - Shares of Beneficial Interest,Q,N,N,100,N,N
4500,SVCC,Stellar V Capital Corp. - Class A Ordinary Shares,G,N,N,100,N,N
4501,SVCCU,Stellar V Capital Corp. - Unit,G,N,N,100,N,N
4502,SVCCW,Stellar V Capital Corp. - Warrant,G,N,N,100,N,N
4503,SVCO,"Silvaco Group, Inc. - Common Stock",Q,N,N,100,N,N
4504,SVRA,"Savara, Inc. - Common Stock",Q,N,N,100,N,N
4505,SVRE,SaverOne 2014 Ltd. - American Depositary Shares,S,N,N,100,N,N
4506,SVREW,SaverOne 2014 Ltd. - Warrant,S,N,N,100,N,N
4507,SVRN,OceanPal Inc. - Common Stock,S,N,N,100,N,N
4508,SWAG,"Stran & Company, Inc. - Common Stock",S,N,N,100,N,N
4509,SWAGW,"Stran & Company, Inc. - Warrant",S,N,N,100,N,N
4510,SWBI,"Smith & Wesson Brands, Inc. - Common Stock",Q,N,N,100,N,N
4511,SWIM,"Latham Group, Inc. - Common Stock",Q,N,N,100,N,N
4512,SWKH,SWK Holdings Corporation - Common Stock,G,N,N,100,N,N
4513,SWKHL,SWK Holdings Corporation - 9.00% Senior Notes due 2027,G,N,N,100,N,N
4514,SWKS,"Skyworks Solutions, Inc. - Common Stock",Q,N,N,100,N,N
4515,SWP,SWP Growth & Income ETF,G,N,N,100,Y,N
4516,SWVL,Swvl Holdings Corp - Ordinary Shares,S,N,D,100,N,N
4517,SWVLW,Swvl Holdings Corp - Warrant,S,N,D,100,N,N
4518,SXTC,"China SXT Pharmaceuticals, Inc. - Common Stock",S,N,N,100,N,N
4519,SXTP,"60 Degrees Pharmaceuticals, Inc. - Common Stock",S,N,N,100,N,N
4520,SXTPW,"60 Degrees Pharmaceuticals, Inc. - Warrant",S,N,N,100,N,N
4521,SY,So-Young International Inc. - American Depository Shares,S,N,N,100,N,N
4522,SYBT,"Stock Yards Bancorp, Inc. - Common Stock",Q,N,N,100,N,N
4523,SYM,Symbotic Inc. - Class A Common Stock,G,N,N,100,N,N
4524,SYNA,Synaptics Incorporated - Common Stock,Q,N,N,100,N,N
4525,SYPR,"Sypris Solutions, Inc. - Common Stock",G,N,N,100,N,N
4526,SYRE,"Spyre Therapeutics, Inc. - Common Stock",Q,N,N,100,N,N
4527,SYZ,Lazard US Systematic Small Cap Equity ETF,G,N,N,100,Y,N
4528,SZZL,Sizzle Acquisition Corp. II - Class A ordinary shares,G,N,N,100,N,N
4529,SZZLR,Sizzle Acquisition Corp. II - Right,G,N,N,100,N,N
4530,SZZLU,Sizzle Acquisition Corp. II - Unit,G,N,N,100,N,N
4531,TACH,Titan Acquisition Corp. - Class A Ordinary Shares,G,N,N,100,N,N
4532,TACHU,Titan Acquisition Corp. - Units,G,N,N,100,N,N
4533,TACHW,Titan Acquisition Corp. - Warrants,G,N,N,100,N,N
4534,TACO,Berto Acquisition Corp. - Ordinary Shares,G,N,N,100,N,N
4535,TACOU,Berto Acquisition Corp. - unit,G,N,N,100,N,N
4536,TACOW,Berto Acquisition Corp. - Warrant,G,N,N,100,N,N
4537,TACT,TransAct Technologies Incorporated - Common Stock,G,N,N,100,N,N
4538,TALK,"Talkspace, Inc. - Common Stock",S,N,N,100,N,N
4539,TALKW,"Talkspace, Inc. - Warrant",S,N,N,100,N,N
4540,TANH,Tantech Holdings Ltd. - Common Shares,S,N,N,100,N,N
4541,TAOP,Taoping Inc. - Ordinary Shares,S,N,N,100,N,N
4542,TAOX,Tao Synergies Inc. - Common Stock,S,N,N,100,N,N
4543,TARA,"Protara Therapeutics, Inc.  - Common Stock",G,N,N,100,N,N
4544,TARK,Tradr 2X Long Innovation ETF,G,N,N,100,Y,N
4545,TARS,"Tarsus Pharmaceuticals, Inc. - Common Stock",Q,N,N,100,N,N
4546,TASK,"TaskUs, Inc. - Class A Common Stock",Q,N,N,100,N,N
4547,TATT,TAT Technologies Ltd. - Ordinary Shares,G,N,N,100,N,N
4548,TAVI,Tavia Acquisition Corp. - Ordinary Shares,G,N,N,100,N,N
4549,TAVIR,Tavia Acquisition Corp. - Right,G,N,N,100,N,N
4550,TAVIU,Tavia Acquisition Corp. - Unit,G,N,N,100,N,N
4551,TAX,Cambria Tax Aware ETF,G,N,N,100,Y,N
4552,TAXE,Intermediate Municipal Income ETF,G,N,N,100,Y,N
4553,TAXI,Northern Trust Intermediate Tax-Exempt Bond ETF,G,N,N,100,Y,N
4554,TAXS,Northern Trust Short-Term Tax-Exempt Bond ETF,G,N,N,100,Y,N
4555,TAXT,Northern Trust Tax-Exempt Bond ETF,G,N,N,100,Y,N
4556,TAYD,"Taylor Devices, Inc. - Common Stock",S,N,N,100,N,N
4557,TBBK,"The Bancorp, Inc. - Common Stock",Q,N,N,100,N,N
4558,TBCH,Turtle Beach Corporation - Common Stock,G,N,N,100,N,N
4559,TBH,"Brag House Holdings, Inc. - Common Stock",S,N,D,100,N,N
4560,TBHC,"The Brand House Collective, Inc - Common Stock",Q,N,N,100,N,N
4561,TBIL,US Treasury 3 Month Bill ETF,G,N,N,100,Y,N
4562,TBLA,Taboola.com Ltd. - Ordinary Shares,Q,N,N,100,N,N
4563,TBLAW,Taboola.com Ltd. - Warrant,Q,N,N,100,N,N
4564,TBLD,Thornburg Income Builder Opportunities Trust - Closed End Fund,Q,N,N,100,N,N
4565,TBMC,Trailblazer Merger Corporation I - Class A Common Stock,G,N,D,100,N,N
4566,TBMCR,Trailblazer Merger Corporation I - Rights,G,N,D,100,N,N
4567,TBPH,"Theravance Biopharma, Inc. - Ordinary Shares",G,N,N,100,N,N
4568,TBRG,"TruBridge, Inc. - Common Stock",Q,N,N,100,N,N
4569,TC,Token Cat Limited - American Depositary Shares,S,N,N,100,N,N
4570,TCBI,"Texas Capital Bancshares, Inc. - Common Stock",Q,N,N,100,N,N
4571,TCBIO,"Texas Capital Bancshares, Inc. - Depositary Shares 5.75% Fixed Rate Non-Cumulative Perpetual Preferred Stock Series B",Q,N,N,100,N,N
4572,TCBK,TriCo Bancshares - Common Stock,Q,N,N,100,N,N
4573,TCBS,"Texas Community Bancshares, Inc. - Common Stock",S,N,N,100,N,N
4574,TCHI,iShares MSCI China Multisector Tech ETF,G,N,N,100,Y,N
4575,TCMD,"Tactile Systems Technology, Inc. - Common Stock",G,N,N,100,N,N
4576,TCOM,Trip.com Group Limited - American Depositary Shares,Q,N,N,100,N,N
4577,TCPC,BlackRock TCP Capital Corp. - Closed End Fund,Q,N,N,100,N,N
4578,TCRT,"Alaunos Therapeutics, Inc. - Common Stock",S,N,N,100,N,N
4579,TCRX,"TScan Therapeutics, Inc. - Common Stock",G,N,N,100,N,N
4580,TCX,Tucows Inc. - Common Stock,S,N,N,100,N,N
4581,TDAC,Translational Development Acquisition Corp. - Ordinary Shares,G,N,N,100,N,N
4582,TDACU,Translational Development Acquisition Corp. - Units,G,N,N,100,N,N
4583,TDACW,Translational Development Acquisition Corp. - Warrants,G,N,N,100,N,N
4584,TDI,Touchstone Dynamic International ETF,G,N,N,100,Y,N
4585,TDIC,Dreamland Limited - Class A Ordinary Shares,S,N,D,100,N,N
4586,TDIV,First Trust NASDAQ Technology Dividend Index Fund,G,N,N,100,Y,N
4587,TDOG,21shares Dogecoin ETF,G,N,N,100,Y,N
4588,TDSB,ETC Cabana Target Beta ETF,G,N,N,100,Y,N
4589,TDSC,ETC Cabana Target Drawdown 10 ETF,G,N,N,100,Y,N
4590,TDTH,Trident Digital Tech Holdings Ltd - American Depository Shares,S,N,D,100,N,N
4591,TDUP,ThredUp Inc. - Class A Common Stock,Q,N,N,100,N,N
4592,TDWD,Tailwind 2.0 Acquisition Corp. - Class A Ordinary Shares,G,N,N,100,N,N
4593,TDWDR,Tailwind 2.0 Acquisition Corp. - Rights,G,N,N,100,N,N
4594,TDWDU,Tailwind 2.0 Acquisition Corp. - Unit,G,N,N,100,N,N
4595,TEAD,Teads Holding Co. - Common Stock,Q,N,D,100,N,N
4596,TEAM,Atlassian Corporation  - Class A Common Stock,Q,N,N,100,N,N
4597,TECH,Bio-Techne Corp - Common Stock,Q,N,N,100,N,N
4598,TECTP,"Tectonic Financial, Inc. - 9.00% Fixed-to-Floating Rate Series B Non-Cumulative Perpetual Preferred Stock",S,N,N,100,N,N
4599,TECX,"Tectonic Therapeutic, Inc. - Common Stock",G,N,N,100,N,N
4600,TEKX,SPDR Galaxy Transformative Tech Accelerators ETF,G,N,N,100,Y,N
4601,TEKY,Lazard Next Gen Technologies ETF,G,N,N,100,Y,N
4602,TELA,"TELA Bio, Inc. - Common stock",G,N,N,100,N,N
4603,TELO,"Telomir Pharmaceuticals, Inc. - Common Stock",S,N,D,100,N,N
4604,TEM,"Tempus AI, Inc. - Class A Common Stock",Q,N,N,100,N,N
4605,TENB,"Tenable Holdings, Inc. - Common Stock",Q,N,N,100,N,N
4606,TENX,"Tenax Therapeutics, Inc. - Common Stock",S,N,N,100,N,N
4607,TER,"Teradyne, Inc. - Common Stock",Q,N,N,100,N,N
4608,TERG,Leverage Shares 2X Long TER Daily ETF,G,N,N,100,Y,N
4609,TERN,"Terns Pharmaceuticals, Inc. - Common Stock",Q,N,N,100,N,N
4610,TEXN,iShares Texas Equity ETF,G,N,N,100,Y,N
4611,TEXX,Horizon Kinetics Texas ETF,G,N,N,100,Y,N
4612,TFNS,T. Rowe Price Financials ETF,G,N,N,100,Y,N
4613,TFSL,TFS Financial Corporation - Common Stock,Q,N,N,100,N,N
4614,TGHL,The GrowHub Limited - Class A Ordinary Shares,S,N,D,100,N,N
4615,TGL,Treasure Global Inc. - Common Stock,S,N,N,100,N,N
4616,TGTX,"TG Therapeutics, Inc. - Common Stock",S,N,N,100,N,N
4617,TH,Target Hospitality Corp. - Common Stock,S,N,N,100,N,N
4618,THAR,"Tharimmune, Inc. - Common Stock",S,N,D,100,N,N
4619,THCH,TH International Limited - Ordinary shares,S,N,N,100,N,N
4620,THFF,First Financial Corporation  - Common Stock,Q,N,N,100,N,N
4621,THH,TryHard Holdings Limited - Ordinary Shares,S,N,N,100,N,N
4622,THMZ,Lazard Equity Megatrends ETF,G,N,N,100,Y,N
4623,THRM,Gentherm Inc - Common Stock,Q,N,N,100,N,N
4624,THRV,Prospera Income ETF,G,N,N,100,Y,N
4625,THRY,"Thryv Holdings, Inc. - Common Stock",S,N,N,100,N,N
4626,THYM,T. Rowe Price High Income Municipal ETF,G,N,N,100,Y,N
4627,TIGO,Millicom International Cellular S.A. - Common Stock,Q,N,N,100,N,N
4628,TIGR,UP Fintech Holding Limited - American Depositary Shares representing fifteen Class A Ordinary Shares,Q,N,N,100,N,N
4629,TIL,"Instil Bio, Inc. - Common Stock",S,N,N,100,N,N
4630,TILE,"Interface, Inc. - Common Stock",Q,N,N,100,N,N
4631,TIPT,Tiptree Inc. - Common Stock,S,N,N,100,N,N
4632,TIRX,TIAN RUIXIANG Holdings Ltd - Class A Ordinary Shares,S,N,N,100,N,N
4633,TITN,Titan Machinery Inc. - Common Stock,Q,N,N,100,N,N
4634,TIVC,"Tivic Health Systems, Inc. - Common stock",S,N,N,100,N,N
4635,TJGC,TJGC Group Limited - ordinary shares,S,N,N,100,N,N
4636,TKLF,"Tokyo Lifestyle Co., Ltd. - American Depositary Shares",S,N,N,100,N,N
4637,TKNO,"Alpha Teknova, Inc. - Common Stock",G,N,N,100,N,N
4638,TLF,"Tandy Leather Factory, Inc. - common stock",S,N,N,100,N,N
4639,TLIH,Ten-League International Holdings Limited - Ordinary Shares,S,N,D,100,N,N
4640,TLN,Talen Energy Corporation - Common Stock,Q,N,N,40,N,N
4641,TLNC,Talon Capital Corp. - Class A Ordinary Shares,G,N,N,100,N,N
4642,TLNCU,Talon Capital Corp. - Units,G,N,N,100,N,N
4643,TLNCW,Talon Capital Corp. - Warrants,G,N,N,100,N,N
4644,TLPH,"Talphera, Inc. - Common Stock",S,N,N,100,N,N
4645,TLRY,"Tilray Brands, Inc. - Common Stock",Q,N,N,100,N,N
4646,TLS,Telos Corporation - Common Stock,G,N,N,100,N,N
4647,TLSA,Tiziana Life Sciences Ltd - Common Shares,S,N,N,100,N,N
4648,TLSI,"TriSalus Life Sciences, Inc. - Common Stock",G,N,N,100,N,N
4649,TLSIW,"TriSalus Life Sciences, Inc. - Warrant",G,N,N,100,N,N
4650,TLT,iShares 20+ Year Treasury Bond ETF,G,N,N,100,Y,N
4651,TLX,Telix Pharmaceuticals Limited - American Depositary Shares,Q,N,N,100,N,N
4652,TMB,Thornburg Multi Sector Bond ETF,G,N,N,100,Y,N
4653,TMC,TMC the metals company Inc. - Common Stock,Q,N,N,100,N,N
4654,TMCI,"Treace Medical Concepts, Inc. - Common Stock",Q,N,N,100,N,N
4655,TMCWW,TMC the metals company Inc. - Warrant,Q,N,N,100,N,N
4656,TMDX,"TransMedics Group, Inc. - Common Stock",G,N,N,100,N,N
4657,TMED,T. Rowe Price Health Care ETF,G,N,N,100,Y,N
4658,TMET,iShares Transition-Enabling Metals ETF,G,N,N,100,Y,N
4659,TMNL,T. Rowe Price Long Municipal Income ETF,G,N,N,100,Y,N
4660,TMNS,T. Rowe Price Short Municipal Income ETF,G,N,N,100,Y,N
4661,TMSF,T. Rowe Price Multi-Sector Income ETF,G,N,N,100,Y,N
4662,TMUS,"T-Mobile US, Inc. - Common Stock",Q,N,N,100,N,N
4663,TMUSI,"T-Mobile US, Inc. - 5.500% Senior Notes due June 2070",G,N,N,100,N,N
4664,TMUSL,"T-Mobile US, Inc. - 6.250% Senior Notes due 2069",G,N,N,100,N,N
4665,TMUSZ,"T-Mobile US, Inc. - 5.500% Senior Notes due March 2070",G,N,N,100,N,N
4666,TNDM,"Tandem Diabetes Care, Inc. - Common Stock",G,N,N,100,N,N
4667,TNGX,"Tango Therapeutics, Inc. - Common Stock",G,N,N,100,N,N
4668,TNMG,TNL Mediagene - Ordinary Shares,S,N,N,100,N,N
4669,TNON,"Tenon Medical, Inc. - Common Stock",S,N,N,100,N,N
4670,TNONW,"Tenon Medical, Inc. - Warrant",S,N,N,100,N,N
4671,TNXP,Tonix Pharmaceuticals Holding Corp. - Common Stock,S,N,N,100,N,N
4672,TNYA,"Tenaya Therapeutics, Inc. - Common Stock",Q,N,N,100,N,N
4673,TOI,"The Oncology Institute, Inc. - Common Stock",S,N,N,100,N,N
4674,TOIIW,"The Oncology Institute, Inc. - Warrant",S,N,N,100,N,N
4675,TOMZ,"TOMI Environmental Solutions, Inc. - Common Stock",S,N,D,100,N,N
4676,TONX,TON Strategy Company - Common Stock,S,N,N,100,N,N
4677,TOP,TOP Financial Group Limited - Class A Ordinary Shares,S,N,N,100,N,N
4678,TORO,Toro Corp. - Common stock,S,N,N,100,N,N
4679,TOUR,Tuniu Corporation - American Depositary Shares,S,N,D,100,N,N
4680,TOWN,Towne Bank - Common Stock,Q,N,N,100,N,N
4681,TOYO,"TOYO Co., Ltd - Ordinary Shares",S,N,N,100,N,N
4682,TPCS,TechPrecision Corporation - Common stock,S,N,N,100,N,N
4683,TPG,TPG Inc. - Class A Common Stock,Q,N,N,100,N,N
4684,TPGXL,TPG Inc. - 6.950% Fixed-Rate Junior Subordinated Notes due 2064,G,N,N,100,N,N
4685,TPLS,Thornburg Core Plus Bond ETF,G,N,N,100,Y,N
4686,TPST,"Tempest Therapeutics, Inc. - Common Stock",S,N,D,100,N,N
4687,TQQQ,ProShares UltraPro QQQ,G,N,N,100,Y,N
4688,TQQY,GraniteShares YieldBOOST QQQ ETF,G,N,N,100,Y,N
4689,TRAW,"Traws Pharma, Inc. - Common Stock",S,N,N,100,N,N
4690,TRBF,Angel Oak Total Return ETF,G,N,N,100,Y,N
4691,TRDA,"Entrada Therapeutics, Inc. - Common Stock",G,N,N,100,N,N
4692,TREE,"LendingTree, Inc. - Common Stock",Q,N,N,100,N,N
4693,TRI,Thomson Reuters Corp - Common Shares,Q,N,N,100,N,N
4694,TRIB,Trinity Biotech plc - American Depositary Shares,Q,N,N,100,N,N
4695,TRIL,Defiance Trillion Dollar Club Index ETF,G,N,N,100,Y,N
4696,TRIN,Trinity Capital Inc. - Common Stock,Q,N,N,100,N,N
4697,TRINI,Trinity Capital Inc. - 7.875% Notes Due 2029,Q,N,N,100,N,N
4698,TRINZ,Trinity Capital Inc. - 7.875% Notes due 2029,Q,N,N,100,N,N
4699,TRIP,"TripAdvisor, Inc. - Common Stock",Q,N,N,100,N,N
4700,TRMB,Trimble Inc. - Common Stock,Q,N,N,100,N,N
4701,TRMD,TORM plc - Class A Common Stock,Q,N,N,100,N,N
4702,TRMK,Trustmark Corporation - Common Stock,Q,N,N,100,N,N
4703,TRNR,Interactive Strength Inc. - Common Stock,S,N,N,100,N,N
4704,TRNS,"Transcat, Inc. - Common Stock",G,N,N,100,N,N
4705,TRON,Tron Inc. - Common Stock,S,N,N,100,N,N
4706,TROO,"TROOPS, Inc.  - Ordinary Shares",S,N,N,100,N,N
4707,TROW,"T. Rowe Price Group, Inc. - Common Stock",Q,N,N,100,N,N
4708,TRS,TriMas Corporation - Common Stock,Q,N,N,100,N,N
4709,TRSG,Tungray Technologies Inc - Class A Ordinary Shares,S,N,N,100,N,N
4710,TRST,TrustCo Bank Corp NY - Common Stock,Q,N,N,100,N,N
4711,TRUD,VanEck Consumer Discretionary TruSector ETF,G,N,N,100,Y,N
4712,TRUG,"TruGolf Holdings, Inc. - Class A Common Stock",S,N,D,100,N,N
4713,TRUP,"Trupanion, Inc. - Common Stock",G,N,N,100,N,N
4714,TRUT,VanEck Technology TruSector ETF,G,N,N,100,Y,N
4715,TRVG,trivago N.V. - American Depositary Shares,Q,N,N,100,N,N
4716,TRVI,"Trevi Therapeutics, Inc. - Common Stock",G,N,N,100,N,N
4717,TSAT,Telesat Corporation - Class A Common Shares and Class B Variable Voting Shares,Q,N,N,100,N,N
4718,TSBK,"Timberland Bancorp, Inc. - Common Stock",G,N,N,100,N,N
4719,TSCM,TimesSquare Quality Mid Cap Growth ETF,G,N,N,100,Y,N
4720,TSCO,Tractor Supply Company - Common Stock,Q,N,N,100,N,N
4721,TSDD,GraniteShares 2x Short TSLA Daily ETF,G,N,N,100,Y,N
4722,TSEL,Touchstone Sands Capital US Select Growth ETF,G,N,N,100,Y,N
4723,TSEM,Tower Semiconductor Ltd. - Ordinary Shares,Q,N,N,100,N,N
4724,TSHA,"Taysha Gene Therapies, Inc. - Common Stock",Q,N,N,100,N,N
4725,TSL,GraniteShares 1.25x Long TSLA Daily ETF,G,N,N,100,Y,N
4726,TSLA,"Tesla, Inc.  - Common Stock",Q,N,N,40,N,N
4727,TSLG,Leverage Shares 2X Long TSLA Daily ETF,G,N,N,100,Y,N
4728,TSLL,Direxion Daily TSLA Bull 2X Shares,G,N,N,100,Y,N
4729,TSLQ,Tradr 2X Short TSLA Daily ETF,G,N,N,100,Y,N
4730,TSLR,GraniteShares 2x Long TSLA Daily ETF,G,N,N,100,Y,N
4731,TSLS,Direxion Daily TSLA Bear 1X Shares,G,N,N,100,Y,N
4732,TSMG,Leverage Shares 2X Long TSM Daily ETF,G,N,N,100,Y,N
4733,TSMU,GraniteShares 2x Long TSM Daily ETF,G,N,N,100,Y,N
4734,TSMX,Direxion Daily TSM Bull 2X Shares,G,N,N,100,Y,N
4735,TSMZ,Direxion Daily TSM Bear 1X Shares,G,N,N,100,Y,N
4736,TSPY,TappAlpha SPY Growth & Daily Income ETF,G,N,N,100,Y,N
4737,TSSI,"TSS, Inc. - Common Stock",S,N,N,100,N,N
4738,TSYX,TSPY Lift ETF,G,N,N,100,Y,N
4739,TSYY,GraniteShares YieldBOOST TSLA ETF,G,N,N,100,Y,N
4740,TTAN,"ServiceTitan, Inc. - Class A Common Stock",Q,N,N,100,N,N
4741,TTD,"The Trade Desk, Inc. - Class A Common Stock",G,N,N,100,N,N
4742,TTEC,"TTEC Holdings, Inc. - Common Stock",Q,N,N,100,N,N
4743,TTEK,"Tetra Tech, Inc. - Common Stock",Q,N,N,100,N,N
4744,TTEQ,T. Rowe Price Technology ETF,G,N,N,100,Y,N
4745,TTGT,"TechTarget, Inc. - Common Stock",Q,N,N,100,N,N
4746,TTMI,"TTM Technologies, Inc. - Common Stock",Q,N,N,100,N,N
4747,TTRX,Turn Therapeutics Inc. - Common Stock,G,N,N,100,N,N
4748,TTWO,"Take-Two Interactive Software, Inc. - Common Stock",Q,N,N,100,N,N
4749,TUG,STF Tactical Growth ETF,G,N,N,100,Y,N
4750,TUGN,STF Tactical Growth & Income ETF,G,N,N,100,Y,N
4751,TUR,iShares MSCI Turkey ETF,G,N,N,100,Y,N
4752,TURB,"Turbo Energy, S.A. - American Depositary Shares",S,N,D,100,N,N
4753,TURF,T. Rowe Price Natural Resources ETF,G,N,N,100,Y,N
4754,TUSK,"Mammoth Energy Services, Inc. - Common Stock",Q,N,N,100,N,N
4755,TVA,Texas Ventures Acquisition III Corp - Class A Ordinary Share,G,N,N,100,N,N
4756,TVACU,Texas Ventures Acquisition III Corp - Unit,G,N,N,100,N,N
4757,TVACW,Texas Ventures Acquisition III Corp - Warrants,G,N,N,100,N,N
4758,TVAI,Thayer Ventures Acquisition Corporation II - Class A Ordinary Shares,G,N,N,100,N,N
4759,TVAIR,Thayer Ventures Acquisition Corporation II - Rights,G,N,N,100,N,N
4760,TVAIU,Thayer Ventures Acquisition Corporation II - Unit,G,N,N,100,N,N
4761,TVGN,Tevogen Bio Holdings Inc. - Common Stock,G,N,D,100,N,N
4762,TVGNW,Tevogen Bio Holdings Inc. - Warrant,S,N,N,100,N,N
4763,TVRD,"Tvardi Therapeutics, Inc. - Common Stock",S,N,N,100,N,N
4764,TVTX,"Travere Therapeutics, Inc. - Common Stock",G,N,N,100,N,N
4765,TW,Tradeweb Markets Inc. - Class A Common Stock,Q,N,N,100,N,N
4766,TWAV,"TaoWeave, Inc. - Common Stock",S,N,N,100,N,N
4767,TWFG,"TWFG, Inc. - Common Stock",Q,N,N,100,N,N
4768,TWG,Top Wealth Group Holding Limited - Class A Ordinary Shares,S,N,N,100,N,N
4769,TWIN,"Twin Disc, Incorporated - Common Stock",Q,N,N,100,N,N
4770,TWLV,Twelve Seas Investment Company III - Class A Ordinary Shares,G,N,N,100,N,N
4771,TWLVR,Twelve Seas Investment Company III - Rights,G,N,N,100,N,N
4772,TWLVU,Twelve Seas Investment Company III - Units,G,N,N,100,N,N
4773,TWNP,Twin Hospitality Group Inc. - Class A Common Stock,G,N,D,100,N,N
4774,TWST,Twist Bioscience Corporation - Common Stock,Q,N,N,100,N,N
4775,TXG,"10x Genomics, Inc. - Common Stock",Q,N,N,100,N,N
4776,TXMD,"TherapeuticsMD, Inc. - Common Stock",Q,N,N,100,N,N
4777,TXN,Texas Instruments Incorporated - Common Stock,Q,N,N,100,N,N
4778,TXRH,"Texas Roadhouse, Inc. - Common Stock",Q,N,N,100,N,N
4779,TXUE,Thornburg International Equity ETF,G,N,N,100,Y,N
4780,TXUG,Thornburg International Growth Fund ETF,G,N,N,100,Y,N
4781,TXXD,21Shares 2x Long Dogecoin ETF,G,N,N,100,Y,N
4782,TXXS,21Shares 2x Long Sui ETF,G,N,N,100,Y,N
4783,TYGO,"Tigo Energy, Inc. - Common Stock",S,N,N,100,N,N
4784,TYRA,"Tyra Biosciences, Inc. - Common Stock",Q,N,N,100,N,N
4785,TZOO,Travelzoo - Common Stock,Q,N,N,100,N,N
4786,UAE,iShares MSCI UAE ETF,G,N,N,100,Y,N
4787,UAL,"United Airlines Holdings, Inc. - Common Stock",Q,N,N,100,N,N
4788,UBCP,"United Bancorp, Inc. - Common Stock",S,N,N,100,N,N
4789,UBFO,United Security Bancshares - Common Stock,Q,N,N,100,N,N
4790,UBND,VictoryShares Core Plus Bond ETF,G,N,N,100,Y,N
4791,UBRL,GraniteShares 2x Long UBER Daily ETF,G,N,N,100,Y,N
4792,UBSI,"United Bankshares, Inc. - Common Stock",Q,N,N,100,N,N
4793,UBXG,U-BX Technology Ltd. - Class A Ordinary Shares,S,N,N,100,N,N
4794,UCAR,U Power Limited - Class A Ordinary Shares,S,N,N,100,N,N
4795,UCFI,CN Healthy Food Tech Group Corp. - Common Stock,S,N,N,100,N,N
4796,UCFIW,CN Healthy Food Tech Group Corp. - Warrant,S,N,N,100,N,N
4797,UCL,uCloudlink Group Inc. - American Depositary Shares,G,N,N,100,N,N
4798,UCRD,VictoryShares Corporate Bond ETF,G,N,N,100,Y,N
4799,UCTT,"Ultra Clean Holdings, Inc. - Common Stock",Q,N,N,100,N,N
4800,UCYB,ProShares Ultra Nasdaq Cybersecurity,G,N,N,100,Y,N
4801,UDMY,"Udemy, Inc. - Common Stock",Q,N,N,100,N,N
4802,UEIC,Universal Electronics Inc. - Common Stock,Q,N,N,100,N,N
4803,UEVM,VictoryShares Emerging Markets Value Momentum ETF,G,N,N,100,Y,N
4804,UFCS,"United Fire Group, Inc - Common Stock",Q,N,N,100,N,N
4805,UFG,Uni-Fuels Holdings Limited - Class A Ordinary Shares,S,N,N,100,N,N
4806,UFIV,US Treasury 5 Year Note ETF,G,N,N,100,Y,N
4807,UFO,Procure Space ETF,G,N,N,100,Y,N
4808,UFPI,"UFP Industries, Inc. - Common Stock",Q,N,N,100,N,N
4809,UFPT,"UFP Technologies, Inc. - Common Stock",S,N,N,100,N,N
4810,UG,"United-Guardian, Inc. - Common Stock",G,N,N,100,N,N
4811,UGRO,"urban-gro, Inc. - Common Stock",S,N,H,100,N,N
4812,UHG,"United Homes Group, Inc - Class A Common Stock",G,N,N,100,N,N
4813,UHGWW,"United Homes Group, Inc - Warrant",S,N,N,100,N,N
4814,UITB,VictoryShares Core Intermediate Bond ETF,G,N,N,100,Y,N
4815,UIVM,VictoryShares International Value Momentum ETF,G,N,N,100,Y,N
4816,UK,Ucommune International Ltd  - Ordinary Shares,S,N,D,100,N,N
4817,ULBI,Ultralife Corporation - Common Stock,G,N,N,100,N,N
4818,ULCC,"Frontier Group Holdings, Inc. - Common Stock",Q,N,N,100,N,N
4819,ULH,"Universal Logistics Holdings, Inc. - Common Stock",Q,N,N,100,N,N
4820,ULTA,"Ulta Beauty, Inc. - Common Stock",Q,N,N,40,N,N
4821,ULTI,REX IncomeMax Option Strategy ETF,G,N,N,100,Y,N
4822,ULVM,VictoryShares US Value Momentum ETF,G,N,N,100,Y,N
4823,ULY,Urgent.ly Inc. - Common Stock,S,N,D,100,N,N
4824,UMBF,UMB Financial Corporation - Common Stock,Q,N,N,100,N,N
4825,UMBFO,"UMB Financial Corporation - Depositary Shares Each Representing a 1/400th Interest in a Share of 7.750% Fixed-Rate Reset Non-Cumulative Perpetual Preferred Stock, Series B",Q,N,N,100,N,N
4826,UMMA,Wahed Dow Jones Islamic World ETF,G,N,N,100,Y,N
4827,UNB,"Union Bankshares, Inc. - Common Stock",G,N,N,100,N,N
4828,UNCY,"Unicycive Therapeutics, Inc. - Common Stock",S,N,N,100,N,N
4829,UNHG,Leverage Shares 2X Long UNH Daily ETF,G,N,N,100,Y,N
4830,UNIT,Uniti Group Inc. - Common Stock,Q,N,N,100,N,N
4831,UNIY,WisdomTree Voya Yield Enhanced USD Universal Bond Fund,G,N,N,100,Y,N
4832,UNTY,"Unity Bancorp, Inc. - Common Stock",G,N,N,100,N,N
4833,UOKA,MDJM LTD - Class A Ordinary Shares,S,N,N,100,N,N
4834,UONE,"Urban One, Inc.  - Class A Common Stock",S,N,N,100,N,N
4835,UONEK,"Urban One, Inc.  - Class D Common Stock",S,N,D,100,N,N
4836,UPB,"Upstream Bio, Inc. - Common Stock",Q,N,N,100,N,N
4837,UPBD,"Upbound Group, Inc. - Common Stock",Q,N,N,100,N,N
4838,UPC,Universe Pharmaceuticals Inc - Ordinary Shares,S,N,N,100,N,N
4839,UPGR,Xtrackers US Green Infrastructure Select Equity ETF,G,N,N,100,Y,N
4840,UPLD,"Upland Software, Inc. - Common Stock",G,N,N,100,N,N
4841,UPSG,Leverage Shares 2X Long UPS Daily ETF,G,N,N,100,Y,N
4842,UPST,"Upstart Holdings, Inc. - Common stock",Q,N,N,100,N,N
4843,UPWK,Upwork Inc. - Common Stock,Q,N,N,100,N,N
4844,UPXI,"Upexi, Inc. - Common Stock",S,N,N,100,N,N
4845,URBN,"Urban Outfitters, Inc. - Common Stock",Q,N,N,100,N,N
4846,URGN,UroGen Pharma Ltd. - Ordinary Shares,G,N,N,100,N,N
4847,URNJ,Sprott Junior Uranium Miners ETF,G,N,N,100,Y,N
4848,UROY,Uranium Royalty Corp. - Common Stock,S,N,N,100,N,N
4849,USAF,Atlas America Fund,G,N,N,100,Y,N
4850,USAR,"USA Rare Earth, Inc. - Common Stock",G,N,N,100,N,N
4851,USAU,U.S. Gold Corp. - Common Stock,S,N,N,100,N,N
4852,USCB,"USCB Financial Holdings, Inc.  - Class A Common Stock",G,N,N,100,N,N
4853,USCL,iShares Climate Conscious & Transition MSCI USA ETF,G,N,N,100,Y,N
4854,USDX,SGI Enhanced Core ETF,G,N,N,100,Y,N
4855,USEA,United Maritime Corporation - Common Stock,S,N,N,100,N,N
4856,USEG,U.S. Energy Corp. - Common Stock,S,N,N,100,N,N
4857,USFI,BrandywineGLOBAL - U.S. Fixed Income ETF,G,N,N,100,Y,N
4858,USGG,Leverage Shares 2X Long USAR Daily ETF,G,N,N,100,Y,N
4859,USGO,U.S. GoldMining Inc. - Common stock,S,N,N,100,N,N
4860,USGOW,U.S. GoldMining Inc. - Warrant,S,N,N,100,N,N
4861,USIG,iShares Broad USD Investment Grade Corporate Bond ETF,G,N,N,100,Y,N
4862,USIN,WisdomTree 7-10 Year Laddered Treasury Fund,G,N,N,100,Y,N
4863,USIO,"Usio, Inc. - Common Stock",G,N,N,100,N,N
4864,USLM,"United States Lime & Minerals, Inc. - Common Stock",Q,N,N,100,N,N
4865,USMC,Principal U.S. Mega-Cap ETF,G,N,N,100,Y,N
4866,USOI,"ETRACS Crude Oil Shares Covered Call ETNs due April 24, 2037",G,N,N,100,Y,N
4867,USOY,Defiance Oil Enhanced Options Income ETF,G,N,N,100,Y,N
4868,USRD,Themes US R&D Champions ETF,G,N,N,100,Y,N
4869,USSH,WisdomTree 1-3 Year Laddered Treasury Fund,G,N,N,100,Y,N
4870,USTB,VictoryShares Short-Term Bond ETF,G,N,N,100,Y,N
4871,USVM,VictoryShares US Small Mid Cap Value Momentum ETF,G,N,N,100,Y,N
4872,USVN,US Treasury 7 Year Note ETF,G,N,N,100,Y,N
4873,USXF,iShares ESG Advanced MSCI USA ETF,G,N,N,100,Y,N
4874,UTEN,US Treasury 10 Year Note ETF,G,N,N,100,Y,N
4875,UTHR,United Therapeutics Corporation - Common Stock,Q,N,N,40,N,N
4876,UTHY,US Treasury 30 Year Bond ETF,G,N,N,100,Y,N
4877,UTMD,"Utah Medical Products, Inc. - Common Stock",Q,N,N,100,N,N
4878,UTRE,US Treasury 3 Year Note ETF,G,N,N,100,Y,N
4879,UTSI,UTStarcom Holdings Corp - Ordinary Shares,Q,N,N,100,N,N
4880,UTWO,US Treasury 2 Year Note ETF,G,N,N,100,Y,N
4881,UTWY,US Treasury 20 Year Bond ETF,G,N,N,100,Y,N
4882,UUUG,Leverage Shares 2X Long UUUU Daily ETF,G,N,N,100,Y,N
4883,UVSP,Univest Financial Corporation - Common Stock,Q,N,N,100,N,N
4884,UXIN,Uxin Limited - American Depositary Shares,Q,N,N,100,N,N
4885,UYLD,Angel Oak UltraShort Income ETF,G,N,N,100,Y,N
4886,UYSC,UY Scuti Acquisition Corp. - Ordinary Shares,S,N,N,100,N,N
4887,UYSCR,UY Scuti Acquisition Corp. - Rights,S,N,N,100,N,N
4888,UYSCU,UY Scuti Acquisition Corp. - Units,S,N,N,100,N,N
4889,VABK,Virginia National Bankshares Corporation - Common Stock,S,N,N,100,N,N
4890,VACH,Voyager Acquisition Corp - Class A Ordinary Shares,G,N,N,100,N,N
4891,VACHU,Voyager Acquisition Corp - Unit,G,N,N,100,N,N
4892,VACHW,Voyager Acquisition Corp - Warrants,G,N,N,100,N,N
4893,VALG,Leverage Shares 2X Long VALE Daily ETF,G,N,N,100,Y,N
4894,VALN,Valneva SE - American Depositary Shares,Q,N,N,100,N,N
4895,VALU,"Value Line, Inc. - Common Stock",S,N,N,100,N,N
4896,VANI,"Vivani Medical, Inc.  - Common Stock",S,N,N,100,N,N
4897,VAVX,VanEck Avalanche ETF,G,N,N,100,Y,N
4898,VBIL,Vanguard 0-3 Month Treasury Bill ETF,G,N,N,100,Y,N
4899,VBIX,Viewbix Inc. - Common Stock ,S,N,N,100,N,N
4900,VBNK,VersaBank - Common Shares,Q,N,N,100,N,N
4901,VC,Visteon Corporation - Common Stock,Q,N,N,100,N,N
4902,VCEL,Vericel Corporation - Common Stock,G,N,N,100,N,N
4903,VCIC,Vine Hill Capital Investment Corp. - Class A Ordinary Shares,G,N,N,100,N,N
4904,VCICU,Vine Hill Capital Investment Corp. - Unit,G,N,N,100,N,N
4905,VCICW,Vine Hill Capital Investment Corp. - Warrant,G,N,N,100,N,N
4906,VCIG,VCI Global Limited - Ordinary Share,S,N,N,100,N,N
4907,VCIT,Vanguard Intermediate-Term Corporate Bond ETF,G,N,N,100,Y,N
4908,VCLT,Vanguard Long-Term Corporate Bond ETF,G,N,N,100,Y,N
4909,VCRB,Vanguard Core Bond ETF,G,N,N,100,Y,N
4910,VCSH,Vanguard Short-Term Corporate Bond ETF,G,N,N,100,Y,N
4911,VCTR,"Victory Capital Holdings, Inc. - Common Stock",Q,N,N,100,N,N
4912,VCYT,"Veracyte, Inc. - Common Stock",G,N,N,100,N,N
4913,VECO,Veeco Instruments Inc. - Common Stock,Q,N,N,100,N,N
4914,VEEA,Veea Inc. - Common Stock,G,N,D,100,N,N
4915,VEEAW,Veea Inc. - Warrant,S,N,N,100,N,N
4916,VEEE,Twin Vee PowerCats Co. - Common Stock,S,N,N,100,N,N
4917,VELO,"Velo3D, Inc. - Common stock",S,N,N,100,N,N
4918,VEON,VEON Ltd. - American Depositary Shares,Q,N,N,100,N,N
4919,VERA,"Vera Therapeutics, Inc. - Class A Common Stock",G,N,N,100,N,N
4920,VERI,"Veritone, Inc. - Common Stock",G,N,N,100,N,N
4921,VERO,Venus Concept Inc.  - Common Stock,S,N,N,100,N,N
4922,VERU,Veru Inc. - Common Stock,S,N,N,100,N,N
4923,VERX,"Vertex, Inc. - Class A Common Stock",G,N,N,100,N,N
4924,VFF,"Village Farms International, Inc. - Common Shares",S,N,N,100,N,N
4925,VFLO,VictoryShares Free Cash Flow ETF,G,N,N,100,Y,N
4926,VFS,VinFast Auto Ltd. - Ordinary Shares,Q,N,N,100,N,N
4927,VFSWW,VinFast Auto Ltd. - Warrant,S,N,N,100,N,N
4928,VGAS,"Verde Clean Fuels, Inc. - Class A Common Stock",S,N,N,100,N,N
4929,VGASW,"Verde Clean Fuels, Inc. - Warrant",S,N,N,100,N,N
4930,VGIT,Vanguard Intermediate-Term Treasury ETF,G,N,N,100,Y,N
4931,VGLT,Vanguard Long-Term Treasury ETF,G,N,N,100,Y,N
4932,VGSH,Vanguard Short-Term Treasury ETF,G,N,N,100,Y,N
4933,VGSR,Vert Global Sustainable Real Estate ETF,G,N,N,100,Y,N
4934,VGUS,Vanguard Ultra-Short Treasury ETF,G,N,N,100,Y,N
4935,VHC,VirnetX Holding Corp - Common Stock,S,N,N,100,N,N
4936,VHCPU,Vine Hill Capital Investment Corp. II - Units,G,N,N,100,N,N
4937,VIASP,"Via Renewables, Inc. - 8.75% Series A Fixed-to-Floating Rate Cumulative Redeemable Perpetual Preferred Stock",Q,N,N,100,N,N
4938,VIAV,Viavi Solutions Inc. - Common Stock,Q,N,N,100,N,N
4939,VICR,Vicor Corporation - Common Stock,Q,N,N,100,N,N
4940,VIGI,Vanguard International Dividend Appreciation ETF,G,N,N,100,Y,N
4941,VINP,Vinci Compass Investments Ltd. - Class A Common Shares,Q,N,N,100,N,N
4942,VIOT,"Viomi Technology Co., Ltd - American Depositary Shares",Q,N,N,100,N,N
4943,VIR,"Vir Biotechnology, Inc. - Common Stock",Q,N,N,100,N,N
4944,VIRC,Virco Manufacturing Corporation - Common Stock,G,N,N,100,N,N
4945,VISN,"Vistance Networks, Inc.  - Common Stock",Q,N,N,100,N,N
4946,VITL,"Vital Farms, Inc. - Common Stock",G,N,N,100,N,N
4947,VIVS,"VivoSim Labs, Inc. - Common Stock",S,N,N,100,N,N
4948,VKTX,"Viking Therapeutics, Inc. - Common Stock",S,N,N,100,N,N
4949,VLGEA,"Village Super Market, Inc. - Class A Common Stock",Q,N,N,100,N,N
4950,VLY,Valley National Bancorp - Common Stock,Q,N,N,100,N,N
4951,VLYPN,"Valley National Bancorp - 8.250% Fixed-Rate Reset Non-Cumulative Perpetual Preferred Stock, Series C",Q,N,N,100,N,N
4952,VLYPO,Valley National Bancorp - 5.5% Fixed to Floating Rate Series B Non-Cumulative Perpetual Preferred Stock,Q,N,N,100,N,N
4953,VLYPP,Valley National Bancorp - 6.25% Fixed-to-Floating Rate Series A Non-Cumulative Perpetual Preferred Stock,Q,N,N,100,N,N
4954,VMAR,Vision Marine Technologies Inc. - Common Shares,S,N,N,100,N,N
4955,VMBS,Vanguard Mortgage-Backed Securities ETF,G,N,N,100,Y,N
4956,VMD,"Viemed Healthcare, Inc. - Common Shares",S,N,N,100,N,N
4957,VNCE,Vince Holding Corp. - Common Stock,S,N,N,100,N,N
4958,VNDA,Vanda Pharmaceuticals Inc. - Common Stock,G,N,N,100,N,N
4959,VNET,"VNET Group, Inc. - American Depositary Shares",Q,N,N,100,N,N
4960,VNME,Vendome Acquisition Corporation I - Class A Ordinary Shares,G,N,N,100,N,N
4961,VNMEU,Vendome Acquisition Corporation I - Unit,G,N,N,100,N,N
4962,VNMEW,Vendome Acquisition Corporation I - Warrant,G,N,N,100,N,N
4963,VNOM,"Viper Energy, Inc.  - Class A Common Stock",Q,N,N,100,N,N
4964,VNQI,Vanguard Global ex-U.S. Real Estate ETF,G,N,N,100,Y,N
4965,VOD,Vodafone Group Plc - American Depositary Shares each representing ten Ordinary Shares,Q,N,N,100,N,N
4966,VOLT,Tema Electrification ETF,G,N,N,100,Y,N
4967,VONE,Vanguard Russell 1000 ETF,G,N,N,40,Y,N
4968,VONG,Vanguard Russell 1000 Growth ETF,G,N,N,100,Y,N
4969,VONV,Vanguard Russell 1000 Value ETF,G,N,N,100,Y,N
4970,VOR,Vor Biopharma Inc. - Common Stock,Q,N,N,100,N,N
4971,VOTE,TCW Transform 500 ETF,G,N,N,100,Y,N
4972,VOXR,Vox Royalty Corp. - common stock,S,N,N,100,N,N
4973,VPLS,Vanguard Core Plus Bond ETF,G,N,N,100,Y,N
4974,VRA,"Vera Bradley, Inc. - Common Stock",Q,N,N,100,N,N
4975,VRAR,"The Glimpse Group, Inc. - Common Stock",S,N,N,100,N,N
4976,VRAX,Virax Biolabs Group Limited - Ordinary Shares,S,N,D,100,N,N
4977,VRCA,Verrica Pharmaceuticals Inc. - Common Stock,S,N,N,100,N,N
4978,VRDN,"Viridian Therapeutics, Inc.  - Common Stock",S,N,N,100,N,N
4979,VREX,Varex Imaging Corporation - Common Stock,Q,N,N,100,N,N
4980,VRIG,Invesco Variable Rate Investment Grade ETF,G,N,N,100,Y,N
4981,VRM,"Vroom, Inc. - Common Stock",G,N,N,100,N,N
4982,VRME,"VerifyMe, Inc. - Common Stock",S,N,D,100,N,N
4983,VRNS,"Varonis Systems, Inc. - Common Stock",Q,N,N,100,N,N
4984,VRRM,Verra Mobility Corporation - Class A Common Stock,S,N,N,100,N,N
4985,VRSK,"Verisk Analytics, Inc. - Common Stock",Q,N,N,40,N,N
4986,VRSN,"VeriSign, Inc. - Common Stock",Q,N,N,40,N,N
4987,VRTL,GraniteShares 2x Long VRT Daily ETF,G,N,N,100,Y,N
4988,VRTX,Vertex Pharmaceuticals Incorporated - Common Stock,Q,N,N,40,N,N
4989,VS,Versus Systems Inc. - Common Stock,S,N,N,100,N,N
4990,VSA,VisionSys AI Inc. - American Depositary Shares,S,N,N,100,N,N
4991,VSAT,"ViaSat, Inc. - Common Stock",Q,N,N,100,N,N
4992,VSDA,VictoryShares Dividend Accelerator ETF,G,N,N,100,Y,N
4993,VSEC,VSE Corporation - Common Stock,Q,N,N,100,N,N
4994,VSEE,"VSee Health, Inc. - Common Stock",S,N,D,100,N,N
4995,VSEEW,"VSee Health, Inc. - Warrant",S,N,N,100,N,N
4996,VSME,VS Media Holdings Limited - Class A Ordinary Shares,S,N,D,100,N,N
4997,VSMV,VictoryShares US Multi-Factor Minimum Volatility ETF,G,N,N,100,Y,N
4998,VSNT,"Versant Media Group, Inc. - Class A Common Stock",Q,N,N,100,N,N
4999,VSOL,VanEck Solana ETF,G,N,N,100,Y,N
5000,VSTA,Vasta Platform Limited - Class A Ordinary Shares,Q,N,N,100,N,N
5001,VSTD,Vestand Inc.  - Class A Common Stock,S,N,H,100,N,N
5002,VSTL,Defiance Daily Target 2X Long VST ETF,G,N,N,100,Y,N
5003,VSTM,"Verastem, Inc. - Common Stock",S,N,N,100,N,N
5004,VTC,Vanguard Total Corporate Bond ETF,G,N,N,100,Y,N
5005,VTGN,"Vistagen Therapeutics, Inc. - Common Stock",S,N,N,100,N,N
5006,VTHR,Vanguard Russell 3000 ETF,G,N,N,40,Y,N
5007,VTIP,Vanguard Short-Term Inflation-Protected Securities Index Fund ETF Shares,G,N,N,100,Y,N
5008,VTRS,Viatris Inc. - Common Stock,Q,N,N,100,N,N
5009,VTSI,"VirTra, Inc. - Common Stock",S,N,N,100,N,N
5010,VTVT,vTv Therapeutics Inc. - Class A Common Stock,S,N,N,100,N,N
5011,VTWG,Vanguard Russell 2000 Growth ETF,G,N,N,100,Y,N
5012,VTWO,Vanguard Russell 2000 ETF,G,N,N,100,Y,N
5013,VTWV,Vanguard Russell 2000 Value ETF,G,N,N,100,Y,N
5014,VTYX,"Ventyx Biosciences, Inc. - Common Stock",Q,N,N,100,N,N
5015,VUZI,Vuzix Corporation  - Common Stock,S,N,N,100,N,N
5016,VVOS,"Vivos Therapeutics, Inc. - Common Stock",S,N,N,100,N,N
5017,VVPR,VivoPower International PLC - Ordinary Shares,S,N,N,100,N,N
5018,VWAV,"VisionWave Holdings, Inc. - Common Stock",G,N,N,100,N,N
5019,VWAVW,"VisionWave Holdings, Inc. - Warrant",S,N,N,100,N,N
5020,VWOB,Vanguard Emerging Markets Government Bond ETF,G,N,N,100,Y,N
5021,VXUS,Vanguard Total International Stock ETF,G,N,N,100,Y,N
5022,VYGR,"Voyager Therapeutics, Inc. - Common Stock",Q,N,N,100,N,N
5023,VYMI,Vanguard International High Dividend Yield ETF,G,N,N,100,Y,N
5024,VYNE,VYNE Therapeutics Inc. - Common Stock,S,N,D,100,N,N
5025,WABC,Westamerica Bancorporation - Common Stock,Q,N,N,100,N,N
5026,WABF,Western Asset Bond ETF,G,N,N,100,Y,N
5027,WAFD,"WaFd, Inc. - Common Stock",Q,N,N,100,N,N
5028,WAFDP,"WaFd, Inc. - Depositary Shares",Q,N,N,100,N,N
5029,WAFU,Wah Fu Education Group Limited - Ordinary Shares,S,N,N,100,N,N
5030,WAI,Top KingWin Ltd - Class A Ordinary Shares,S,N,N,100,N,N
5031,WALD,Waldencast plc - Class A Ordinary Share,S,N,N,100,N,N
5032,WALDW,Waldencast plc - Warrant,S,N,N,100,N,N
5033,WASH,"Washington Trust Bancorp, Inc. - Common Stock",Q,N,N,100,N,N
5034,WATT,Energous Corporation - Common Stock,S,N,N,100,N,N
5035,WAVE,Eco Wave Power Global AB (publ) - American Depositary Shares,S,N,N,100,N,N
5036,WAY,Waystar Holding Corp. - Common Stock,Q,N,N,100,N,N
5037,WB,Weibo Corporation - American Depositary Shares,Q,N,N,100,N,N
5038,WBD,"Warner Bros. Discovery, Inc. - Series A Common Stock",Q,N,N,100,N,N
5039,WBTN,WEBTOON Entertainment Inc. - Common stock,Q,N,N,100,N,N
5040,WBUY,WEBUY GLOBAL LTD. - Class A Ordinary Shares,S,N,D,100,N,N
5041,WCBR,WisdomTree Cybersecurity Fund,G,N,N,100,Y,N
5042,WCLD,WisdomTree Cloud Computing Fund,G,N,N,100,Y,N
5043,WCT,Wellchange Holdings Company Limited - Class A Ordinary shares,S,N,D,100,N,N
5044,WDAF,WisdomTree Asia Defense Fund,G,N,N,100,Y,N
5045,WDAY,"Workday, Inc. - Class A Common Stock",Q,N,N,100,N,N
5046,WDC,Western Digital Corporation - Common Stock,Q,N,N,100,N,N
5047,WDFC,WD-40 Company - Common Stock,Q,N,N,100,N,N
5048,WDGF,WisdomTree Global Defense Fund,G,N,N,100,Y,N
5049,WEEI,Westwood Salient Enhanced Energy Income ETF,G,N,N,100,Y,N
5050,WEN,Wendy's Company (The) - Common Stock,Q,N,N,100,N,N
5051,WENN,Wen Acquisition Corp - Class A Ordinary Shares,G,N,N,100,N,N
5052,WENNU,Wen Acquisition Corp - Unit,G,N,N,100,N,N
5053,WENNW,Wen Acquisition Corp - Warrant,G,N,N,100,N,N
5054,WERN,"Werner Enterprises, Inc. - Common Stock",Q,N,N,100,N,N
5055,WEST,Westrock Coffee Company - Common Stock,G,N,N,100,N,N
5056,WETH,Wetouch Technology Inc. - Common Stock,S,N,N,100,N,N
5057,WETO,Webus International Limited - Ordinary Shares,S,N,D,100,N,N
5058,WEYS,"Weyco Group, Inc. - Common Stock",Q,N,N,100,N,N
5059,WFCF,"Where Food Comes From, Inc. - Common Stock",S,N,N,100,N,N
5060,WFF,WF Holding Limited - Ordinary Shares,S,N,D,100,N,N
5061,WFRD,Weatherford International plc - Ordinary shares,Q,N,N,100,N,N
5062,WGMI,CoinShares Bitcoin Mining ETF,G,N,N,100,Y,N
5063,WGRX,"Wellgistics Health, Inc. - Common Stock",S,N,D,100,N,N
5064,WGS,GeneDx Holdings Corp. - Class A Common Stock,Q,N,N,100,N,N
5065,WGSWW,GeneDx Holdings Corp. - Warrant,Q,N,N,100,N,N
5066,WHF,"WhiteHorse Finance, Inc. - Closed End Fund",Q,N,N,100,N,N
5067,WHFCL,"WhiteHorse Finance, Inc. - 7.875% Notes due 2028",Q,N,N,100,N,N
5068,WHLR,"Wheeler Real Estate Investment Trust, Inc. - Common Stock",S,N,N,100,N,N
5069,WHLRD,"Wheeler Real Estate Investment Trust, Inc. - Series D Cumulative Preferred Stock",S,N,N,100,N,N
5070,WHLRL,"Wheeler Real Estate Investment Trust, Inc. - 7.00% Senior Subordinated Convertible Notes Due 2031",S,N,N,100,N,N
5071,WHLRP,"Wheeler Real Estate Investment Trust, Inc. - Series B Preferred Stock",S,N,N,100,N,N
5072,WHWK,"Whitehawk Therapeutics, Inc. - Common Stock",S,N,N,100,N,N
5073,WILC,"G. Willi-Food International,  Ltd. - Ordinary Shares",S,N,N,100,N,N
5074,WIMI,WiMi Hologram Cloud Inc. - Class B Ordinary Shares,G,N,N,100,N,N
5075,WINA,Winmark Corporation - Common Stock,G,N,N,40,N,N
5076,WING,Wingstop Inc. - Common Stock,Q,N,N,40,N,N
5077,WISE,Themes Generative Artificial Intelligence ETF,G,N,N,100,Y,N
5078,WIX,Wix.com Ltd. - Ordinary Shares,Q,N,N,100,N,N
5079,WKEY,WISeKey International Holding Ltd - American Depositary Shares,G,N,N,100,N,N
5080,WKHS,"Workhorse Group, Inc. - Common Stock",S,N,N,100,N,N
5081,WKSP,"Worksport, Ltd. - Common Stock",S,N,N,100,N,N
5082,WLAC,Willow Lane Acquisition Corp. - Class A Ordinary Shares,G,N,N,100,N,N
5083,WLACU,Willow Lane Acquisition Corp. - Unit,G,N,N,100,N,N
5084,WLACW,Willow Lane Acquisition Corp. - Warrants,G,N,N,100,N,N
5085,WLDN,"Willdan Group, Inc. - Common Stock",G,N,N,100,N,N
5086,WLDS,Wearable Devices Ltd. - Ordinary Share,S,N,N,100,N,N
5087,WLDSW,Wearable Devices Ltd. - Warrant,S,N,N,100,N,N
5088,WLFC,Willis Lease Finance Corporation - Common Stock,G,N,N,100,N,N
5089,WLTH,Wealthfront Corporation - Common Stock,Q,N,N,100,N,N
5090,WMG,Warner Music Group Corp. - Class A Common Stock,Q,N,N,100,N,N
5091,WMT,Walmart Inc. - Common Stock,Q,N,N,100,N,N
5092,WNEB,"Western New England Bancorp, Inc. - Common Stock",Q,N,N,100,N,N
5093,WNW,Meiwu Technology Company Limited - Ordinary Shares,S,N,N,100,N,N
5094,WOK,WORK Medical Technology Group LTD - Class A Ordinary Shares,S,N,N,100,N,N
5095,WOOD,iShares Global Timber & Forestry ETF,G,N,N,100,Y,N
5096,WOOF,"Petco Health and Wellness Company, Inc. - Class A Common Stock",Q,N,N,100,N,N
5097,WORX,SCWorx Corp. - Common Stock,S,N,D,100,N,N
5098,WPRT,Westport Fuel Systems Inc - Common Shares,Q,N,N,100,N,N
5099,WRAP,"Wrap Technologies, Inc. - Common Stock",S,N,N,100,N,N
5100,WRD,WeRide Inc. - American Depositary Shares,G,N,N,100,N,N
5101,WRLD,World Acceptance Corporation - Common Stock,Q,N,N,100,N,N
5102,WRND,NYLI Global Equity R&D Leaders ETF,G,N,N,100,Y,N
5103,WSBC,"WesBanco, Inc. - Common Stock",Q,N,N,100,N,N
5104,WSBCO,"WesBanco, Inc. - Depositary Shares each representing 1/40th interest in a share of 7.375% Fixed-Rate Reset Non-Cumulative Perpetual Preferred Stock, Series B",Q,N,N,100,N,N
5105,WSBF,"Waterstone Financial, Inc. - Common Stock",Q,N,N,100,N,N
5106,WSBK,"Winchester Bancorp, Inc. - Common Stock",S,N,N,100,N,N
5107,WSC,WillScot Holdings Corporation - Class A Common Stock,S,N,N,100,N,N
5108,WSFS,WSFS Financial Corporation - Common Stock,Q,N,N,100,N,N
5109,WSGE,Warren Street Global Equity ETF,G,N,N,100,Y,N
5110,WSHP,WeShop Holdings Limited - Class A Ordinary Shares,S,N,N,100,N,N
5111,WSML,iShares MSCI World Small-Cap ETF,G,N,N,100,Y,N
5112,WSTN,Westin Acquisition Corp - Class A Ordinary Share,S,N,N,100,N,N
5113,WSTNR,Westin Acquisition Corp - Right,S,N,N,100,N,N
5114,WSTNU,Westin Acquisition Corp - Units,S,N,N,100,N,N
5115,WTBA,West Bancorporation - Common Stock,Q,N,N,100,N,N
5116,WTBN,WisdomTree Bianco Total Return Fund,G,N,N,100,Y,N
5117,WTF,Waton Financial Limited - Ordinary Shares,S,N,N,100,N,N
5118,WTFC,Wintrust Financial Corporation - Common Stock,Q,N,N,100,N,N
5119,WTFCN,"Wintrust Financial Corporation - Depositary Shares, Each Representing a 1/1,000th Interest in a Share of 7.875% Fixed-Rate Reset Non-Cumulative Perpetual Preferred Stock, Series F, no par value, with a liquidation preference of $25,000 per share",Q,N,N,100,N,N
5120,WTG,Wintergreen Acquisition Corp. - Ordinary Shares,S,N,N,100,N,N
5121,WTGUR,Wintergreen Acquisition Corp. - Rights,S,N,N,100,N,N
5122,WTGUU,Wintergreen Acquisition Corp. - Unit,S,N,N,100,N,N
5123,WTIP,WisdomTree Inflation Plus Fund,G,N,N,100,Y,N
5124,WTMU,WisdomTree Core Laddered Municipal Fund,G,N,N,100,Y,N
5125,WTMY,WisdomTree High Income Laddered Municipal Fund,G,N,N,100,Y,N
5126,WTO,UTime Limited - Class A Ordinary Shares,S,N,N,100,N,N
5127,WTW,Willis Towers Watson Public Limited Company - Ordinary Shares,Q,N,N,40,N,N
5128,WULF,TeraWulf Inc. - Common Stock,S,N,N,100,N,N
5129,WVE,Wave Life Sciences Ltd. - Ordinary Shares,G,N,N,100,N,N
5130,WVVI,"Willamette Valley Vineyards, Inc. - Common Stock",S,N,N,100,N,N
5131,WVVIP,"Willamette Valley Vineyards, Inc. - Series A Redeemable Preferred Stock",S,N,N,100,N,N
5132,WW,"WW International, Inc.  - Common Stock",G,N,N,100,N,N
5133,WWD,"Woodward, Inc. - Common Stock",Q,N,N,100,N,N
5134,WXM,WF International Limited - Ordinary Shares,S,N,D,100,N,N
5135,WYFI,"WhiteFiber, Inc. - Ordinary Shares",S,N,N,100,N,N
5136,WYHG,Wing Yip Food Holdings Group Limited - American Depositary Shares,S,N,D,100,N,N
5137,WYNN,"Wynn Resorts, Limited - Common Stock",Q,N,N,100,N,N
5138,XAIR,"Beyond Air, Inc. - Common Stock",S,N,N,100,N,N
5139,XAIX,Xtrackers Artificial Intelligence and Big Data ETF,G,N,N,100,Y,N
5140,XBIL,US Treasury 6 Month Bill ETF,G,N,N,100,Y,N
5141,XBIO,"Xenetic Biosciences, Inc. - Common Stock",S,N,N,100,N,N
5142,XBIT,XBiotech Inc. - Common Stock,Q,N,N,100,N,N
5143,XBP,"XBP Global Holdings, Inc. - Common Stock",S,N,N,100,N,N
5144,XBPEW,"XBP Global Holdings, Inc. - Warrant",S,N,N,100,N,N
5145,XBTY,GraniteShares YieldBOOST Bitcoin ETF,G,N,N,100,Y,N
5146,XCBEU,X3 Acquisition Corp. Ltd. - Unit,G,N,N,100,N,N
5147,XCH,XCHG Limited - ADS,G,N,N,100,N,N
5148,XCNY,SPDR S&P Emerging Markets ex-China ETF,G,N,N,100,Y,N
5149,XCUR,"Exicure, Inc. - Common Stock",S,N,N,100,N,N
5150,XEL,Xcel Energy Inc. - Common Stock,Q,N,N,100,N,N
5151,XELB,"Xcel Brands, Inc - Common Stock",S,N,N,100,N,N
5152,XELLL,"Xcel Energy Inc. - 6.25% Junior Subordinated Notes, Series due 2085",G,N,N,100,N,N
5153,XENE,Xenon Pharmaceuticals Inc. - Common Shares,G,N,N,100,N,N
5154,XERS,"Xeris Biopharma Holdings, Inc. - Common Stock",Q,N,N,100,N,N
5155,XFOR,"X4 Pharmaceuticals, Inc. - Common Stock",S,N,N,100,N,N
5156,XGN,Exagen Inc. - Common Stock,G,N,N,100,N,N
5157,XHG,XChange TEC.INC - American Depositary Shares,S,N,N,100,N,N
5158,XHLD,"TEN Holdings, Inc. - Common Stock",S,N,N,100,N,N
5159,XLO,"Xilio Therapeutics, Inc. - Common Stock",S,N,D,100,N,N
5160,XMAG,Defiance Large Cap ex-Mag 7 ETF,G,N,N,100,Y,N
5161,XMTR,"Xometry, Inc. - Class A Common Stock",Q,N,N,100,N,N
5162,XNCR,"Xencor, Inc. - Common Stock",G,N,N,100,N,N
5163,XNET,Xunlei Limited - American Depositary Shares,Q,N,N,100,N,N
5164,XOMA,XOMA Royalty Corporation - Common Stock,G,N,N,100,N,N
5165,XOMAO,XOMA Royalty Corporation - Depositary Shares Rep Series B 8.375% Cumulative Preferred Stock,G,N,N,100,N,N
5166,XOMAP,XOMA Royalty Corporation - 8.625% Series A Cumulative Perpetual Preferred Stock,G,N,N,100,N,N
5167,XOMX,Direxion Daily XOM Bull 2X Shares,G,N,N,100,Y,N
5168,XOMZ,Direxion Daily XOM Bear 1X Shares,G,N,N,100,Y,N
5169,XOS,"Xos, Inc. - Common Stock",S,N,N,100,N,N
5170,XOSWW,"Xos, Inc. - Warrants",S,N,N,100,N,N
5171,XOVR,ERShares Private-Public Crossover ETF,G,N,N,100,Y,N
5172,XP,XP Inc. - Class A Common Stock,Q,N,N,100,N,N
5173,XPEG,Leverage Shares 2X Long XPEV Daily ETF,G,N,N,100,Y,N
5174,XPEL,"XPEL, Inc. - Common Stock",S,N,N,100,N,N
5175,XPON,Expion360 Inc. - Common Stock,S,N,N,100,N,N
5176,XRAY,DENTSPLY SIRONA Inc. - Common Stock,Q,N,N,100,N,N
5177,XRPC,Canary XRP ETF,G,N,N,100,Y,N
5178,XRPI,Volatility Shares Trust XRP ETF,G,N,N,100,Y,N
5179,XRPN,Armada Acquisition Corp. II - Class A Ordinary Shares,G,N,N,100,N,N
5180,XRPNU,Armada Acquisition Corp. II - Units,G,N,N,100,N,N
5181,XRPNW,Armada Acquisition Corp. II - Warrant,G,N,N,100,N,N
5182,XRPT,Volatility Shares Trust XRP 2X ETF,G,N,N,100,Y,N
5183,XRTX,XORTX Therapeutics Inc. - Common Stock,S,N,D,100,N,N
5184,XRX,Xerox Holdings Corporation - Common Stock,Q,N,N,100,N,N
5185,XT,iShares Future Exponential Technologies ETF,G,N,N,100,Y,N
5186,XTIA,"XTI Aerospace, Inc. Common Stock  - Common Stock",S,N,N,100,N,N
5187,XTKG,"X3 Holdings Co., Ltd. - Ordinary Shares",S,N,N,100,N,N
5188,XTLB,XTL Biopharmaceuticals Ltd. - American Depositary Shares,S,N,D,100,N,N
5189,XWEL,"XWELL, Inc. - Common Stock",S,N,D,100,N,N
5190,XWIN,"XMAX, Inc. - Common Stock",S,N,N,100,N,N
5191,XXII,"22nd Century Group, Inc - Common Stock",S,N,N,100,N,N
5192,XYZG,Leverage Shares 2X Long XYZ Daily ETF,G,N,N,100,Y,N
5193,YAAS,Youxin Technology Ltd - Class A Ordinary shares,S,N,N,100,N,N
5194,YB,Yuanbao Inc. - American Depositary Shares,G,N,N,100,N,N
5195,YBMN,Defiance BMNR Option Income ETF,G,N,N,100,Y,N
5196,YBST,GraniteShares YieldBoost Single Stock Universe ETF,G,N,N,100,Y,N
5197,YBTY,GraniteShares YieldBoost TopYielders ETF,G,N,N,100,Y,N
5198,YDDL,One and One Green Technologies. INC - Class A Ordinary Shares,S,N,N,100,N,N
5199,YDES,YD Bio Limited - Ordinary Shares,G,N,N,100,N,N
5200,YDESW,YD Bio Limited - Warrants,G,N,N,100,N,N
5201,YDKG,Yueda Digital Holding - Class A Ordinary Share,S,N,N,100,N,N
5202,YHC,LQR House Inc. - Common Stock,S,N,N,100,N,N
5203,YHGJ,Yunhong Green CTI Ltd. - Common Stock,S,N,N,100,N,N
5204,YHNA,YHN Acquisition I Limited - Ordinary Shares,G,N,N,100,N,N
5205,YHNAR,YHN Acquisition I Limited - Right,G,N,N,100,N,N
5206,YHNAU,YHN Acquisition I Limited - Unit,G,N,N,100,N,N
5207,YI,"111, Inc. - American Depositary Shares",G,N,N,100,N,N
5208,YIBO,Planet Image International Limited - Class A Ordinary Shares,S,N,N,100,N,N
5209,YJ,Yunji Inc. - American Depository Shares,S,N,N,100,N,N
5210,YLDE,Franklin ClearBridge Enhanced Income ETF,G,N,N,100,Y,N
5211,YMAT,"J-Star Holding Co., Ltd. - Class A Ordinary Shares",S,N,D,100,N,N
5212,YMT,Yimutian Inc. - American Depositary Shares; each representing 25 Class A ordinary shares,G,N,D,100,N,N
5213,YNOT,Horizon Digital Frontier ETF,G,N,N,100,Y,N
5214,YOKE,YOKE Core ETF,G,N,N,100,Y,N
5215,YORW,The York Water Company - Common Stock,Q,N,N,100,N,N
5216,YOUL,Youlife Group Inc. - American Depositary Shares,S,N,N,100,N,N
5217,YQ,17 Education & Technology Group Inc. - American Depositary Shares,Q,N,N,100,N,N
5218,YQQQ,YieldMax Short N100 Option Income Strategy ETF,G,N,N,100,Y,N
5219,YSPY,GraniteShares YieldBOOST SPY ETF,G,N,N,100,Y,N
5220,YSXT,"YSX Tech. Co., Ltd  - Class A Ordinary Shares",S,N,N,100,N,N
5221,YTRA,"Yatra Online, Inc. - Ordinary Shares",S,N,N,100,N,N
5222,YXT,YXT.COM GROUP HOLDING LIMITED - American Depository Shares,G,N,N,100,N,N
5223,YYAI,AiRWA Inc. - Common Stock,S,N,N,100,N,N
5224,YYGH,YY Group Holding Limited - Class A Ordinary Shares,S,N,D,100,N,N
5225,Z,"Zillow Group, Inc. - Class C Capital Stock",Q,N,N,100,N,N
5226,ZAP,Global X U.S. Electrification ETF,G,N,N,100,Y,N
5227,ZAZZT,Tick Pilot Test Stock Class A Common Stock,G,Y,N,100,N,N
5228,ZBAI,ATIF Holdings Limited - Ordinary Shares,S,N,N,100,N,N
5229,ZBAO,Zhibao Technology Inc. - Class A Ordinary Shares,S,N,N,100,N,N
5230,ZBIO,"Zenas BioPharma, Inc. - Common Stock",Q,N,N,100,N,N
5231,ZBRA,Zebra Technologies Corporation - Class A Common Stock,Q,N,N,40,N,N
5232,ZBZZT,Test Pilot Test Stock Class B Common Stock,G,Y,N,100,N,N
5233,ZCMD,Zhongchao Inc. - Class A Ordinary Shares,S,N,D,100,N,N
5234,ZCZZT,Tick Pilot Test Stock Class C ,G,Y,N,100,N,N
5235,ZD,"Ziff Davis, Inc. - Common Stock",Q,N,N,100,N,N
5236,ZDAI,"DirectBooking Technology Co., Ltd. - Class A Ordinary Shares",S,N,D,100,N,N
5237,ZENA,"ZenaTech, Inc. - Common Stock",S,N,N,100,N,N
5238,ZENV,Zenvia Inc. - Class A Common Stock,S,N,N,100,N,N
5239,ZEO,Zeo Energy Corporation - Class A Common Stock,S,N,N,100,N,N
5240,ZEOWW,Zeo Energy Corporation - Warrants,S,N,N,100,N,N
5241,ZEUS,"Olympic Steel, Inc. - Common Stock",Q,N,N,100,N,N
5242,ZG,"Zillow Group, Inc. - Class A Common Stock",Q,N,N,100,N,N
5243,ZGM,Zenta Group Company Limited - Ordinary Shares,S,N,N,100,N,N
5244,ZHOG,F/m Opportunistic Income ETF,G,N,N,100,Y,N
5245,ZION,Zions Bancorporation N.A. - Common Stock,Q,N,N,100,N,N
5246,ZIONP,Zions Bancorporation N.A. - Depositary Shares each representing a 1/40th ownership interest in a share of Series A Floating-Rate Non-Cumulative Perpetual Preferred Stock,G,N,N,100,N,N
5247,ZJK,"ZJK Industrial Co., Ltd. - Ordinary Shares",S,N,N,100,N,N
5248,ZJYL,JIN MEDICAL INTERNATIONAL LTD. - Ordinary Shares,S,N,D,100,N,N
5249,ZJZZT,NASDAQ TEST STOCK,Q,Y,N,100,N,N
5250,ZKIN,"ZK International Group Co., Ltd - Ordinary Share",S,N,N,100,N,N
5251,ZKPU,Lafayette Digital Acquisition Corp. I - Unit,G,N,N,100,N,N
5252,ZLAB,Zai Lab Limited - American Depositary Shares,G,N,N,100,N,N
5253,ZM,"Zoom Communications, Inc. - Class A Common Stock",Q,N,N,100,N,N
5254,ZMUN,F/m Ultrashort Tax-Free Municipal ETF,G,N,N,100,Y,N
5255,ZNB,Zeta Network Group - Class A Ordinary Shares,S,N,N,100,N,N
5256,ZNTL,"Zentalis Pharmaceuticals, Inc. - common stock",G,N,N,100,N,N
5257,ZOOZ,ZOOZ Strategy Ltd. - Ordinary Shares,S,N,D,100,N,N
5258,ZOOZW,ZOOZ Strategy Ltd. - Warrant,S,N,N,100,N,N
5259,ZS,"Zscaler, Inc. - Common Stock",Q,N,N,40,N,N
5260,ZSPC,"zSpace, Inc. - Common stock",S,N,D,100,N,N
5261,ZTEK,Zentek Ltd. - common stock,S,N,D,100,N,N
5262,ZTEN,F/m 10-Year Investment Grade Corporate Bond ETF,G,N,N,100,Y,N
5263,ZTOP,F/m High Yield 100 ETF,G,N,N,100,Y,N
5264,ZTRE,F/m 3-Year Investment Grade Corporate Bond ETF,G,N,N,100,Y,N
5265,ZTWO,F/m 2-Year Investment Grade Corporate Bond ETF,G,N,N,100,Y,N
5266,ZUMZ,Zumiez Inc. - Common Stock,Q,N,N,100,N,N
5267,ZURA,Zura Bio Limited - Class A Ordinary shares,S,N,N,100,N,N
5268,ZVRA,"Zevra Therapeutics, Inc.  - Common Stock",Q,N,N,100,N,N
5269,ZVZZT,NASDAQ TEST STOCK,G,Y,N,100,N,N
5270,ZWZZT,NASDAQ TEST STOCK,S,Y,N,100,N,N
5271,ZXYZ.A,Nasdaq Symbology Test Common Stock,Q,Y,N,100,N,N
5272,ZXZZT,NASDAQ TEST STOCK,G,Y,N,100,N,N
5273,ZYBT,Zhengye Biotechnology Holding Limited - Ordinary Shares,S,N,N,100,N,N
5274,ZYME,Zymeworks Inc. - Common Stock,Q,N,N,100,N,N
