Adj Close,Close,High,Low,Open,Volume
0.059388648718595505,0.09722200036048889,0.1015629991889,0.08854199945926666,0.08854199945926666,1031788800
0.06150955706834793,0.10069400072097778,0.10243099927902222,0.09722200036048889,0.09722200036048889,308160000
0.06257058680057526,0.10243099927902222,0.10329899936914444,0.10069400072097778,0.10069400072097778,133171200
0.06097928807139397,0.09982600063085556,0.10329899936914444,0.09895800054073334,0.10243099927902222,67766400
0.05991887301206589,0.09809000045061111,0.10069400072097778,0.09722200036048889,0.09982600063085556,47894400
0.05832820013165474,0.09548600018024445,0.09809000045061111,0.09461800009012222,0.09809000045061111,58435200
0.05673752352595329,0.09288199990987778,0.09722200036048889,0.09114599972963333,0.09548600018024445,59990400
0.05514685809612274,0.09027799963951111,0.09288199990987778,0.08940999954938889,0.09288199990987778,65289600
0.0562073178589344,0.09201399981975555,0.09201399981975555,0.08940999954938889,0.09027799963951111,32083200
0.05779797211289406,0.09461800009012222,0.09548600018024445,0.09114599972963333,0.09201399981975555,22752000
0.05885840207338333,0.09635400027036667,0.09635400027036667,0.09461800009012222,0.09461800009012222,16848000
0.05832820013165474,0.09548600018024445,0.09635400027036667,0.09375,0.09635400027036667,12873600
0.05779797211289406,0.09461800009012222,0.09548600018024445,0.09461800009012222,0.09548600018024445,11088000
0.05832820013165474,0.09548600018024445,0.09722200036048889,0.09461800009012222,0.09461800009012222,27014400
0.05885840207338333,0.09635400027036667,0.09895800054073334,0.09635400027036667,0.09635400027036667,23040000
0.05885840207338333,0.09635400027036667,0.09722200036048889,0.09635400027036667,0.09635400027036667,26582400
0.05779797211289406,0.09461800009012222,0.09722200036048889,0.09288199990987778,0.09635400027036667,16560000
0.05832820013165474,0.09548600018024445,0.09722200036048889,0.09461800009012222,0.09461800009012222,10252800
0.059388648718595505,0.09722200036048889,0.09809000045061111,0.09548600018024445,0.09548600018024445,12153600
0.05991887301206589,0.09809000045061111,0.09895800054073334,0.09548600018024445,0.09722200036048889,13881600
0.06097928807139397,0.09982600063085556,0.1015629991889,0.09895800054073334,0.09895800054073334,17222400
0.06150955706834793,0.10069400072097778,0.1015629991889,0.09982600063085556,0.09982600063085556,12153600
0.06150955706834793,0.10069400072097778,0.10069400072097778,0.09722200036048889,0.10069400072097778,9302400
0.06363105773925781,0.10416699945926666,0.10503499954938889,0.09982600063085556,0.10069400072097778,31910400
0.06416124850511551,0.10503499954938889,0.10503499954938889,0.10416699945926666,0.10416699945926666,22003200
0.06204038858413696,0.1015629991889,0.10503499954938889,0.10069400072097778,0.10503499954938889,21628800
0.06204038858413696,0.1015629991889,0.10243099927902222,0.09895800054073334,0.1015629991889,22924800
0.06097928807139397,0.09982600063085556,0.1015629991889,0.09982600063085556,0.1015629991889,15552000
0.0612444244325161,0.10025999695062637,0.10069400072097778,0.09895800054073334,0.09982600063085556,15609600
0.0673426017165184,0.11024300009012222,0.11197900027036667,0.09982600063085556,0.10025999695062637,62352000
0.07158499956130981,0.1171879991889,0.12196200340986252,0.11111100018024445,0.11111100018024445,85795200
0.07211527228355408,0.11805599927902222,0.11892399936914444,0.11631900072097778,0.1171879991889,28886400
0.06999373435974121,0.11458300054073334,0.11805599927902222,0.11371500045061111,0.11805599927902222,30326400
0.06840304285287857,0.11197900027036667,0.11545100063085556,0.109375,0.11458300054073334,30902400
0.0673426017165184,0.11024300009012222,0.11197900027036667,0.10850699990987778,0.11197900027036667,54345600
0.0673426017165184,0.11024300009012222,0.11197900027036667,0.109375,0.11024300009012222,20246400
0.06681236624717712,0.109375,0.11024300009012222,0.109375,0.11024300009012222,3254400
0.0673426017165184,0.11024300009012222,0.11197900027036667,0.11024300009012222,0.11024300009012222,9734400
0.0673426017165184,0.11024300009012222,0.11111100018024445,0.10850699990987778,0.11024300009012222,5155200
0.06787282228469849,0.11111100018024445,0.11111100018024445,0.109375,0.11024300009012222,3542400
0.0673426017165184,0.11024300009012222,0.11111100018024445,0.11024300009012222,0.11111100018024445,6076800
0.06787282228469849,0.11111100018024445,0.11371500045061111,0.11024300009012222,0.11024300009012222,10483200
0.06840304285287857,0.11197900027036667,0.11284700036048889,0.11111100018024445,0.11111100018024445,3830400
0.06787282228469849,0.11111100018024445,0.11197900027036667,0.11111100018024445,0.11197900027036667,9302400
0.06787282228469849,0.11111100018024445,0.11284700036048889,0.11111100018024445,0.11111100018024445,3801600
0.06840304285287857,0.11197900027036667,0.11458300054073334,0.11111100018024445,0.11111100018024445,11952000
0.0673426017165184,0.11024300009012222,0.11197900027036667,0.109375,0.11197900027036667,11001600
0.06681236624717712,0.109375,0.11024300009012222,0.10850699990987778,0.11024300009012222,61977600
0.06575195491313934,0.10763899981975555,0.11024300009012222,0.10763899981975555,0.109375,8092800
0.06575195491313934,0.10763899981975555,0.10850699990987778,0.10763899981975555,0.10763899981975555,4406400
0.06575195491313934,0.10763899981975555,0.109375,0.10763899981975555,0.10763899981975555,4089600
0.06787282228469849,0.11111100018024445,0.11111100018024445,0.10763899981975555,0.10763899981975555,13881600
0.06999373435974121,0.11458300054073334,0.11458300054073334,0.11111100018024445,0.11111100018024445,15523200
0.07158499956130981,0.1171879991889,0.11892399936914444,0.11371500045061111,0.11458300054073334,45676800
0.07423609495162964,0.12152799963951111,0.12326399981975555,0.11805599927902222,0.11805599927902222,27072000
0.07211527228355408,0.11805599927902222,0.12152799963951111,0.11805599927902222,0.12152799963951111,19728000
0.07211527228355408,0.11805599927902222,0.11805599927902222,0.11631900072097778,0.11805599927902222,5011200
0.07158499956130981,0.1171879991889,0.11892399936914444,0.11631900072097778,0.11805599927902222,4723200
0.07264544069766998,0.11892399936914444,0.11892399936914444,0.11631900072097778,0.1171879991889,13708800
0.07264544069766998,0.11892399936914444,0.11892399936914444,0.1171879991889,0.11892399936914444,3427200
0.06946349143981934,0.11371500045061111,0.11892399936914444,0.11371500045061111,0.11892399936914444,12672000
0.06946349143981934,0.11371500045061111,0.11371500045061111,0.11197900027036667,0.11371500045061111,3427200
0.06946349143981934,0.11371500045061111,0.11371500045061111,0.11197900027036667,0.11371500045061111,2304000
0.06681236624717712,0.109375,0.11371500045061111,0.10850699990987778,0.11371500045061111,13708800
0.06681236624717712,0.109375,0.11024300009012222,0.10850699990987778,0.109375,7891200
0.06628214567899704,0.10850699990987778,0.11024300009012222,0.10763899981975555,0.109375,9590400
0.0673426017165184,0.11024300009012222,0.11197900027036667,0.109375,0.109375,13075200
0.06681236624717712,0.109375,0.11024300009012222,0.10763899981975555,0.11024300009012222,4348800
0.06628214567899704,0.10850699990987778,0.11024300009012222,0.10763899981975555,0.109375,8467200
0.06654725968837738,0.10894100368022919,0.109375,0.10850699990987778,0.10850699990987778,3801600
0.0673426017165184,0.11024300009012222,0.11024300009012222,0.10677099972963333,0.10894100368022919,46195200
0.06681236624717712,0.109375,0.11111100018024445,0.10850699990987778,0.11024300009012222,14572800
0.06575195491313934,0.10763899981975555,0.11024300009012222,0.10763899981975555,0.109375,15235200
0.06363105773925781,0.10416699945926666,0.10850699990987778,0.10416699945926666,0.10763899981975555,19152000
0.06310082972049713,0.10329899936914444,0.10503499954938889,0.10243099927902222,0.10416699945926666,10396800
0.06522171944379807,0.10677099972963333,0.109375,0.10243099927902222,0.10329899936914444,62352000
0.06522171944379807,0.10677099972963333,0.10677099972963333,0.10590299963951111,0.10677099972963333,47577600
0.06522171944379807,0.10677099972963333,0.10677099972963333,0.10590299963951111,0.10677099972963333,52617600
0.06628214567899704,0.10850699990987778,0.109375,0.10763899981975555,0.10763899981975555,14140800
0.06363105773925781,0.10416699945926666,0.10850699990987778,0.10416699945926666,0.10850699990987778,14054400
0.06204038858413696,0.1015629991889,0.10416699945926666,0.10069400072097778,0.10416699945926666,14256000
0.059388648718595505,0.09722200036048889,0.1015629991889,0.09635400027036667,0.1015629991889,46137600
0.05779797211289406,0.09461800009012222,0.09809000045061111,0.09027799963951111,0.09722200036048889,46886400
0.059388648718595505,0.09722200036048889,0.09895800054073334,0.09461800009012222,0.09461800009012222,17395200
0.05859331041574478,0.09591999650001526,0.09809000045061111,0.09461800009012222,0.09461800009012222,28598400
0.059388648718595505,0.09722200036048889,0.09895800054073334,0.09461800009012222,0.09591999650001526,13190400
0.06150955706834793,0.10069400072097778,0.10069400072097778,0.09809000045061111,0.09809000045061111,9360000
0.06257058680057526,0.10243099927902222,0.10243099927902222,0.09982600063085556,0.10069400072097778,6940800
0.06310082972049713,0.10329899936914444,0.10416699945926666,0.09982600063085556,0.10243099927902222,12326400
0.06310082972049713,0.10329899936914444,0.10503499954938889,0.10329899936914444,0.10329899936914444,3513600
0.06522171944379807,0.10677099972963333,0.10677099972963333,0.10329899936914444,0.10329899936914444,10512000
0.06363105773925781,0.10416699945926666,0.10850699990987778,0.10416699945926666,0.10677099972963333,20793600
0.06575195491313934,0.10763899981975555,0.109375,0.10590299963951111,0.10590299963951111,14140800
0.06628214567899704,0.10850699990987778,0.109375,0.10763899981975555,0.10763899981975555,20448000
0.0646914690732956,0.10590299963951111,0.10850699990987778,0.10590299963951111,0.10850699990987778,11808000
0.06310082972049713,0.10329899936914444,0.10677099972963333,0.1015629991889,0.10590299963951111,14054400
0.06097928807139397,0.09982600063085556,0.10329899936914444,0.09635400027036667,0.10329899936914444,26409600
0.06044907122850418,0.09895800054073334,0.10069400072097778,0.09895800054073334,0.09982600063085556,15638400
0.05991887301206589,0.09809000045061111,0.09982600063085556,0.09722200036048889,0.09895800054073334,12902400
0.05991887301206589,0.09809000045061111,0.09809000045061111,0.09548600018024445,0.09809000045061111,12441600
0.059388648718595505,0.09722200036048889,0.09895800054073334,0.09722200036048889,0.09809000045061111,2822400
0.05885840207338333,0.09635400027036667,0.09809000045061111,0.09461800009012222,0.09722200036048889,18316800
0.05832820013165474,0.09548600018024445,0.09722200036048889,0.09461800009012222,0.09635400027036667,3657600
0.05885840207338333,0.09635400027036667,0.09809000045061111,0.09548600018024445,0.09548600018024445,4147200
0.06097928807139397,0.09982600063085556,0.10069400072097778,0.09809000045061111,0.09809000045061111,7948800
0.06257058680057526,0.10243099927902222,0.10243099927902222,0.09982600063085556,0.09982600063085556,9993600
0.06310082972049713,0.10329899936914444,0.10329899936914444,0.1015629991889,0.10243099927902222,6883200
0.0646914690732956,0.10590299963951111,0.10677099972963333,0.10329899936914444,0.10329899936914444,20131200
0.06495659798383713,0.10633700340986252,0.10677099972963333,0.10503499954938889,0.10590299963951111,6105600
0.06416124850511551,0.10503499954938889,0.10677099972963333,0.10503499954938889,0.10633700340986252,12787200
0.06416124850511551,0.10503499954938889,0.1054690033197403,0.10329899936914444,0.10503499954938889,20390400
0.06363105773925781,0.10416699945926666,0.10503499954938889,0.10416699945926666,0.10503499954938889,20764800
0.06363105773925781,0.10416699945926666,0.10590299963951111,0.10416699945926666,0.10416699945926666,49536000
0.06257058680057526,0.10243099927902222,0.10503499954938889,0.10069400072097778,0.10416699945926666,5760000
0.06257058680057526,0.10243099927902222,0.10243099927902222,0.10069400072097778,0.10243099927902222,2419200
0.06204038858413696,0.1015629991889,0.10243099927902222,0.1015629991889,0.10243099927902222,10857600
0.06204038858413696,0.1015629991889,0.10243099927902222,0.10069400072097778,0.1015629991889,9532800
0.06204038858413696,0.1015629991889,0.10243099927902222,0.1015629991889,0.1015629991889,3427200
0.06044907122850418,0.09895800054073334,0.10243099927902222,0.09722200036048889,0.1015629991889,25430400
0.05885840207338333,0.09635400027036667,0.09895800054073334,0.09505199640989304,0.09895800054073334,5212800
0.05726776272058487,0.09375,0.09548600018024445,0.09114599972963333,0.09548600018024445,18316800
0.06204038858413696,0.1015629991889,0.1015629991889,0.09548600018024445,0.09548600018024445,39427200
0.0646914690732956,0.10590299963951111,0.10590299963951111,0.10069400072097778,0.1015629991889,26352000
0.06416124850511551,0.10503499954938889,0.10677099972963333,0.10503499954938889,0.10590299963951111,9619200
0.06522171944379807,0.10677099972963333,0.109375,0.10503499954938889,0.10503499954938889,37526400
0.06416124850511551,0.10503499954938889,0.10763899981975555,0.10503499954938889,0.10677099972963333,10886400
0.06150955706834793,0.10069400072097778,0.10590299963951111,0.10069400072097778,0.10503499954938889,35654400
0.05991887301206589,0.09809000045061111,0.1015629991889,0.09809000045061111,0.10069400072097778,24451200
0.06097928807139397,0.09982600063085556,0.09982600063085556,0.09635400027036667,0.09809000045061111,22492800
0.06097928807139397,0.09982600063085556,0.10069400072097778,0.09809000045061111,0.09982600063085556,5184000
0.06257058680057526,0.10243099927902222,0.10416699945926666,0.09895800054073334,0.09982600063085556,8035200
0.06310082972049713,0.10329899936914444,0.10503499954938889,0.10243099927902222,0.10243099927902222,5356800
0.06310082972049713,0.10329899936914444,0.10416699945926666,0.10243099927902222,0.10329899936914444,2505600
0.06257058680057526,0.10243099927902222,0.10329899936914444,0.10243099927902222,0.10329899936914444,4492800
0.06363105773925781,0.10416699945926666,0.10503499954938889,0.10243099927902222,0.10243099927902222,5961600
0.06283573806285858,0.10286500304937363,0.10416699945926666,0.10243099927902222,0.10416699945926666,4780800
0.06150955706834793,0.10069400072097778,0.10329899936914444,0.10069400072097778,0.10286500304937363,5155200
0.06150955706834793,0.10069400072097778,0.1015629991889,0.09982600063085556,0.10069400072097778,2332800
0.05991887301206589,0.09809000045061111,0.10069400072097778,0.09809000045061111,0.10069400072097778,6192000
0.05991887301206589,0.09809000045061111,0.09982600063085556,0.09809000045061111,0.09809000045061111,5184000
0.059388648718595505,0.09722200036048889,0.09982600063085556,0.09548600018024445,0.09809000045061111,32428800
0.059388648718595505,0.09722200036048889,0.09895800054073334,0.09635400027036667,0.09722200036048889,22723200
0.05991887301206589,0.09809000045061111,0.09895800054073334,0.09722200036048889,0.09722200036048889,14716800
0.0646914690732956,0.10590299963951111,0.10763899981975555,0.10069400072097778,0.10069400072097778,85334400
0.06601707637310028,0.10807300359010696,0.11024300009012222,0.10590299963951111,0.10590299963951111,59788800
0.06787282228469849,0.11111100018024445,0.11241299659013748,0.10677099972963333,0.10807300359010696,119606400
0.06999373435974121,0.11458300054073334,0.1171879991889,0.11111100018024445,0.11111100018024445,92563200
0.07317567616701126,0.11979199945926666,0.12239599972963333,0.11284700036048889,0.11458300054073334,76752000
0.06999373435974121,0.11458300054073334,0.11979199945926666,0.11458300054073334,0.11979199945926666,27129600
0.07105416804552078,0.11631900072097778,0.1171879991889,0.11545100063085556,0.11545100063085556,12873600
0.07423609495162964,0.12152799963951111,0.12239599972963333,0.11631900072097778,0.11631900072097778,63532800
0.07423609495162964,0.12152799963951111,0.12239599972963333,0.12065999954938889,0.12152799963951111,21859200
0.07635699212551117,0.125,0.12586799263954163,0.12152799963951111,0.12152799963951111,124444800
0.07688722759485245,0.12586799263954163,0.12760399281978607,0.12239599972963333,0.125,43545600
0.08006853610277176,0.13107599318027496,0.13107599318027496,0.12673600018024445,0.12673600018024445,112377600
0.08006853610277176,0.13107599318027496,0.1323779970407486,0.13020800054073334,0.13107599318027496,54576000
0.08006853610277176,0.13107599318027496,0.13194400072097778,0.12977400422096252,0.13107599318027496,70444800
0.07953834533691406,0.13020800054073334,0.13107599318027496,0.12673600018024445,0.13107599318027496,101376000
0.08219006657600403,0.13454900681972504,0.13454900681972504,0.13107599318027496,0.13107599318027496,125654400
0.08404584974050522,0.13758699595928192,0.13975700736045837,0.13454900681972504,0.13454900681972504,142646400
0.08165983855724335,0.13368099927902222,0.13802100718021393,0.13194400072097778,0.13758699595928192,53222400
0.08325047045946121,0.13628500699996948,0.13802100718021393,0.1328130066394806,0.13368099927902222,44380800
0.08219006657600403,0.13454900681972504,0.13802100718021393,0.13368099927902222,0.13628500699996948,63734400
0.08378070592880249,0.1371529996395111,0.13802100718021393,0.13541699945926666,0.13541699945926666,42192000
0.08696203678846359,0.14236100018024445,0.14236100018024445,0.1371529996395111,0.1371529996395111,54403200
0.09226487576961517,0.15104199945926666,0.15191000699996948,0.14149299263954163,0.14236100018024445,45100800
0.0943857952952385,0.15451399981975555,0.15798600018024445,0.15017400681972504,0.15104199945926666,72576000
0.09385555982589722,0.15364600718021393,0.15538200736045837,0.15104199945926666,0.15451399981975555,44323200
0.09014341980218887,0.14756900072097778,0.15364600718021393,0.14670099318027496,0.15364600718021393,28684800
0.09067423641681671,0.1484380066394806,0.15017400681972504,0.1484380066394806,0.1484380066394806,11894400
0.09067423641681671,0.1484380066394806,0.15191000699996948,0.14670099318027496,0.1484380066394806,34156800
0.08934807032346725,0.14626699686050415,0.14930599927902222,0.14583300054073334,0.1484380066394806,30211200
0.09014341980218887,0.14756900072097778,0.14756900072097778,0.14322899281978607,0.14626699686050415,18720000
0.09067423641681671,0.1484380066394806,0.15017400681972504,0.14583300054073334,0.14756900072097778,24307200
0.08590163290500641,0.140625,0.14930599927902222,0.140625,0.1484380066394806,59673600
0.08908296376466751,0.14583300054073334,0.14670099318027496,0.140625,0.140625,48729600
0.09597650170326233,0.15711799263954163,0.15711799263954163,0.14583300054073334,0.14583300054073334,98179200
0.09915778785943985,0.16232599318027496,0.1640630066394806,0.15798600018024445,0.15798600018024445,91065600
0.10711180418729782,0.1753470003604889,0.17621499300003052,0.15711799263954163,0.16232599318027496,173836800
0.10817224532365799,0.17708300054073334,0.17795099318027496,0.17447899281978607,0.1753470003604889,95788800
0.10711180418729782,0.1753470003604889,0.17795099318027496,0.1753470003604889,0.17708300054073334,38793600
0.10552112758159637,0.17274299263954163,0.17621499300003052,0.17100700736045837,0.1753470003604889,41328000
0.10340020805597305,0.16927100718021393,0.17361100018024445,0.1684029996395111,0.17274299263954163,40291200
0.10393044352531433,0.17013899981975555,0.17361100018024445,0.17013899981975555,0.17013899981975555,28771200
0.10313504189252853,0.16883699595928192,0.171875,0.1684029996395111,0.17013899981975555,35164800
0.10446067899465561,0.17100700736045837,0.17274299263954163,0.16753500699996948,0.16883699595928192,42508800
0.10393044352531433,0.17013899981975555,0.171875,0.17013899981975555,0.17100700736045837,107510400
0.10286995768547058,0.1684029996395111,0.171875,0.16579900681972504,0.17013899981975555,22665600
0.10233980417251587,0.16753500699996948,0.16927100718021393,0.16666699945926666,0.1684029996395111,16099200
0.10313504189252853,0.16883699595928192,0.16927100718021393,0.16579900681972504,0.16753500699996948,27590400
0.10393044352531433,0.17013899981975555,0.17100700736045837,0.1684029996395111,0.16883699595928192,11635200
0.10021887719631195,0.1640630066394806,0.17013899981975555,0.1640630066394806,0.17013899981975555,25286400
0.097567118704319,0.1597220003604889,0.16493099927902222,0.15711799263954163,0.1640630066394806,50774400
0.09862758219242096,0.16145800054073334,0.1640630066394806,0.16058999300003052,0.16058999300003052,77299200
0.09968803077936172,0.16319400072097778,0.1640630066394806,0.16145800054073334,0.16145800054073334,23356800
0.1004839837551117,0.1644970029592514,0.16493099927902222,0.16232599318027496,0.16319400072097778,12672000
0.10286995768547058,0.1684029996395111,0.17013899981975555,0.16493099927902222,0.16493099927902222,56592000
0.10393044352531433,0.17013899981975555,0.171875,0.1684029996395111,0.1684029996395111,18316800
0.1049908995628357,0.171875,0.171875,0.17013899981975555,0.17013899981975555,23788800
0.10472579300403595,0.1714410036802292,0.171875,0.17100700736045837,0.171875,7027200
0.10446067899465561,0.17100700736045837,0.17274299263954163,0.17100700736045837,0.1714410036802292,3715200
0.10021887719631195,0.1640630066394806,0.17274299263954163,0.1640630066394806,0.17100700736045837,41702400
0.10127928853034973,0.16579900681972504,0.16666699945926666,0.16232599318027496,0.1640630066394806,25401600
0.10233980417251587,0.16753500699996948,0.17013899981975555,0.16579900681972504,0.16579900681972504,23356800
0.10127928853034973,0.16579900681972504,0.16927100718021393,0.16493099927902222,0.16753500699996948,12643200
0.10711180418729782,0.1753470003604889,0.17708300054073334,0.16493099927902222,0.16579900681972504,48499200
0.1087023988366127,0.17795099318027496,0.17881900072097778,0.17447899281978607,0.1753470003604889,40032000
0.11453552544116974,0.1875,0.1875,0.17795099318027496,0.17795099318027496,60998400
0.11824705451726913,0.19357599318027496,0.1953130066394806,0.18836799263954163,0.18836799263954163,61488000
0.12301968783140182,0.20138899981975555,0.20225700736045837,0.19270800054073334,0.19357599318027496,63705600
0.1309736669063568,0.21441000699996948,0.21614600718021393,0.1996529996395111,0.20138899981975555,128793600
0.1272614449262619,0.20833300054073334,0.21267400681972504,0.20486100018024445,0.21267400681972504,76320000
0.1272614449262619,0.20833300054073334,0.20920099318027496,0.20399299263954163,0.20833300054073334,69465600
0.13415494561195374,0.21961799263954163,0.22482599318027496,0.20833300054073334,0.20833300054073334,117014400
0.1309736669063568,0.21441000699996948,0.21961799263954163,0.21006900072097778,0.21961799263954163,65433600
0.13574564456939697,0.2222220003604889,0.2222220003604889,0.21006900072097778,0.21441000699996948,88243200
0.1378665268421173,0.22569400072097778,0.2309029996395111,0.22135399281978607,0.2222220003604889,95760000
0.14369961619377136,0.23524299263954163,0.24131900072097778,0.22135399281978607,0.22569400072097778,108489600
0.1580168455839157,0.2586809992790222,0.25954899191856384,0.22829900681972504,0.23524299263954163,116035200
0.1431693285703659,0.234375,0.2690970003604889,0.234375,0.2586809992790222,317894400
0.1458204984664917,0.23871499300003052,0.24131900072097778,0.22829900681972504,0.23611100018024445,116553600
0.15165360271930695,0.24826399981975555,0.25173598527908325,0.23871499300003052,0.23871499300003052,114105600
0.15218377113342285,0.24913200736045837,0.25260400772094727,0.24131900072097778,0.24826399981975555,76723200
0.1458204984664917,0.23871499300003052,0.25173598527908325,0.23350700736045837,0.24913200736045837,79228800
0.1551000326871872,0.2539060115814209,0.2543399930000305,0.23524299263954163,0.23871499300003052,104169600
0.15483489632606506,0.2534720003604889,0.2586809992790222,0.2534720003604889,0.2539060115814209,46915200
0.15218377113342285,0.24913200736045837,0.25607600808143616,0.24479199945926666,0.2534720003604889,59328000
0.15271398425102234,0.25,0.2508679926395416,0.2465279996395111,0.24913200736045837,31737600
0.15165360271930695,0.24826399981975555,0.25173598527908325,0.24566000699996948,0.25,42652800
0.14608563482761383,0.23914900422096252,0.2495660036802292,0.2378470003604889,0.24826399981975555,45619200
0.14476008713245392,0.23697899281978607,0.23871499300003052,0.23567700386047363,0.23871499300003052,136080000
0.1452903002500534,0.2378470003604889,0.2378470003604889,0.23177100718021393,0.23697899281978607,44668800
0.15218377113342285,0.24913200736045837,0.24913200736045837,0.23871499300003052,0.23871499300003052,60307200
0.16278882324695587,0.2664929926395416,0.26779499650001526,0.24913200736045837,0.24913200736045837,185731200
0.161198228597641,0.26388901472091675,0.2699649930000305,0.2578130066394806,0.2664929926395416,81763200
0.16225866973400116,0.265625,0.2664929926395416,0.2578130066394806,0.26388901472091675,70732800
0.15218377113342285,0.24913200736045837,0.2699649930000305,0.24826399981975555,0.265625,128592000
0.1458204984664917,0.23871499300003052,0.24826399981975555,0.23611100018024445,0.24826399981975555,317750400
0.14422975480556488,0.23611100018024445,0.23871499300003052,0.23263899981975555,0.23871499300003052,87897600
0.1532442420721054,0.2508679926395416,0.2543399930000305,0.2309029996395111,0.23611100018024445,125913600
0.1606680303812027,0.26302099227905273,0.26388901472091675,0.2508679926395416,0.2508679926395416,120816000
0.1580168455839157,0.2586809992790222,0.26779499650001526,0.2569440007209778,0.26302099227905273,65001600
0.163849338889122,0.26822900772094727,0.27604201436042786,0.2534720003604889,0.2586809992790222,145209600
0.16278882324695587,0.2664929926395416,0.2699649930000305,0.2621529996395111,0.26822900772094727,37555200
0.1580168455839157,0.2586809992790222,0.2664929926395416,0.2569440007209778,0.2664929926395416,79516800
0.1580168455839157,0.2586809992790222,0.2612850069999695,0.25520798563957214,0.2586809992790222,81100800
0.169152170419693,0.2769100069999695,0.2777779996395111,0.2578130066394806,0.2586809992790222,98179200
0.17710617184638977,0.2899309992790222,0.2960070073604584,0.2769100069999695,0.2769100069999695,128188800
0.17657583951950073,0.2890630066394806,0.29166701436042786,0.2821179926395416,0.2899309992790222,63561600
0.17339392006397247,0.28385400772094727,0.2899309992790222,0.2821179926395416,0.2890630066394806,38275200
0.17869675159454346,0.2925350069999695,0.2960070073604584,0.28298598527908325,0.28385400772094727,74102400
0.18134786188602448,0.296875,0.29861098527908325,0.2934029996395111,0.296875,43862400
0.1821432113647461,0.29817700386047363,0.3003470003604889,0.2899309992790222,0.296875,71337600
0.1755148321390152,0.28732600808143616,0.3003470003604889,0.28125,0.29817700386047363,105120000
0.17445442080497742,0.2855899930000305,0.28645798563957214,0.2769100069999695,0.28645798563957214,88473600
0.1802874207496643,0.29513901472091675,0.296875,0.2847220003604889,0.2855899930000305,54547200
0.18983212113380432,0.31076401472091675,0.3133679926395416,0.296875,0.296875,119347200
0.19354356825351715,0.3168399930000305,0.3168399930000305,0.3055559992790222,0.31076401472091675,62812800
0.1914227157831192,0.3133679926395416,0.3168399930000305,0.3116320073604584,0.3168399930000305,38246400
0.19009719789028168,0.31119799613952637,0.31770798563957214,0.3081600069999695,0.3133679926395416,67478400
0.1914227157831192,0.3133679926395416,0.31510400772094727,0.3038190007209778,0.3038190007209778,69609600
0.1906273365020752,0.312065988779068,0.31510400772094727,0.30989599227905273,0.3133679926395416,33840000
0.18930181860923767,0.30989599227905273,0.3125,0.3090279996395111,0.312065988779068,33379200
0.1946040242910385,0.31857600808143616,0.32552099227905273,0.3116320073604584,0.3116320073604584,120873600
0.20520980656147003,0.3359380066394806,0.3359380066394806,0.30729201436042786,0.31857600808143616,186134400
0.20520980656147003,0.3359380066394806,0.34375,0.3315970003604889,0.3315970003604889,125337600
0.19301334023475647,0.3159720003604889,0.3428820073604584,0.31423598527908325,0.3359380066394806,259430400
0.20149752497673035,0.32986098527908325,0.3368059992790222,0.3211809992790222,0.3211809992790222,159955200
0.21157249808311462,0.34635400772094727,0.3480899930000305,0.32986098527908325,0.32986098527908325,155606400
0.2105119824409485,0.3446179926395416,0.3472220003604889,0.33854201436042786,0.34635400772094727,98956800
0.19937676191329956,0.32638901472091675,0.3446179926395416,0.32638901472091675,0.3446179926395416,73728000
0.20520980656147003,0.3359380066394806,0.3394100069999695,0.32638901472091675,0.32638901472091675,106214400
0.20149752497673035,0.32986098527908325,0.3359380066394806,0.3272570073604584,0.3359380066394806,71568000
0.20282311737537384,0.3320310115814209,0.3324649930000305,0.3289929926395416,0.32986098527908325,43372800
0.1961953490972519,0.3211809992790222,0.3315970003604889,0.3194440007209778,0.3315970003604889,50256000
0.19937676191329956,0.32638901472091675,0.3315970003604889,0.3159720003604889,0.3211809992790222,87379200
0.20361842215061188,0.33333298563957214,0.3368059992790222,0.3289929926395416,0.3289929926395416,95961600
0.20892135798931122,0.34201401472091675,0.34895798563957214,0.3324649930000305,0.33333298563957214,188092800
0.20308823883533478,0.3324649930000305,0.34548598527908325,0.3315970003604889,0.34201401472091675,100310400
0.20627008378505707,0.33767399191856384,0.3402779996395111,0.32552099227905273,0.3324649930000305,113184000
0.20892135798931122,0.34201401472091675,0.3428820073604584,0.33767399191856384,0.33767399191856384,74678400
0.20892135798931122,0.34201401472091675,0.34548598527908325,0.3368059992790222,0.34201401472091675,48326400
0.2099817991256714,0.34375,0.34548598527908325,0.33767399191856384,0.34201401472091675,54172800
0.2099817991256714,0.34375,0.34635400772094727,0.33767399191856384,0.34375,53107200
0.2253594696521759,0.36892399191856384,0.36979201436042786,0.3402779996395111,0.34375,111081600
0.21899613738059998,0.3585070073604584,0.3784720003604889,0.3585070073604584,0.36892399191856384,85161600
0.22058680653572083,0.36111098527908325,0.36892399191856384,0.35329899191856384,0.3585070073604584,88041600
0.22270767390727997,0.36458298563957214,0.36545100808143616,0.35677099227905273,0.36111098527908325,37843200
0.22695009410381317,0.3715279996395111,0.3741320073604584,0.3628470003604889,0.36458298563957214,34531200
0.24550916254520416,0.4019100069999695,0.4019100069999695,0.37239599227905273,0.37239599227905273,110995200
0.2396760731935501,0.39236098527908325,0.4053820073604584,0.390625,0.4019100069999695,153504000
0.2508113384246826,0.4105899930000305,0.41145798563957214,0.3897570073604584,0.39236098527908325,289699200
0.26830989122390747,0.43923598527908325,0.4453130066394806,0.41145798563957214,0.41145798563957214,150048000
0.26088613271713257,0.42708298563957214,0.43923598527908325,0.4266490042209625,0.43923598527908325,127382400
0.25187185406684875,0.41232600808143616,0.43142399191856384,0.40625,0.42708298563957214,148464000
0.2582350969314575,0.4227429926395416,0.42447900772094727,0.4149309992790222,0.4149309992790222,73382400
0.26035594940185547,0.4262149930000305,0.4340279996395111,0.4227429926395416,0.4227429926395416,59961600
0.2529328763484955,0.4140630066394806,0.4253470003604889,0.4140630066394806,0.4253470003604889,84326400
0.24444861710071564,0.40017399191856384,0.4140630066394806,0.38888901472091675,0.4140630066394806,172598400
0.23596453666687012,0.3862850069999695,0.40017399191856384,0.3862850069999695,0.40017399191856384,78336000
0.2322523295879364,0.38020798563957214,0.38454899191856384,0.37239599227905273,0.38454899191856384,228355200
0.23649471998214722,0.3871529996395111,0.3914929926395416,0.38107600808143616,0.38107600808143616,93312000
0.22960114479064941,0.3758679926395416,0.38888901472091675,0.3741320073604584,0.3871529996395111,64627200
0.2322523295879364,0.38020798563957214,0.3819440007209778,0.375,0.3758679926395416,46886400
0.2322523295879364,0.38020798563957214,0.38888901472091675,0.3784720003604889,0.38020798563957214,48758400
0.24656955897808075,0.40364599227905273,0.40451401472091675,0.3793399930000305,0.38020798563957214,108662400
0.24444861710071564,0.40017399191856384,0.4105899930000305,0.3993059992790222,0.40364599227905273,80380800
0.2396760731935501,0.39236098527908325,0.40017399191856384,0.39236098527908325,0.40017399191856384,30326400
0.23861564695835114,0.390625,0.3984380066394806,0.38541701436042786,0.39236098527908325,51552000
0.24020637571811676,0.39322900772094727,0.3984380066394806,0.39236098527908325,0.39236098527908325,21628800
0.23861564695835114,0.390625,0.39322900772094727,0.38802099227905273,0.39322900772094727,20390400
0.23172204196453094,0.3793399930000305,0.39236098527908325,0.3715279996395111,0.390625,59270400
0.23278255760669708,0.38107600808143616,0.3819440007209778,0.37326401472091675,0.3793399930000305,111571200
0.23119188845157623,0.3784720003604889,0.3819440007209778,0.37673598527908325,0.38107600808143616,25833600
0.21952620148658752,0.359375,0.38020798563957214,0.3515630066394806,0.3784720003604889,176256000
0.2068004161119461,0.33854201436042786,0.3671880066394806,0.33767399191856384,0.36545100808143616,268704000
0.20839112997055054,0.34114599227905273,0.3524309992790222,0.33767399191856384,0.33854201436042786,196156800
0.20839112997055054,0.34114599227905273,0.34635400772094727,0.33420100808143616,0.34114599227905273,125222400
0.2126329094171524,0.3480899930000305,0.3524309992790222,0.3402779996395111,0.34114599227905273,73526400
0.2200566679239273,0.3602429926395416,0.36111098527908325,0.34982600808143616,0.34982600808143616,71078400
0.2224425971508026,0.3641490042209625,0.36458298563957214,0.35416701436042786,0.359375,56188800
0.2216472625732422,0.3628470003604889,0.36892399191856384,0.36111098527908325,0.36545100808143616,40809600
0.2200566679239273,0.3602429926395416,0.36458298563957214,0.35763901472091675,0.36458298563957214,87436800
0.21793580055236816,0.35677099227905273,0.3602429926395416,0.34895798563957214,0.3602429926395416,100771200
0.2221774011850357,0.3637149930000305,0.3680559992790222,0.3585070073604584,0.3585070073604584,82684800
0.2216472625732422,0.3628470003604889,0.36458298563957214,0.359375,0.3628470003604889,44035200
0.2221774011850357,0.3637149930000305,0.36545100808143616,0.3602429926395416,0.3637149930000305,21945600
0.2211170792579651,0.36197900772094727,0.3637149930000305,0.3559029996395111,0.3637149930000305,25632000
0.21634510159492493,0.35416701436042786,0.3637149930000305,0.35329899191856384,0.3628470003604889,38332800
0.21740545332431793,0.3559029996395111,0.3585070073604584,0.3524309992790222,0.35329899191856384,21945600
0.21210263669490814,0.3472220003604889,0.35677099227905273,0.3428820073604584,0.35677099227905273,56880000
0.2068004161119461,0.33854201436042786,0.3506940007209778,0.3368059992790222,0.34635400772094727,65491200
0.1914227157831192,0.3133679926395416,0.33767399191856384,0.31076401472091675,0.33767399191856384,197078400
0.19778604805469513,0.3237850069999695,0.3289929926395416,0.30729201436042786,0.3159720003604889,193449600
0.20308823883533478,0.3324649930000305,0.3402779996395111,0.3237850069999695,0.32552099227905273,92707200
0.20573991537094116,0.3368059992790222,0.33854201436042786,0.32638901472091675,0.33072900772094727,75830400
0.2105119824409485,0.3446179926395416,0.34548598527908325,0.33333298563957214,0.3368059992790222,48326400
0.22270767390727997,0.36458298563957214,0.36545100808143616,0.34548598527908325,0.3472220003604889,152812800
0.21687516570091248,0.3550350069999695,0.3671880066394806,0.3550350069999695,0.36458298563957214,96768000
0.21634510159492493,0.35416701436042786,0.35763901472091675,0.3472220003604889,0.3559029996395111,72979200
0.21687516570091248,0.3550350069999695,0.36111098527908325,0.35329899191856384,0.35416701436042786,51264000
0.21104225516319275,0.34548598527908325,0.35416701436042786,0.3446179926395416,0.35416701436042786,42019200
0.2105119824409485,0.3446179926395416,0.3506940007209778,0.34201401472091675,0.34548598527908325,36547200
0.21210263669490814,0.3472220003604889,0.34895798563957214,0.34201401472091675,0.3446179926395416,53366400
0.20733055472373962,0.3394100069999695,0.3472220003604889,0.32638901472091675,0.3472220003604889,148492800
0.20892135798931122,0.34201401472091675,0.34548598527908325,0.3394100069999695,0.3402779996395111,57744000
0.21157249808311462,0.34635400772094727,0.34635400772094727,0.3368059992790222,0.34201401472091675,41817600
0.21104225516319275,0.34548598527908325,0.35329899191856384,0.3446179926395416,0.3480899930000305,38160000
0.2105119824409485,0.3446179926395416,0.34635400772094727,0.3394100069999695,0.34548598527908325,27676800
0.20573991537094116,0.3368059992790222,0.3446179926395416,0.33333298563957214,0.3446179926395416,55555200
0.19937676191329956,0.32638901472091675,0.3350690007209778,0.3194440007209778,0.3350690007209778,186624000
0.1946040242910385,0.31857600808143616,0.328125,0.3168399930000305,0.32638901472091675,116352000
0.19884639978408813,0.32552099227905273,0.32552099227905273,0.31857600808143616,0.31857600808143616,135072000
0.20627008378505707,0.33767399191856384,0.34201401472091675,0.32552099227905273,0.32638901472091675,211190400
0.21422360837459564,0.3506940007209778,0.3528650104999542,0.33854201436042786,0.33854201436042786,152553600
0.21952620148658752,0.359375,0.3628470003604889,0.34982600808143616,0.3506940007209778,171014400
0.21952620148658752,0.359375,0.36111098527908325,0.3559029996395111,0.3602429926395416,56448000
0.21528466045856476,0.3524309992790222,0.3628470003604889,0.3506940007209778,0.36111098527908325,68544000
0.21210263669490814,0.3472220003604889,0.35329899191856384,0.3472220003604889,0.3524309992790222,42364800
0.21846593916416168,0.35763901472091675,0.3628470003604889,0.3472220003604889,0.3472220003604889,80640000
0.21952620148658752,0.359375,0.3602429926395416,0.3559029996395111,0.35763901472091675,50832000
0.2211170792579651,0.36197900772094727,0.36197900772094727,0.35763901472091675,0.359375,33667200
0.21740545332431793,0.3559029996395111,0.36111098527908325,0.3524309992790222,0.359375,46944000
0.21740545332431793,0.3559029996395111,0.35677099227905273,0.34895798563957214,0.3559029996395111,48902400
0.22323797643184662,0.36545100808143616,0.3671880066394806,0.3559029996395111,0.3559029996395111,82051200
0.22695009410381317,0.3715279996395111,0.3758679926395416,0.36458298563957214,0.36458298563957214,68976000
0.2370249480009079,0.38802099227905273,0.3897570073604584,0.3663190007209778,0.3715279996395111,97747200
0.24338825047016144,0.3984380066394806,0.4053820073604584,0.3871529996395111,0.3914929926395416,185961600
0.24497899413108826,0.40104201436042786,0.4097220003604889,0.39670100808143616,0.3984380066394806,114105600
0.24550916254520416,0.4019100069999695,0.40364599227905273,0.39670100808143616,0.40104201436042786,72432000
0.2550537884235382,0.4175350069999695,0.4210070073604584,0.4027779996395111,0.4027779996395111,114796800
0.25187185406684875,0.41232600808143616,0.4175350069999695,0.4053820073604584,0.41579899191856384,84326400
0.24073652923107147,0.3940970003604889,0.41232600808143616,0.39236098527908325,0.4097220003604889,93859200
0.24391856789588928,0.3993059992790222,0.40017399191856384,0.3897570073604584,0.390625,78393600
0.24444861710071564,0.40017399191856384,0.40885400772094727,0.3949649930000305,0.40364599227905273,70934400
0.23755532503128052,0.38888901472091675,0.40104201436042786,0.38802099227905273,0.40017399191856384,48355200
0.23649471998214722,0.3871529996395111,0.38888901472091675,0.3758679926395416,0.38802099227905273,96336000
0.23914580047130585,0.3914929926395416,0.39583298563957214,0.3871529996395111,0.38888901472091675,60710400
0.24285738170146942,0.3975690007209778,0.4019100069999695,0.39236098527908325,0.39322900772094727,58176000
0.24656955897808075,0.40364599227905273,0.40451401472091675,0.39583298563957214,0.3975690007209778,41040000
0.2529328763484955,0.4140630066394806,0.41666701436042786,0.40451401472091675,0.40451401472091675,94464000
0.2500159442424774,0.4092879891395569,0.4149309992790222,0.40364599227905273,0.4149309992790222,39052800
0.24763011932373047,0.4053820073604584,0.41666701436042786,0.4053820073604584,0.4097220003604889,57715200
0.24603937566280365,0.4027779996395111,0.40798598527908325,0.3949649930000305,0.40625,69436800
0.24391856789588928,0.3993059992790222,0.4027779996395111,0.39583298563957214,0.4027779996395111,31651200
0.22695009410381317,0.3715279996395111,0.3975690007209778,0.3680559992790222,0.3715279996395111,85550400
0.24285738170146942,0.3975690007209778,0.40104201436042786,0.3680559992790222,0.3715279996395111,82008000
0.2555839419364929,0.4184029996395111,0.41927099227905273,0.40104201436042786,0.40104201436042786,107697600
0.25982579588890076,0.4253470003604889,0.43923598527908325,0.41666701436042786,0.41666701436042786,118440000
0.2630078196525574,0.4305559992790222,0.45138901472091675,0.4253470003604889,0.42708298563957214,82454400
0.27149128913879395,0.4444440007209778,0.453125,0.4288190007209778,0.4305559992790222,95544000
0.27255237102508545,0.4461809992790222,0.453125,0.4418399930000305,0.44791701436042786,57412800
0.28103581070899963,0.4600690007209778,0.46267399191856384,0.4444440007209778,0.4444440007209778,85680000
0.2905806005001068,0.4756940007209778,0.4774309992790222,0.45833298563957214,0.4600690007209778,127224000
0.3075489103794098,0.5034719705581665,0.5052080154418945,0.4774309992790222,0.47916701436042786,131644800
0.3351222276687622,0.5486109852790833,0.5486109852790833,0.5104169845581055,0.5104169845581055,184320000
0.31285175681114197,0.5121530294418335,0.5503469705581665,0.5095490217208862,0.5486109852790833,203040000
0.3096697926521301,0.5069440007209778,0.5225690007209778,0.4965279996395111,0.5138890147209167,125640000
0.3054279685020447,0.5,0.515625,0.48263901472091675,0.5086809992790222,96940800
0.3043675422668457,0.49826401472091675,0.5225690007209778,0.49826401472091675,0.5017359852790833,93888000
0.3033072054386139,0.4965279996395111,0.5069440007209778,0.47916701436042786,0.5,117187200
0.3107307255268097,0.5086809992790222,0.5138890147209167,0.4930559992790222,0.5017359852790833,96811200
0.30224671959877014,0.49479201436042786,0.5190969705581665,0.4913190007209778,0.5086809992790222,114220800
0.2990647256374359,0.48958298563957214,0.5052080154418945,0.48611098527908325,0.48958298563957214,128822400
0.2746732532978058,0.4496529996395111,0.5173609852790833,0.4461809992790222,0.48958298563957214,210240000
0.19195300340652466,0.31423598527908325,0.4409720003604889,0.3125,0.42708298563957214,146880000
0.20361842215061188,0.33333298563957214,0.36111098527908325,0.29861098527908325,0.3194440007209778,324000000
0.24020637571811676,0.39322900772094727,0.42013901472091675,0.3472220003604889,0.359375,262080000
0.2258896827697754,0.36979201436042786,0.4027779996395111,0.35416701436042786,0.3940970003604889,223200000
0.20467892289161682,0.3350690007209778,0.3680559992790222,0.32986098527908325,0.36458298563957214,112766400
0.16650037467479706,0.2725690007209778,0.33333298563957214,0.2586809992790222,0.32291701436042786,148320000
0.1749846190214157,0.28645798563957214,0.29861098527908325,0.2725690007209778,0.28298598527908325,234720000
0.1749846190214157,0.28645798563957214,0.29513901472091675,0.26736098527908325,0.2777779996395111,149760000
0.20255804061889648,0.3315970003604889,0.33854201436042786,0.28645798563957214,0.28645798563957214,167040000
0.21104225516319275,0.34548598527908325,0.3628470003604889,0.3368059992790222,0.34548598527908325,168480000
0.21316315233707428,0.34895798563957214,0.35416701436042786,0.3368059992790222,0.34201401472091675,84772800
0.20361842215061188,0.33333298563957214,0.3472220003604889,0.3038190007209778,0.34201401472091675,116150400
0.2068004161119461,0.33854201436042786,0.3524309992790222,0.3194440007209778,0.32638901472091675,95342400
0.21422360837459564,0.3506940007209778,0.3559029996395111,0.33854201436042786,0.3402779996395111,81432000
0.20149752497673035,0.32986098527908325,0.3506940007209778,0.32638901472091675,0.34895798563957214,75355200
0.19937676191329956,0.32638901472091675,0.32986098527908325,0.3159720003604889,0.3246529996395111,86587200
0.19937676191329956,0.32638901472091675,0.3368059992790222,0.3159720003604889,0.32291701436042786,91166400
0.20786088705062866,0.3402779996395111,0.34201401472091675,0.328125,0.32986098527908325,54619200
0.21210263669490814,0.3472220003604889,0.36111098527908325,0.3402779996395111,0.3524309992790222,99172800
0.20467892289161682,0.3350690007209778,0.34895798563957214,0.3350690007209778,0.3472220003604889,58492800
0.20255804061889648,0.3315970003604889,0.34548598527908325,0.32986098527908325,0.33854201436042786,59472000
0.19831626117229462,0.3246529996395111,0.32986098527908325,0.31423598527908325,0.3246529996395111,69321600
0.20361842215061188,0.33333298563957214,0.33333298563957214,0.3125,0.32986098527908325,89308800
0.1961953490972519,0.3211809992790222,0.3368059992790222,0.3194440007209778,0.3350690007209778,75024000
0.20149752497673035,0.32986098527908325,0.3315970003604889,0.31076401472091675,0.3159720003604889,82468800
0.20255804061889648,0.3315970003604889,0.33854201436042786,0.32638901472091675,0.328125,44640000
0.20149752497673035,0.32986098527908325,0.3402779996395111,0.3159720003604889,0.3368059992790222,72230400
0.195134237408638,0.3194440007209778,0.3315970003604889,0.3194440007209778,0.32986098527908325,32155200
0.19195300340652466,0.31423598527908325,0.3211809992790222,0.3125,0.3194440007209778,18316800
0.18983212113380432,0.31076401472091675,0.3125,0.28125,0.30729201436042786,164160000
0.18558962643146515,0.3038190007209778,0.31770798563957214,0.29861098527908325,0.3090279996395111,73540800
0.18665073812007904,0.3055559992790222,0.31076401472091675,0.296875,0.30208298563957214,68515200
0.17127302289009094,0.2803820073604584,0.31076401472091675,0.27951401472091675,0.30729201436042786,127670400
0.1781664788722992,0.29166701436042786,0.29427099227905273,0.2777779996395111,0.27951401472091675,121752000
0.1834687739610672,0.3003470003604889,0.3038190007209778,0.2934029996395111,0.29861098527908325,66211200
0.20149752497673035,0.32986098527908325,0.32986098527908325,0.29861098527908325,0.3003470003604889,112521600
0.1961953490972519,0.3211809992790222,0.3350690007209778,0.3194440007209778,0.328125,83793600
0.20149752497673035,0.32986098527908325,0.34375,0.30729201436042786,0.3159720003604889,165600000
0.20361842215061188,0.33333298563957214,0.3368059992790222,0.3246529996395111,0.3315970003604889,72475200
0.21528466045856476,0.3524309992790222,0.35416701436042786,0.3315970003604889,0.33333298563957214,95112000
0.21740545332431793,0.3559029996395111,0.3602429926395416,0.3472220003604889,0.3559029996395111,112219200
0.23013155162334442,0.37673598527908325,0.38020798563957214,0.34895798563957214,0.3506940007209778,105537600
0.22058680653572083,0.36111098527908325,0.38020798563957214,0.359375,0.38020798563957214,94017600
0.22058680653572083,0.36111098527908325,0.37326401472091675,0.36111098527908325,0.36458298563957214,52488000
0.21846593916416168,0.35763901472091675,0.3715279996395111,0.3524309992790222,0.36458298563957214,51163200
0.22270767390727997,0.36458298563957214,0.3680559992790222,0.3472220003604889,0.35763901472091675,41774400
0.2258896827697754,0.36979201436042786,0.37326401472091675,0.3628470003604889,0.36979201436042786,60710400
0.2258896827697754,0.36979201436042786,0.37326401472091675,0.3680559992790222,0.36979201436042786,12672000
0.21740545332431793,0.3559029996395111,0.36979201436042786,0.3472220003604889,0.3680559992790222,50716800
0.23119188845157623,0.3784720003604889,0.3819440007209778,0.3506940007209778,0.3559029996395111,79459200
0.23649471998214722,0.3871529996395111,0.38888901472091675,0.37673598527908325,0.3784720003604889,70704000
0.23013155162334442,0.37673598527908325,0.3871529996395111,0.37326401472091675,0.3836809992790222,61545600
0.23755532503128052,0.38888901472091675,0.39236098527908325,0.3784720003604889,0.38020798563957214,110347200
0.24179692566394806,0.39583298563957214,0.4027779996395111,0.39236098527908325,0.3975690007209778,155520000
0.24816027283668518,0.40625,0.4149309992790222,0.39583298563957214,0.3975690007209778,121680000
0.25664448738098145,0.42013901472091675,0.4210070073604584,0.3993059992790222,0.4027779996395111,90676800
0.23755532503128052,0.38888901472091675,0.4288190007209778,0.3862850069999695,0.4184029996395111,145440000
0.24550916254520416,0.4019100069999695,0.4027779996395111,0.38020798563957214,0.3871529996395111,143568000
0.24073652923107147,0.3940970003604889,0.40625,0.37673598527908325,0.4027779996395111,168480000
0.24073652923107147,0.3940970003604889,0.40625,0.38020798563957214,0.38888901472091675,96148800
0.23861564695835114,0.390625,0.4027779996395111,0.38888901472091675,0.3975690007209778,40608000
0.24497899413108826,0.40104201436042786,0.41145798563957214,0.40104201436042786,0.4097220003604889,92174400
0.24285738170146942,0.3975690007209778,0.4027779996395111,0.390625,0.4027779996395111,30038400
0.24285738170146942,0.3975690007209778,0.40451401472091675,0.3871529996395111,0.38888901472091675,47419200
0.22907105088233948,0.375,0.3975690007209778,0.36458298563957214,0.3940970003604889,208800000
0.23331280052661896,0.3819440007209778,0.390625,0.37673598527908325,0.37673598527908325,125107200
0.22854085266590118,0.3741320073604584,0.3897570073604584,0.3663190007209778,0.3862850069999695,75297600
0.23649471998214722,0.3871529996395111,0.390625,0.37673598527908325,0.37673598527908325,75499200
0.23119188845157623,0.3784720003604889,0.38802099227905273,0.37673598527908325,0.3819440007209778,43560000
0.23649471998214722,0.3871529996395111,0.390625,0.38020798563957214,0.38020798563957214,100411200
0.2396760731935501,0.39236098527908325,0.3940970003604889,0.38888901472091675,0.38888901472091675,29318400
0.23649471998214722,0.3871529996395111,0.39583298563957214,0.3784720003604889,0.39236098527908325,66700800
0.23437386751174927,0.3836809992790222,0.39583298563957214,0.3819440007209778,0.3940970003604889,48729600
0.23649471998214722,0.3871529996395111,0.38888901472091675,0.38020798563957214,0.3836809992790222,60753600
0.22376812994480133,0.3663190007209778,0.3871529996395111,0.3628470003604889,0.3871529996395111,75801600
0.21634510159492493,0.35416701436042786,0.36979201436042786,0.34548598527908325,0.3680559992790222,114710400
0.21846593916416168,0.35763901472091675,0.3715279996395111,0.3559029996395111,0.36111098527908325,94104000
0.21952620148658752,0.359375,0.36458298563957214,0.3524309992790222,0.3524309992790222,72878400
0.22376812994480133,0.3663190007209778,0.3680559992790222,0.36111098527908325,0.3628470003604889,49939200
0.22801052033901215,0.37326401472091675,0.375,0.36458298563957214,0.3680559992790222,77025600
0.2322523295879364,0.38020798563957214,0.38020798563957214,0.37326401472091675,0.375,69436800
0.23437386751174927,0.3836809992790222,0.390625,0.3784720003604889,0.38020798563957214,80222400
0.24391856789588928,0.3993059992790222,0.40104201436042786,0.3784720003604889,0.3819440007209778,67334400
0.24391856789588928,0.3993059992790222,0.40798598527908325,0.3975690007209778,0.4027779996395111,101318400
0.24603937566280365,0.4027779996395111,0.4097220003604889,0.39583298563957214,0.3975690007209778,84153600
0.24922077357769012,0.40798598527908325,0.40798598527908325,0.40104201436042786,0.40451401472091675,53164800
0.24922077357769012,0.40798598527908325,0.4097220003604889,0.4027779996395111,0.40798598527908325,52228800
0.25240209698677063,0.4131940007209778,0.41666701436042786,0.40798598527908325,0.40798598527908325,91728000
0.253993421792984,0.41579899191856384,0.421875,0.4131940007209778,0.4131940007209778,79560000
0.24656955897808075,0.40364599227905273,0.42013901472091675,0.4019100069999695,0.4149309992790222,61560000
0.247099831700325,0.40451401472091675,0.40798598527908325,0.3975690007209778,0.40451401472091675,29923200
0.25187185406684875,0.41232600808143616,0.4131940007209778,0.4027779996395111,0.40625,39326400
0.2502811551094055,0.4097220003604889,0.41666701436042786,0.40625,0.4149309992790222,43300800
0.25240209698677063,0.4131940007209778,0.421875,0.40798598527908325,0.4097220003604889,67896000
0.2587653398513794,0.42361098527908325,0.42708298563957214,0.4149309992790222,0.41666701436042786,83664000
0.2577049136161804,0.421875,0.4253470003604889,0.4149309992790222,0.42361098527908325,68356800
0.26565882563591003,0.43489599227905273,0.43576401472091675,0.421875,0.42361098527908325,78004800
0.27096107602119446,0.44357600808143616,0.4496529996395111,0.43576401472091675,0.4375,96897600
0.27149128913879395,0.4444440007209778,0.44791701436042786,0.43923598527908325,0.4409720003604889,81734400
0.2661890387535095,0.43576401472091675,0.45138901472091675,0.4331600069999695,0.4461809992790222,97948800
0.26512858271598816,0.4340279996395111,0.4375,0.42361098527908325,0.4340279996395111,84297600
0.2699005901813507,0.4418399930000305,0.44270798563957214,0.42708298563957214,0.43229201436042786,46281600
0.26512858271598816,0.4340279996395111,0.44270798563957214,0.43229201436042786,0.44270798563957214,43761600
0.2746732532978058,0.4496529996395111,0.4496529996395111,0.4305559992790222,0.43576401472091675,54547200
0.27096107602119446,0.44357600808143616,0.45486098527908325,0.44270798563957214,0.45138901472091675,125308800
0.247099831700325,0.40451401472091675,0.4444440007209778,0.40451401472091675,0.44270798563957214,169920000
0.24922077357769012,0.40798598527908325,0.40798598527908325,0.3940970003604889,0.40625,198720000
0.2555839419364929,0.4184029996395111,0.421875,0.40798598527908325,0.40798598527908325,115833600
0.2502811551094055,0.4097220003604889,0.4331600069999695,0.40798598527908325,0.4288190007209778,151200000
0.2396760731935501,0.39236098527908325,0.40798598527908325,0.3871529996395111,0.40798598527908325,159840000
0.23808540403842926,0.3897570073604584,0.40017399191856384,0.3871529996395111,0.3940970003604889,47332800
0.24126672744750977,0.3949649930000305,0.39583298563957214,0.3819440007209778,0.38541701436042786,67147200
0.2396760731935501,0.39236098527908325,0.40451401472091675,0.390625,0.3975690007209778,80712000
0.2322523295879364,0.38020798563957214,0.39583298563957214,0.37673598527908325,0.3940970003604889,100713600
0.2396760731935501,0.39236098527908325,0.39236098527908325,0.3784720003604889,0.3784720003604889,50256000
0.23437386751174927,0.3836809992790222,0.39236098527908325,0.3784720003604889,0.38888901472091675,47721600
0.23755532503128052,0.38888901472091675,0.38888901472091675,0.3784720003604889,0.38541701436042786,41760000
0.24656955897808075,0.40364599227905273,0.40451401472091675,0.3871529996395111,0.38888901472091675,75297600
0.24285738170146942,0.3975690007209778,0.40798598527908325,0.3975690007209778,0.40451401472091675,74923200
0.24603937566280365,0.4027779996395111,0.40625,0.39670100808143616,0.3993059992790222,57974400
0.24391856789588928,0.3993059992790222,0.40625,0.39583298563957214,0.40625,40406400
0.23649471998214722,0.3871529996395111,0.40104201436042786,0.3819440007209778,0.3975690007209778,52444800
0.24179692566394806,0.39583298563957214,0.39583298563957214,0.38541701436042786,0.38888901472091675,42206400
0.2248292714357376,0.3680559992790222,0.39236098527908325,0.3663190007209778,0.38541701436042786,110030400
0.23013155162334442,0.37673598527908325,0.3819440007209778,0.3663190007209778,0.36979201436042786,114220800
0.2322523295879364,0.38020798563957214,0.3836809992790222,0.37326401472091675,0.375,48052800
0.23013155162334442,0.37673598527908325,0.39583298563957214,0.375,0.38020798563957214,75772800
0.23119188845157623,0.3784720003604889,0.3819440007209778,0.37326401472091675,0.37673598527908325,65404800
0.23066169023513794,0.37760400772094727,0.38541701436042786,0.37326401472091675,0.3819440007209778,63979200
0.23437386751174927,0.3836809992790222,0.3871529996395111,0.3784720003604889,0.3784720003604889,33926400
0.23384371399879456,0.3828130066394806,0.3871529996395111,0.38020798563957214,0.3836809992790222,23385600
0.23649471998214722,0.3871529996395111,0.39236098527908325,0.3836809992790222,0.3871529996395111,46454400
0.2354343682527542,0.38541701436042786,0.38888901472091675,0.37673598527908325,0.3871529996395111,47894400
0.23490408062934875,0.38454899191856384,0.3871529996395111,0.3819440007209778,0.38541701436042786,28468800
0.23119188845157623,0.3784720003604889,0.3819440007209778,0.37673598527908325,0.3819440007209778,64771200
0.23331280052661896,0.3819440007209778,0.3836809992790222,0.3715279996395111,0.3784720003604889,49262400
0.2396760731935501,0.39236098527908325,0.39583298563957214,0.3836809992790222,0.3836809992790222,62740800
0.24232719838619232,0.39670100808143616,0.40104201436042786,0.38888901472091675,0.3940970003604889,75153600
0.24179692566394806,0.39583298563957214,0.3975690007209778,0.390625,0.3940970003604889,24883200
0.24285738170146942,0.3975690007209778,0.4027779996395111,0.3940970003604889,0.3940970003604889,43977600
0.24285738170146942,0.3975690007209778,0.40451401472091675,0.3940970003604889,0.3975690007209778,34790400
0.24179692566394806,0.39583298563957214,0.40017399191856384,0.390625,0.3975690007209778,46828800
0.23649471998214722,0.3871529996395111,0.39236098527908325,0.3819440007209778,0.39236098527908325,59486400
0.23755532503128052,0.38888901472091675,0.39236098527908325,0.38541701436042786,0.3871529996395111,26409600
0.24073652923107147,0.3940970003604889,0.39583298563957214,0.390625,0.39236098527908325,17913600
0.247099831700325,0.40451401472091675,0.40885400772094727,0.3940970003604889,0.3940970003604889,59788800
0.24603937566280365,0.4027779996395111,0.41145798563957214,0.4027779996395111,0.4097220003604889,70430400
0.24073652923107147,0.3940970003604889,0.4053820073604584,0.39236098527908325,0.4027779996395111,81374400
0.24179692566394806,0.39583298563957214,0.3975690007209778,0.3871529996395111,0.38888901472091675,57729600
0.23861564695835114,0.390625,0.40104201436042786,0.38888901472091675,0.3975690007209778,42523200
0.23331280052661896,0.3819440007209778,0.39236098527908325,0.3784720003604889,0.390625,50227200
0.24073652923107147,0.3940970003604889,0.3940970003604889,0.38020798563957214,0.3819440007209778,55324800
0.23649471998214722,0.3871529996395111,0.39583298563957214,0.38541701436042786,0.39236098527908325,53582400
0.23808540403842926,0.3897570073604584,0.39583298563957214,0.3871529996395111,0.38888901472091675,43387200
0.2354343682527542,0.38541701436042786,0.390625,0.38541701436042786,0.390625,33148800
0.24603937566280365,0.4027779996395111,0.40451401472091675,0.3836809992790222,0.38541701436042786,44049600
0.2513415813446045,0.41145798563957214,0.41666701436042786,0.40104201436042786,0.40451401472091675,95788800
0.2502811551094055,0.4097220003604889,0.41666701436042786,0.40798598527908325,0.4131940007209778,63230400
0.25240209698677063,0.4131940007209778,0.4149309992790222,0.40798598527908325,0.4097220003604889,34833600
0.2577049136161804,0.421875,0.42361098527908325,0.41145798563957214,0.4131940007209778,81748800
0.2587653398513794,0.42361098527908325,0.4305559992790222,0.41927099227905273,0.42361098527908325,82166400
0.2630078196525574,0.4305559992790222,0.4340279996395111,0.421875,0.421875,66283200
0.26194658875465393,0.4288190007209778,0.4366320073604584,0.42795100808143616,0.43229201436042786,69264000
0.2640683054924011,0.43229201436042786,0.43576401472091675,0.4253470003604889,0.4288190007209778,45014400
0.26459836959838867,0.4331600069999695,0.4375,0.43229201436042786,0.4340279996395111,31118400
0.2672494649887085,0.4375,0.4409720003604889,0.43576401472091675,0.4375,60379200
0.27149128913879395,0.4444440007209778,0.4444440007209778,0.4340279996395111,0.43576401472091675,51033600
0.2693704068660736,0.4409720003604889,0.44270798563957214,0.4375,0.43923598527908325,73713600
0.2672494649887085,0.4375,0.4461809992790222,0.43576401472091675,0.4409720003604889,42105600
0.2661890387535095,0.43576401472091675,0.4375,0.4305559992790222,0.43576401472091675,28137600
0.27149128913879395,0.4444440007209778,0.4444440007209778,0.4340279996395111,0.4340279996395111,39715200
0.284217894077301,0.4652779996395111,0.46875,0.44704899191856384,0.45138901472091675,127324800
0.2799754738807678,0.45833298563957214,0.46701401472091675,0.4565970003604889,0.4652779996395111,41054400
0.2767940163612366,0.453125,0.4600690007209778,0.45138901472091675,0.45833298563957214,28555200
0.27149128913879395,0.4444440007209778,0.453125,0.4444440007209778,0.453125,23630400
0.2789149284362793,0.4565970003604889,0.45833298563957214,0.44270798563957214,0.4444440007209778,32140800
0.2789149284362793,0.4565970003604889,0.4618059992790222,0.45486098527908325,0.45833298563957214,49809600
0.284217894077301,0.4652779996395111,0.4652779996395111,0.45833298563957214,0.4600690007209778,31550400
0.28845950961112976,0.4722220003604889,0.4722220003604889,0.46354201436042786,0.4652779996395111,42940800
0.2953531742095947,0.4835070073604584,0.484375,0.4652779996395111,0.46875,48096000
0.291641503572464,0.4774309992790222,0.48958298563957214,0.4756940007209778,0.484375,89380800
0.291641503572464,0.4774309992790222,0.47916701436042786,0.47048598527908325,0.47395798563957214,68428800
0.2905806005001068,0.4756940007209778,0.4774309992790222,0.47048598527908325,0.4722220003604889,40089600
0.28315743803977966,0.46354201436042786,0.4774309992790222,0.46354201436042786,0.4774309992790222,65764800
0.2783847153186798,0.45572900772094727,0.46701401472091675,0.4496529996395111,0.4652779996395111,90000000
0.28315743803977966,0.46354201436042786,0.46354201436042786,0.45138901472091675,0.45486098527908325,57427200
0.284217894077301,0.4652779996395111,0.4652779996395111,0.45833298563957214,0.46354201436042786,34848000
0.284217894077301,0.4652779996395111,0.46701401472091675,0.4600690007209778,0.4652779996395111,31579200
0.2863386571407318,0.46875,0.47048598527908325,0.4652779996395111,0.46701401472091675,20102400
0.2799754738807678,0.45833298563957214,0.46875,0.4565970003604889,0.46701401472091675,36460800
0.27149128913879395,0.4444440007209778,0.4618059992790222,0.44270798563957214,0.4618059992790222,111096000
0.2587653398513794,0.42361098527908325,0.4444440007209778,0.42013901472091675,0.44270798563957214,128937600
0.26194658875465393,0.4288190007209778,0.4340279996395111,0.42013901472091675,0.421875,68817600
0.25664448738098145,0.42013901472091675,0.4340279996395111,0.4184029996395111,0.4305559992790222,52704000
0.24603937566280365,0.4027779996395111,0.4097220003604889,0.3940970003604889,0.4027779996395111,228960000
0.24444861710071564,0.40017399191856384,0.4097220003604889,0.3993059992790222,0.40451401472091675,68140800
0.247099831700325,0.40451401472091675,0.40625,0.39583298563957214,0.3993059992790222,57945600
0.25240209698677063,0.4131940007209778,0.41666701436042786,0.40451401472091675,0.40625,59385600
0.24816027283668518,0.40625,0.41666701436042786,0.40625,0.4149309992790222,51825600
0.24391856789588928,0.3993059992790222,0.40798598527908325,0.3940970003604889,0.40625,65476800
0.23861564695835114,0.390625,0.3993059992790222,0.38541701436042786,0.3975690007209778,91987200
0.2354343682527542,0.38541701436042786,0.39236098527908325,0.38541701436042786,0.390625,53496000
0.22695009410381317,0.3715279996395111,0.38541701436042786,0.359375,0.38541701436042786,201600000
0.2258896827697754,0.36979201436042786,0.37326401472091675,0.3663190007209778,0.37326401472091675,148320000
0.21952620148658752,0.359375,0.36979201436042786,0.35416701436042786,0.3680559992790222,138830400
0.21422360837459564,0.3506940007209778,0.359375,0.3472220003604889,0.3559029996395111,113169600
0.21952620148658752,0.359375,0.36111098527908325,0.3472220003604889,0.35416701436042786,123105600
0.22058680653572083,0.36111098527908325,0.3628470003604889,0.35763901472091675,0.359375,58262400
0.21528466045856476,0.3524309992790222,0.3628470003604889,0.3472220003604889,0.36111098527908325,41083200
0.22270767390727997,0.36458298563957214,0.3663190007209778,0.34895798563957214,0.3506940007209778,90878400
0.22270767390727997,0.36458298563957214,0.3741320073604584,0.35677099227905273,0.36458298563957214,59112000
0.22376812994480133,0.3663190007209778,0.36979201436042786,0.36458298563957214,0.3663190007209778,32025600
0.21422360837459564,0.3506940007209778,0.3680559992790222,0.34895798563957214,0.3663190007209778,67377600
0.20361842215061188,0.33333298563957214,0.3506940007209778,0.3315970003604889,0.34895798563957214,110174400
0.2094515860080719,0.3428820073604584,0.34548598527908325,0.3315970003604889,0.3350690007209778,88315200
0.21846593916416168,0.35763901472091675,0.3585070073604584,0.34201401472091675,0.34375,102585600
0.21528466045856476,0.3524309992790222,0.35763901472091675,0.3472220003604889,0.34895798563957214,72633600
0.21793580055236816,0.35677099227905273,0.359375,0.3524309992790222,0.3524309992790222,24451200
0.2211170792579651,0.36197900772094727,0.36458298563957214,0.359375,0.36111098527908325,35035200
0.21740545332431793,0.3559029996395111,0.3628470003604889,0.35416701436042786,0.36111098527908325,20966400
0.21210263669490814,0.3472220003604889,0.359375,0.34201401472091675,0.35763901472091675,71884800
0.20733055472373962,0.3394100069999695,0.34548598527908325,0.33333298563957214,0.34375,82382400
0.21846593916416168,0.35763901472091675,0.359375,0.34375,0.34548598527908325,115329600
0.22058680653572083,0.36111098527908325,0.36458298563957214,0.3559029996395111,0.35763901472091675,67752000
0.21952620148658752,0.359375,0.3663190007209778,0.3524309992790222,0.3628470003604889,72115200
0.22058680653572083,0.36111098527908325,0.36979201436042786,0.3559029996395111,0.35763901472091675,69206400
0.22907105088233948,0.375,0.38020798563957214,0.35763901472091675,0.359375,111124800
0.22801052033901215,0.37326401472091675,0.3819440007209778,0.3715279996395111,0.37326401472091675,43257600
0.22907105088233948,0.375,0.37673598527908325,0.3663190007209778,0.36979201436042786,40608000
0.22907105088233948,0.375,0.3836809992790222,0.37326401472091675,0.38107600808143616,79214400
0.2216472625732422,0.3628470003604889,0.37673598527908325,0.36111098527908325,0.375,72921600
0.22058680653572083,0.36111098527908325,0.36458298563957214,0.359375,0.3628470003604889,48700800
0.21952620148658752,0.359375,0.36458298563957214,0.35416701436042786,0.36458298563957214,44697600
0.2258896827697754,0.36979201436042786,0.36979201436042786,0.359375,0.36111098527908325,53625600
0.22801052033901215,0.37326401472091675,0.375,0.3715279996395111,0.3715279996395111,16056000
0.23119188845157623,0.3784720003604889,0.3819440007209778,0.37326401472091675,0.375,59688000
0.22801052033901215,0.37326401472091675,0.3784720003604889,0.37326401472091675,0.3784720003604889,35092800
0.2221774011850357,0.3637149930000305,0.375,0.359375,0.37326401472091675,50212800
0.22058680653572083,0.36111098527908325,0.3628470003604889,0.35763901472091675,0.36111098527908325,35366400
0.2248292714357376,0.3680559992790222,0.3680559992790222,0.359375,0.3628470003604889,25516800
0.2248292714357376,0.3680559992790222,0.3715279996395111,0.36458298563957214,0.3663190007209778,56462400
0.2216472625732422,0.3628470003604889,0.3680559992790222,0.359375,0.3663190007209778,37252800
0.21793580055236816,0.35677099227905273,0.359375,0.3506940007209778,0.3559029996395111,41097600
0.21687516570091248,0.3550350069999695,0.36111098527908325,0.35329899191856384,0.35763901472091675,29260800
0.21316315233707428,0.34895798563957214,0.3559029996395111,0.3472220003604889,0.3559029996395111,67089600
0.21210263669490814,0.3472220003604889,0.3524309992790222,0.3472220003604889,0.34895798563957214,33609600
0.21104225516319275,0.34548598527908325,0.34895798563957214,0.3324649930000305,0.3472220003604889,208065600
0.20892135798931122,0.34201401472091675,0.3472220003604889,0.3315970003604889,0.3472220003604889,106358400
0.21104225516319275,0.34548598527908325,0.3506940007209778,0.3402779996395111,0.34548598527908325,65952000
0.21475434303283691,0.3515630066394806,0.359375,0.3402779996395111,0.34375,137534400
0.21846593916416168,0.35763901472091675,0.3628470003604889,0.34895798563957214,0.34982600808143616,82468800
0.21740545332431793,0.3559029996395111,0.3628470003604889,0.35416701436042786,0.36111098527908325,56764800
0.22058680653572083,0.36111098527908325,0.36458298563957214,0.3559029996395111,0.3559029996395111,25675200
0.22270767390727997,0.36458298563957214,0.3663190007209778,0.3559029996395111,0.359375,37224000
0.2258896827697754,0.36979201436042786,0.37326401472091675,0.3628470003604889,0.3715279996395111,80683200
0.22695009410381317,0.3715279996395111,0.375,0.3663190007209778,0.3663190007209778,73296000
0.2248292714357376,0.3680559992790222,0.3715279996395111,0.36458298563957214,0.3680559992790222,24264000
0.22058680653572083,0.36111098527908325,0.36979201436042786,0.3602429926395416,0.36979201436042786,28627200
0.21422360837459564,0.3506940007209778,0.3628470003604889,0.3472220003604889,0.36111098527908325,74548800
0.21104225516319275,0.34548598527908325,0.3506940007209778,0.3368059992790222,0.34895798563957214,157420800
0.2099817991256714,0.34375,0.34375,0.3315970003604889,0.34201401472091675,114336000
0.2099817991256714,0.34375,0.34548598527908325,0.3368059992790222,0.34201401472091675,46540800
0.20786088705062866,0.3402779996395111,0.34201401472091675,0.3368059992790222,0.34201401472091675,41284800
0.2068004161119461,0.33854201436042786,0.34548598527908325,0.33854201436042786,0.3402779996395111,53280000
0.20043718814849854,0.328125,0.33854201436042786,0.3246529996395111,0.33854201436042786,221803200
0.20043718814849854,0.328125,0.3315970003604889,0.3203130066394806,0.328125,118339200
0.19725576043128967,0.32291701436042786,0.3315970003604889,0.32291701436042786,0.32291701436042786,106603200
0.19831626117229462,0.3246529996395111,0.32638901472091675,0.3194440007209778,0.32291701436042786,55065600
0.20627008378505707,0.33767399191856384,0.3402779996395111,0.32638901472091675,0.328125,56606400
0.21104225516319275,0.34548598527908325,0.3472220003604889,0.3315970003604889,0.33333298563957214,124732800
0.20786088705062866,0.3402779996395111,0.3506940007209778,0.3402779996395111,0.34548598527908325,78796800
0.20202775299549103,0.33072900772094727,0.3402779996395111,0.32986098527908325,0.3368059992790222,54936000
0.20573991537094116,0.3368059992790222,0.33854201436042786,0.32986098527908325,0.33333298563957214,34329600
0.19937676191329956,0.32638901472091675,0.3368059992790222,0.32291701436042786,0.3368059992790222,93902400
0.1961953490972519,0.3211809992790222,0.328125,0.3159720003604889,0.3272570073604584,199008000
0.195134237408638,0.3194440007209778,0.3246529996395111,0.31770798563957214,0.3211809992790222,65865600
0.19778604805469513,0.3237850069999695,0.3246529996395111,0.31770798563957214,0.3211809992790222,34430400
0.195134237408638,0.3194440007209778,0.3211809992790222,0.31423598527908325,0.3194440007209778,47102400
0.195134237408638,0.3194440007209778,0.32291701436042786,0.3159720003604889,0.3194440007209778,30312000
0.19884639978408813,0.32552099227905273,0.32638901472091675,0.3194440007209778,0.3211809992790222,56548800
0.19672556221485138,0.32204899191856384,0.32291701436042786,0.31770798563957214,0.3211809992790222,11462400
0.19937676191329956,0.32638901472091675,0.32986098527908325,0.3211809992790222,0.3211809992790222,58737600
0.20149752497673035,0.32986098527908325,0.32986098527908325,0.3246529996395111,0.32638901472091675,21873600
0.20043718814849854,0.328125,0.3315970003604889,0.328125,0.328125,35193600
0.20786088705062866,0.3402779996395111,0.34375,0.32638901472091675,0.32986098527908325,82008000
0.21104225516319275,0.34548598527908325,0.34895798563957214,0.3368059992790222,0.3368059992790222,91497600
0.2099817991256714,0.34375,0.3506940007209778,0.33854201436042786,0.34548598527908325,70142400
0.21104225516319275,0.34548598527908325,0.34548598527908325,0.3402779996395111,0.34375,44366400
0.20892135798931122,0.34201401472091675,0.3472220003604889,0.34114599227905273,0.34375,30888000
0.20786088705062866,0.3402779996395111,0.34375,0.33854201436042786,0.34201401472091675,40176000
0.20786088705062866,0.3402779996395111,0.34201401472091675,0.3368059992790222,0.33854201436042786,22305600
0.20096732676029205,0.3289929926395416,0.3402779996395111,0.3289929926395416,0.33854201436042786,38894400
0.20255804061889648,0.3315970003604889,0.3315970003604889,0.328125,0.328125,39168000
0.20520980656147003,0.3359380066394806,0.33854201436042786,0.32986098527908325,0.3315970003604889,28008000
0.20786088705062866,0.3402779996395111,0.34201401472091675,0.3368059992790222,0.3402779996395111,23198400
0.21104225516319275,0.34548598527908325,0.34895798563957214,0.33854201436042786,0.33854201436042786,51796800
0.21528466045856476,0.3524309992790222,0.35763901472091675,0.3506940007209778,0.3515630066394806,83534400
0.21740545332431793,0.3559029996395111,0.36458298563957214,0.35416701436042786,0.35677099227905273,92188800
0.2216472625732422,0.3628470003604889,0.36458298563957214,0.3559029996395111,0.35763901472091675,46440000
0.22058680653572083,0.36111098527908325,0.3680559992790222,0.359375,0.36458298563957214,74592000
0.22058680653572083,0.36111098527908325,0.36111098527908325,0.35763901472091675,0.359375,17121600
0.21952620148658752,0.359375,0.36458298563957214,0.359375,0.36111098527908325,30772800
0.2216472625732422,0.3628470003604889,0.3628470003604889,0.359375,0.36111098527908325,21268800
0.2258896827697754,0.36979201436042786,0.3715279996395111,0.36111098527908325,0.36111098527908325,38275200
0.2258896827697754,0.36979201436042786,0.37673598527908325,0.36979201436042786,0.3715279996395111,63820800
0.22748024761676788,0.37239599227905273,0.37326401472091675,0.3663190007209778,0.3715279996395111,51825600
0.23013155162334442,0.37673598527908325,0.38107600808143616,0.3715279996395111,0.3715279996395111,53899200
0.22641991078853607,0.3706600069999695,0.38020798563957214,0.36979201436042786,0.38020798563957214,47246400
0.2248292714357376,0.3680559992790222,0.37326401472091675,0.3680559992790222,0.3715279996395111,59054400
0.22270767390727997,0.36458298563957214,0.36979201436042786,0.36197900772094727,0.3680559992790222,46008000
0.22058680653572083,0.36111098527908325,0.36458298563957214,0.359375,0.3628470003604889,54129600
0.22270767390727997,0.36458298563957214,0.36458298563957214,0.35763901472091675,0.3602429926395416,48297600
0.22270767390727997,0.36458298563957214,0.37326401472091675,0.3628470003604889,0.3628470003604889,54590400
0.2248292714357376,0.3680559992790222,0.36979201436042786,0.36458298563957214,0.36458298563957214,35568000
0.2253594696521759,0.36892399191856384,0.3758679926395416,0.3663190007209778,0.36979201436042786,27532800
0.21846593916416168,0.35763901472091675,0.3671880066394806,0.3559029996395111,0.36545100808143616,41745600
0.21846593916416168,0.35763901472091675,0.359375,0.34895798563957214,0.359375,63633600
0.22695009410381317,0.3715279996395111,0.37326401472091675,0.3628470003604889,0.3628470003604889,84297600
0.22960114479064941,0.3758679926395416,0.37760400772094727,0.36979201436042786,0.3715279996395111,61027200
0.2248292714357376,0.3680559992790222,0.375,0.3671880066394806,0.375,52228800
0.22376812994480133,0.3663190007209778,0.3715279996395111,0.36458298563957214,0.3680559992790222,56217600
0.2248292714357376,0.3680559992790222,0.36979201436042786,0.36458298563957214,0.3680559992790222,49046400
0.23013155162334442,0.37673598527908325,0.3784720003604889,0.36458298563957214,0.36545100808143616,87134400
0.23490408062934875,0.38454899191856384,0.39236098527908325,0.37326401472091675,0.3758679926395416,166420800
0.24816027283668518,0.40625,0.40798598527908325,0.3836809992790222,0.38541701436042786,110088000
0.2529328763484955,0.4140630066394806,0.4184029996395111,0.40625,0.4097220003604889,125092800
0.2513415813446045,0.41145798563957214,0.4149309992790222,0.4097220003604889,0.4131940007209778,131212800
0.2582350969314575,0.4227429926395416,0.4375,0.41145798563957214,0.4131940007209778,180028800
0.2587653398513794,0.42361098527908325,0.4340279996395111,0.41666701436042786,0.42013901472091675,91324800
0.25664448738098145,0.42013901472091675,0.42361098527908325,0.4149309992790222,0.421875,87580800
0.2635379135608673,0.43142399191856384,0.4340279996395111,0.42013901472091675,0.4210070073604584,127094400
0.26512858271598816,0.4340279996395111,0.4444440007209778,0.42708298563957214,0.4305559992790222,133315200
0.2704308032989502,0.44270798563957214,0.4496529996395111,0.4288190007209778,0.4305559992790222,199036800
0.26247742772102356,0.4296880066394806,0.4409720003604889,0.42795100808143616,0.4375,129038400
0.25982579588890076,0.4253470003604889,0.4305559992790222,0.42361098527908325,0.42708298563957214,94075200
0.2555839419364929,0.4184029996395111,0.43229201436042786,0.41666701436042786,0.4296880066394806,62956800
0.2640683054924011,0.43229201436042786,0.43229201436042786,0.4184029996395111,0.42013901472091675,81936000
0.2661890387535095,0.43576401472091675,0.4409720003604889,0.4253470003604889,0.4340279996395111,61387200
0.26512858271598816,0.4340279996395111,0.43923598527908325,0.43229201436042786,0.4375,29692800
0.26194658875465393,0.4288190007209778,0.43576401472091675,0.42708298563957214,0.43229201436042786,33753600
0.25452354550361633,0.41666701436042786,0.4288190007209778,0.41666701436042786,0.42708298563957214,95515200
0.2561141848564148,0.41927099227905273,0.421875,0.41145798563957214,0.4184029996395111,75945600
0.24922077357769012,0.40798598527908325,0.421875,0.40798598527908325,0.4184029996395111,76017600
0.25346311926841736,0.4149309992790222,0.4184029996395111,0.40625,0.40798598527908325,68788800
0.25240209698677063,0.4131940007209778,0.4184029996395111,0.4097220003604889,0.41666701436042786,43444800
0.2513415813446045,0.41145798563957214,0.4184029996395111,0.41145798563957214,0.41666701436042786,59889600
0.2577049136161804,0.421875,0.42361098527908325,0.41145798563957214,0.41145798563957214,92304000
0.26194658875465393,0.4288190007209778,0.4305559992790222,0.42013901472091675,0.421875,68947200
0.2630078196525574,0.4305559992790222,0.43229201436042786,0.42361098527908325,0.4288190007209778,56635200
0.22695009410381317,0.3715279996395111,0.41666701436042786,0.36979201436042786,0.4149309992790222,788688000
0.22270767390727997,0.36458298563957214,0.3784720003604889,0.3637149930000305,0.37326401472091675,253612800
0.21952620148658752,0.359375,0.3663190007209778,0.35763901472091675,0.3663190007209778,123307200
0.21952620148658752,0.359375,0.36458298563957214,0.35416701436042786,0.35763901472091675,66902400
0.22376812994480133,0.3663190007209778,0.3663190007209778,0.359375,0.36111098527908325,60206400
0.22376812994480133,0.3663190007209778,0.36979201436042786,0.3628470003604889,0.36979201436042786,63720000
0.21316315233707428,0.34895798563957214,0.3663190007209778,0.34895798563957214,0.3663190007209778,104889600
0.21740545332431793,0.3559029996395111,0.35763901472091675,0.3506940007209778,0.3524309992790222,102888000
0.19725576043128967,0.32291701436042786,0.3506940007209778,0.3194440007209778,0.34895798563957214,245577600
0.19725576043128967,0.32291701436042786,0.32291701436042786,0.31770798563957214,0.32204899191856384,238996800
0.21157249808311462,0.34635400772094727,0.3472220003604889,0.3211809992790222,0.3246529996395111,224467200
0.20786088705062866,0.3402779996395111,0.34548598527908325,0.3368059992790222,0.34375,167025600
0.21316315233707428,0.34895798563957214,0.34895798563957214,0.33854201436042786,0.33854201436042786,87811200
0.21104225516319275,0.34548598527908325,0.3515630066394806,0.34375,0.3472220003604889,75542400
0.21104225516319275,0.34548598527908325,0.3506940007209778,0.34201401472091675,0.34895798563957214,70804800
0.2099817991256714,0.34375,0.34548598527908325,0.34201401472091675,0.34548598527908325,30009600
0.21157249808311462,0.34635400772094727,0.3472220003604889,0.34114599227905273,0.34548598527908325,46742400
0.21157249808311462,0.34635400772094727,0.34895798563957214,0.34375,0.3472220003604889,29736000
0.21316315233707428,0.34895798563957214,0.3524309992790222,0.3446179926395416,0.3472220003604889,35049600
0.21210263669490814,0.3472220003604889,0.34895798563957214,0.34375,0.34895798563957214,25027200
0.2136932909488678,0.34982600808143616,0.3506940007209778,0.34548598527908325,0.3472220003604889,19641600
0.21740545332431793,0.3559029996395111,0.35763901472091675,0.34895798563957214,0.3506940007209778,51681600
0.21740545332431793,0.3559029996395111,0.359375,0.35416701436042786,0.3559029996395111,29448000
0.21793580055236816,0.35677099227905273,0.3628470003604889,0.3559029996395111,0.3559029996395111,28670400
0.21793580055236816,0.35677099227905273,0.36111098527908325,0.34982600808143616,0.35763901472091675,28728000
0.20414869487285614,0.33420100808143616,0.359375,0.33072900772094727,0.359375,71020800
0.2068004161119461,0.33854201436042786,0.34982600808143616,0.32986098527908325,0.3315970003604889,92880000
0.21528466045856476,0.3524309992790222,0.3559029996395111,0.34201401472091675,0.34201401472091675,62625600
0.21846593916416168,0.35763901472091675,0.3637149930000305,0.3524309992790222,0.3559029996395111,51638400
0.2258896827697754,0.36979201436042786,0.36979201436042786,0.36111098527908325,0.36458298563957214,69336000
0.23278255760669708,0.38107600808143616,0.3871529996395111,0.3784720003604889,0.3819440007209778,168969600
0.23755532503128052,0.38888901472091675,0.39236098527908325,0.3784720003604889,0.3819440007209778,138801600
0.23437386751174927,0.3836809992790222,0.38888901472091675,0.3819440007209778,0.38888901472091675,58190400
0.23384371399879456,0.3828130066394806,0.38541701436042786,0.3784720003604889,0.3819440007209778,29332800
0.2322523295879364,0.38020798563957214,0.3871529996395111,0.3784720003604889,0.38541701436042786,24897600
0.22907105088233948,0.375,0.3819440007209778,0.37239599227905273,0.3819440007209778,44510400
0.2322523295879364,0.38020798563957214,0.38107600808143616,0.375,0.375,34588800
0.2370249480009079,0.38802099227905273,0.390625,0.37326401472091675,0.38020798563957214,69782400
0.23172204196453094,0.3793399930000305,0.38888901472091675,0.37673598527908325,0.38454899191856384,33739200
0.22907105088233948,0.375,0.3819440007209778,0.3715279996395111,0.38020798563957214,34372800
0.22907105088233948,0.375,0.38020798563957214,0.375,0.375,28857600
0.22270767390727997,0.36458298563957214,0.37673598527908325,0.3628470003604889,0.37673598527908325,37425600
0.22058680653572083,0.36111098527908325,0.36979201436042786,0.359375,0.36979201436042786,35827200
0.21846593916416168,0.35763901472091675,0.3628470003604889,0.35416701436042786,0.36111098527908325,49003200
0.2248292714357376,0.3680559992790222,0.3715279996395111,0.35763901472091675,0.359375,54590400
0.22907105088233948,0.375,0.38020798563957214,0.36979201436042786,0.3715279996395111,58752000
0.22907105088233948,0.375,0.37673598527908325,0.3715279996395111,0.37673598527908325,34401600
0.23013155162334442,0.37673598527908325,0.3819440007209778,0.3715279996395111,0.3793399930000305,71092800
0.2322523295879364,0.38020798563957214,0.3819440007209778,0.375,0.3758679926395416,74736000
0.23861564695835114,0.390625,0.39236098527908325,0.3784720003604889,0.38020798563957214,83433600
0.24338825047016144,0.3984380066394806,0.4027779996395111,0.3914929926395416,0.3914929926395416,89812800
0.247099831700325,0.40451401472091675,0.4071179926395416,0.3975690007209778,0.3975690007209778,52574400
0.247099831700325,0.40451401472091675,0.4131940007209778,0.40364599227905273,0.40364599227905273,62568000
0.2513415813446045,0.41145798563957214,0.4131940007209778,0.40104201436042786,0.40451401472091675,74275200
0.24020637571811676,0.39322900772094727,0.4097220003604889,0.390625,0.40451401472091675,97545600
0.24391856789588928,0.3993059992790222,0.3993059992790222,0.3871529996395111,0.3897570073604584,69364800
0.24391856789588928,0.3993059992790222,0.40625,0.39583298563957214,0.3993059992790222,33840000
0.24975097179412842,0.40885400772094727,0.4097220003604889,0.40104201436042786,0.4027779996395111,37886400
0.2502811551094055,0.4097220003604889,0.4140630066394806,0.40625,0.4097220003604889,63907200
0.25664448738098145,0.42013901472091675,0.42361098527908325,0.4097220003604889,0.4097220003604889,80971200
0.25452354550361633,0.41666701436042786,0.421875,0.4149309992790222,0.4184029996395111,62798400
0.247099831700325,0.40451401472091675,0.4184029996395111,0.40451401472091675,0.4175350069999695,54043200
0.24073652923107147,0.3940970003604889,0.40625,0.39236098527908325,0.40625,61416000
0.24816027283668518,0.40625,0.4071179926395416,0.39236098527908325,0.3940970003604889,53899200
0.25346311926841736,0.4149309992790222,0.41666701436042786,0.40798598527908325,0.40798598527908325,44928000
0.25346311926841736,0.4149309992790222,0.4184029996395111,0.4131940007209778,0.4149309992790222,29217600
0.25346311926841736,0.4149309992790222,0.4175350069999695,0.41145798563957214,0.4149309992790222,36144000
0.2502811551094055,0.4097220003604889,0.4184029996395111,0.4071179926395416,0.4149309992790222,51681600
0.24285738170146942,0.3975690007209778,0.40625,0.3975690007209778,0.4053820073604584,40564800
0.24497899413108826,0.40104201436042786,0.4027779996395111,0.39236098527908325,0.40104201436042786,47304000
0.24073652923107147,0.3940970003604889,0.40104201436042786,0.390625,0.40104201436042786,52113600
0.24073652923107147,0.3940970003604889,0.39583298563957214,0.390625,0.39322900772094727,47361600
0.2396760731935501,0.39236098527908325,0.39583298563957214,0.38541701436042786,0.39583298563957214,27158400
0.23119188845157623,0.3784720003604889,0.3940970003604889,0.3784720003604889,0.39236098527908325,45806400
0.23331280052661896,0.3819440007209778,0.38888901472091675,0.36979201436042786,0.36979201436042786,80496000
0.2354343682527542,0.38541701436042786,0.38541701436042786,0.3819440007209778,0.3836809992790222,36072000
0.23490408062934875,0.38454899191856384,0.38888901472091675,0.3836809992790222,0.38541701436042786,33537600
0.2322523295879364,0.38020798563957214,0.38541701436042786,0.37673598527908325,0.3836809992790222,30240000
0.22854085266590118,0.3741320073604584,0.3836809992790222,0.37326401472091675,0.38020798563957214,35899200
0.22376812994480133,0.3663190007209778,0.375,0.36111098527908325,0.375,57456000
0.22058680653572083,0.36111098527908325,0.3671880066394806,0.3559029996395111,0.3671880066394806,77198400
0.2248292714357376,0.3680559992790222,0.3715279996395111,0.3559029996395111,0.36111098527908325,67248000
0.22907105088233948,0.375,0.37673598527908325,0.36892399191856384,0.36892399191856384,14688000
0.23437386751174927,0.3836809992790222,0.38541701436042786,0.375,0.3784720003604889,26539200
0.22376812994480133,0.3663190007209778,0.38888901472091675,0.3637149930000305,0.3871529996395111,94780800
0.22695009410381317,0.3715279996395111,0.37673598527908325,0.36545100808143616,0.3663190007209778,41457600
0.23278255760669708,0.38107600808143616,0.3819440007209778,0.3715279996395111,0.37326401472091675,27259200
0.22695009410381317,0.3715279996395111,0.38541701436042786,0.36979201436042786,0.38107600808143616,43488000
0.2258896827697754,0.36979201436042786,0.3715279996395111,0.36111098527908325,0.3680559992790222,52156800
0.2248292714357376,0.3680559992790222,0.37326401472091675,0.36458298563957214,0.36892399191856384,33408000
0.22376812994480133,0.3663190007209778,0.3715279996395111,0.359375,0.36979201436042786,42768000
0.2258896827697754,0.36979201436042786,0.3715279996395111,0.36458298563957214,0.3663190007209778,31291200
0.22695009410381317,0.3715279996395111,0.37673598527908325,0.36979201436042786,0.36979201436042786,42984000
0.22960114479064941,0.3758679926395416,0.3784720003604889,0.36979201436042786,0.375,29764800
0.22695009410381317,0.3715279996395111,0.3836809992790222,0.3715279996395111,0.37673598527908325,44524800
0.23437386751174927,0.3836809992790222,0.39236098527908325,0.3663190007209778,0.3680559992790222,99763200
0.23437386751174927,0.3836809992790222,0.3871529996395111,0.37673598527908325,0.38020798563957214,38361600
0.22058680653572083,0.36111098527908325,0.39583298563957214,0.35763901472091675,0.3819440007209778,326030400
0.22376812994480133,0.3663190007209778,0.36979201436042786,0.36111098527908325,0.3663190007209778,123638400
0.22801052033901215,0.37326401472091675,0.375,0.36979201436042786,0.37239599227905273,45561600
0.23013155162334442,0.37673598527908325,0.3784720003604889,0.36979201436042786,0.375,29217600
0.2322523295879364,0.38020798563957214,0.3819440007209778,0.37326401472091675,0.375,33336000
0.23013155162334442,0.37673598527908325,0.3836809992790222,0.375,0.38020798563957214,62136000
0.23013155162334442,0.37673598527908325,0.38020798563957214,0.375,0.375,28368000
0.23331280052661896,0.3819440007209778,0.3836809992790222,0.37673598527908325,0.37760400772094727,27590400
0.24179692566394806,0.39583298563957214,0.3993059992790222,0.3784720003604889,0.38020798563957214,178128000
0.24497899413108826,0.40104201436042786,0.4027779996395111,0.39583298563957214,0.40104201436042786,93571200
0.2502811551094055,0.4097220003604889,0.41145798563957214,0.3993059992790222,0.3993059992790222,110548800
0.24922077357769012,0.40798598527908325,0.41666701436042786,0.40798598527908325,0.40885400772094727,113774400
0.24816027283668518,0.40625,0.4097220003604889,0.40451401472091675,0.4097220003604889,48340800
0.24497899413108826,0.40104201436042786,0.4131940007209778,0.40104201436042786,0.4097220003604889,61473600
0.24179692566394806,0.39583298563957214,0.40104201436042786,0.39583298563957214,0.40104201436042786,68990400
0.24391856789588928,0.3993059992790222,0.4027779996395111,0.39322900772094727,0.39583298563957214,17856000
0.2370249480009079,0.38802099227905273,0.4027779996395111,0.38541701436042786,0.40104201436042786,46670400
0.2396760731935501,0.39236098527908325,0.3940970003604889,0.3836809992790222,0.3871529996395111,39960000
0.24391856789588928,0.3993059992790222,0.40104201436042786,0.39236098527908325,0.39236098527908325,24912000
0.23808540403842926,0.3897570073604584,0.4019100069999695,0.38888901472091675,0.3993059992790222,32097600
0.24763011932373047,0.4053820073604584,0.40798598527908325,0.38888901472091675,0.38888901472091675,64771200
0.2513415813446045,0.41145798563957214,0.4140630066394806,0.4027779996395111,0.4071179926395416,46094400
0.2502811551094055,0.4097220003604889,0.42013901472091675,0.40451401472091675,0.41579899191856384,92764800
0.24975097179412842,0.40885400772094727,0.41145798563957214,0.40104201436042786,0.40798598527908325,85147200
0.2508113384246826,0.4105899930000305,0.4131940007209778,0.40451401472091675,0.40798598527908325,28540800
0.24816027283668518,0.40625,0.41666701436042786,0.4053820073604584,0.41579899191856384,54417600
0.2513415813446045,0.41145798563957214,0.4140630066394806,0.40625,0.40798598527908325,40377600
0.24922077357769012,0.40798598527908325,0.4149309992790222,0.40798598527908325,0.4131940007209778,14198400
0.253993421792984,0.41579899191856384,0.4184029996395111,0.40798598527908325,0.4097220003604889,44409600
0.25452354550361633,0.41666701436042786,0.42361098527908325,0.4140630066394806,0.4149309992790222,93340800
0.2513415813446045,0.41145798563957214,0.41666701436042786,0.40798598527908325,0.4149309992790222,42379200
0.247099831700325,0.40451401472091675,0.41145798563957214,0.4027779996395111,0.4097220003604889,41904000
0.2502811551094055,0.4097220003604889,0.4131940007209778,0.40104201436042786,0.4027779996395111,39787200
0.25187185406684875,0.41232600808143616,0.4131940007209778,0.40625,0.40798598527908325,27907200
0.2555839419364929,0.4184029996395111,0.42361098527908325,0.41145798563957214,0.4131940007209778,67795200
0.2640683054924011,0.43229201436042786,0.4409720003604889,0.42013901472091675,0.42361098527908325,181022400
0.2704308032989502,0.44270798563957214,0.44791701436042786,0.43229201436042786,0.43576401472091675,78163200
0.2661890387535095,0.43576401472091675,0.44791701436042786,0.4340279996395111,0.4444440007209778,89150400
0.2693704068660736,0.4409720003604889,0.4409720003604889,0.4340279996395111,0.4340279996395111,39110400
0.26512858271598816,0.4340279996395111,0.4444440007209778,0.4340279996395111,0.44270798563957214,49204800
0.27573370933532715,0.45138901472091675,0.45138901472091675,0.43229201436042786,0.43576401472091675,72129600
0.2778545916080475,0.45486098527908325,0.46354201436042786,0.44791701436042786,0.4565970003604889,89352000
0.2799754738807678,0.45833298563957214,0.45833298563957214,0.4496529996395111,0.45486098527908325,43948800
0.284217894077301,0.4652779996395111,0.4722220003604889,0.45486098527908325,0.45833298563957214,69940800
0.2852782905101776,0.46701401472091675,0.46875,0.4618059992790222,0.4652779996395111,39988800
0.2826272249221802,0.46267399191856384,0.4678820073604584,0.4565970003604889,0.4600690007209778,69235200
0.28845950961112976,0.4722220003604889,0.4722220003604889,0.4618059992790222,0.4618059992790222,41428800
0.2905806005001068,0.4756940007209778,0.48263901472091675,0.47048598527908325,0.4722220003604889,64324800
0.2953531742095947,0.4835070073604584,0.48611098527908325,0.4722220003604889,0.47395798563957214,50428800
0.2927021384239197,0.47916701436042786,0.48958298563957214,0.47829899191856384,0.48958298563957214,68918400
0.32027557492256165,0.5243059992790222,0.5260419845581055,0.4756940007209778,0.47916701436042786,260020800
0.33618277311325073,0.5503469705581665,0.5711809992790222,0.5225690007209778,0.5243059992790222,284760000
0.33830368518829346,0.5538190007209778,0.5590280294418335,0.5434030294418335,0.5529509782791138,87609600
0.34678784012794495,0.5677080154418945,0.5694440007209778,0.5486109852790833,0.5520830154418945,58536000
0.3446669578552246,0.5642359852790833,0.5763890147209167,0.5607640147209167,0.5729169845581055,68299200
0.33936479687690735,0.5555559992790222,0.5590280294418335,0.5486109852790833,0.5572919845581055,106401600
0.33300140500068665,0.5451390147209167,0.5590280294418335,0.5434030294418335,0.5555559992790222,58881600
0.31179139018058777,0.5104169845581055,0.5416669845581055,0.5069440007209778,0.5399309992790222,102643200
0.3213360607624054,0.5260419845581055,0.5295140147209167,0.47916701436042786,0.4913190007209778,253065600
0.33353185653686523,0.546006977558136,0.5659719705581665,0.515625,0.5225690007209778,177206400
0.3414857089519501,0.5590280294418335,0.5607640147209167,0.5451390147209167,0.547743022441864,134784000
0.3573929965496063,0.5850690007209778,0.5972219705581665,0.5572919845581055,0.5625,179424000
0.3616352677345276,0.5920140147209167,0.59375,0.5729169845581055,0.5833330154418945,93542400
0.35262104868888855,0.577256977558136,0.5954859852790833,0.5729169845581055,0.5885419845581055,60912000
0.34307631850242615,0.561631977558136,0.5729169845581055,0.546875,0.5729169845581055,157089600
0.33830368518829346,0.5538190007209778,0.5746530294418335,0.5503469705581665,0.5659719705581665,71481600
0.3298202157020569,0.5399309992790222,0.5572919845581055,0.5381940007209778,0.546875,135460800
0.3266381621360779,0.5347219705581665,0.5416669845581055,0.5295140147209167,0.5399309992790222,97041600
0.33777329325675964,0.5529509782791138,0.5538190007209778,0.5407990217208862,0.5416669845581055,45921600
0.34678784012794495,0.5677080154418945,0.5694440007209778,0.5555559992790222,0.5572919845581055,56563200
0.3483789563179016,0.5703129768371582,0.5763890147209167,0.5677080154418945,0.5677080154418945,74649600
0.32345685362815857,0.5295140147209167,0.561631977558136,0.5277780294418335,0.561631977558136,226051200
0.33194097876548767,0.5434030294418335,0.546875,0.5295140147209167,0.53125,98755200
0.327698677778244,0.5364580154418945,0.5538190007209778,0.53125,0.5434030294418335,88027200
0.34360653162002563,0.5625,0.5720490217208862,0.5364580154418945,0.5381940007209778,131544000
0.35315102338790894,0.578125,0.5868059992790222,0.5694440007209778,0.5703129768371582,106488000
0.35527196526527405,0.5815969705581665,0.5868059992790222,0.5729169845581055,0.5833330154418945,111528000
0.3584539294242859,0.5868059992790222,0.5902780294418335,0.5815969705581665,0.5833330154418945,59169600
0.3738311231136322,0.6119790077209473,0.6128469705581665,0.5815969705581665,0.5868059992790222,178905600
0.3669375479221344,0.6006940007209778,0.6197919845581055,0.5972219705581665,0.6163190007209778,95241600
0.3754216730594635,0.6145830154418945,0.6197919845581055,0.5989580154418945,0.6024309992790222,94492800
0.37117984890937805,0.6076390147209167,0.6197919845581055,0.5989580154418945,0.6180559992790222,68054400
0.36852890253067017,0.6032990217208862,0.6128469705581665,0.6024309992790222,0.608506977558136,31651200
0.3669375479221344,0.6006940007209778,0.6024309992790222,0.5868059992790222,0.6024309992790222,56937600
0.3738311231136322,0.6119790077209473,0.6145830154418945,0.6006940007209778,0.6006940007209778,67118400
0.37436142563819885,0.6128469705581665,0.6145830154418945,0.6076390147209167,0.6128469705581665,38232000
0.37171024084091187,0.608506977558136,0.6180559992790222,0.6076390147209167,0.6171879768371582,17971200
0.36799854040145874,0.6024309992790222,0.609375,0.5954859852790833,0.6076390147209167,37281600
0.3690589666366577,0.6041669845581055,0.6128469705581665,0.5989580154418945,0.6041669845581055,56664000
0.36269572377204895,0.59375,0.6111109852790833,0.5850690007209778,0.6076390147209167,85896000
0.3690589666366577,0.6041669845581055,0.6059030294418335,0.5815969705581665,0.5833330154418945,111211200
0.3605748414993286,0.5902780294418335,0.609375,0.5894100069999695,0.6050350069999695,52070400
0.3658771812915802,0.5989580154418945,0.6059030294418335,0.5859379768371582,0.5902780294418335,40536000
0.36799854040145874,0.6024309992790222,0.6059030294418335,0.5972219705581665,0.6024309992790222,44049600
0.3616352677345276,0.5920140147209167,0.6041669845581055,0.5868059992790222,0.6006940007209778,57384000
0.36269572377204895,0.59375,0.5989580154418945,0.5833330154418945,0.5833330154418945,40348800
0.3595142960548401,0.5885419845581055,0.5972219705581665,0.5763890147209167,0.59375,107625600
0.3520905375480652,0.5763890147209167,0.5885419845581055,0.5694440007209778,0.5885419845581055,103377600
0.349969744682312,0.5729169845581055,0.5815969705581665,0.5590280294418335,0.5815969705581665,93628800
0.33936479687690735,0.5555559992790222,0.5729169845581055,0.5503469705581665,0.5607640147209167,95788800
0.33088061213493347,0.5416669845581055,0.5538190007209778,0.5416669845581055,0.5486109852790833,61516800
0.3266381621360779,0.5347219705581665,0.5451390147209167,0.5208330154418945,0.5434030294418335,107164800
0.33194097876548767,0.5434030294418335,0.5486109852790833,0.5347219705581665,0.5364580154418945,78436800
0.34095528721809387,0.5581600069999695,0.5590280294418335,0.5399309992790222,0.5434030294418335,70473600
0.35103023052215576,0.5746530294418335,0.5763890147209167,0.5607640147209167,0.5642359852790833,111009600
0.3542116582393646,0.5798609852790833,0.5798609852790833,0.5642359852790833,0.5746530294418335,55022400
0.3637562096118927,0.5954859852790833,0.5989580154418945,0.5746530294418335,0.5798609852790833,54892800
0.36269572377204895,0.59375,0.5998259782791138,0.5885419845581055,0.5963540077209473,23817600
0.3658771812915802,0.5989580154418945,0.6041669845581055,0.5920140147209167,0.5972219705581665,62798400
0.3616352677345276,0.5920140147209167,0.5954859852790833,0.5763890147209167,0.5798609852790833,123091200
0.3690589666366577,0.6041669845581055,0.6128469705581665,0.5920140147209167,0.59375,77630400
0.376482218503952,0.6163190007209778,0.6163190007209778,0.5980899930000305,0.6059030294418335,53035200
0.37860363721847534,0.6197919845581055,0.6267359852790833,0.6145830154418945,0.6215280294418335,113774400
0.38973888754844666,0.6380209922790527,0.6388890147209167,0.6163190007209778,0.6197919845581055,125740800
0.38019439578056335,0.6223959922790527,0.6388890147209167,0.6215280294418335,0.6354169845581055,69566400
0.38602668046951294,0.6319440007209778,0.6319440007209778,0.6145830154418945,0.6215280294418335,58982400
0.38496631383895874,0.6302080154418945,0.6388890147209167,0.6267359852790833,0.6319440007209778,70300800
0.37436142563819885,0.6128469705581665,0.6336809992790222,0.6119790077209473,0.625,103766400
0.3669375479221344,0.6006940007209778,0.6215280294418335,0.5902780294418335,0.6163190007209778,95774400
0.3653468191623688,0.5980899930000305,0.6059030294418335,0.5833330154418945,0.5911459922790527,148910400
0.3653468191623688,0.5980899930000305,0.6041669845581055,0.5920140147209167,0.5954859852790833,62467200
0.376482218503952,0.6163190007209778,0.6197919845581055,0.5868059992790222,0.59375,80092800
0.37117984890937805,0.6076390147209167,0.6284719705581665,0.6041669845581055,0.6111109852790833,97588800
0.4029950499534607,0.6597219705581665,0.6597219705581665,0.6215280294418335,0.6223959922790527,292363200
0.39928358793258667,0.6536459922790527,0.6666669845581055,0.6493059992790222,0.6614580154418945,99259200
0.38496631383895874,0.6302080154418945,0.6527780294418335,0.6284719705581665,0.6527780294418335,167688000
0.3807245194911957,0.6232640147209167,0.6336809992790222,0.6197919845581055,0.6319440007209778,139348800
0.38496631383895874,0.6302080154418945,0.6302080154418945,0.6050350069999695,0.6111109852790833,180345600
0.38496631383895874,0.6302080154418945,0.6423609852790833,0.6284719705581665,0.6354169845581055,112752000
0.38496631383895874,0.6302080154418945,0.6336809992790222,0.625,0.6284719705581665,68083200
0.38814833760261536,0.6354169845581055,0.640625,0.6267359852790833,0.6354169845581055,55080000
0.3870878219604492,0.6336809992790222,0.6423609852790833,0.625,0.6371530294418335,73108800
0.39239001274108887,0.6423609852790833,0.6423609852790833,0.6336809992790222,0.6388890147209167,112939200
0.39769279956817627,0.6510419845581055,0.6545140147209167,0.6423609852790833,0.6423609852790833,89193600
0.39769279956817627,0.6510419845581055,0.6631940007209778,0.6458330154418945,0.6458330154418945,71395200
0.39981386065483093,0.6545140147209167,0.6545140147209167,0.6475690007209778,0.6501740217208862,59731200
0.3987535238265991,0.6527780294418335,0.6545140147209167,0.640625,0.6527780294418335,81964800
0.39557138085365295,0.6475690007209778,0.6579859852790833,0.6458330154418945,0.6493059992790222,134150400
0.39981386065483093,0.6545140147209167,0.6597219705581665,0.6475690007209778,0.6501740217208862,95227200
0.40087437629699707,0.65625,0.6579859852790833,0.6527780294418335,0.6545140147209167,62380800
0.4019346535205841,0.6579859852790833,0.6631940007209778,0.6527780294418335,0.65625,56088000
0.4019346535205841,0.6579859852790833,0.6614580154418945,0.65625,0.6597219705581665,58752000
0.4029950499534607,0.6597219705581665,0.6614580154418945,0.65625,0.6614580154418945,35870400
0.41147923469543457,0.6736109852790833,0.6805559992790222,0.6597219705581665,0.6597219705581665,89496000
0.4157217741012573,0.6805559992790222,0.6857640147209167,0.6788190007209778,0.6822919845581055,70876800
0.42526644468307495,0.6961809992790222,0.6979169845581055,0.6736109852790833,0.6788190007209778,132652800
0.40776771306991577,0.6675350069999695,0.6944440007209778,0.6649309992790222,0.6857640147209167,103348800
0.4088282585144043,0.6692709922790527,0.6822919845581055,0.6684030294418335,0.671875,60811200
0.4136001169681549,0.6770830154418945,0.6788190007209778,0.6631940007209778,0.6649309992790222,56851200
0.421023964881897,0.6892359852790833,0.6944440007209778,0.6753469705581665,0.6770830154418945,69220800
0.4157217741012573,0.6805559992790222,0.6909719705581665,0.6805559992790222,0.6909719705581665,62020800
0.4189031720161438,0.6857640147209167,0.6927080154418945,0.6805559992790222,0.6805559992790222,39312000
0.4242052733898163,0.6944440007209778,0.7065969705581665,0.6840280294418335,0.6840280294418335,76867200
0.4401133358478546,0.7204859852790833,0.7248259782791138,0.6953129768371582,0.6961809992790222,100209600
0.4464765787124634,0.7309030294418335,0.734375,0.7100690007209778,0.71875,75528000
0.4432945251464844,0.7256940007209778,0.7291669845581055,0.7118059992790222,0.7274309992790222,68630400
0.43587160110473633,0.7135419845581055,0.7326390147209167,0.7135419845581055,0.7274309992790222,47606400
0.45071831345558167,0.7378469705581665,0.7447919845581055,0.7065969705581665,0.7152780294418335,88977600
0.45177870988845825,0.7395830154418945,0.75,0.7309030294418335,0.7361109852790833,75744000
0.45920228958129883,0.7517359852790833,0.7552080154418945,0.7361109852790833,0.7378469705581665,68875200
0.45071831345558167,0.7378469705581665,0.7569440007209778,0.7378469705581665,0.7534719705581665,85204800
0.4576115608215332,0.749131977558136,0.7552080154418945,0.7361109852790833,0.7447919845581055,130968000
0.4708680212497711,0.7708330154418945,0.7760419845581055,0.7482640147209167,0.749131977558136,81676800
0.48359450697898865,0.7916669845581055,0.8003469705581665,0.7760419845581055,0.7777780294418335,118900800
0.49419966340065,0.8090280294418335,0.8125,0.7847219705581665,0.7899309992790222,81172800
0.4793521463871002,0.7847219705581665,0.8107640147209167,0.78125,0.8090280294418335,92145600
0.4804127514362335,0.7864580154418945,0.8020830154418945,0.7795140147209167,0.7838540077209473,69840000
0.47192853689193726,0.7725690007209778,0.7899309992790222,0.765625,0.7881940007209778,92419200
0.46768665313720703,0.765625,0.7864580154418945,0.7569440007209778,0.7777780294418335,53596800
0.47298943996429443,0.7743059992790222,0.78125,0.766493022441864,0.7673609852790833,55929600
0.47723129391670227,0.78125,0.7847219705581665,0.7690969705581665,0.7717009782791138,52516800
0.4708680212497711,0.7708330154418945,0.7795140147209167,0.7534719705581665,0.7795140147209167,99532800
0.46874719858169556,0.7673609852790833,0.7829859852790833,0.7638890147209167,0.766493022441864,64785600
0.46980735659599304,0.7690969705581665,0.7708330154418945,0.7586809992790222,0.7638890147209167,36691200
0.47298943996429443,0.7743059992790222,0.780381977558136,0.7586809992790222,0.7621530294418335,74059200
0.4920787513256073,0.8055559992790222,0.8072919845581055,0.78125,0.7829859852790833,84643200
0.49632054567337036,0.8125,0.8246530294418335,0.8020830154418945,0.8055559992790222,79646400
0.4857153296470642,0.7951390147209167,0.813368022441864,0.7951390147209167,0.811631977558136,66369600
0.48465484380722046,0.7934030294418335,0.8003469705581665,0.7864580154418945,0.796875,72878400
0.4857153296470642,0.7951390147209167,0.8003469705581665,0.7899309992790222,0.7899309992790222,31176000
0.500562310218811,0.8194440007209778,0.8194440007209778,0.7951390147209167,0.796006977558136,45187200
0.5132889747619629,0.8402780294418335,0.8402780294418335,0.8211809992790222,0.8229169845581055,70372800
0.5122283697128296,0.8385419845581055,0.8472219705581665,0.8333330154418945,0.8454859852790833,48254400
0.5154098272323608,0.84375,0.8576390147209167,0.8350690007209778,0.8472219705581665,39470400
0.5260149240493774,0.8611109852790833,0.875,0.8298609852790833,0.8420140147209167,66780000
0.5143494009971619,0.8420140147209167,0.8576390147209167,0.8159719705581665,0.8559030294418335,97797600
0.504804790019989,0.8263890147209167,0.8506940007209778,0.8229169845581055,0.8333330154418945,58003200
0.5026838183403015,0.8229169845581055,0.8402780294418335,0.8159719705581665,0.8333330154418945,44661600
0.500562310218811,0.8194440007209778,0.8263890147209167,0.7951390147209167,0.8177080154418945,64879200
0.4920787513256073,0.8055559992790222,0.8298609852790833,0.7847219705581665,0.8298609852790833,47916000
0.4920787513256073,0.8055559992790222,0.8159719705581665,0.7916669845581055,0.8090280294418335,53870400
0.4867759346961975,0.796875,0.8159719705581665,0.7951390147209167,0.8125,46296000
0.47723129391670227,0.78125,0.7951390147209167,0.7725690007209778,0.7934030294418335,57124800
0.4920787513256073,0.8055559992790222,0.8055559992790222,0.7743059992790222,0.78125,51451200
0.48465484380722046,0.7934030294418335,0.8159719705581665,0.7881940007209778,0.8159719705581665,52473600
0.49419966340065,0.8090280294418335,0.8125,0.7951390147209167,0.7951390147209167,33264000
0.500562310218811,0.8194440007209778,0.8298609852790833,0.8090280294418335,0.8125,45892800
0.5238939523696899,0.8576390147209167,0.8576390147209167,0.8194440007209778,0.8263890147209167,47815200
0.5429831743240356,0.8888890147209167,0.9166669845581055,0.8541669845581055,0.8611109852790833,97351200
0.532378077507019,0.8715280294418335,0.8819440007209778,0.8645830154418945,0.8715280294418335,50824800
0.532378077507019,0.8715280294418335,0.8784719705581665,0.8611109852790833,0.8732640147209167,35164800
0.547224760055542,0.8958330154418945,0.9027780294418335,0.8715280294418335,0.8784719705581665,48801600
0.555709183216095,0.9097219705581665,0.9166669845581055,0.8784719705581665,0.9027780294418335,49168800
0.5578298568725586,0.9131940007209778,0.9236109852790833,0.9097219705581665,0.9201390147209167,47232000
0.5493465065956116,0.8993059992790222,0.9131940007209778,0.8923609852790833,0.9097219705581665,54122400
0.5493465065956116,0.8993059992790222,0.8993059992790222,0.8819440007209778,0.8958330154418945,38556000
0.5493465065956116,0.8993059992790222,0.90625,0.8923609852790833,0.8993059992790222,41731200
0.5790408849716187,0.9479169845581055,0.9618059992790222,0.8958330154418945,0.8975690007209778,101822400
0.5960087180137634,0.9756940007209778,1.0034719705581665,0.9548609852790833,0.9548609852790833,159595200
0.6066144108772278,0.9930559992790222,1.0034719705581665,0.9583330154418945,0.9861109852790833,142437600
0.6437315940856934,1.053818941116333,1.055556058883667,0.9982640147209167,1.0,141184800
0.6490346789360046,1.0625,1.09375,1.055556058883667,1.0659719705581665,146649600
0.6299452185630798,1.03125,1.0590280294418335,1.0277780294418335,1.03125,104688000
0.6384296417236328,1.045138955116272,1.048611044883728,1.0277780294418335,1.03125,61480800
0.6405504941940308,1.048611044883728,1.0625,1.038193941116333,1.0572919845581055,65073600
0.6193402409553528,1.013888955116272,1.048611044883728,1.006943941116333,1.038193941116333,69436800
0.6373690962791443,1.0434030294418335,1.045138955116272,1.013888955116272,1.017361044883728,69069600
0.6490346789360046,1.0625,1.0729169845581055,1.0277780294418335,1.039931058883667,59162400
0.6225217580795288,1.0190969705581665,1.076388955116272,1.0104169845581055,1.0729169845581055,80258400
0.6193402409553528,1.013888955116272,1.0347219705581665,1.006943941116333,1.017361044883728,86292000
0.6108559370040894,1.0,1.024306058883667,0.9861109852790833,1.017361044883728,90122400
0.623582124710083,1.0208330154418945,1.024306058883667,0.9930559992790222,1.0,63770400
0.6352481245994568,1.039931058883667,1.048611044883728,1.013888955116272,1.013888955116272,58240800
0.6437315940856934,1.053818941116333,1.055556058883667,1.0347219705581665,1.048611044883728,46656000
0.6490346789360046,1.0625,1.079861044883728,1.0434030294418335,1.053818941116333,80265600
0.6405504941940308,1.048611044883728,1.0659719705581665,1.03125,1.0625,58204800
0.644792914390564,1.055556058883667,1.069443941116333,1.0347219705581665,1.0347219705581665,51552000
0.6352481245994568,1.039931058883667,1.0590280294418335,1.0347219705581665,1.0520830154418945,52790400
0.6363086700439453,1.0416669845581055,1.048611044883728,1.024306058883667,1.038193941116333,41716800
0.6585791110992432,1.078125,1.079861044883728,1.0416669845581055,1.046875,39564000
0.6532763242721558,1.069443941116333,1.079861044883728,1.055556058883667,1.076388955116272,34308000
0.6426714062690735,1.0520830154418945,1.079861044883728,1.048611044883728,1.0729169845581055,34034400
0.6320663094520569,1.0347219705581665,1.0625,1.03125,1.0503469705581665,68983200
0.6341872215270996,1.038193941116333,1.0503469705581665,1.0347219705581665,1.045138955116272,50198400
0.6469137072563171,1.0590280294418335,1.0625,1.0347219705581665,1.038193941116333,35762400
0.6490346789360046,1.0625,1.0729169845581055,1.0572919845581055,1.064236044883728,30052800
0.644792914390564,1.055556058883667,1.0625,1.045138955116272,1.0625,34956000
0.6257035136222839,1.024306058883667,1.055556058883667,1.022568941116333,1.055556058883667,35474400
0.6108559370040894,1.0,1.0208330154418945,0.9930559992790222,1.0190969705581665,79257600
0.6129769682884216,1.0034719705581665,1.006943941116333,0.9826390147209167,0.9930559992790222,61855200
0.6214608550071716,1.017361044883728,1.0277780294418335,0.9965280294418335,1.001736044883728,41803200
0.6299452185630798,1.03125,1.038193941116333,1.017361044883728,1.0208330154418945,37317600
0.6257035136222839,1.024306058883667,1.0416669845581055,1.0208330154418945,1.03125,29700000
0.6405504941940308,1.048611044883728,1.0520830154418945,1.017361044883728,1.0277780294418335,28922400
0.6575186848640442,1.076388955116272,1.079861044883728,1.045138955116272,1.045138955116272,89042400
0.6649423241615295,1.0885419845581055,1.118056058883667,1.076388955116272,1.079861044883728,93628800
0.6723655462265015,1.100693941116333,1.1215280294418335,1.0902780294418335,1.09375,48729600
0.6596396565437317,1.079861044883728,1.1041669845581055,1.069443941116333,1.102431058883667,54475200
0.644792914390564,1.055556058883667,1.079861044883728,1.048611044883728,1.0729169845581055,41853600
0.6511552929878235,1.0659719705581665,1.0659719705581665,1.024306058883667,1.046875,63136800
0.6214608550071716,1.017361044883728,1.086806058883667,1.013888955116272,1.069443941116333,87724800
0.6108559370040894,1.0,1.0277780294418335,0.9895830154418945,1.017361044883728,74203200
0.5896459817886353,0.9652780294418335,1.006943941116333,0.9270830154418945,1.006943941116333,137102400
0.6066144108772278,0.9930559992790222,0.9965280294418335,0.9548609852790833,0.9722219705581665,60148800
0.5832825899124146,0.9548609852790833,1.0277780294418335,0.9166669845581055,0.9895830154418945,303321600
0.5854037404060364,0.9583330154418945,0.9722219705581665,0.9409719705581665,0.9513890147209167,51019200
0.5769190192222595,0.9444440007209778,0.9583330154418945,0.9131940007209778,0.9513890147209167,87955200
0.5641933083534241,0.9236109852790833,0.953125,0.9166669845581055,0.9479169845581055,42307200
0.5663142800331116,0.9270830154418945,0.9340280294418335,0.8854169845581055,0.9201390147209167,111117600
0.559951663017273,0.9166669845581055,0.9270830154418945,0.8923609852790833,0.9097219705581665,91771200
0.5366197824478149,0.8784719705581665,0.9131940007209778,0.8385419845581055,0.9097219705581665,117180000
0.5132889747619629,0.8402780294418335,0.8611109852790833,0.8125,0.8541669845581055,113184000
0.5196515917778015,0.8506940007209778,0.8645830154418945,0.8333330154418945,0.8506940007209778,91065600
0.5387408137321472,0.8819440007209778,0.8888890147209167,0.8611109852790833,0.8680559992790222,86263200
0.5525278449058533,0.9045140147209167,0.9131940007209778,0.8784719705581665,0.8888890147209167,77054400
0.547224760055542,0.8958330154418945,0.9131940007209778,0.8715280294418335,0.9045140147209167,73188000
0.5514674186706543,0.9027780294418335,0.9097219705581665,0.8784719705581665,0.8854169845581055,53942400
0.5451040863990784,0.8923609852790833,0.9149309992790222,0.8854169845581055,0.90625,33710400
0.5451040863990784,0.8923609852790833,0.9131940007209778,0.8923609852790833,0.8993059992790222,51408000
0.5238939523696899,0.8576390147209167,0.8958330154418945,0.8576390147209167,0.8888890147209167,53330400
0.5111678838729858,0.8368059992790222,0.8576390147209167,0.8333330154418945,0.8472219705581665,95227200
0.4708680212497711,0.7708330154418945,0.8402780294418335,0.7708330154418945,0.8368059992790222,113601600
0.46026310324668884,0.7534719705581665,0.7604169845581055,0.7048609852790833,0.7534719705581665,165650400
0.4560210406780243,0.7465280294418335,0.7708330154418945,0.7413190007209778,0.7638890147209167,79236000
0.43905240297317505,0.71875,0.7465280294418335,0.7083330154418945,0.7291669845581055,107445600
0.4857153296470642,0.7951390147209167,0.8020830154418945,0.7256940007209778,0.7256940007209778,95443200
0.5154098272323608,0.84375,0.8506940007209778,0.8194440007209778,0.8194440007209778,110116800
0.5334385633468628,0.8732640147209167,0.8784719705581665,0.8333330154418945,0.8368059992790222,79826400
0.5132889747619629,0.8402780294418335,0.8854169845581055,0.8333330154418945,0.8680559992790222,77954400
0.5090464949607849,0.8333330154418945,0.8663190007209778,0.8333330154418945,0.84375,65383200
0.5217730402946472,0.8541669845581055,0.8611109852790833,0.8229169845581055,0.8333330154418945,40737600
0.5281358957290649,0.8645830154418945,0.8680559992790222,0.84375,0.8472219705581665,47376000
0.500562310218811,0.8194440007209778,0.875,0.8125,0.8680559992790222,54676800
0.4878365993499756,0.7986109852790833,0.8125,0.78125,0.8055559992790222,115617600
0.48995736241340637,0.8020830154418945,0.8194440007209778,0.7847219705581665,0.7916669845581055,53704800
0.47298943996429443,0.7743059992790222,0.8333330154418945,0.7743059992790222,0.8159719705581665,74246400
0.4708680212497711,0.7708330154418945,0.7847219705581665,0.7569440007209778,0.7777780294418335,78868800
0.4867759346961975,0.796875,0.8020830154418945,0.7743059992790222,0.78125,75016800
0.4878365993499756,0.7986109852790833,0.8125,0.7916669845581055,0.8055559992790222,49867200
0.5069255828857422,0.8298609852790833,0.8368059992790222,0.7829859852790833,0.7916669845581055,67672800
0.5154098272323608,0.84375,0.8576390147209167,0.8229169845581055,0.8263890147209167,70394400
0.5238939523696899,0.8576390147209167,0.8663190007209778,0.8298609852790833,0.8420140147209167,60638400
0.5260149240493774,0.8611109852790833,0.8784719705581665,0.8576390147209167,0.875,52696800
0.5069255828857422,0.8298609852790833,0.8611109852790833,0.8298609852790833,0.8541669845581055,52444800
0.5132889747619629,0.8402780294418335,0.84375,0.8125,0.8298609852790833,79891200
0.49632054567337036,0.8125,0.8333330154418945,0.7986109852790833,0.8263890147209167,81439200
0.5122283697128296,0.8385419845581055,0.8402780294418335,0.8159719705581665,0.828125,53308800
0.5111678838729858,0.8368059992790222,0.84375,0.8263890147209167,0.8402780294418335,39268800
0.5026838183403015,0.8229169845581055,0.8541669845581055,0.8090280294418335,0.8472219705581665,65728800
0.534498929977417,0.875,0.8819440007209778,0.8055559992790222,0.8090280294418335,97984800
0.5694959759712219,0.9322919845581055,0.9375,0.8958330154418945,0.8993059992790222,131623200
0.5588909983634949,0.9149309992790222,0.9513890147209167,0.9097219705581665,0.9479169845581055,83469600
0.5578298568725586,0.9131940007209778,0.9357640147209167,0.90625,0.9097219705581665,57600000
0.5440436601638794,0.890625,0.9131940007209778,0.8888890147209167,0.90625,69292800
0.5493465065956116,0.8993059992790222,0.9131940007209778,0.8645830154418945,0.875,82101600
0.559951663017273,0.9166669845581055,0.9236109852790833,0.8958330154418945,0.9166669845581055,38678400
0.534498929977417,0.875,0.9166669845581055,0.8680559992790222,0.90625,66376800
0.504804790019989,0.8263890147209167,0.8645830154418945,0.8194440007209778,0.8611109852790833,115596000
0.4920787513256073,0.8055559992790222,0.8368059992790222,0.7916669845581055,0.8298609852790833,83815200
0.48359450697898865,0.7916669845581055,0.8159719705581665,0.75,0.8125,109252800
0.4793521463871002,0.7847219705581665,0.8055559992790222,0.7708330154418945,0.8020830154418945,130334400
0.46344470977783203,0.7586809992790222,0.8003469705581665,0.75,0.7881940007209778,300888000
0.4793521463871002,0.7847219705581665,0.7881940007209778,0.7430559992790222,0.7604169845581055,135820800
0.5185912251472473,0.8489580154418945,0.8541669845581055,0.7881940007209778,0.7916669845581055,123739200
0.5260149240493774,0.8611109852790833,0.8784719705581665,0.8402780294418335,0.8611109852790833,170337600
0.5429831743240356,0.8888890147209167,0.8993059992790222,0.8576390147209167,0.8611109852790833,80294400
0.5451040863990784,0.8923609852790833,0.9131940007209778,0.8784719705581665,0.8854169845581055,71884800
0.554648756980896,0.9079859852790833,0.9097219705581665,0.8784719705581665,0.8819440007209778,54734400
0.5493465065956116,0.8993059992790222,0.9201390147209167,0.8888890147209167,0.9097219705581665,51501600
0.537680447101593,0.8802080154418945,0.8958330154418945,0.8784719705581665,0.8854169845581055,59126400
0.5302571654319763,0.8680559992790222,0.8923609852790833,0.8611109852790833,0.8854169845581055,67881600
0.5419226288795471,0.8871530294418335,0.8923609852790833,0.8611109852790833,0.8680559992790222,52567200
0.5408622026443481,0.8854169845581055,0.90625,0.8854169845581055,0.8958330154418945,61200000
0.5387408137321472,0.8819440007209778,0.8923609852790833,0.8715280294418335,0.875,49442400
0.5514674186706543,0.9027780294418335,0.9131940007209778,0.8784719705581665,0.8819440007209778,74764800
0.5567694306373596,0.9114580154418945,0.9166669845581055,0.8993059992790222,0.90625,50702400
0.5451040863990784,0.8923609852790833,0.9236109852790833,0.8819440007209778,0.9131940007209778,59212800
0.5408622026443481,0.8854169845581055,0.8993059992790222,0.8819440007209778,0.8854169845581055,63100800
0.5387408137321472,0.8819440007209778,0.8993059992790222,0.875,0.8819440007209778,43466400
0.5493465065956116,0.8993059992790222,0.9097219705581665,0.8958330154418945,0.8993059992790222,43344000
0.5843430757522583,0.9565969705581665,0.9618059992790222,0.9166669845581055,0.9166669845581055,87660000
0.5822219848632812,0.953125,0.9652780294418335,0.9409719705581665,0.9548609852790833,67658400
0.5896459817886353,0.9652780294418335,0.9722219705581665,0.9479169845581055,0.9513890147209167,59724000
0.5758587121963501,0.9427080154418945,0.9618059992790222,0.9340280294418335,0.9583330154418945,63129600
0.5769190192222595,0.9444440007209778,0.9548609852790833,0.9340280294418335,0.9375,67075200
0.5896459817886353,0.9652780294418335,0.96875,0.9444440007209778,0.9444440007209778,45554400
0.5790408849716187,0.9479169845581055,0.9791669845581055,0.9461809992790222,0.9618059992790222,68868000
0.5832825899124146,0.9548609852790833,0.9583330154418945,0.9305559992790222,0.9444440007209778,60739200
0.5832825899124146,0.9548609852790833,0.9756940007209778,0.9513890147209167,0.9618059992790222,22060800
0.5960087180137634,0.9756940007209778,0.9791669845581055,0.9409719705581665,0.9513890147209167,47577600
0.6097956299781799,0.9982640147209167,1.0034719705581665,0.96875,0.9791669845581055,63417600
0.5970696210861206,0.9774309992790222,1.0104169845581055,0.9756940007209778,1.0034719705581665,77623200
0.604492723941803,0.9895830154418945,0.9895830154418945,0.96875,0.9756940007209778,65865600
0.6129769682884216,1.0034719705581665,1.03125,0.9791669845581055,0.9895830154418945,72165600
0.6267639398574829,1.0260419845581055,1.0347219705581665,1.0104169845581055,1.017361044883728,68241600
0.6320663094520569,1.0347219705581665,1.045138955116272,1.013888955116272,1.0208330154418945,54547200
0.6384296417236328,1.045138955116272,1.0520830154418945,1.03125,1.0347219705581665,68630400
0.6341872215270996,1.038193941116333,1.0659719705581665,1.0277780294418335,1.0590280294418335,108201600
0.6299452185630798,1.03125,1.045138955116272,1.0034719705581665,1.03125,81921600
0.6278247833251953,1.0277780294418335,1.046875,1.0104169845581055,1.017361044883728,55526400
0.6119166016578674,1.001736044883728,1.0347219705581665,1.0,1.017361044883728,61768800
0.6150978207588196,1.006943941116333,1.0104169845581055,0.9791669845581055,0.9965280294418335,71560800
0.6172193288803101,1.0104169845581055,1.0208330154418945,0.9965280294418335,1.013888955116272,50709600
0.6246424317359924,1.022568941116333,1.03125,1.006943941116333,1.013888955116272,48636000
0.6278247833251953,1.0277780294418335,1.03125,1.006943941116333,1.013888955116272,27288000
0.6384296417236328,1.045138955116272,1.0520830154418945,1.03125,1.0347219705581665,51876000
0.6352481245994568,1.039931058883667,1.0520830154418945,1.038193941116333,1.046875,34264800
0.6405504941940308,1.048611044883728,1.055556058883667,1.0277780294418335,1.03125,46994400
0.6426714062690735,1.0520830154418945,1.055556058883667,1.045138955116272,1.0520830154418945,33472800
0.6384296417236328,1.045138955116272,1.048611044883728,1.038193941116333,1.048611044883728,13550400
0.6363086700439453,1.0416669845581055,1.0520830154418945,1.0347219705581665,1.045138955116272,16214400
0.6341872215270996,1.038193941116333,1.045138955116272,1.0347219705581665,1.0416669845581055,22629600
0.6363086700439453,1.0416669845581055,1.045138955116272,1.03125,1.0347219705581665,20268000
0.6384296417236328,1.045138955116272,1.045138955116272,1.0347219705581665,1.0416669845581055,23702400
0.6341872215270996,1.038193941116333,1.045138955116272,1.038193941116333,1.0416669845581055,38109600
0.6384296417236328,1.045138955116272,1.055556058883667,1.038193941116333,1.038193941116333,52826400
0.6437315940856934,1.053818941116333,1.0625,1.0416669845581055,1.0416669845581055,58485600
0.6352481245994568,1.039931058883667,1.079861044883728,1.038193941116333,1.045138955116272,87552000
0.623582124710083,1.0208330154418945,1.045138955116272,1.013888955116272,1.038193941116333,76442400
0.6278247833251953,1.0277780294418335,1.0520830154418945,1.0208330154418945,1.0277780294418335,115624800
0.6638819575309753,1.086806058883667,1.09375,1.03125,1.03125,123890400
0.6617605686187744,1.0833330154418945,1.0972219705581665,1.0659719705581665,1.0902780294418335,62006400
0.6511552929878235,1.0659719705581665,1.076388955116272,1.048611044883728,1.0729169845581055,58658400
0.6649423241615295,1.0885419845581055,1.1041669845581055,1.0659719705581665,1.0659719705581665,83440800
0.6978182196617126,1.142361044883728,1.1510419845581055,1.086806058883667,1.0902780294418335,139917600
0.712665319442749,1.1666669845581055,1.1979169845581055,1.163193941116333,1.194443941116333,163526400
0.7232705354690552,1.1840280294418335,1.1875,1.142361044883728,1.1458330154418945,103032000
0.7593284845352173,1.243056058883667,1.25,1.1753469705581665,1.1753469705581665,154512000
0.7540251612663269,1.234375,1.263888955116272,1.2135419845581055,1.2447919845581055,113716800
0.7550856471061707,1.236111044883728,1.2534719705581665,1.225693941116333,1.225693941116333,77083200
0.7678120136260986,1.256943941116333,1.2621530294418335,1.232638955116272,1.2395830154418945,86083200
0.7593284845352173,1.243056058883667,1.263888955116272,1.236111044883728,1.2604169845581055,86889600
0.7826595902442932,1.28125,1.305556058883667,1.236111044883728,1.236111044883728,130989600
0.7847800254821777,1.2847219705581665,1.310763955116272,1.25,1.28125,146980800
0.8165961503982544,1.336806058883667,1.3402780294418335,1.2708330154418945,1.2847219705581665,148586400
0.8325030207633972,1.3628469705581665,1.381943941116333,1.3333330154418945,1.3402780294418335,111420000
0.8462905287742615,1.3854169845581055,1.4027780294418335,1.350693941116333,1.375,117878400
0.840987503528595,1.376736044883728,1.399306058883667,1.361111044883728,1.388888955116272,88236000
0.8590160608291626,1.40625,1.4166669845581055,1.361111044883728,1.3784719705581665,88740000
0.8971946835517883,1.46875,1.4791669845581055,1.3958330154418945,1.4027780294418335,106351200
0.8738637566566467,1.430556058883667,1.513888955116272,1.420138955116272,1.475693941116333,133466400
0.8823472261428833,1.444443941116333,1.454861044883728,1.413193941116333,1.430556058883667,74232000
0.8844689130783081,1.4479169845581055,1.451388955116272,1.420138955116272,1.446181058883667,152337600
0.8759845495223999,1.4340280294418335,1.454861044883728,1.423611044883728,1.4340280294418335,96206400
0.8950740098953247,1.4652780294418335,1.467013955116272,1.413193941116333,1.423611044883728,95493600
0.854774534702301,1.399306058883667,1.4652780294418335,1.375,1.461806058883667,133704000
0.8759845495223999,1.4340280294418335,1.4479169845581055,1.40625,1.4097219705581665,115452000
0.8696210384368896,1.423611044883728,1.4375,1.4097219705581665,1.420138955116272,66564000
0.8717425465583801,1.4270830154418945,1.444443941116333,1.4097219705581665,1.413193941116333,52552800
0.8484112620353699,1.388888955116272,1.4375,1.388888955116272,1.430556058883667,68277600
0.8675001263618469,1.420138955116272,1.451388955116272,1.3854169845581055,1.3854169845581055,105343200
0.8738637566566467,1.430556058883667,1.444443941116333,1.4097219705581665,1.4340280294418335,88524000
0.8632579445838928,1.413193941116333,1.423611044883728,1.3958330154418945,1.4097219705581665,55540800
0.8929531574249268,1.461806058883667,1.46875,1.40625,1.420138955116272,87674400
0.8802266716957092,1.4409719705581665,1.475693941116333,1.4340280294418335,1.4722219705581665,55008000
0.8971946835517883,1.46875,1.475693941116333,1.4166669845581055,1.430556058883667,77724000
0.9077998995780945,1.486111044883728,1.493056058883667,1.451388955116272,1.46875,47023200
0.9459782838821411,1.548611044883728,1.5625,1.486111044883728,1.4895830154418945,76356000
0.9099206328392029,1.4895830154418945,1.569443941116333,1.482638955116272,1.5625,101088000
0.8823472261428833,1.444443941116333,1.493056058883667,1.4375,1.4479169845581055,165391200
0.8696210384368896,1.423611044883728,1.4722219705581665,1.413193941116333,1.451388955116272,134697600
0.842047929763794,1.3784719705581665,1.423611044883728,1.357638955116272,1.413193941116333,160970400
0.8123536109924316,1.329861044883728,1.373263955116272,1.328125,1.3645830154418945,152884800
0.8526532053947449,1.3958330154418945,1.404513955116272,1.3333330154418945,1.3333330154418945,110268000
0.8314430713653564,1.361111044883728,1.4097219705581665,1.3472219705581665,1.4097219705581665,100216800
0.8197771906852722,1.342013955116272,1.3715280294418335,1.336806058883667,1.3645830154418945,76932000
0.842047929763794,1.3784719705581665,1.3854169845581055,1.3333330154418945,1.336806058883667,66218400
0.8399271965026855,1.375,1.4027780294418335,1.34375,1.3645830154418945,92505600
0.8399271965026855,1.375,1.4027780294418335,1.3715280294418335,1.375,83217600
0.8038693070411682,1.3159719705581665,1.399306058883667,1.305556058883667,1.381943941116333,119188800
0.7953851819038391,1.3020830154418945,1.326388955116272,1.2916669845581055,1.3125,95688000
0.8335638642311096,1.3645830154418945,1.3715280294418335,1.305556058883667,1.305556058883667,59824800
0.8918917179107666,1.460068941116333,1.461806058883667,1.3715280294418335,1.3715280294418335,89928000
0.9141634106636047,1.4965280294418335,1.517361044883728,1.4583330154418945,1.4583330154418945,91936800
0.9003760814666748,1.4739580154418945,1.5034719705581665,1.4722219705581665,1.4895830154418945,30492000
0.9056790471076965,1.482638955116272,1.4965280294418335,1.451388955116272,1.4722219705581665,59205600
0.952341616153717,1.5590280294418335,1.5625,1.482638955116272,1.493056058883667,96256800
0.9650676846504211,1.579861044883728,1.6215280294418335,1.5659719705581665,1.5659719705581665,91778400
0.9650676846504211,1.579861044883728,1.6215280294418335,1.5659719705581665,1.5833330154418945,73850400
0.9332525134086609,1.5277780294418335,1.586806058883667,1.513888955116272,1.5833330154418945,108914400
0.9449174404144287,1.546875,1.5729169845581055,1.5208330154418945,1.5277780294418335,46526400
0.9353733062744141,1.53125,1.5729169845581055,1.524306058883667,1.548611044883728,60768000
0.9120420813560486,1.493056058883667,1.53125,1.4652780294418335,1.524306058883667,74340000
0.94173663854599,1.5416669845581055,1.548611044883728,1.5,1.506943941116333,47937600
0.9099206328392029,1.4895830154418945,1.5277780294418335,1.4409719705581665,1.5208330154418945,176731200
0.9650676846504211,1.579861044883728,1.586806058883667,1.4583330154418945,1.4722219705581665,88819200
0.952341616153717,1.5590280294418335,1.5902780294418335,1.5277780294418335,1.579861044883728,81331200
0.9459782838821411,1.548611044883728,1.631943941116333,1.5434030294418335,1.5833330154418945,128383200
0.9332525134086609,1.5277780294418335,1.555556058883667,1.5,1.545138955116272,88084800
0.9099206328392029,1.4895830154418945,1.5208330154418945,1.4583330154418945,1.475693941116333,96588000
0.8664400577545166,1.4184030294418335,1.475693941116333,1.413193941116333,1.4722219705581665,139708800
0.8621978163719177,1.4114580154418945,1.430556058883667,1.3958330154418945,1.420138955116272,103910400
0.8738637566566467,1.430556058883667,1.454861044883728,1.3958330154418945,1.4097219705581665,82130400
0.854774534702301,1.399306058883667,1.4409719705581665,1.3958330154418945,1.423611044883728,65707200
0.854774534702301,1.399306058883667,1.420138955116272,1.3715280294418335,1.392361044883728,88372800
0.829321563243866,1.357638955116272,1.4097219705581665,1.357638955116272,1.40625,71258400
0.8399271965026855,1.375,1.3784719705581665,1.3333330154418945,1.357638955116272,115178400
0.854774534702301,1.399306058883667,1.399306058883667,1.3472219705581665,1.368056058883667,111628800
0.8526532053947449,1.3958330154418945,1.423611044883728,1.392361044883728,1.40625,66888000
0.8590160608291626,1.40625,1.40625,1.3854169845581055,1.3958330154418945,23047200
0.8717425465583801,1.4270830154418945,1.4340280294418335,1.392361044883728,1.3958330154418945,44755200
0.8590160608291626,1.40625,1.4409719705581665,1.40625,1.4340280294418335,50904000
0.8738637566566467,1.430556058883667,1.4340280294418335,1.392361044883728,1.4027780294418335,57592800
0.8971946835517883,1.46875,1.4722219705581665,1.4270830154418945,1.4340280294418335,76298400
0.8717425465583801,1.4270830154418945,1.486111044883728,1.4166669845581055,1.475693941116333,52070400
0.87492436170578,1.4322919845581055,1.4409719705581665,1.40625,1.4340280294418335,68745600
0.8590160608291626,1.40625,1.4340280294418335,1.399306058883667,1.4253469705581665,58816800
0.8314430713653564,1.361111044883728,1.3958330154418945,1.342013955116272,1.392361044883728,111160800
0.8431089520454407,1.3802080154418945,1.388888955116272,1.368056058883667,1.3784719705581665,70243200
0.842047929763794,1.3784719705581665,1.381943941116333,1.361111044883728,1.375,44812800
0.840987503528595,1.376736044883728,1.388888955116272,1.357638955116272,1.381943941116333,65937600
0.8653796315193176,1.4166669845581055,1.4340280294418335,1.381943941116333,1.3854169845581055,83570400
0.9056790471076965,1.482638955116272,1.482638955116272,1.420138955116272,1.4270830154418945,88783200
0.9290097951889038,1.5208330154418945,1.524306058883667,1.486111044883728,1.486111044883728,67752000
0.9332525134086609,1.5277780294418335,1.5625,1.5208330154418945,1.5277780294418335,67932000
0.9396147131919861,1.538193941116333,1.5520830154418945,1.5277780294418335,1.5347219705581665,43941600
0.9353733062744141,1.53125,1.555556058883667,1.524306058883667,1.545138955116272,64202400
0.9353733062744141,1.53125,1.5520830154418945,1.513888955116272,1.529513955116272,61833600
0.9311317205429077,1.524306058883667,1.5416669845581055,1.5,1.5347219705581665,81784800
0.9502213001251221,1.555556058883667,1.5590280294418335,1.513888955116272,1.5208330154418945,46951200
0.9587042927742004,1.569443941116333,1.576388955116272,1.5347219705581665,1.555556058883667,35035200
0.9502213001251221,1.555556058883667,1.586806058883667,1.555556058883667,1.5625,41385600
0.9427973031997681,1.5434030294418335,1.569443941116333,1.5347219705581665,1.5659719705581665,32680800
0.9353733062744141,1.53125,1.53125,1.5104169845581055,1.524306058883667,51984000
0.9374943971633911,1.5347219705581665,1.5416669845581055,1.524306058883667,1.53125,29498400
0.9385550618171692,1.5364580154418945,1.569443941116333,1.5347219705581665,1.5416669845581055,41846400
0.9427973031997681,1.5434030294418335,1.5590280294418335,1.53125,1.538193941116333,51069600
0.94173663854599,1.5416669845581055,1.5590280294418335,1.5347219705581665,1.5416669845581055,38001600
0.9629467725753784,1.576388955116272,1.579861044883728,1.5416669845581055,1.545138955116272,46360800
0.9629467725753784,1.576388955116272,1.59375,1.5625,1.579861044883728,29419200
0.9459782838821411,1.548611044883728,1.576388955116272,1.524306058883667,1.5729169845581055,46850400
0.8770451545715332,1.435763955116272,1.524306058883667,1.430556058883667,1.524306058883667,157039200
0.854774534702301,1.399306058883667,1.413193941116333,1.375,1.4027780294418335,187999200
0.8675001263618469,1.420138955116272,1.430556058883667,1.40625,1.40625,67680000
0.8325030207633972,1.3628469705581665,1.4097219705581665,1.3541669845581055,1.4027780294418335,79696800
0.8378063440322876,1.3715280294418335,1.392361044883728,1.361111044883728,1.3784719705581665,97228800
0.854774534702301,1.399306058883667,1.4097219705581665,1.3645830154418945,1.375,96638400
0.8653796315193176,1.4166669845581055,1.421875,1.390625,1.4114580154418945,56510400
0.866970419883728,1.4192709922790527,1.4322919845581055,1.3645830154418945,1.4114580154418945,61526400
0.9083301424980164,1.4869790077209473,1.4921879768371582,1.4114580154418945,1.4322919845581055,72388800
0.866970419883728,1.4192709922790527,1.5052080154418945,1.4166669845581055,1.484375,43920000
0.8144742846488953,1.3333330154418945,1.3541669845581055,1.2864580154418945,1.34375,191630400
0.7858408093452454,1.2864580154418945,1.328125,1.28125,1.328125,78758400
0.8526532053947449,1.3958330154418945,1.4010419845581055,1.2604169845581055,1.265625,109185600
0.8637889623641968,1.4140629768371582,1.4322919845581055,1.3854169845581055,1.40625,76948800
0.8303823471069336,1.359375,1.4322919845581055,1.3541669845581055,1.421875,67310400
0.8431089520454407,1.3802080154418945,1.390625,1.3541669845581055,1.3697919845581055,51148800
0.8653796315193176,1.4166669845581055,1.4270830154418945,1.375,1.3958330154418945,35174400
0.8892405033111572,1.4557290077209473,1.4635419845581055,1.4270830154418945,1.4322919845581055,36763200
0.8590160608291626,1.40625,1.4583330154418945,1.40625,1.4583330154418945,42734400
0.8621978163719177,1.4114580154418945,1.4114580154418945,1.3541669845581055,1.3697919845581055,40526400
0.8526532053947449,1.3958330154418945,1.4427080154418945,1.390625,1.4166669845581055,25656000
0.8621978163719177,1.4114580154418945,1.4166669845581055,1.375,1.40625,24441600
0.8590160608291626,1.40625,1.4322919845581055,1.3854169845581055,1.390625,35136000
0.8462905287742615,1.3854169845581055,1.421875,1.3854169845581055,1.4166669845581055,35596800
0.8335638642311096,1.3645830154418945,1.4010419845581055,1.3541669845581055,1.3958330154418945,54321600
0.8399271965026855,1.375,1.4166669845581055,1.3723959922790527,1.3958330154418945,90211200
0.9035578966140747,1.4791669845581055,1.4947919845581055,1.390625,1.3958330154418945,149294400
0.8940137624740601,1.4635419845581055,1.484375,1.4322919845581055,1.4791669845581055,136468800
0.9258285760879517,1.515625,1.5208330154418945,1.453125,1.46875,78038400
0.9353733062744141,1.53125,1.5416669845581055,1.515625,1.5208330154418945,111628800
0.9321919679641724,1.5260419845581055,1.5416669845581055,1.5208330154418945,1.5364580154418945,53942400
0.9321919679641724,1.5260419845581055,1.5572919845581055,1.5260419845581055,1.5364580154418945,81369600
0.9194652438163757,1.5052080154418945,1.5260419845581055,1.4947919845581055,1.5260419845581055,28252800
0.9480991959571838,1.5520830154418945,1.5625,1.5052080154418945,1.5052080154418945,53097600
0.9671881794929504,1.5833330154418945,1.59375,1.5520830154418945,1.5572919845581055,69235200
1.0053668022155762,1.6458330154418945,1.6510419845581055,1.5833330154418945,1.5833330154418945,91852800
1.0276380777359009,1.6822919845581055,1.7083330154418945,1.6302080154418945,1.640625,114806400
1.0562723875045776,1.7291669845581055,1.7447919845581055,1.6614580154418945,1.6614580154418945,56899200
1.0499087572097778,1.71875,1.7447919845581055,1.7135419845581055,1.7447919845581055,94497600
1.0499087572097778,1.71875,1.7395830154418945,1.7083330154418945,1.7239580154418945,67008000
1.0371826887130737,1.6979169845581055,1.734375,1.6875,1.71875,45460800
1.0403642654418945,1.703125,1.7161459922790527,1.671875,1.6822919845581055,52075200
1.0212751626968384,1.671875,1.6927080154418945,1.6041669845581055,1.6145830154418945,85425600
1.0244560241699219,1.6770830154418945,1.7057290077209473,1.6666669845581055,1.6796879768371582,57326400
1.068997859954834,1.75,1.7604169845581055,1.703125,1.7083330154418945,73214400
1.068997859954834,1.75,1.7760419845581055,1.734375,1.7552080154418945,43627200
1.084905743598938,1.7760419845581055,1.8020830154418945,1.75,1.75,43161600
1.084905743598938,1.7760419845581055,1.7760419845581055,1.7395830154418945,1.765625,44136000
1.0785425901412964,1.765625,1.7708330154418945,1.75,1.765625,34204800
1.0896775722503662,1.7838540077209473,1.8072919845581055,1.7604169845581055,1.765625,41558400
1.0912684202194214,1.7864580154418945,1.8020830154418945,1.7708330154418945,1.7916669845581055,27974400
1.084905743598938,1.7760419845581055,1.796875,1.7604169845581055,1.7864580154418945,22032000
1.0578631162643433,1.7317709922790527,1.7708330154418945,1.71875,1.7708330154418945,33494400
1.0514992475509644,1.7213540077209473,1.7395830154418945,1.6875,1.734375,38467200
1.0244560241699219,1.6770830154418945,1.7291669845581055,1.6666669845581055,1.7291669845581055,58459200
1.0276380777359009,1.6822919845581055,1.7135419845581055,1.671875,1.6875,50788800
1.0276380777359009,1.6822919845581055,1.6979169845581055,1.671875,1.6822919845581055,31915200
1.0180935859680176,1.6666669845581055,1.71875,1.6666669845581055,1.7083330154418945,65937600
1.0435453653335571,1.7083330154418945,1.7135419845581055,1.6770830154418945,1.6770830154418945,64032000
1.0896775722503662,1.7838540077209473,1.7864580154418945,1.7291669845581055,1.7291669845581055,53808000
1.0562723875045776,1.7291669845581055,1.7864580154418945,1.71875,1.78125,51360000
1.0562723875045776,1.7291669845581055,1.7395830154418945,1.7135419845581055,1.7291669845581055,21686400
1.0753612518310547,1.7604169845581055,1.765625,1.7083330154418945,1.7239580154418945,23366400
1.0785425901412964,1.765625,1.78125,1.7447919845581055,1.75,26942400
1.0976319313049316,1.796875,1.8177080154418945,1.765625,1.7708330154418945,51364800
1.1008132696151733,1.8020830154418945,1.8125,1.7916669845581055,1.8072919845581055,30316800
1.080133318901062,1.7682290077209473,1.8020830154418945,1.7604169845581055,1.796875,49771200
1.1199026107788086,1.8333330154418945,1.8385419845581055,1.7760419845581055,1.7760419845581055,47625600
1.1167213916778564,1.828125,1.8411459922790527,1.8020830154418945,1.8333330154418945,25766400
1.135810375213623,1.859375,1.875,1.8177080154418945,1.8229169845581055,48000000
1.123084306716919,1.8385419845581055,1.8645830154418945,1.828125,1.8645830154418945,33273600
1.1326290369033813,1.8541669845581055,1.8645830154418945,1.8125,1.8385419845581055,27700800
1.1310383081436157,1.8515629768371582,1.859375,1.8333330154418945,1.8541669845581055,19627200
1.1071760654449463,1.8125,1.8854169845581055,1.796875,1.84375,67219200
1.113539457321167,1.8229169845581055,1.8385419845581055,1.796875,1.8020830154418945,34632000
1.1214933395385742,1.8359379768371582,1.8541669845581055,1.8229169845581055,1.8333330154418945,26457600
1.1262657642364502,1.84375,1.8515629768371582,1.8072919845581055,1.8177080154418945,27187200
1.135810375213623,1.859375,1.8645830154418945,1.8333330154418945,1.8333330154418945,37708800
1.138991355895996,1.8645830154418945,1.9010419845581055,1.859375,1.8645830154418945,60931200
1.1421737670898438,1.8697919845581055,1.8854169845581055,1.84375,1.8854169845581055,42048000
1.1405824422836304,1.8671879768371582,1.8958330154418945,1.828125,1.890625,69921600
1.1739888191223145,1.921875,1.921875,1.875,1.875,50625600
1.162853479385376,1.9036459922790527,1.921875,1.890625,1.921875,57854400
1.1549001932144165,1.890625,1.90625,1.8723959922790527,1.90625,100200000
1.135810375213623,1.859375,1.890625,1.84375,1.890625,95563200
1.1453546285629272,1.875,1.9010419845581055,1.8697919845581055,1.875,37843200
1.158081293106079,1.8958330154418945,1.90625,1.8697919845581055,1.875,28704000
1.162853479385376,1.9036459922790527,1.9322919845581055,1.9010419845581055,1.90625,32496000
1.1485365629196167,1.8802080154418945,1.9166669845581055,1.8697919845581055,1.9114580154418945,36724800
1.1485365629196167,1.8802080154418945,1.8854169845581055,1.859375,1.8854169845581055,26942400
1.138991355895996,1.8645830154418945,1.890625,1.859375,1.8802080154418945,28080000
1.1485365629196167,1.8802080154418945,1.8802080154418945,1.828125,1.8645830154418945,37953600
1.1549001932144165,1.890625,1.890625,1.8697919845581055,1.8802080154418945,36523200
1.2026227712631226,1.96875,1.9739580154418945,1.890625,1.890625,65592000
1.1946690082550049,1.9557290077209473,1.984375,1.9427080154418945,1.96875,41092800
1.178761601448059,1.9296879768371582,1.953125,1.9166669845581055,1.9479169845581055,34296000
1.158081293106079,1.8958330154418945,1.9270830154418945,1.890625,1.921875,28838400
1.1930782794952393,1.953125,1.96875,1.8958330154418945,1.9010419845581055,51739200
1.2121673822402954,1.984375,1.9895830154418945,1.9427080154418945,1.9583330154418945,38308800
1.2058045864105225,1.9739580154418945,1.9947919845581055,1.96875,1.9895830154418945,20894400
1.2121673822402954,1.984375,2.015625,1.9791669845581055,1.9791669845581055,36494400
1.2408013343811035,2.03125,2.0416669845581055,1.9921879768371582,2.0,40564800
1.2710258960723877,2.0807290077209473,2.0989580154418945,2.0416669845581055,2.046875,80035200
1.2853436470031738,2.1041669845581055,2.1197919845581055,2.0572919845581055,2.0729169845581055,57523200
1.2630717754364014,2.0677080154418945,2.1145830154418945,2.0572919845581055,2.1145830154418945,44371200
1.2089861631393433,1.9791669845581055,2.09375,1.9739580154418945,2.0625,71592000
1.2376203536987305,2.0260419845581055,2.0364580154418945,1.9791669845581055,1.984375,72432000
1.2248932123184204,2.0052080154418945,2.0286459922790527,1.9635419845581055,2.0052080154418945,71976000
1.2280755043029785,2.0104169845581055,2.03125,2.0,2.0208330154418945,36441600
1.2376203536987305,2.0260419845581055,2.0260419845581055,1.9947919845581055,2.0052080154418945,35558400
1.2217118740081787,2.0,2.03125,1.984375,2.0208330154418945,38102400
1.21694016456604,1.9921879768371582,2.0208330154418945,1.984375,1.9947919845581055,33724800
1.2026227712631226,1.96875,2.0052080154418945,1.9322919845581055,2.0026040077209473,58809600
1.2121673822402954,1.984375,1.9895830154418945,1.9583330154418945,1.9635419845581055,15009600
1.2376203536987305,2.0260419845581055,2.0364580154418945,1.9739580154418945,1.9739580154418945,20524800
1.2885247468948364,2.109375,2.1145830154418945,2.0,2.0052080154418945,55852800
1.2901151180267334,2.1119790077209473,2.140625,2.0729169845581055,2.1041669845581055,64996800
1.2980693578720093,2.125,2.1458330154418945,2.0833330154418945,2.1197919845581055,36297600
1.2948881387710571,2.1197919845581055,2.1302080154418945,2.0989580154418945,2.1197919845581055,24892800
1.3267031908035278,2.171875,2.1927080154418945,2.1041669845581055,2.1145830154418945,51580800
1.2980693578720093,2.125,2.1614580154418945,2.109375,2.1510419845581055,57720000
1.2948881387710571,2.1197919845581055,2.125,2.0833330154418945,2.125,46252800
1.2821615934371948,2.0989580154418945,2.140625,2.0729169845581055,2.1276040077209473,39134400
1.2980693578720093,2.125,2.1510419845581055,2.09375,2.1041669845581055,36979200
1.2980693578720093,2.125,2.140625,2.1145830154418945,2.1302080154418945,26193600
1.2996597290039062,2.1276040077209473,2.1302080154418945,2.0989580154418945,2.125,27225600
1.2964779138565063,2.1223959922790527,2.15625,2.0885419845581055,2.125,27480000
1.3092044591903687,2.1432290077209473,2.1510419845581055,2.109375,2.125,33561600
1.3076142072677612,2.140625,2.1510419845581055,2.109375,2.132812976837158,38116800
1.3139768838882446,2.1510419845581055,2.1875,2.1302080154418945,2.1666669845581055,35356800
1.3585176467895508,2.2239580154418945,2.2239580154418945,2.1354169845581055,2.1510419845581055,46113600
1.3521554470062256,2.2135419845581055,2.2395830154418945,2.2083330154418945,2.2239580154418945,23995200
1.3728357553482056,2.2473959922790527,2.2552080154418945,2.203125,2.2135419845581055,24326400
1.4046502113342285,2.2994790077209473,2.3229169845581055,2.2447919845581055,2.2552080154418945,36657600
1.4094231128692627,2.3072919845581055,2.3177080154418945,2.28125,2.3020830154418945,35524800
1.4157859086990356,2.3177080154418945,2.3333330154418945,2.265625,2.3072919845581055,40512000
1.4507828950881958,2.375,2.390625,2.28125,2.3072919845581055,74265600
1.4380565881729126,2.3541669845581055,2.3802080154418945,2.328125,2.375,38246400
1.4825987815856934,2.4270830154418945,2.453125,2.3411459922790527,2.359375,63057600
1.5271402597427368,2.5,2.5052080154418945,2.4114580154418945,2.4270830154418945,64363200
1.5812263488769531,2.5885419845581055,2.6197919845581055,2.4739580154418945,2.4791669845581055,90763200
1.6194045543670654,2.6510419845581055,2.6875,2.5833330154418945,2.5885419845581055,88348800
1.5939522981643677,2.609375,2.6614580154418945,2.5833330154418945,2.6458330154418945,64641600
1.6178141832351685,2.648437976837158,2.6848959922790527,2.5572919845581055,2.5833330154418945,52804800
1.632130742073059,2.671875,2.6770830154418945,2.625,2.65625,44006400
1.673490285873413,2.7395830154418945,2.7760419845581055,2.671875,2.6822919845581055,65294400
1.625767707824707,2.6614580154418945,2.75,2.65625,2.734375,58761600
1.6098605394363403,2.6354169845581055,2.6979169845581055,2.578125,2.6614580154418945,85027200
1.5589550733566284,2.5520830154418945,2.6510419845581055,2.5520830154418945,2.6510419845581055,58862400
1.51918625831604,2.4869790077209473,2.5625,2.4166669845581055,2.546875,120019200
1.5971336364746094,2.6145830154418945,2.6145830154418945,2.4791669845581055,2.5,56131200
1.5907707214355469,2.6041669845581055,2.695312976837158,2.578125,2.6145830154418945,75590400
1.585998773574829,2.5963540077209473,2.6145830154418945,2.5833330154418945,2.59375,37756800
1.5350940227508545,2.5130209922790527,2.6145830154418945,2.5104169845581055,2.5989580154418945,46233600
1.5366837978363037,2.515625,2.5364580154418945,2.4166669845581055,2.5208330154418945,95539200
1.5844078063964844,2.59375,2.6197919845581055,2.5364580154418945,2.5520830154418945,97344000
1.5716818571090698,2.5729169845581055,2.5989580154418945,2.53125,2.59375,41923200
1.5303212404251099,2.5052080154418945,2.578125,2.4947919845581055,2.5729169845581055,49948800
1.5907707214355469,2.6041669845581055,2.6145830154418945,2.4479169845581055,2.4635419845581055,80265600
1.5844078063964844,2.59375,2.625,2.5520830154418945,2.609375,58440000
1.6194045543670654,2.6510419845581055,2.6770830154418945,2.5729169845581055,2.5989580154418945,71212800
1.6066789627075195,2.6302080154418945,2.6875,2.6197919845581055,2.6354169845581055,62356800
1.6003152132034302,2.6197919845581055,2.65625,2.5833330154418945,2.6302080154418945,36499200
1.5844078063964844,2.59375,2.625,2.5416669845581055,2.617187976837158,41371200
1.5589550733566284,2.5520830154418945,2.5989580154418945,2.53125,2.5885419845581055,41078400
1.6003152132034302,2.6197919845581055,2.640625,2.4713540077209473,2.4713540077209473,83342400
1.5589550733566284,2.5520830154418945,2.6354169845581055,2.53125,2.6145830154418945,97358400
1.5080503225326538,2.46875,2.5520830154418945,2.4583330154418945,2.546875,82632000
1.5048692226409912,2.4635419845581055,2.546875,2.4583330154418945,2.484375,73694400
1.4651000499725342,2.398437976837158,2.4583330154418945,2.3645830154418945,2.4583330154418945,145372800
1.4953253269195557,2.4479169845581055,2.484375,2.4114580154418945,2.4166669845581055,74323200
1.4571462869644165,2.3854169845581055,2.46875,2.3697919845581055,2.4375,91118400
1.4619184732437134,2.3932290077209473,2.4270830154418945,2.3541669845581055,2.3854169845581055,59049600
1.4730535745620728,2.4114580154418945,2.4270830154418945,2.359375,2.3958330154418945,57388800
1.5525927543640137,2.5416669845581055,2.5416669845581055,2.4166669845581055,2.4166669845581055,100670400
1.589180588722229,2.601562976837158,2.609375,2.5572919845581055,2.5572919845581055,79579200
1.5716818571090698,2.5729169845581055,2.6354169845581055,2.546875,2.6041669845581055,58276800
1.5653191804885864,2.5625,2.6197919845581055,2.5364580154418945,2.578125,34876800
1.5684996843338013,2.5677080154418945,2.609375,2.5520830154418945,2.5729169845581055,27734400
1.5589550733566284,2.5520830154418945,2.5885419845581055,2.5364580154418945,2.5677080154418945,33086400
1.5430482625961304,2.5260419845581055,2.5677080154418945,2.484375,2.5520830154418945,55689600
1.5048692226409912,2.4635419845581055,2.5416669845581055,2.4322919845581055,2.515625,61867200
1.5144137144088745,2.4791669845581055,2.5104169845581055,2.4635419845581055,2.4739580154418945,30427200
1.5494109392166138,2.5364580154418945,2.5572919845581055,2.484375,2.4895830154418945,45480000
1.5303212404251099,2.5052080154418945,2.5677080154418945,2.484375,2.546875,39532800
1.541457176208496,2.523437976837158,2.53125,2.46875,2.5052080154418945,50025600
1.5398660898208618,2.5208330154418945,2.5625,2.5104169845581055,2.5520830154418945,36763200
1.5812263488769531,2.5885419845581055,2.5885419845581055,2.5104169845581055,2.5208330154418945,55132800
1.6289492845535278,2.6666669845581055,2.6822919845581055,2.5989580154418945,2.6119790077209473,94473600
1.6082693338394165,2.632812976837158,2.6875,2.625,2.6770830154418945,69230400
1.6225861310958862,2.65625,2.7135419845581055,2.6302080154418945,2.6458330154418945,111576000
1.6353123188018799,2.6770830154418945,2.6875,2.65625,2.65625,35774400
1.6353123188018799,2.6770830154418945,2.6927080154418945,2.6614580154418945,2.6770830154418945,37843200
1.6225861310958862,2.65625,2.7057290077209473,2.6354169845581055,2.6875,70228800
1.6353123188018799,2.6770830154418945,2.6927080154418945,2.6458330154418945,2.65625,36739200
1.5907707214355469,2.6041669845581055,2.6875,2.5885419845581055,2.6822919845581055,60403200
1.5430482625961304,2.5260419845581055,2.6041669845581055,2.4895830154418945,2.59375,89971200
1.5271402597427368,2.5,2.5416669845581055,2.5,2.53125,40713600
1.5080503225326538,2.46875,2.5416669845581055,2.453125,2.5104169845581055,86702400
1.533503770828247,2.5104169845581055,2.515625,2.4375,2.4427080154418945,74203200
1.4889615774154663,2.4375,2.53125,2.4322919845581055,2.5104169845581055,56918400
1.4953253269195557,2.4479169845581055,2.484375,2.4322919845581055,2.4479169845581055,59534400
1.5430482625961304,2.5260419845581055,2.5338540077209473,2.453125,2.453125,40123200
1.476235270500183,2.4166669845581055,2.5520830154418945,2.4114580154418945,2.5416669845581055,72758400
1.4921425580978394,2.4427080154418945,2.4479169845581055,2.359375,2.4114580154418945,105388800
1.5271402597427368,2.5,2.5052080154418945,2.429687976837158,2.4635419845581055,70008000
1.476235270500183,2.4166669845581055,2.5416669845581055,2.375,2.5260419845581055,126446400
1.4953253269195557,2.4479169845581055,2.460937976837158,2.3802080154418945,2.4322919845581055,45552000
1.4889615774154663,2.4375,2.5052080154418945,2.4270830154418945,2.4635419845581055,72806400
1.6400847434997559,2.6848959922790527,2.6927080154418945,2.6354169845581055,2.6822919845581055,223305600
1.6241769790649414,2.6588540077209473,2.6875,2.6458330154418945,2.6875,66393600
1.5032790899276733,2.460937976837158,2.6041669845581055,2.40625,2.59375,226118400
1.4778268337249756,2.4192709922790527,2.46875,2.40625,2.4635419845581055,99244800
1.4969149827957153,2.4505209922790527,2.46875,2.3854169845581055,2.4270830154418945,61790400
1.4730535745620728,2.4114580154418945,2.4791669845581055,2.3385419845581055,2.46875,115334400
1.4285122156143188,2.3385419845581055,2.4322919845581055,2.3333330154418945,2.4166669845581055,90393600
1.4412384033203125,2.359375,2.4270830154418945,2.34375,2.34375,99585600
1.3871521949768066,2.2708330154418945,2.3854169845581055,2.2291669845581055,2.3697919845581055,199876800
1.4173766374588013,2.320312976837158,2.3229169845581055,2.2552080154418945,2.28125,137308800
1.4030601978302002,2.296875,2.3489580154418945,2.2864580154418945,2.3333330154418945,95870400
1.4476021528244019,2.3697919845581055,2.375,2.296875,2.3020830154418945,62083200
1.4507828950881958,2.375,2.4166669845581055,2.34375,2.3645830154418945,73920000
1.4825987815856934,2.4270830154418945,2.4479169845581055,2.359375,2.3697919845581055,59246400
1.476235270500183,2.4166669845581055,2.4427080154418945,2.40625,2.4375,50016000
1.463509440422058,2.3958330154418945,2.4270830154418945,2.3802080154418945,2.4166669845581055,40579200
1.4571462869644165,2.3854169845581055,2.4375,2.359375,2.4166669845581055,59822400
1.4507828950881958,2.375,2.4010419845581055,2.359375,2.390625,41112000
1.453964114189148,2.3802080154418945,2.4010419845581055,2.3489580154418945,2.390625,49905600
1.434875249862671,2.3489580154418945,2.3802080154418945,2.3125,2.3697919845581055,64320000
1.4094231128692627,2.3072919845581055,2.3541669845581055,2.2760419845581055,2.3489580154418945,72307200
1.3998788595199585,2.2916669845581055,2.3229169845581055,2.28125,2.296875,40814400
1.434875249862671,2.3489580154418945,2.3645830154418945,2.3020830154418945,2.3072919845581055,37526400
1.4571462869644165,2.3854169845581055,2.3854169845581055,2.359375,2.359375,51240000
1.4857802391052246,2.4322919845581055,2.4375,2.3854169845581055,2.3854169845581055,58800000
1.4841901063919067,2.429687976837158,2.4375,2.4010419845581055,2.4375,48566400
1.4730535745620728,2.4114580154418945,2.4375,2.3958330154418945,2.4375,36969600
1.469871997833252,2.40625,2.4375,2.3958330154418945,2.4166669845581055,38217600
1.463509440422058,2.3958330154418945,2.421875,2.390625,2.4114580154418945,31166400
1.5144137144088745,2.4791669845581055,2.4895830154418945,2.3854169845581055,2.390625,62702400
1.5398660898208618,2.5208330154418945,2.546875,2.4895830154418945,2.4947919845581055,89918400
1.5812263488769531,2.5885419845581055,2.5885419845581055,2.5,2.5104169845581055,68529600
1.5637282133102417,2.5598959922790527,2.59375,2.546875,2.5885419845581055,42585600
1.5653191804885864,2.5625,2.5885419845581055,2.5520830154418945,2.5520830154418945,28190400
1.560546636581421,2.554687976837158,2.5729169845581055,2.5520830154418945,2.5677080154418945,41755200
1.5398660898208618,2.5208330154418945,2.5625,2.515625,2.5520830154418945,40939200
1.5048692226409912,2.4635419845581055,2.5208330154418945,2.4635419845581055,2.515625,40228800
1.463509440422058,2.3958330154418945,2.4791669845581055,2.375,2.46875,84604800
1.4316933155059814,2.34375,2.40625,2.3333330154418945,2.4010419845581055,65457600
1.3744261264801025,2.25,2.4010419845581055,2.2395830154418945,2.34375,130732800
1.4316933155059814,2.34375,2.3541669845581055,2.2682290077209473,2.296875,138028800
1.4460105895996094,2.367187976837158,2.4375,2.34375,2.34375,54940800
1.388743281364441,2.273437976837158,2.390625,2.265625,2.359375,57376000
1.3815842866897583,2.261718988418579,2.289062976837158,2.234375,2.265625,70032000
1.379198431968689,2.257812976837158,2.335937976837158,2.21875,2.28125,53356800
1.4030601978302002,2.296875,2.320312976837158,2.273437976837158,2.296875,43110400
1.4173766374588013,2.320312976837158,2.328125,2.234375,2.289062976837158,54080000
1.4030601978302002,2.296875,2.367187976837158,2.273437976837158,2.335937976837158,57420800
1.379198431968689,2.257812976837158,2.304687976837158,2.242187976837158,2.304687976837158,34096000
1.3362480401992798,2.1875,2.257812976837158,2.078125,2.257812976837158,165340800
1.2742083072662354,2.085937976837158,2.179687976837158,2.054687976837158,2.171875,140982400
1.379198431968689,2.257812976837158,2.273437976837158,2.132812976837158,2.140625,90963200
1.3362480401992798,2.1875,2.28125,2.171875,2.273437976837158,74048000
1.3768121004104614,2.253906011581421,2.273437976837158,2.171875,2.195312976837158,45136000
1.3338618278503418,2.183593988418579,2.28125,2.148437976837158,2.273437976837158,80563200
1.3267031908035278,2.171875,2.195312976837158,2.117187976837158,2.1875,36224000
1.2980693578720093,2.125,2.179687976837158,2.101562976837158,2.179687976837158,54396800
1.309999942779541,2.144531011581421,2.15625,2.046875,2.125,93417600
1.3171582221984863,2.15625,2.210937976837158,2.132812976837158,2.15625,61174400
1.3267031908035278,2.171875,2.1875,2.113281011581421,2.164062976837158,28905600
1.3362480401992798,2.1875,2.226562976837158,2.140625,2.179687976837158,35113600
1.3577227592468262,2.222656011581421,2.234375,2.195312976837158,2.203125,41116800
1.3648818731307983,2.234375,2.289062976837158,2.21875,2.242187976837158,80172800
1.379198431968689,2.257812976837158,2.257812976837158,2.210937976837158,2.21875,42291200
1.341019868850708,2.195312976837158,2.25,2.179687976837158,2.242187976837158,59865600
1.321931004524231,2.164062976837158,2.195312976837158,2.140625,2.171875,48707200
1.3696541786193848,2.242187976837158,2.273437976837158,2.171875,2.1875,45907200
1.3362480401992798,2.1875,2.242187976837158,2.171875,2.242187976837158,59008000
1.3553369045257568,2.21875,2.257812976837158,2.148437976837158,2.179687976837158,68441600
1.388743281364441,2.273437976837158,2.304687976837158,2.21875,2.222656011581421,76259200
1.3935143947601318,2.28125,2.296875,2.257812976837158,2.273437976837158,30512000
1.4126040935516357,2.3125,2.328125,2.273437976837158,2.296875,45363200
1.4126040935516357,2.3125,2.335937976837158,2.25,2.328125,145273600
1.395901083946228,2.285156011581421,2.328125,2.28125,2.296875,32035200
1.388743281364441,2.273437976837158,2.296875,2.257812976837158,2.296875,35312000
1.4078316688537598,2.304687976837158,2.320312976837158,2.25,2.273437976837158,31516800
1.410218596458435,2.308593988418579,2.328125,2.296875,2.3125,31430400
1.3744261264801025,2.25,2.304687976837158,2.226562976837158,2.304687976837158,60150400
1.3648818731307983,2.234375,2.25,2.195312976837158,2.234375,3705600
1.350564956665039,2.210937976837158,2.304687976837158,2.203125,2.234375,55008000
1.3529510498046875,2.214843988418579,2.265625,2.210937976837158,2.21875,42067200
1.3624951839447021,2.230468988418579,2.246093988418579,2.1875,2.226562976837158,33436800
1.3553369045257568,2.21875,2.265625,2.210937976837158,2.242187976837158,30441600
1.3529510498046875,2.214843988418579,2.242187976837158,2.203125,2.226562976837158,28227200
1.3553369045257568,2.21875,2.242187976837158,2.210937976837158,2.21875,33942400
1.3267031908035278,2.171875,2.21875,2.171875,2.210937976837158,63318400
1.3267031908035278,2.171875,2.210937976837158,2.125,2.15625,66313600
1.321931004524231,2.164062976837158,2.203125,2.148437976837158,2.171875,27433600
1.343405842781067,2.199218988418579,2.210937976837158,2.15625,2.171875,36534400
1.331475853919983,2.179687976837158,2.214843988418579,2.15625,2.203125,52710400
1.3171582221984863,2.15625,2.1875,2.148437976837158,2.175781011581421,42800000
1.343405842781067,2.199218988418579,2.210937976837158,2.140625,2.148437976837158,37123200
1.3672674894332886,2.238281011581421,2.257812976837158,2.195312976837158,2.195312976837158,50016000
1.4054465293884277,2.300781011581421,2.3125,2.25,2.25,88028800
1.4197626113891602,2.324218988418579,2.328125,2.296875,2.296875,49468800
1.4221487045288086,2.328125,2.34375,2.296875,2.320312976837158,25651200
1.4221487045288086,2.328125,2.332031011581421,2.289062976837158,2.3125,30825600
1.4388529062271118,2.355468988418579,2.367187976837158,2.304687976837158,2.328125,61955200
1.4627130031585693,2.394531011581421,2.414062976837158,2.359375,2.367187976837158,85296000
1.4507828950881958,2.375,2.390625,2.359375,2.382812976837158,28585600
1.4651000499725342,2.398437976837158,2.402343988418579,2.351562976837158,2.375,49376000
1.4913480281829834,2.441406011581421,2.449218988418579,2.390625,2.398437976837158,60982400
1.5080503225326538,2.46875,2.46875,2.421875,2.445312976837158,53302400
1.5032790899276733,2.460937976837158,2.476562976837158,2.4375,2.453125,30796800
1.560546636581421,2.554687976837158,2.5625,2.492187976837158,2.492187976837158,95100800
1.5510021448135376,2.539062976837158,2.554687976837158,2.5,2.546875,44614400
1.5342986583709717,2.511718988418579,2.554687976837158,2.484375,2.492187976837158,35708800
1.5486149787902832,2.535156011581421,2.546875,2.507812976837158,2.515625,23590400
1.5247536897659302,2.496093988418579,2.546875,2.449218988418579,2.539062976837158,71683200
1.5104366540908813,2.472656011581421,2.484375,2.445312976837158,2.460937976837158,31811200
1.4841901063919067,2.429687976837158,2.472656011581421,2.421875,2.46875,30777600
1.5104366540908813,2.472656011581421,2.492187976837158,2.421875,2.429687976837158,37654400
1.531913161277771,2.507812976837158,2.515625,2.476562976837158,2.476562976837158,36953600
1.5032790899276733,2.460937976837158,2.511718988418579,2.375,2.507812976837158,41817600
1.469871997833252,2.40625,2.445312976837158,2.382812976837158,2.390625,52854400
1.5032790899276733,2.460937976837158,2.46875,2.40625,2.40625,39392000
1.5366837978363037,2.515625,2.515625,2.460937976837158,2.492187976837158,59843200
1.5199809074401855,2.488281011581421,2.53125,2.484375,2.5,47804800
1.5032790899276733,2.460937976837158,2.492187976837158,2.4375,2.476562976837158,36803200
1.560546636581421,2.554687976837158,2.554687976837158,2.367187976837158,2.453125,71347200
1.5748634338378906,2.578125,2.609375,2.539062976837158,2.570312976837158,74316800
1.5486149787902832,2.535156011581421,2.632812976837158,2.53125,2.578125,58153600
1.5915658473968506,2.605468988418579,2.640625,2.554687976837158,2.570312976837158,59532800
1.5724765062332153,2.574218988418579,2.609375,2.546875,2.609375,40182400
1.601110816001892,2.621093988418579,2.625,2.585937976837158,2.59375,34700800
1.6082693338394165,2.632812976837158,2.667968988418579,2.601562976837158,2.648437976837158,86643200
1.5939522981643677,2.609375,2.65625,2.59375,2.636718988418579,47456000
1.6130412817001343,2.640625,2.648437976837158,2.585937976837158,2.601562976837158,35942400
1.6297450065612793,2.667968988418579,2.671875,2.617187976837158,2.648437976837158,47644800
1.6774671077728271,2.746093988418579,2.757812976837158,2.65625,2.65625,83280000
1.6774671077728271,2.746093988418579,2.804687976837158,2.71875,2.757812976837158,84150400
1.7180321216583252,2.8125,2.8125,2.742187976837158,2.757812976837158,60396800
1.7132604122161865,2.804687976837158,2.820312976837158,2.757812976837158,2.8125,49174400
1.6917846202850342,2.769531011581421,2.820312976837158,2.757812976837158,2.820312976837158,46006400
1.7180321216583252,2.8125,2.820312976837158,2.742187976837158,2.765625,40121600
1.679854393005371,2.75,2.820312976837158,2.734375,2.8125,49116800
1.689398169517517,2.765625,2.773437976837158,2.726562976837158,2.757812976837158,36172800
1.7180321216583252,2.8125,2.8125,2.765625,2.773437976837158,32774400
1.6941708326339722,2.773437976837158,2.8125,2.765625,2.808593988418579,24998400
1.7108739614486694,2.800781011581421,2.8125,2.742187976837158,2.78125,31091200
1.684626579284668,2.757812976837158,2.804687976837158,2.738281011581421,2.796875,35267200
1.689398169517517,2.765625,2.804687976837158,2.75,2.757812976837158,23657600
1.753825068473816,2.871093988418579,2.882812976837158,2.757812976837158,2.78125,90361600
1.7705280780792236,2.898437976837158,2.914062976837158,2.851562976837158,2.867187976837158,61155200
1.753825068473816,2.871093988418579,2.898437976837158,2.828125,2.898437976837158,54796800
1.7729142904281616,2.902343988418579,2.914062976837158,2.859375,2.875,38710400
1.7896177768707275,2.929687976837158,2.96875,2.882812976837158,2.898437976837158,60748800
1.7848451137542725,2.921875,2.945312976837158,2.875,2.929687976837158,46960000
1.7800723314285278,2.914062976837158,2.929687976837158,2.890625,2.921875,25811200
1.7705280780792236,2.898437976837158,2.921875,2.882812976837158,2.90625,19312000
1.7180321216583252,2.8125,2.9375,2.789062976837158,2.902343988418579,56649600
1.7562096118927002,2.875,2.890625,2.808593988418579,2.828125,33273600
1.7943893671035767,2.9375,2.96875,2.882812976837158,2.882812976837158,46857600
1.8134788274765015,2.96875,2.96875,2.929687976837158,2.9375,41113600
1.689398169517517,2.765625,2.867187976837158,2.726562976837158,2.820312976837158,309884800
1.746666431427002,2.859375,2.898437976837158,2.789062976837158,2.851562976837158,145513600
1.7395081520080566,2.847656011581421,2.890625,2.820312976837158,2.875,53152000
1.751438021659851,2.867187976837158,2.890625,2.84375,2.859375,17593600
1.7776854038238525,2.910156011581421,2.914062976837158,2.867187976837158,2.890625,35251200
1.7776854038238525,2.910156011581421,2.921875,2.875,2.898437976837158,33593600
1.7323497533798218,2.835937976837158,2.921875,2.828125,2.90625,49881600
1.7490521669387817,2.863281011581421,2.890625,2.828125,2.835937976837158,26048000
1.751438021659851,2.867187976837158,2.890625,2.851562976837158,2.859375,23548800
1.782458782196045,2.917968988418579,2.921875,2.84375,2.875,46422400
1.765755534172058,2.890625,2.9375,2.859375,2.929687976837158,26908800
1.7562096118927002,2.875,2.914062976837158,2.851562976837158,2.867187976837158,26048000
1.69894278049469,2.78125,2.867187976837158,2.765625,2.8125,89296000
1.6488341093063354,2.699218988418579,2.78125,2.679687976837158,2.765625,112934400
1.6631503105163574,2.722656011581421,2.757812976837158,2.703125,2.710937976837158,51286400
1.6488341093063354,2.699218988418579,2.742187976837158,2.671875,2.726562976837158,45289600
1.6607646942138672,2.71875,2.757812976837158,2.664062976837158,2.703125,73792000
1.7180321216583252,2.8125,2.820312976837158,2.71875,2.726562976837158,51859200
1.7180321216583252,2.8125,2.820312976837158,2.765625,2.78125,74387200
1.7275772094726562,2.828125,2.875,2.789062976837158,2.804687976837158,64928000
1.6750819683074951,2.742187976837158,2.859375,2.71875,2.84375,56928000
1.6655374765396118,2.726562976837158,2.757812976837158,2.6875,2.75,59974400
1.6655374765396118,2.726562976837158,2.726562976837158,2.6875,2.726562976837158,32723200
1.6703085899353027,2.734375,2.742187976837158,2.6875,2.726562976837158,45731200
1.6512196063995361,2.703125,2.734375,2.695312976837158,2.726562976837158,60035200
1.6392894983291626,2.683593988418579,2.71875,2.664062976837158,2.710937976837158,50860800
1.6297450065612793,2.667968988418579,2.695312976837158,2.664062976837158,2.6875,30851200
1.6249717473983765,2.660156011581421,2.679687976837158,2.640625,2.65625,72646400
1.6512196063995361,2.703125,2.710937976837158,2.648437976837158,2.65625,71529600
1.69894278049469,2.78125,2.789062976837158,2.710937976837158,2.71875,87440000
1.6655374765396118,2.726562976837158,2.808593988418579,2.71875,2.78125,58748800
1.6631503105163574,2.722656011581421,2.757812976837158,2.695312976837158,2.726562976837158,43977600
1.7013287544250488,2.785156011581421,2.789062976837158,2.695312976837158,2.726562976837158,58348800
1.7132604122161865,2.804687976837158,2.851562976837158,2.773437976837158,2.78125,85129600
1.7418937683105469,2.851562976837158,2.882812976837158,2.757812976837158,2.796875,83696000
1.7418937683105469,2.851562976837158,2.9375,2.828125,2.882812976837158,121264000
1.7132604122161865,2.804687976837158,2.84375,2.71875,2.734375,181958400
1.7037162780761719,2.789062976837158,2.804687976837158,2.757812976837158,2.796875,50611200
1.6870123147964478,2.761718988418579,2.789062976837158,2.757812976837158,2.78125,52960000
1.6870123147964478,2.761718988418579,2.78125,2.742187976837158,2.765625,47968000
1.7084883451461792,2.796875,2.8125,2.710937976837158,2.742187976837158,73363200
1.7061017751693726,2.792968988418579,2.820312976837158,2.773437976837158,2.804687976837158,49088000
1.689398169517517,2.765625,2.820312976837158,2.742187976837158,2.789062976837158,49609600
1.679854393005371,2.75,2.8125,2.734375,2.765625,42345600
1.6464482545852661,2.695312976837158,2.742187976837158,2.671875,2.734375,64192000
1.6607646942138672,2.71875,2.722656011581421,2.648437976837158,2.695312976837158,77030400
1.6512196063995361,2.703125,2.75,2.679687976837158,2.734375,39424000
1.6703085899353027,2.734375,2.75,2.671875,2.695312976837158,42854400
1.69894278049469,2.78125,2.796875,2.726562976837158,2.730468988418579,70371200
1.6870123147964478,2.761718988418579,2.820312976837158,2.75,2.796875,71728000
1.6225861310958862,2.65625,2.742187976837158,2.640625,2.742187976837158,124214400
1.69894278049469,2.78125,2.796875,2.570312976837158,2.648437976837158,177216000
1.636904001235962,2.679687976837158,2.78125,2.65625,2.765625,92665600
1.601110816001892,2.621093988418579,2.726562976837158,2.609375,2.710937976837158,64550400
1.632130742073059,2.671875,2.695312976837158,2.625,2.640625,39193600
1.6273585557937622,2.664062976837158,2.703125,2.648437976837158,2.695312976837158,31635200
1.5963388681411743,2.613281011581421,2.664062976837158,2.601562976837158,2.664062976837158,34752000
1.5295261144638062,2.503906011581421,2.617187976837158,2.492187976837158,2.589843988418579,91180800
1.531913161277771,2.507812976837158,2.539062976837158,2.414062976837158,2.53125,121913600
1.558159589767456,2.550781011581421,2.585937976837158,2.46875,2.539062976837158,138553600
1.5223681926727295,2.492187976837158,2.5625,2.484375,2.558593988418579,97094400
1.4651000499725342,2.398437976837158,2.53125,2.398437976837158,2.492187976837158,76256000
1.517595887184143,2.484375,2.515625,2.398437976837158,2.4375,105974400
1.601110816001892,2.621093988418579,2.625,2.460937976837158,2.46875,77548800
1.6106559038162231,2.636718988418579,2.65625,2.578125,2.578125,60806400
1.5915658473968506,2.605468988418579,2.65625,2.59375,2.632812976837158,29833600
1.5557730197906494,2.546875,2.617187976837158,2.539062976837158,2.617187976837158,26432000
1.6154273748397827,2.644531011581421,2.648437976837158,2.539062976837158,2.554687976837158,38380800
1.6178141832351685,2.648437976837158,2.671875,2.609375,2.648437976837158,42352000
1.5987253189086914,2.617187976837158,2.648437976837158,2.554687976837158,2.648437976837158,56659200
1.579635500907898,2.585937976837158,2.65625,2.578125,2.609375,35724800
1.5963388681411743,2.613281011581421,2.640625,2.5625,2.582031011581421,48022400
1.6082693338394165,2.632812976837158,2.65625,2.617187976837158,2.625,41312000
1.6225861310958862,2.65625,2.679687976837158,2.609375,2.640625,26592000
1.6512196063995361,2.703125,2.742187976837158,2.65625,2.664062976837158,57779200
1.69894278049469,2.78125,2.789062976837158,2.664062976837158,2.6875,73580800
1.6726951599121094,2.738281011581421,2.789062976837158,2.71875,2.789062976837158,35347200
1.6750819683074951,2.742187976837158,2.773437976837158,2.71875,2.757812976837158,36336000
1.6297450065612793,2.667968988418579,2.734375,2.664062976837158,2.710937976837158,39644800
1.6273585557937622,2.664062976837158,2.710937976837158,2.65625,2.679687976837158,34406400
1.6082693338394165,2.632812976837158,2.679687976837158,2.625,2.679687976837158,45404800
1.5915658473968506,2.605468988418579,2.625,2.578125,2.601562976837158,34083200
1.586794137954712,2.597656011581421,2.65625,2.59375,2.609375,34409600
1.6464482545852661,2.695312976837158,2.710937976837158,2.59375,2.601562976837158,50576000
1.6679227352142334,2.730468988418579,2.757812976837158,2.699218988418579,2.703125,43833600
1.6536062955856323,2.707031011581421,2.757812976837158,2.6875,2.75,28380800
1.6607646942138672,2.71875,2.765625,2.710937976837158,2.710937976837158,48262400
1.737121820449829,2.84375,2.851562976837158,2.726562976837158,2.765625,140777600
1.765755534172058,2.890625,2.945312976837158,2.835937976837158,2.851562976837158,179660800
1.7753009796142578,2.90625,2.960937976837158,2.890625,2.890625,100412800
1.7132604122161865,2.804687976837158,2.875,2.804687976837158,2.867187976837158,73251200
1.746666431427002,2.859375,2.882812976837158,2.75,2.773437976837158,61187200
1.7132604122161865,2.804687976837158,2.90625,2.789062976837158,2.867187976837158,55699200
1.7228046655654907,2.820312976837158,2.828125,2.789062976837158,2.8125,39417600
1.69894278049469,2.78125,2.820312976837158,2.757812976837158,2.8125,40185600
1.7204186916351318,2.816406011581421,2.851562976837158,2.765625,2.773437976837158,48976000
1.6965569257736206,2.777343988418579,2.882812976837158,2.773437976837158,2.820312976837158,53337600
1.69894278049469,2.78125,2.820312976837158,2.742187976837158,2.78125,38592000
1.6631503105163574,2.722656011581421,2.808593988418579,2.6875,2.75,109152000
1.6607646942138672,2.71875,2.742187976837158,2.671875,2.726562976837158,49600000
1.6607646942138672,2.71875,2.726562976837158,2.65625,2.71875,45673600
1.6559927463531494,2.710937976837158,2.734375,2.65625,2.710937976837158,46009600
1.6202003955841064,2.652343988418579,2.710937976837158,2.632812976837158,2.710937976837158,92528000
1.589180588722229,2.601562976837158,2.65625,2.589843988418579,2.640625,79872000
1.5533881187438965,2.542968988418579,2.601562976837158,2.523437976837158,2.59375,89296000
1.5342986583709717,2.511718988418579,2.578125,2.492187976837158,2.546875,65376000
1.5748634338378906,2.578125,2.585937976837158,2.507812976837158,2.515625,58208000
1.6416758298873901,2.6875,2.6875,2.585937976837158,2.59375,55372800
1.632130742073059,2.671875,2.679687976837158,2.625,2.679687976837158,49660800
1.632130742073059,2.671875,2.710937976837158,2.65625,2.65625,46825600
1.6440613269805908,2.691406011581421,2.71875,2.65625,2.671875,38096000
1.679854393005371,2.75,2.765625,2.703125,2.710937976837158,49664000
1.7037162780761719,2.789062976837158,2.8125,2.734375,2.75,51868800
1.6655374765396118,2.726562976837158,2.804687976837158,2.710937976837158,2.78125,47244800
1.6607646942138672,2.71875,2.742187976837158,2.703125,2.726562976837158,31798400
1.7013287544250488,2.785156011581421,2.8125,2.75,2.765625,69091200
1.6750819683074951,2.742187976837158,2.773437976837158,2.726562976837158,2.757812976837158,38220800
1.6464482545852661,2.695312976837158,2.75,2.679687976837158,2.734375,48272000
1.636904001235962,2.679687976837158,2.6875,2.640625,2.679687976837158,43708800
1.632130742073059,2.671875,2.710937976837158,2.648437976837158,2.6875,49116800
1.6512196063995361,2.703125,2.707031011581421,2.664062976837158,2.679687976837158,27763200
1.689398169517517,2.765625,2.773437976837158,2.703125,2.710937976837158,84185600
1.765755534172058,2.890625,2.90625,2.796875,2.835937976837158,181017600
1.7967751026153564,2.941406011581421,2.976562976837158,2.875,2.882812976837158,150256000
1.765755534172058,2.890625,2.945312976837158,2.875,2.921875,75500800
1.7585967779159546,2.878906011581421,2.9375,2.875,2.882812976837158,64252800
1.7418937683105469,2.851562976837158,2.875,2.8125,2.867187976837158,36716800
1.8182504177093506,2.976562976837158,2.976562976837158,2.851562976837158,2.859375,87484800
1.7967751026153564,2.941406011581421,2.984375,2.90625,2.96875,95052800
1.7681410312652588,2.894531011581421,2.929687976837158,2.867187976837158,2.921875,35136000
1.8373403549194336,3.007812976837158,3.0625,2.898437976837158,2.90625,173088000
1.8277958631515503,2.992187976837158,3.046875,2.976562976837158,2.992187976837158,70710400
1.8063197135925293,2.957031011581421,3.0,2.953125,2.992187976837158,23936000
1.7943893671035767,2.9375,2.953125,2.921875,2.9375,32652800
1.7800723314285278,2.914062976837158,2.992187976837158,2.90625,2.945312976837158,52761600
1.760982632637024,2.882812976837158,2.914062976837158,2.835937976837158,2.90625,48131200
1.737121820449829,2.84375,2.90625,2.835937976837158,2.898437976837158,62480000
1.7395081520080566,2.847656011581421,2.890625,2.796875,2.851562976837158,56544000
1.7061017751693726,2.792968988418579,2.890625,2.78125,2.867187976837158,67542400
1.760982632637024,2.882812976837158,2.882812976837158,2.820312976837158,2.84375,40489600
1.765755534172058,2.890625,2.90625,2.859375,2.90625,42345600
1.7418937683105469,2.851562976837158,2.914062976837158,2.789062976837158,2.898437976837158,66966400
1.7347347736358643,2.839843988418579,2.867187976837158,2.828125,2.859375,28083200
1.6703085899353027,2.734375,2.851562976837158,2.71875,2.828125,75910400
1.6917846202850342,2.769531011581421,2.789062976837158,2.71875,2.773437976837158,68102400
1.679854393005371,2.75,2.804687976837158,2.726562976837158,2.789062976837158,41062400
1.6917846202850342,2.769531011581421,2.789062976837158,2.742187976837158,2.75,33129600
1.689398169517517,2.765625,2.796875,2.726562976837158,2.757812976837158,35782400
1.689398169517517,2.765625,2.789062976837158,2.710937976837158,2.765625,45484800
1.7228046655654907,2.820312976837158,2.820312976837158,2.765625,2.773437976837158,52224000
1.69894278049469,2.78125,2.867187976837158,2.765625,2.820312976837158,42361600
1.679854393005371,2.75,2.820312976837158,2.726562976837158,2.789062976837158,56422400
1.6631503105163574,2.722656011581421,2.765625,2.703125,2.757812976837158,57907200
1.6655374765396118,2.726562976837158,2.734375,2.703125,2.726562976837158,25404800
1.6416758298873901,2.6875,2.742187976837158,2.664062976837158,2.710937976837158,47721600
1.5915658473968506,2.605468988418579,2.632812976837158,2.539062976837158,2.566406011581421,182569600
1.6202003955841064,2.652343988418579,2.671875,2.625,2.625,70105600
1.6154273748397827,2.644531011581421,2.65625,2.609375,2.65625,50000000
1.5987253189086914,2.617187976837158,2.648437976837158,2.609375,2.648437976837158,26540800
1.579635500907898,2.585937976837158,2.625,2.578125,2.625,36476800
1.6082693338394165,2.632812976837158,2.671875,2.578125,2.59375,43491200
1.5939522981643677,2.609375,2.632812976837158,2.585937976837158,2.632812976837158,34432000
1.5486149787902832,2.535156011581421,2.601562976837158,2.523437976837158,2.601562976837158,86217600
1.5032790899276733,2.460937976837158,2.507812976837158,2.4375,2.484375,122435200
1.5366837978363037,2.515625,2.515625,2.4375,2.476562976837158,74822400
1.5080503225326538,2.46875,2.46875,2.398437976837158,2.453125,178963200
1.4818029403686523,2.425781011581421,2.554687976837158,2.398437976837158,2.523437976837158,147584000
1.4818029403686523,2.425781011581421,2.445312976837158,2.398437976837158,2.40625,92790400
1.4937342405319214,2.445312976837158,2.476562976837158,2.429687976837158,2.445312976837158,65801600
1.4412384033203125,2.359375,2.460937976837158,2.359375,2.453125,112220800
1.4937342405319214,2.445312976837158,2.484375,2.335937976837158,2.375,113459200
1.5080503225326538,2.46875,2.523437976837158,2.421875,2.4375,96534400
1.4126040935516357,2.3125,2.320312976837158,2.25,2.28125,287936000
1.388743281364441,2.273437976837158,2.367187976837158,2.257812976837158,2.335937976837158,148208000
1.3935143947601318,2.28125,2.289062976837158,2.25,2.28125,85136000
1.3935143947601318,2.28125,2.304687976837158,2.242187976837158,2.289062976837158,94416000
1.4269212484359741,2.335937976837158,2.34375,2.289062976837158,2.296875,67910400
1.3982875347137451,2.289062976837158,2.371093988418579,2.273437976837158,2.335937976837158,71760000
1.3935143947601318,2.28125,2.3125,2.257812976837158,2.289062976837158,70876800
1.3553369045257568,2.21875,2.289062976837158,2.199218988418579,2.28125,192028800
1.3815842866897583,2.261718988418579,2.28125,2.222656011581421,2.226562976837158,95974400
1.4126040935516357,2.3125,2.328125,2.257812976837158,2.265625,77366400
1.4364662170410156,2.351562976837158,2.367187976837158,2.28125,2.3125,61900800
1.4841901063919067,2.429687976837158,2.445312976837158,2.359375,2.367187976837158,78451200
1.4746439456939697,2.414062976837158,2.453125,2.375,2.4375,54272000
1.4746439456939697,2.414062976837158,2.476562976837158,2.390625,2.429687976837158,66012800
1.4173766374588013,2.320312976837158,2.433593988418579,2.304687976837158,2.414062976837158,114742400
1.4555556774139404,2.382812976837158,2.398437976837158,2.289062976837158,2.296875,73683200
1.469871997833252,2.40625,2.445312976837158,2.359375,2.359375,59472000
1.4483963251113892,2.371093988418579,2.40625,2.367187976837158,2.390625,39417600
1.4173766374588013,2.320312976837158,2.375,2.277343988418579,2.34375,68800000
1.3768121004104614,2.253906011581421,2.304687976837158,2.234375,2.296875,136256000
1.3720396757125854,2.246093988418579,2.265625,2.226562976837158,2.257812976837158,67763200
1.3863565921783447,2.269531011581421,2.289062976837158,2.242187976837158,2.265625,54012800
1.434079885482788,2.347656011581421,2.359375,2.296875,2.304687976837158,93020800
1.4651000499725342,2.398437976837158,2.414062976837158,2.34375,2.351562976837158,86035200
1.4627130031585693,2.394531011581421,2.453125,2.378906011581421,2.414062976837158,55497600
1.4460105895996094,2.367187976837158,2.398437976837158,2.351562976837158,2.390625,26800000
1.4269212484359741,2.335937976837158,2.382812976837158,2.320312976837158,2.367187976837158,38659200
1.4221487045288086,2.328125,2.335937976837158,2.289062976837158,2.3125,54777600
1.4555556774139404,2.382812976837158,2.390625,2.328125,2.34375,29856000
1.4889615774154663,2.4375,2.445312976837158,2.382812976837158,2.40625,56540800
1.457942247390747,2.386718988418579,2.453125,2.382812976837158,2.453125,33481600
1.4364662170410156,2.351562976837158,2.382812976837158,2.320312976837158,2.375,57756800
1.4603277444839478,2.390625,2.398437976837158,2.324218988418579,2.367187976837158,60428800
1.4507828950881958,2.375,2.414062976837158,2.367187976837158,2.398437976837158,25641600
1.4507828950881958,2.375,2.390625,2.351562976837158,2.359375,25286400
1.443624496459961,2.363281011581421,2.429687976837158,2.34375,2.382812976837158,34691200
1.4507828950881958,2.375,2.417968988418579,2.335937976837158,2.359375,57846400
1.4746439456939697,2.414062976837158,2.4375,2.351562976837158,2.375,72051200
1.5032790899276733,2.460937976837158,2.476562976837158,2.398437976837158,2.414062976837158,72214400
1.5271402597427368,2.5,2.523437976837158,2.453125,2.453125,91481600
1.570090413093567,2.570312976837158,2.578125,2.539062976837158,2.554687976837158,73472000
1.6034975051879883,2.625,2.632812976837158,2.570312976837158,2.570312976837158,84012800
1.5844078063964844,2.59375,2.625,2.523437976837158,2.617187976837158,87529600
1.5748634338378906,2.578125,2.601562976837158,2.570312976837158,2.585937976837158,38400000
1.5653191804885864,2.5625,2.601562976837158,2.5625,2.578125,46048000
1.5772489309310913,2.582031011581421,2.625,2.578125,2.578125,40505600
1.589180588722229,2.601562976837158,2.648437976837158,2.578125,2.585937976837158,86931200
1.6202003955841064,2.652343988418579,2.671875,2.59375,2.601562976837158,77321600
1.6058826446533203,2.628906011581421,2.679687976837158,2.617187976837158,2.65625,41596800
1.6130412817001343,2.640625,2.648437976837158,2.570312976837158,2.632812976837158,38086400
1.6034975051879883,2.625,2.648437976837158,2.570312976837158,2.640625,36457600
1.6082693338394165,2.632812976837158,2.664062976837158,2.570312976837158,2.632812976837158,79296000
1.589180588722229,2.601562976837158,2.632812976837158,2.539062976837158,2.617187976837158,62409600
1.567704677581787,2.566406011581421,2.625,2.5625,2.617187976837158,63257600
1.541457176208496,2.523437976837158,2.59375,2.507812976837158,2.570312976837158,126425600
1.5844078063964844,2.59375,2.601562976837158,2.523437976837158,2.53125,67750400
1.531913161277771,2.507812976837158,2.625,2.484375,2.5625,91392000
1.5462290048599243,2.53125,2.554687976837158,2.476562976837158,2.515625,81590400
1.517595887184143,2.484375,2.5,2.4375,2.460937976837158,127142400
1.5342986583709717,2.511718988418579,2.523437976837158,2.476562976837158,2.476562976837158,47625600
1.5366837978363037,2.515625,2.539062976837158,2.46875,2.515625,48553600
1.517595887184143,2.484375,2.523437976837158,2.476562976837158,2.515625,66944000
1.5247536897659302,2.496093988418579,2.515625,2.484375,2.484375,45564800
1.5080503225326538,2.46875,2.515625,2.460937976837158,2.492187976837158,56009600
1.5295261144638062,2.503906011581421,2.507812976837158,2.476562976837158,2.484375,39843200
1.543843150138855,2.527343988418579,2.546875,2.492187976837158,2.507812976837158,30163200
1.531913161277771,2.507812976837158,2.546875,2.484375,2.539062976837158,42422400
1.4985058307647705,2.453125,2.515625,2.429687976837158,2.5,56796800
1.4603277444839478,2.390625,2.46875,2.390625,2.460937976837158,63177600
1.5032790899276733,2.460937976837158,2.46875,2.375,2.382812976837158,56432000
1.4985058307647705,2.453125,2.484375,2.429687976837158,2.46875,28819200
1.4937342405319214,2.445312976837158,2.5,2.4375,2.46875,36320000
1.5533881187438965,2.542968988418579,2.550781011581421,2.46875,2.5,57177600
1.558159589767456,2.550781011581421,2.578125,2.53125,2.539062976837158,31158400
1.562932014465332,2.558593988418579,2.578125,2.554687976837158,2.554687976837158,34339200
1.5366837978363037,2.515625,2.5625,2.515625,2.5625,29244800
1.570090413093567,2.570312976837158,2.585937976837158,2.515625,2.53125,47664000
1.541457176208496,2.523437976837158,2.59375,2.523437976837158,2.585937976837158,72217600
1.531913161277771,2.507812976837158,2.546875,2.5,2.523437976837158,48438400
1.5295261144638062,2.503906011581421,2.507812976837158,2.484375,2.492187976837158,38403200
1.469871997833252,2.40625,2.492187976837158,2.390625,2.492187976837158,80355200
1.4770307540893555,2.417968988418579,2.453125,2.414062976837158,2.429687976837158,98256000
1.5032790899276733,2.460937976837158,2.492187976837158,2.421875,2.421875,32467200
1.5080503225326538,2.46875,2.476562976837158,2.460937976837158,2.46875,6403200
1.517595887184143,2.484375,2.5,2.46875,2.46875,32105600
1.5271402597427368,2.5,2.515625,2.445312976837158,2.453125,44153600
1.5557730197906494,2.546875,2.570312976837158,2.515625,2.515625,58886400
1.5820218324661255,2.589843988418579,2.59375,2.554687976837158,2.5625,51936000
1.636904001235962,2.679687976837158,2.703125,2.609375,2.617187976837158,114502400
1.6202003955841064,2.652343988418579,2.671875,2.625,2.65625,59337600
1.632130742073059,2.671875,2.6875,2.65625,2.65625,32780800
1.5939522981643677,2.609375,2.617187976837158,2.570312976837158,2.59375,105900800
1.5486149787902832,2.535156011581421,2.609375,2.515625,2.609375,61465600
1.562932014465332,2.558593988418579,2.570312976837158,2.523437976837158,2.539062976837158,19916800
1.5533881187438965,2.542968988418579,2.5625,2.523437976837158,2.546875,20112000
1.5271402597427368,2.5,2.546875,2.476562976837158,2.53125,47414400
1.5223681926727295,2.492187976837158,2.53125,2.492187976837158,2.5,35219200
1.5271402597427368,2.5,2.53125,2.492187976837158,2.5,29113600
1.5366837978363037,2.515625,2.515625,2.492187976837158,2.515625,26112000
1.5653191804885864,2.5625,2.5625,2.515625,2.53125,35462400
1.5748634338378906,2.578125,2.578125,2.546875,2.5625,31008000
1.5486149787902832,2.535156011581421,2.578125,2.53125,2.570312976837158,24169600
1.543843150138855,2.527343988418579,2.570312976837158,2.523437976837158,2.53125,31820800
1.5366837978363037,2.515625,2.539062976837158,2.492187976837158,2.523437976837158,24537600
1.579635500907898,2.585937976837158,2.59375,2.515625,2.515625,27776000
1.5557730197906494,2.546875,2.609375,2.515625,2.585937976837158,48988800
1.5510021448135376,2.539062976837158,2.570312976837158,2.523437976837158,2.554687976837158,25328000
1.5390710830688477,2.519531011581421,2.546875,2.507812976837158,2.53125,22995200
1.5295261144638062,2.503906011581421,2.523437976837158,2.476562976837158,2.515625,36646400
1.5366837978363037,2.515625,2.523437976837158,2.476562976837158,2.507812976837158,45302400
1.570090413093567,2.570312976837158,2.578125,2.5,2.507812976837158,53974400
1.6154273748397827,2.644531011581421,2.648437976837158,2.578125,2.582031011581421,82006400
1.6273585557937622,2.664062976837158,2.679687976837158,2.601562976837158,2.632812976837158,70832000
1.636904001235962,2.679687976837158,2.703125,2.65625,2.65625,74185600
1.6273585557937622,2.664062976837158,2.6875,2.636718988418579,2.65625,35360000
1.632130742073059,2.671875,2.679687976837158,2.617187976837158,2.65625,39488000
1.6297450065612793,2.667968988418579,2.671875,2.625,2.648437976837158,40755200
1.6345170736312866,2.675781011581421,2.6875,2.648437976837158,2.671875,45216000
1.6178141832351685,2.648437976837158,2.6875,2.640625,2.664062976837158,30755200
1.6154273748397827,2.644531011581421,2.671875,2.625,2.664062976837158,43686400
1.589180588722229,2.601562976837158,2.632812976837158,2.578125,2.617187976837158,76563200
1.6464482545852661,2.695312976837158,2.699218988418579,2.601562976837158,2.601562976837158,145004800
1.6464482545852661,2.695312976837158,2.71875,2.65625,2.695312976837158,99078400
1.6273585557937622,2.664062976837158,2.71875,2.65625,2.6875,38374400
1.6249717473983765,2.660156011581421,2.667968988418579,2.625,2.664062976837158,70361600
1.6082693338394165,2.632812976837158,2.65625,2.625,2.65625,50489600
1.6082693338394165,2.632812976837158,2.648437976837158,2.601562976837158,2.625,51129600
1.6202003955841064,2.652343988418579,2.671875,2.632812976837158,2.640625,41875200
1.6249717473983765,2.660156011581421,2.683593988418579,2.648437976837158,2.664062976837158,62566400
1.6249717473983765,2.660156011581421,2.679687976837158,2.640625,2.65625,44003200
1.6034975051879883,2.625,2.671875,2.625,2.648437976837158,40924800
1.6130412817001343,2.640625,2.640625,2.609375,2.632812976837158,31792000
1.5510021448135376,2.539062976837158,2.640625,2.539062976837158,2.625,78217600
1.541457176208496,2.523437976837158,2.539062976837158,2.484375,2.492187976837158,118851200
1.5032790899276733,2.460937976837158,2.515625,2.4375,2.515625,149875200
1.5199809074401855,2.488281011581421,2.507812976837158,2.4375,2.453125,98585600
1.515209436416626,2.480468988418579,2.523437976837158,2.46875,2.492187976837158,66620800
1.5032790899276733,2.460937976837158,2.484375,2.4375,2.476562976837158,53747200
1.5104366540908813,2.472656011581421,2.484375,2.460937976837158,2.46875,55270400
1.5223681926727295,2.492187976837158,2.507812976837158,2.476562976837158,2.492187976837158,28876800
1.5032790899276733,2.460937976837158,2.507812976837158,2.460937976837158,2.507812976837158,43731200
1.5008920431137085,2.457031011581421,2.484375,2.4375,2.46875,85017600
1.5271402597427368,2.5,2.523437976837158,2.453125,2.453125,79465600
1.517595887184143,2.484375,2.507812976837158,2.453125,2.5,63235200
1.5462290048599243,2.53125,2.5625,2.445312976837158,2.492187976837158,139462400
1.5247536897659302,2.496093988418579,2.523437976837158,2.476562976837158,2.5,82553600
1.5462290048599243,2.53125,2.539062976837158,2.492187976837158,2.507812976837158,52995200
1.5748634338378906,2.578125,2.59375,2.53125,2.539062976837158,55494400
1.589180588722229,2.601562976837158,2.601562976837158,2.570312976837158,2.59375,48070400
1.579635500907898,2.585937976837158,2.59375,2.53125,2.554687976837158,68499200
1.5462290048599243,2.53125,2.601562976837158,2.515625,2.59375,31564800
1.5462290048599243,2.53125,2.546875,2.515625,2.53125,25705600
1.5510021448135376,2.539062976837158,2.570312976837158,2.523437976837158,2.539062976837158,30540800
1.5462290048599243,2.53125,2.539062976837158,2.492187976837158,2.539062976837158,24723200
1.543843150138855,2.527343988418579,2.554687976837158,2.5,2.539062976837158,37024000
1.543843150138855,2.527343988418579,2.570312976837158,2.515625,2.546875,46588800
1.560546636581421,2.554687976837158,2.570312976837158,2.523437976837158,2.53125,34857600
1.601110816001892,2.621093988418579,2.632812976837158,2.570312976837158,2.578125,69203200
1.6202003955841064,2.652343988418579,2.664062976837158,2.609375,2.625,62934400
1.6178141832351685,2.648437976837158,2.664062976837158,2.640625,2.65625,41286400
1.6130412817001343,2.640625,2.664062976837158,2.640625,2.648437976837158,30992000
1.6178141832351685,2.648437976837158,2.65625,2.609375,2.640625,36857600
1.589180588722229,2.601562976837158,2.667968988418579,2.59375,2.65625,65078400
1.6178141832351685,2.648437976837158,2.679687976837158,2.570312976837158,2.570312976837158,89024000
1.6464482545852661,2.695312976837158,2.734375,2.65625,2.664062976837158,116441600
1.6655374765396118,2.726562976837158,2.726562976837158,2.65625,2.679687976837158,60166400
1.6703085899353027,2.734375,2.789062976837158,2.71875,2.71875,102051200
1.6488341093063354,2.699218988418579,2.75,2.617187976837158,2.734375,118403200
1.5748634338378906,2.578125,2.703125,2.578125,2.703125,78339200
1.5963388681411743,2.613281011581421,2.65625,2.578125,2.585937976837158,86860800
1.6178141832351685,2.648437976837158,2.679687976837158,2.578125,2.609375,72297600
1.6130412817001343,2.640625,2.679687976837158,2.5625,2.578125,73996800
1.6750819683074951,2.742187976837158,2.742187976837158,2.65625,2.664062976837158,101878400
1.69894278049469,2.78125,2.789062976837158,2.726562976837158,2.734375,80780800
1.7132604122161865,2.804687976837158,2.816406011581421,2.773437976837158,2.789062976837158,76630400
1.6607646942138672,2.71875,2.8125,2.710937976837158,2.804687976837158,118710400
1.6607646942138672,2.71875,2.726562976837158,2.6875,2.71875,40400000
1.6178141832351685,2.648437976837158,2.710937976837158,2.625,2.710937976837158,84969600
1.6202003955841064,2.652343988418579,2.671875,2.59375,2.648437976837158,69644800
1.6058826446533203,2.628906011581421,2.664062976837158,2.617187976837158,2.640625,53088000
1.6202003955841064,2.652343988418579,2.664062976837158,2.609375,2.609375,35241600
1.5844078063964844,2.59375,2.679687976837158,2.570312976837158,2.648437976837158,78006400
1.6822389364242554,2.753906011581421,2.796875,2.679687976837158,2.71875,291273600
1.7084883451461792,2.796875,2.800781011581421,2.71875,2.765625,104732800
1.746666431427002,2.859375,2.867187976837158,2.789062976837158,2.796875,141980800
1.751438021659851,2.867187976837158,2.898437976837158,2.835937976837158,2.875,66060800
1.7896177768707275,2.929687976837158,2.945312976837158,2.859375,2.875,142745600
1.812286615371704,2.966797113418579,2.976562976837158,2.9375,2.953125,113193600
1.7585967779159546,2.878906011581421,2.976562976837158,2.867187976837158,2.976562976837158,141382400
1.765755534172058,2.890625,2.921875,2.851562976837158,2.875,56803200
1.8230229616165161,2.984375,2.986327886581421,2.875,2.898437976837158,79260800
1.7848451137542725,2.921875,2.984375,2.914062976837158,2.976562976837158,41929600
1.8158648014068604,2.972656011581421,2.976562976837158,2.898437976837158,2.929687976837158,68889600
1.8015486001968384,2.949218988418579,3.007812976837158,2.9375,2.976562976837158,56374400
1.765755534172058,2.890625,2.945312976837158,2.839843988418579,2.914062976837158,96403200
1.760982632637024,2.882812976837158,2.925781011581421,2.863281011581421,2.867187976837158,47600000
1.7943893671035767,2.9375,2.953125,2.898437976837158,2.90625,65305600
1.7848451137542725,2.921875,2.945312976837158,2.898437976837158,2.9375,57433600
1.8039333820343018,2.953125,2.978027105331421,2.914062976837158,2.921875,58998400
1.8421125411987305,3.015625,3.046875,2.953125,3.046875,179920000
1.8134788274765015,2.96875,3.023437976837158,2.960937976837158,3.007812976837158,56633600
1.8063197135925293,2.957031011581421,2.976562976837158,2.921875,2.96875,122464000
1.8528501987457275,3.033202886581421,3.046875,2.960937976837158,2.976562976837158,96953600
1.8779046535491943,3.074218988418579,3.09375,3.03125,3.039062976837158,89651200
1.8659744262695312,3.054687976837158,3.101562976837158,3.039062976837158,3.0625,78140800
1.9304001331329346,3.160156011581421,3.1875,3.03125,3.0625,74947200
1.951876163482666,3.195312976837158,3.242187976837158,3.140625,3.203125,85144000
2.0043718814849854,3.28125,3.296875,3.140625,3.1875,86003200
1.9852821826934814,3.25,3.296875,3.203125,3.296875,64296000
1.9995994567871094,3.273437976837158,3.296875,3.203125,3.234375,47544000
2.0520951747894287,3.359375,3.360352039337158,3.242187976837158,3.265625,76000000
2.0234599113464355,3.3125,3.34375,3.273437976837158,3.34375,100764800
1.9948265552520752,3.265625,3.335937976837158,3.25,3.328125,60291200
2.018688440322876,3.304687976837158,3.34375,3.265625,3.28125,86841600
2.080728530883789,3.40625,3.414062976837158,3.234375,3.289062976837158,764504000
2.0473220348358154,3.351562976837158,3.390625,3.34375,3.375,166171200
1.9852821826934814,3.25,3.351562976837158,3.226562976837158,3.351562976837158,203835200
1.9948265552520752,3.265625,3.285156011581421,3.234375,3.242187976837158,79356800
2.0067574977874756,3.285156011581421,3.3125,3.242187976837158,3.265625,53726400
2.018688440322876,3.304687976837158,3.335937976837158,3.242187976837158,3.289062976837158,56628800
2.044935703277588,3.347656011581421,3.382812976837158,3.3125,3.320312976837158,59249600
2.0711827278137207,3.390625,3.414062976837158,3.328125,3.351562976837158,58860800
2.044935703277588,3.347656011581421,3.390625,3.34375,3.390625,48478400
2.0234599113464355,3.3125,3.351562976837158,3.304687976837158,3.34375,47622400
2.0425503253936768,3.34375,3.34375,3.273437976837158,3.28125,45668800
2.009143590927124,3.289062976837158,3.335937976837158,3.25,3.257812976837158,86995200
1.9661933183670044,3.21875,3.3125,3.203125,3.296875,82924800
1.9136972427368164,3.132812976837158,3.265625,3.125,3.21875,85979200
1.8898348808288574,3.09375,3.148437976837158,3.078125,3.125,81454400
1.9805107116699219,3.242187976837158,3.257812976837158,3.085937976837158,3.109375,76161600
1.95903480052948,3.207031011581421,3.296875,3.136718988418579,3.25,99417600
1.9614198207855225,3.210937976837158,3.242187976837158,3.179687976837158,3.210937976837158,53435200
1.9709656238555908,3.226562976837158,3.257812976837158,3.1875,3.234375,40827200
1.918469786643982,3.140625,3.234375,3.1162109375,3.226562976837158,66622400
1.8755186796188354,3.070312976837158,3.1875,3.0625,3.148437976837158,40430400
1.8444989919662476,3.019531011581421,3.0625,2.984375,3.035156011581421,89254400
1.9232418537139893,3.148437976837158,3.15625,2.996093988418579,3.03125,89667200
1.8898348808288574,3.09375,3.179687976837158,3.070312976837158,3.117187976837158,48945600
1.8468859195709229,3.023437976837158,3.101562976837158,2.984375,3.101562976837158,85406400
1.8325684070587158,3.0,3.015625,2.929687976837158,3.015625,83752000
1.8898348808288574,3.09375,3.09375,2.992187976837158,3.015625,82956800
1.8612016439437866,3.046875,3.101562976837158,3.023437976837158,3.085937976837158,81446400
1.8564295768737793,3.039062976837158,3.085937976837158,3.0,3.046875,45520000
1.9280145168304443,3.15625,3.234375,3.09375,3.21875,150499200
1.9136972427368164,3.132812976837158,3.164062976837158,3.101562976837158,3.164062976837158,70126400
1.8468859195709229,3.023437976837158,3.125,2.992187976837158,3.125,112604800
1.8230229616165161,2.984375,3.054687976837158,2.96875,3.039062976837158,85740800
1.9304001331329346,3.160156011581421,3.171875,2.953125,3.03125,152916800
1.9542627334594727,3.199218988418579,3.226562976837158,3.140625,3.164062976837158,51513600
1.9232418537139893,3.148437976837158,3.203125,3.109375,3.195312976837158,54308800
1.8898348808288574,3.09375,3.148437976837158,3.09375,3.148437976837158,29291200
1.8898348808288574,3.09375,3.140625,3.078125,3.09375,39899200
1.9661933183670044,3.21875,3.226562976837158,3.101562976837158,3.117187976837158,67064000
2.037778377532959,3.335937976837158,3.351562976837158,3.21875,3.226562976837158,83934400
2.0163023471832275,3.300781011581421,3.414062976837158,3.289062976837158,3.359375,95249600
2.037778377532959,3.335937976837158,3.375,3.320312976837158,3.359375,58771200
2.013915538787842,3.296875,3.351562976837158,3.296875,3.34375,40192000
2.0043718814849854,3.28125,3.304687976837158,3.265625,3.289062976837158,31204800
2.0234599113464355,3.3125,3.3125,3.25,3.273437976837158,34537600
2.0425503253936768,3.34375,3.367187976837158,3.296875,3.3125,40198400
2.066410541534424,3.382812976837158,3.398437976837158,3.328125,3.34375,48646400
2.109363079071045,3.453125,3.5,3.367187976837158,3.367187976837158,81428800
2.109363079071045,3.453125,3.476562976837158,3.429687976837158,3.460937976837158,38088000
2.078342914581299,3.402343988418579,3.46875,3.398437976837158,3.46875,36113600
2.095045566558838,3.429687976837158,3.445312976837158,3.375,3.429687976837158,56779200
2.133222818374634,3.492187976837158,3.515625,3.445312976837158,3.460937976837158,79790400
2.1189067363739014,3.46875,3.523437976837158,3.460937976837158,3.492187976837158,61276800
2.095045566558838,3.429687976837158,3.5,3.421875,3.492187976837158,74761600
2.085500955581665,3.414062976837158,3.4375,3.40625,3.4375,62835200
2.1189067363739014,3.46875,3.523437976837158,3.40625,3.414062976837158,58363200
2.128450870513916,3.484375,3.5,3.46875,3.46875,35246400
2.1451547145843506,3.511718988418579,3.546875,3.484375,3.492187976837158,55174400
2.1714026927948,3.554687976837158,3.609375,3.515625,3.523437976837158,60961600
2.178560495376587,3.566406011581421,3.632812976837158,3.5625,3.585937976837158,56625600
2.228670358657837,3.648437976837158,3.65625,3.539062976837158,3.5625,39851200
2.219125270843506,3.632812976837158,3.703125,3.609375,3.648437976837158,60968000
2.142767906188965,3.507812976837158,3.5625,3.484375,3.5625,115568000
2.137995719909668,3.5,3.53125,3.484375,3.53125,46964800
2.137995719909668,3.5,3.515625,3.480468988418579,3.492187976837158,28804800
2.1714026927948,3.554687976837158,3.613281011581421,3.507812976837158,3.515625,43588800
2.2119672298431396,3.621093988418579,3.625,3.5625,3.5625,28377600
2.1714026927948,3.554687976837158,3.617187976837158,3.492187976837158,3.507812976837158,60800000
2.142767906188965,3.507812976837158,3.570312976837158,3.492187976837158,3.570312976837158,36238400
2.1976499557495117,3.597656011581421,3.617187976837158,3.523437976837158,3.523437976837158,41134400
2.2000367641448975,3.601562976837158,3.632812976837158,3.59375,3.609375,29968000
2.223897933959961,3.640625,3.640625,3.585937976837158,3.601562976837158,40640000
2.1714026927948,3.554687976837158,3.632812976837158,3.546875,3.625,52921600
2.1714026927948,3.554687976837158,3.578125,3.539062976837158,3.570312976837158,48350400
2.137995719909668,3.5,3.570312976837158,3.496093988418579,3.554687976837158,40276800
2.185718297958374,3.578125,3.585937976837158,3.4375,3.519531011581421,82948800
2.1761746406555176,3.5625,3.59375,3.539062976837158,3.578125,44320000
2.137995719909668,3.5,3.59375,3.5,3.554687976837158,48371200
2.1212923526763916,3.472656011581421,3.5,3.453125,3.5,29921600
2.1570851802825928,3.53125,3.53125,3.429687976837158,3.46875,50585600
2.1761746406555176,3.5625,3.59375,3.53125,3.539062976837158,33355200
2.1570851802825928,3.53125,3.578125,3.523437976837158,3.554687976837158,27105600
2.142767906188965,3.507812976837158,3.59375,3.507812976837158,3.53125,34608000
2.133222818374634,3.492187976837158,3.523437976837158,3.46875,3.507812976837158,28833600
2.0998175144195557,3.4375,3.507812976837158,3.429687976837158,3.5,42622400
2.1189067363739014,3.46875,3.492187976837158,3.382812976837158,3.429687976837158,50985600
2.080728530883789,3.40625,3.492187976837158,3.390625,3.46875,40790400
2.075955629348755,3.398437976837158,3.429687976837158,3.367187976837158,3.414062976837158,51518400
2.0902717113494873,3.421875,3.460937976837158,3.398437976837158,3.398437976837158,39480000
2.1308372020721436,3.488281011581421,3.539062976837158,3.445312976837158,3.445312976837158,55692800
2.1475400924682617,3.515625,3.53125,3.484375,3.492187976837158,27912000
2.185718297958374,3.578125,3.609375,3.539062976837158,3.539062976837158,63033600
2.1356091499328613,3.496093988418579,3.585937976837158,3.449218988418579,3.578125,99878400
2.10459041595459,3.445312976837158,3.515625,3.4375,3.5,31160000
2.161858558654785,3.539062976837158,3.546875,3.441406011581421,3.453125,52686400
2.2000367641448975,3.601562976837158,3.625,3.515625,3.539062976837158,59488000
2.276393175125122,3.726562976837158,3.742187976837158,3.617187976837158,3.640625,136558400
2.266848564147949,3.710937976837158,3.726562976837158,3.648437976837158,3.703125,67099200
2.2477595806121826,3.679687976837158,3.71875,3.648437976837158,3.71875,57145600
2.2787797451019287,3.730468988418579,3.734375,3.648437976837158,3.671875,44780800
2.328887939453125,3.8125,3.820312976837158,3.734375,3.742187976837158,97904000
2.352750062942505,3.851562976837158,3.851562976837158,3.796875,3.820312976837158,41238400
2.371840000152588,3.882812976837158,3.898437976837158,3.835937976837158,3.851562976837158,58414400
2.405245542526245,3.9375,3.984375,3.875,3.890625,59932800
2.3957011699676514,3.921875,3.929687976837158,3.882812976837158,3.921875,39624000
2.405245542526245,3.9375,4.007812976837158,3.90625,3.921875,61408000
2.3909292221069336,3.914062976837158,3.953125,3.898437976837158,3.9375,63441600
2.347977638244629,3.84375,3.945312976837158,3.832031011581421,3.914062976837158,46947200
2.362294912338257,3.867187976837158,3.875,3.804687976837158,3.84375,47094400
2.4291083812713623,3.976562976837158,3.992187976837158,3.855468988418579,3.867187976837158,43328000
2.433880090713501,3.984375,4.039062976837158,3.945312976837158,4.015625,60206400
2.4314944744110107,3.980468988418579,4.023437976837158,3.96875,3.96875,24689600
2.3766119480133057,3.890625,3.917968988418579,3.796875,3.890625,132899200
2.462512493133545,4.03125,4.03125,3.921875,3.921875,48934400
2.4648988246917725,4.035155773162842,4.070312976837158,4.015625,4.03125,52544000
2.467287063598633,4.039062976837158,4.054687976837158,4.03125,4.046875,30196800
2.452967882156372,4.015625,4.046875,3.992187976837158,4.039062976837158,33232000
2.44819712638855,4.007812976837158,4.046875,4.0,4.007812976837158,25694400
2.424334764480591,3.96875,4.046875,3.960937976837158,4.03125,35560000
2.367067337036133,3.875,3.992187976837158,3.867187976837158,3.953125,56358400
2.347977638244629,3.84375,3.878906011581421,3.816406011581421,3.851562976837158,87507200
2.3766119480133057,3.890625,3.898437976837158,3.851562976837158,3.859375,12563200
2.4195635318756104,3.960937976837158,3.96875,3.890625,3.90625,43449600
2.44819712638855,4.007812976837158,4.023437976837158,3.96875,3.976562976837158,37673600
2.4004740715026855,3.929687976837158,4.015625,3.921875,4.015625,40934400
2.3885421752929688,3.910156011581421,3.962891101837158,3.90625,3.914062976837158,43096000
2.414790153503418,3.953125,3.953125,3.875,3.921875,37715200
2.417175769805908,3.957031011581421,4.015625,3.945312976837158,3.960937976837158,38166400
2.4195635318756104,3.960937976837158,4.007812976837158,3.9375,3.953125,38830400
2.405245542526245,3.9375,3.992187976837158,3.9375,3.96875,36744000
2.3861565589904785,3.90625,3.984375,3.890625,3.945312976837158,41934400
2.4100182056427,3.945312976837158,3.953125,3.890625,3.90625,79956800
2.4100182056427,3.945312976837158,3.96875,3.851562976837158,3.945312976837158,65313600
2.3957011699676514,3.921875,3.96875,3.890625,3.960937976837158,30219200
2.414790153503418,3.953125,3.976562976837158,3.90625,3.90625,33641600
2.424334764480591,3.96875,4.007812976837158,3.9375,3.960937976837158,28854400
2.4195635318756104,3.960937976837158,4.015625,3.950195074081421,3.976562976837158,54020800
2.3909292221069336,3.914062976837158,3.976562976837158,3.90625,3.960937976837158,31507200
2.2859373092651367,3.742187976837158,3.921875,3.671875,3.914062976837158,253456000
2.347977638244629,3.84375,3.851562976837158,3.757812976837158,3.765625,69395200
2.3145716190338135,3.789062976837158,3.875,3.765625,3.84375,57355200
2.324115753173828,3.804687976837158,3.835937976837158,3.773437976837158,3.789062976837158,19486400
2.3193440437316895,3.796875,3.851562976837158,3.789062976837158,3.8125,20566400
2.328887939453125,3.8125,3.8125,3.75,3.796875,34961600
2.3599088191986084,3.863281011581421,3.867187976837158,3.789062976837158,3.804687976837158,23446400
2.3336610794067383,3.820312976837158,3.867187976837158,3.820312976837158,3.867187976837158,20686400
2.2978687286376953,3.761718988418579,3.84375,3.757812976837158,3.84375,39545600
2.3145716190338135,3.789062976837158,3.796875,3.71875,3.765625,51611200
2.276393175125122,3.726562976837158,3.8125,3.710937976837158,3.804687976837158,39824000
2.3145716190338135,3.789062976837158,3.828125,3.734375,3.742187976837158,46681600
2.3002548217773438,3.765625,3.8125,3.734375,3.804687976837158,46000000
2.328887939453125,3.8125,3.84375,3.78125,3.789062976837158,42184000
2.3432047367095947,3.835937976837158,3.859375,3.796875,3.820312976837158,31512000
2.3384323120117188,3.828125,3.882812976837158,3.8125,3.828125,26996800
2.3957011699676514,3.921875,3.9375,3.867187976837158,3.875,41307200
2.44819712638855,4.007812976837158,4.03125,3.9375,3.953125,74648000
2.467287063598633,4.039062976837158,4.070312976837158,4.023437976837158,4.046875,73932800
2.483987331390381,4.066405773162842,4.078125,4.015625,4.054687976837158,50504000
2.424334764480591,3.96875,4.0625,3.964843988418579,4.03125,67108800
2.352750062942505,3.851562976837158,3.96875,3.828125,3.929687976837158,82388800
2.3980867862701416,3.925781011581421,3.9375,3.78125,3.8125,53843200
2.3676648139953613,3.875977039337158,3.945312976837158,3.875,3.9375,36739200
2.35752272605896,3.859375,3.890625,3.8125,3.851562976837158,52459200
2.2859373092651367,3.742187976837158,3.8125,3.734375,3.804687976837158,80836800
2.2859373092651367,3.742187976837158,3.765625,3.734375,3.757812976837158,58376000
2.2525315284729004,3.6875,3.757812976837158,3.679687976837158,3.757812976837158,55164800
2.266848564147949,3.710937976837158,3.734375,3.640625,3.695312976837158,59945600
2.2573044300079346,3.695312976837158,3.796875,3.686522960662842,3.710937976837158,66705600
2.2525315284729004,3.6875,3.710937976837158,3.648437976837158,3.671875,46312000
2.2954823970794678,3.757812976837158,3.78125,3.703125,3.71875,60332800
2.324115753173828,3.804687976837158,3.820312976837158,3.757812976837158,3.757812976837158,48345600
2.328887939453125,3.8125,3.820312976837158,3.789062976837158,3.796875,33152000
2.362294912338257,3.867187976837158,3.875,3.8125,3.828125,49150400
2.362294912338257,3.867187976837158,3.90625,3.859375,3.882812976837158,42398400
2.367067337036133,3.875,3.914062976837158,3.84375,3.875,49862400
2.367067337036133,3.875,3.921875,3.851562976837158,3.875,38160000
2.362294912338257,3.867187976837158,3.890625,3.84375,3.882812976837158,31121600
2.3193440437316895,3.796875,3.835937976837158,3.726562976837158,3.757812976837158,147001600
2.324115753173828,3.804687976837158,3.820312976837158,3.765625,3.804687976837158,56744000
2.305027484893799,3.773437976837158,3.804687976837158,3.765625,3.796875,37824000
2.2811641693115234,3.734375,3.796875,3.71875,3.78125,55392000
2.347977638244629,3.84375,3.875,3.726562976837158,3.734375,60902400
2.352750062942505,3.851562976837158,3.882812976837158,3.8125,3.828125,59939200
2.3384323120117188,3.828125,3.867187976837158,3.828125,3.835937976837158,34177600
2.35752272605896,3.859375,3.875,3.820312976837158,3.835937976837158,28592000
2.405245542526245,3.9375,3.953125,3.859375,3.867187976837158,52544000
2.414790153503418,3.953125,4.0,3.921875,3.945312976837158,52032000
2.433880090713501,3.984375,3.984375,3.945312976837158,3.953125,26038400
2.4291083812713623,3.976562976837158,3.992187976837158,3.945312976837158,3.976562976837158,31776000
2.455355167388916,4.019530773162842,4.023437976837158,3.929687976837158,3.953125,45156800
2.4947261810302734,4.083983898162842,4.125977039337158,4.015625,4.023437976837158,91750400
2.6152284145355225,4.28125,4.289062976837158,4.109375,4.109375,140096000
2.591366767883301,4.242187976837158,4.296875,4.179687976837158,4.28125,58238400
2.617612600326538,4.285155773162842,4.296875,4.15625,4.242187976837158,44324800
2.6343164443969727,4.3125,4.355469226837158,4.265625,4.289062976837158,34550400
2.7393078804016113,4.484375,4.5,4.328125,4.335937976837158,78643200
2.6915841102600098,4.40625,4.492187976837158,4.398437976837158,4.484375,57294400
2.677267074584961,4.382812976837158,4.40625,4.351562976837158,4.375,47510400
2.670109510421753,4.371094226837158,4.484375,4.367187976837158,4.40625,59868800
2.7154464721679688,4.445312976837158,4.46875,4.375,4.382812976837158,37772800
2.689199209213257,4.402344226837158,4.46875,4.398437976837158,4.453125,74772800
2.7082881927490234,4.433594226837158,4.4375,4.367187976837158,4.40625,52464000
2.7774860858917236,4.546875,4.578125,4.453125,4.460937976837158,105286400
2.82043719291687,4.617187976837158,4.632812976837158,4.570312976837158,4.578125,65683200
2.7870287895202637,4.5625,4.617187976837158,4.539062976837158,4.546875,61008000
2.8108935356140137,4.601562976837158,4.625,4.554687976837158,4.554687976837158,47603200
2.7583961486816406,4.515625,4.625,4.503905773162842,4.601562976837158,65763200
2.75362491607666,4.507812976837158,4.546875,4.398437976837158,4.53125,75011200
2.7154464721679688,4.445312976837158,4.507812976837158,4.40625,4.484375,63080000
2.6724960803985596,4.375,4.460937976837158,4.34375,4.4375,65617600
2.6677236557006836,4.367187976837158,4.46875,4.359375,4.390625,66689600
2.6963565349578857,4.414062976837158,4.414062976837158,4.296875,4.367187976837158,65792000
2.6724960803985596,4.375,4.429687976837158,4.339844226837158,4.414062976837158,35414400
2.6581790447235107,4.351562976837158,4.421875,4.34375,4.390625,43148800
2.7082881927490234,4.433594226837158,4.453125,4.335937976837158,4.34375,43169600
2.75362491607666,4.507812976837158,4.5087890625,4.445312976837158,4.476562976837158,43624000
2.7345354557037354,4.476562976837158,4.578125,4.421875,4.507812976837158,40430400
2.767941951751709,4.53125,4.53125,4.445312976837158,4.484375,32814400
2.954061508178711,4.835937976837158,4.882812976837158,4.71875,4.71875,187913600
2.930199146270752,4.796875,4.84375,4.75,4.835937976837158,75609600
2.906338691711426,4.757812976837158,4.8125,4.71875,4.789062976837158,59163200
2.872931718826294,4.703125,4.804687976837158,4.625,4.78125,83913600
2.863386631011963,4.6875,4.742187976837158,4.679687976837158,4.726562976837158,53555200
2.968379497528076,4.859375,4.860352039337158,4.695312976837158,4.710937976837158,68089600
3.0542805194854736,5.0,5.007812976837158,4.851562976837158,4.851562976837158,69371200
3.0399622917175293,4.976562976837158,5.015625,4.945312976837158,4.984375,44305600
3.001784563064575,4.914062976837158,5.03125,4.773437976837158,4.976562976837158,128844800
3.1210923194885254,5.109375,5.132812976837158,4.914062976837158,4.929687976837158,92104000
3.1354100704193115,5.132812976837158,5.234375,5.109375,5.117187976837158,65550400
3.03757643699646,4.972655773162842,5.140625,4.96875,5.132812976837158,78099200
3.08768630027771,5.054687976837158,5.0625,5.015625,5.015625,61566400
3.111546039581299,5.09375,5.203125,5.0625,5.09375,66524800
3.0542805194854736,5.0,5.101562976837158,4.992187976837158,5.085937976837158,43707200
3.0495073795318604,4.992187976837158,5.023437976837158,4.945312976837158,4.992187976837158,43988800
3.047121047973633,4.988280773162842,5.023437976837158,4.945312976837158,5.0,36748800
3.025646448135376,4.953125,5.023437976837158,4.929687976837158,5.007812976837158,38688000
3.106776237487793,5.085937976837158,5.09375,4.9375,4.945312976837158,38673600
3.082913637161255,5.046875,5.140625,5.023437976837158,5.085937976837158,36192000
3.1043903827667236,5.082030773162842,5.125,4.992187976837158,5.039062976837158,35232000
3.240400791168213,5.304687976837158,5.313477039337158,5.09375,5.09375,86708800
3.2833516597747803,5.375,5.429687976837158,5.320312976837158,5.328125,66515200
3.2308552265167236,5.289062976837158,5.421875,5.289062976837158,5.351562976837158,58326400
3.2594900131225586,5.335937976837158,5.34375,5.25,5.265625,45190400
3.3310744762420654,5.453125,5.46875,5.25,5.335937976837158,91382400
3.378796339035034,5.53125,5.53125,5.376953125,5.46875,55516800
3.3406171798706055,5.46875,5.59375,5.4375,5.570312976837158,68684800
3.4074320793151855,5.578125,5.585937976837158,5.445312976837158,5.492187976837158,43440000
3.3406171798706055,5.46875,5.578125,5.4375,5.574219226837158,52934400
3.1688156127929688,5.1875,5.523437976837158,5.164062976837158,5.5,99612800
3.2332401275634766,5.292969226837158,5.296875,5.0625,5.203125,119756800
3.211765766143799,5.257812976837158,5.351562976837158,5.242187976837158,5.3125,61153600
3.173588991165161,5.195312976837158,5.257812976837158,5.164062976837158,5.234375,55556800
3.2356276512145996,5.296875,5.335937976837158,5.109375,5.164062976837158,55852800
3.173588991165161,5.195312976837158,5.375977039337158,5.195312976837158,5.304687976837158,49036800
3.2069950103759766,5.25,5.296875,5.132812976837158,5.179687976837158,64590400
3.211765766143799,5.257812976837158,5.289062976837158,5.226562976837158,5.257812976837158,29320000
3.240400791168213,5.304687976837158,5.367187976837158,5.164062976837158,5.234375,81214400
3.1974496841430664,5.234375,5.296875,5.203125,5.289062976837158,45832000
3.202221632003784,5.242187976837158,5.296875,5.210937976837158,5.257812976837158,37691200
3.1998348236083984,5.238280773162842,5.257812976837158,5.171875,5.210937976837158,43096000
3.240400791168213,5.304687976837158,5.3125,5.242187976837158,5.25,43912000
3.3215293884277344,5.4375,5.46875,5.304687976837158,5.3125,92278400
3.4289064407348633,5.613280773162842,5.6181640625,5.429687976837158,5.453125,78982400
3.488560438156128,5.710937976837158,5.710937976837158,5.609375,5.648437976837158,56670400
3.4551544189453125,5.65625,5.773437976837158,5.625,5.742187976837158,57224000
3.507650136947632,5.742187976837158,5.75,5.664062976837158,5.664062976837158,46296000
3.4790167808532715,5.695312976837158,5.761719226837158,5.640625,5.671875,46356800
3.426520347595215,5.609375,5.695312976837158,5.59375,5.6875,41048000
3.3167572021484375,5.429687976837158,5.65625,5.421875,5.59375,66004800
3.3549342155456543,5.492187976837158,5.5625,5.304687976837158,5.421875,107286400
3.412203550338745,5.585937976837158,5.609375,5.5,5.5,57643200
3.4503822326660156,5.648437976837158,5.6875,5.601562976837158,5.601562976837158,53342400
3.4718563556671143,5.683594226837158,5.695312976837158,5.648437976837158,5.679687976837158,16763200
3.462312936782837,5.667969226837158,5.75,5.648437976837158,5.726562976837158,48547200
3.541055202484131,5.796875,5.8125,5.648437976837158,5.664062976837158,47070400
3.6508188247680664,5.976562976837158,5.976562976837158,5.796875,5.804687976837158,66699200
3.774899959564209,6.179687976837158,6.234375,5.984375,6.0,111982400
3.684225082397461,6.03125,6.195312976837158,6.03125,6.1875,78227200
3.8130764961242676,6.242187976837158,6.25,6.046875,6.046875,94675200
3.8226218223571777,6.257812976837158,6.34375,6.132812976837158,6.257812976837158,84811200
3.9562466144561768,6.476562976837158,6.476562976837158,6.125,6.140625,89905600
4.161457061767578,6.8125,6.828125,6.65625,6.734375,155830400
3.8894355297088623,6.367187976837158,6.695312976837158,6.328125,6.6875,289624000
3.6078667640686035,5.90625,6.171875,5.53125,6.0625,305092800
3.669908285140991,6.007812976837158,6.085937976837158,5.875,5.953125,177848000
3.5124192237854004,5.75,6.0,5.734375,5.875,169257600
3.5744612216949463,5.851562976837158,5.859375,5.757812976837158,5.789062976837158,94811200
3.6794533729553223,6.023437976837158,6.101562976837158,5.9375,5.96875,109422400
3.6651368141174316,6.0,6.132812976837158,5.929687976837158,6.101562976837158,77470400
3.684225082397461,6.03125,6.101562976837158,6.015625,6.03125,52916800
3.536282777786255,5.789062976837158,6.0,5.75,6.0,158468800
3.4551544189453125,5.65625,5.84375,5.625,5.820312976837158,101435200
3.4169766902923584,5.59375,5.6806640625,5.492187976837158,5.671875,166144000
3.39788556098938,5.5625,5.789062976837158,5.5,5.6875,129804800
3.4790167808532715,5.695312976837158,5.710937976837158,5.46875,5.5,113536000
3.5840063095092773,5.867187976837158,5.867187976837158,5.703125,5.710937976837158,77705600
3.5744612216949463,5.851562976837158,5.96875,5.734375,5.90625,64273600
3.569690227508545,5.84375,5.929687976837158,5.835937976837158,5.882812976837158,43913600
3.684225082397461,6.03125,6.132812976837158,6.0,6.109375,144384000
3.5935511589050293,5.882812976837158,6.070312976837158,5.867187976837158,6.0625,71883200
3.684225082397461,6.03125,6.039062976837158,5.757812976837158,5.921875,97195200
3.7701263427734375,6.171875,6.203125,5.984375,6.054687976837158,88872000
3.7558093070983887,6.148437976837158,6.210937976837158,6.054687976837158,6.203125,63267200
3.7701263427734375,6.171875,6.179687976837158,6.070312976837158,6.148437976837158,38118400
3.784445285797119,6.195312976837158,6.296875,6.1650390625,6.179687976837158,74564800
3.7080867290496826,6.070312976837158,6.234375,6.0625,6.230469226837158,77502400
3.6078667640686035,5.90625,6.140625,5.898437976837158,6.09375,110491200
3.791602611541748,6.207030773162842,6.210937976837158,5.898437976837158,5.945312976837158,94320000
3.736722230911255,6.117187976837158,6.28125,6.09375,6.25,111188800
3.669908285140991,6.007812976837158,6.132812976837158,5.96875,6.132812976837158,95275200
3.6030972003936768,5.898437976837158,6.046875,5.898437976837158,6.023437976837158,73489600
3.438450336456299,5.628905773162842,5.898437976837158,5.617187976837158,5.898437976837158,112622400
3.507650136947632,5.742187976837158,5.742187976837158,5.4375,5.632812976837158,163929600
3.5601437091827393,5.828125,5.859375,5.71875,5.804687976837158,79499200
3.531511068344116,5.78125,5.875,5.71875,5.835937976837158,38764800
3.426520347595215,5.609375,5.75,5.585937976837158,5.734375,80262400
3.626957654953003,5.9375,5.945312976837158,5.640625,5.679687976837158,92052800
3.569690227508545,5.84375,6.03125,5.8125,5.953125,100265600
3.612639904022217,5.914062976837158,6.039062976837158,5.828125,5.890625,93932800
3.6460459232330322,5.96875,5.976562976837158,5.828125,5.859375,64417600
3.7271764278411865,6.101562976837158,6.117187976837158,5.9375,5.960937976837158,77408000
3.674679756164551,6.015625,6.109375,5.976562976837158,6.109375,71155200
3.669908285140991,6.007812976837158,6.0625,5.945312976837158,6.007812976837158,61208000
3.6221845149993896,5.929687976837158,6.03125,5.921875,6.007812976837158,54230400
3.5673043727874756,5.839844226837158,5.960937976837158,5.78125,5.921875,88316800
3.5124192237854004,5.75,5.835937976837158,5.679687976837158,5.828125,76827200
3.5625314712524414,5.832030773162842,5.90625,5.71875,5.75,58011200
3.555371046066284,5.820312976837158,5.914062976837158,5.789062976837158,5.84375,44652800
3.4599246978759766,5.664062976837158,5.816405773162842,5.65625,5.703125,83836800
3.426520347595215,5.609375,5.671875,5.5625,5.617187976837158,99899200
3.445012331008911,5.639647960662842,5.664062976837158,5.53125,5.65625,57878400
3.3692522048950195,5.515625,5.742187976837158,5.507812976837158,5.648437976837158,76548800
3.3835697174072266,5.539062976837158,5.546875,5.210937976837158,5.5,140756800
3.493332862854004,5.71875,5.71875,5.554687976837158,5.5625,105510400
3.4551544189453125,5.65625,5.796875,5.628905773162842,5.726562976837158,95158400
3.3692522048950195,5.515625,5.679687976837158,5.507812976837158,5.65625,67731200
3.393113851547241,5.554687976837158,5.578125,5.453125,5.507812976837158,80736000
3.288123607635498,5.382812976837158,5.507812976837158,5.34375,5.507812976837158,73473600
3.3406171798706055,5.46875,5.46875,5.3125,5.375,101289600
3.278578996658325,5.367187976837158,5.5625,5.34375,5.46875,76616000
3.173588991165161,5.195312976837158,5.359375,5.171875,5.304687976837158,108614400
3.1974496841430664,5.234375,5.257812976837158,5.023437976837158,5.078125,157644800
3.307213306427002,5.414062976837158,5.460937976837158,5.3125,5.367187976837158,107009600
3.345390796661377,5.476562976837158,5.507812976837158,5.414062976837158,5.4375,78700800
3.292895793914795,5.390625,5.546875,5.375,5.53125,68644800
3.3119845390319824,5.421875,5.460937976837158,5.34375,5.359375,61067200
3.4790167808532715,5.695312976837158,5.71875,5.421875,5.453125,123140800
3.6508188247680664,5.976562976837158,6.164062976837158,5.929687976837158,6.140625,294329600
3.6937708854675293,6.046875,6.0625,5.921875,5.953125,95840000
3.6460459232330322,5.96875,6.054687976837158,5.929687976837158,6.03125,79984000
3.6794533729553223,6.023437976837158,6.070312976837158,5.90625,5.9375,93473600
3.7224032878875732,6.09375,6.132812976837158,6.023437976837158,6.023437976837158,68681600
3.66036319732666,5.992187976837158,6.109375,5.992187976837158,6.101562976837158,60211200
3.7414932250976562,6.125,6.132812976837158,5.960937976837158,5.984375,82841600
3.817850351333618,6.25,6.2587890625,6.085937976837158,6.09375,130683200
3.9228391647338867,6.421875,6.460937976837158,6.15625,6.203125,125464000
3.817850351333618,6.25,6.460937976837158,6.234375,6.4375,91958400
3.7558093070983887,6.148437976837158,6.3125,6.140625,6.257812976837158,72819200
3.817850351333618,6.25,6.273437976837158,6.140625,6.164062976837158,63504000
3.7987616062164307,6.21875,6.257812976837158,6.171875,6.25,40635200
3.717632293701172,6.085937976837158,6.179687976837158,6.054687976837158,6.0625,87729600
3.5506019592285156,5.8125,6.085937976837158,5.804687976837158,6.03125,115921600
3.636500358581543,5.953125,5.96875,5.835937976837158,5.867187976837158,71280000
3.779669761657715,6.1875,6.188477039337158,6.0,6.03125,99814400
3.698542833328247,6.054687976837158,6.1875,6.0380859375,6.15625,60819200
3.6770660877227783,6.019530773162842,6.078125,6.003905773162842,6.039062976837158,59003200
3.5887787342071533,5.875,6.0,5.867187976837158,5.992187976837158,75657600
3.5887787342071533,5.875,5.914062976837158,5.742187976837158,5.898437976837158,108686400
3.4312925338745117,5.617187976837158,5.740233898162842,5.601562976837158,5.65625,195126400
3.335845470428467,5.460937976837158,5.664062976837158,5.460937976837158,5.625,143803200
3.2833516597747803,5.375,5.585937976837158,5.359375,5.523437976837158,115296000
3.359708786010742,5.5,5.546875,5.265625,5.367187976837158,130163200
3.335845470428467,5.460937976837158,5.59375,5.453125,5.523437976837158,65428800
3.359708786010742,5.5,5.515625,5.460937976837158,5.476562976837158,15014400
3.3310744762420654,5.453125,5.59375,5.4462890625,5.539062976837158,79100800
3.493332862854004,5.71875,5.71875,5.40625,5.4375,86537600
3.426520347595215,5.609375,5.78125,5.578125,5.742187976837158,91067200
3.326301336288452,5.445312976837158,5.609375,5.429687976837158,5.59375,93512000
3.292895793914795,5.390625,5.492187976837158,5.367187976837158,5.445312976837158,96124800
3.3549342155456543,5.492187976837158,5.601562976837158,5.328125,5.382812976837158,130436800
3.2833516597747803,5.375,5.507812976837158,5.320312976837158,5.492187976837158,104528000
3.4599246978759766,5.664062976837158,5.6875,5.375,5.382812976837158,145272000
3.4551544189453125,5.65625,5.75,5.5537109375,5.695312976837158,132876800
3.6078667640686035,5.90625,5.914062976837158,5.764647960662842,5.789062976837158,147041600
3.555371046066284,5.820312976837158,5.921875,5.8125,5.90625,61924800
3.488560438156128,5.710937976837158,5.820312976837158,5.695312976837158,5.8125,44739200
3.502876043319702,5.734375,5.757812976837158,5.65625,5.695312976837158,39577600
3.388341188430786,5.546875,5.84375,5.539062976837158,5.765625,92822400
3.3740246295928955,5.523437976837158,5.609375,5.453125,5.570312976837158,115470400
3.3215293884277344,5.4375,5.5625,5.335937976837158,5.523437976837158,99460800
3.4694695472717285,5.679687976837158,5.688477039337158,5.460937976837158,5.460937976837158,84340800
3.326301336288452,5.445312976837158,5.710937976837158,5.4375,5.695312976837158,84980800
3.4360642433166504,5.625,5.625,5.460937976837158,5.484375,60593600
3.4551544189453125,5.65625,5.679687976837158,5.570312976837158,5.632812976837158,36057600
3.4456090927124023,5.640625,5.703125,5.617187976837158,5.640625,34707200
3.393113851547241,5.554687976837158,5.664062976837158,5.523437976837158,5.648437976837158,40539200
3.335845470428467,5.460937976837158,5.53125,5.453125,5.515625,49777600
3.350163459777832,5.484375,5.546875,5.390625,5.453125,52342400
3.426520347595215,5.609375,5.609375,5.460937976837158,5.492187976837158,57779200
3.3167572021484375,5.429687976837158,5.632812976837158,5.421875,5.570312976837158,62857600
3.335845470428467,5.460937976837158,5.46875,5.304687976837158,5.453125,102353600
3.297668218612671,5.398437976837158,5.476562976837158,5.382812976837158,5.390625,62083200
3.292895793914795,5.390625,5.476562976837158,5.382812976837158,5.40625,11377600
3.0614380836486816,5.011719226837158,5.375,4.992187976837158,5.375,177424000
3.1449530124664307,5.148437976837158,5.203125,5.030272960662842,5.03125,181571200
3.307213306427002,5.414062976837158,5.429687976837158,5.195312976837158,5.21875,116617600
3.2738070487976074,5.359375,5.429687976837158,5.242187976837158,5.40625,80544000
3.1497268676757812,5.15625,5.367187976837158,5.117187976837158,5.367187976837158,84572800
3.297668218612671,5.398437976837158,5.405272960662842,5.203125,5.226562976837158,122006400
3.240400791168213,5.304687976837158,5.46875,5.289062976837158,5.296875,143078400
3.345390796661377,5.476562976837158,5.554687976837158,5.3125,5.34375,121331200
3.507650136947632,5.742187976837158,5.828125,5.601562976837158,5.640625,227440000
3.5124192237854004,5.75,5.796875,5.679687976837158,5.726562976837158,82643200
3.4169766902923584,5.59375,5.734375,5.578125,5.710937976837158,66473600
3.4837875366210938,5.703125,5.78125,5.59375,5.617187976837158,92217600
3.412203550338745,5.585937976837158,5.726562976837158,5.5625,5.710937976837158,59881600
3.4551544189453125,5.65625,5.679687976837158,5.5625,5.570312976837158,50881600
3.4503822326660156,5.648437976837158,5.703125,5.5849609375,5.671875,39587200
3.4670848846435547,5.675780773162842,5.710937976837158,5.664062976837158,5.679687976837158,45120000
3.531511068344116,5.78125,5.789062976837158,5.632812976837158,5.671875,68774400
3.5935511589050293,5.882812976837158,5.890625,5.75,5.765625,78587200
3.5506019592285156,5.8125,5.882812976837158,5.757812976837158,5.875,44686400
3.7080867290496826,6.070312976837158,6.078125,5.796875,5.796875,126480000
3.684225082397461,6.03125,6.09375,5.976562976837158,6.03125,98158400
3.698542833328247,6.054687976837158,6.070312976837158,5.967772960662842,6.0,65555200
3.774899959564209,6.179687976837158,6.21875,5.96875,6.039062976837158,103924800
3.8226218223571777,6.257812976837158,6.265625,6.15625,6.171875,122832000
3.7987616062164307,6.21875,6.320312976837158,6.195312976837158,6.234375,87779200
3.8035335540771484,6.226562976837158,6.265625,6.09375,6.109375,114513600
3.7701263427734375,6.171875,6.257812976837158,6.148437976837158,6.257812976837158,80212800
3.7605834007263184,6.15625,6.195312976837158,6.109375,6.15625,52195200
3.736722230911255,6.117187976837158,6.203125,6.117187976837158,6.171875,62206400
3.7319483757019043,6.109375,6.15625,6.054687976837158,6.078125,64182400
3.8130764961242676,6.242187976837158,6.257812976837158,6.09375,6.109375,80046400
3.91329288482666,6.40625,6.414062976837158,6.25,6.25,106500800
3.951474189758301,6.46875,6.476562976837158,6.367187976837158,6.414062976837158,102640000
3.8417110443115234,6.289062976837158,6.453125,6.28125,6.4375,63696000
3.8226218223571777,6.257812976837158,6.300780773162842,6.233397960662842,6.296875,60958400
3.8226218223571777,6.257812976837158,6.375,6.242187976837158,6.296875,60051200
3.767740488052368,6.167969226837158,6.257812976837158,6.160155773162842,6.1875,61723200
3.6460459232330322,5.96875,6.164062976837158,5.914062976837158,6.148437976837158,157652800
3.674679756164551,6.015625,6.085937976837158,5.96875,6.0,72564800
3.7462661266326904,6.132812976837158,6.141602039337158,5.984375,6.0,57369600
3.7033143043518066,6.0625,6.179687976837158,6.0625,6.140625,44256000
3.7152442932128906,6.082030773162842,6.101562976837158,6.039062976837158,6.070312976837158,44291200
3.631730079650879,5.945312976837158,6.09375,5.921875,5.96875,108524800
3.684225082397461,6.03125,6.039062976837158,5.945312976837158,5.945312976837158,74592000
3.6555912494659424,5.984375,6.039062976837158,5.921875,6.015625,76888000
3.8512558937072754,6.304687976837158,6.3125,6.109375,6.139647960662842,156710400
3.8035335540771484,6.226562976837158,6.367187976837158,6.226562976837158,6.320312976837158,60640000
3.9085254669189453,6.398437976837158,6.445312976837158,6.226562976837158,6.25,121721600
4.018287181854248,6.578125,6.617187976837158,6.398437976837158,6.398437976837158,119472000
4.08032751083374,6.679687976837158,6.691405773162842,6.546875,6.648437976837158,92491200
3.9944260120391846,6.539062976837158,6.664062976837158,6.483397960662842,6.640625,92944000
3.8464832305908203,6.296875,6.523437976837158,6.28125,6.515625,66313600
3.8608009815216064,6.320312976837158,6.339844226837158,6.234375,6.320312976837158,48046400
3.8130764961242676,6.242187976837158,6.398437976837158,6.175780773162842,6.34375,63379200
3.9228391647338867,6.421875,6.429687976837158,6.171875,6.210937976837158,79899200
3.91329288482666,6.40625,6.5,6.320312976837158,6.453125,52729600
3.903751850128174,6.390625,6.46875,6.320312976837158,6.367187976837158,54955200
3.9371578693389893,6.445312976837158,6.507812976837158,6.382812976837158,6.398437976837158,53508800
3.9228391647338867,6.421875,6.46875,6.382812976837158,6.4462890625,31692800
3.9944260120391846,6.539062976837158,6.5625,6.414062976837158,6.421875,54396800
3.9896531105041504,6.53125,6.570312976837158,6.460937976837158,6.507812976837158,46072000
3.9848806858062744,6.523437976837158,6.554687976837158,6.46875,6.539062976837158,28961600
3.9610214233398438,6.484375,6.492187976837158,6.367187976837158,6.40625,73753600
3.8798911571502686,6.351562976837158,6.5,6.34375,6.5,66942400
3.8798911571502686,6.351562976837158,6.4375,6.328125,6.34375,51910400
3.8608009815216064,6.320312976837158,6.398437976837158,6.226562976837158,6.34375,62465600
3.8608009815216064,6.320312976837158,6.351562976837158,6.28125,6.320312976837158,33737600
3.9520697593688965,6.469727039337158,6.476562976837158,6.3125,6.3125,50102400
4.018287181854248,6.578125,6.59375,6.5,6.515625,80116800
4.0445356369018555,6.621094226837158,6.625,6.519530773162842,6.578125,62630400
4.161457061767578,6.8125,6.828125,6.59375,6.625,133958400
4.190090179443359,6.859375,7.007812976837158,6.84375,6.976562976837158,169492800
4.304625034332275,7.046875,7.085937976837158,6.890625,6.90625,92758400
4.299853801727295,7.039062976837158,7.078125,6.960937976837158,7.046875,57139200
4.256901741027832,6.96875,7.070312976837158,6.953125,7.0625,69251200
4.304625034332275,7.046875,7.109375,6.890625,6.96875,63896000
4.333259105682373,7.09375,7.117187976837158,7.023437976837158,7.046875,54296000
4.299853801727295,7.039062976837158,7.09375,7.0,7.085937976837158,34267200
4.323716163635254,7.078125,7.078125,6.992187976837158,7.039062976837158,28441600
4.395300388336182,7.195312976837158,7.203125,7.039062976837158,7.054687976837158,65014400
4.261674880981445,6.976562976837158,7.203125,6.945312976837158,7.195312976837158,87340800
4.233041286468506,6.929687976837158,7.15625,6.882812976837158,7.03125,75300800
4.266445159912109,6.984375,7.023437976837158,6.851562976837158,6.9375,75852800
4.318943500518799,7.070312976837158,7.09375,6.976562976837158,6.976562976837158,47366400
4.361894607543945,7.140625,7.148437976837158,6.921875,7.054687976837158,77851200
4.333259105682373,7.09375,7.195312976837158,7.078125,7.140625,47776000
4.38575553894043,7.179687976837158,7.1962890625,7.132812976837158,7.148437976837158,43913600
4.528924465179443,7.414062976837158,7.429687976837158,7.1875,7.1875,95606400
4.543241500854492,7.4375,7.5,7.389647960662842,7.453125,76832000
4.490746974945068,7.351562976837158,7.484375,7.335937976837158,7.4375,56323200
4.471658229827881,7.320312976837158,7.335937976837158,7.226562976837158,7.25,67092800
4.466885566711426,7.3125,7.375,7.273437976837158,7.367187976837158,35392000
4.457339763641357,7.296875,7.367187976837158,7.289062976837158,7.335937976837158,38457600
4.395300388336182,7.195312976837158,7.304687976837158,7.195312976837158,7.296875,42113600
4.462111949920654,7.304687976837158,7.328125,7.164062976837158,7.1875,45646400
4.524151802062988,7.40625,7.445312976837158,7.304687976837158,7.304687976837158,51976000
4.524151802062988,7.40625,7.4375,7.390625,7.40625,26443200
4.476429462432861,7.328125,7.4462890625,7.320312976837158,7.421875,43376000
4.471658229827881,7.320312976837158,7.390625,7.289062976837158,7.335937976837158,33569600
4.514608383178711,7.390625,7.390625,7.289062976837158,7.328125,33824000
4.53369665145874,7.421875,7.460937976837158,7.375,7.410155773162842,40259200
4.519379138946533,7.398437976837158,7.46875,7.382812976837158,7.421875,31684800
4.500290870666504,7.367187976837158,7.429687976837158,7.265625,7.414062976837158,65852800
4.614826679229736,7.554687976837158,7.578125,7.367187976837158,7.375,50968000
4.574261665344238,7.488280773162842,7.6875,7.484375,7.609375,88136000
4.6291422843933105,7.578125,7.578125,7.351562976837158,7.351562976837158,70198400
4.605282306671143,7.539062976837158,7.578125,7.499022960662842,7.5625,45819200
4.662548542022705,7.632812976837158,7.703125,7.539062976837158,7.546875,65259200
4.772313117980957,7.8125,7.835937976837158,7.671875,7.679687976837158,88844800
4.757997512817383,7.789062976837158,7.867187976837158,7.734375,7.820312976837158,62577600
4.695955276489258,7.6875,7.8125,7.679687976837158,7.796875,55944000
4.757997512817383,7.789062976837158,7.8125,7.648437976837158,7.695312976837158,57499200
4.672093391418457,7.648437976837158,7.78125,7.625,7.78125,74585600
4.648231506347656,7.609375,7.695312976837158,7.585937976837158,7.65625,73409600
4.648231506347656,7.609375,7.655272960662842,7.4375,7.625,102228800
4.729361057281494,7.742187976837158,7.757812976837158,7.59375,7.648437976837158,56806400
4.738906383514404,7.757812976837158,7.820312976837158,7.6875,7.75,48102400
4.65777587890625,7.625,7.765625,7.585937976837158,7.765625,41145600
4.6005096435546875,7.53125,7.625,7.4375,7.617187976837158,71457600
4.5790324211120605,7.496094226837158,7.5625,7.4375,7.53125,77582400
4.586190700531006,7.507812976837158,7.5625,7.445312976837158,7.53125,52000000
4.669707298278809,7.644530773162842,7.65625,7.507812976837158,7.515625,47862400
4.643460273742676,7.601562976837158,7.664062976837158,7.578125,7.648437976837158,38548800
4.624371528625488,7.570312976837158,7.679687976837158,7.539062976837158,7.601562976837158,44243200
4.519379138946533,7.398437976837158,7.507812976837158,7.398437976837158,7.507812976837158,35331200
4.593351364135742,7.519530773162842,7.546875,7.382812976837158,7.40625,64432000
4.581418514251709,7.5,7.585937976837158,7.5,7.554687976837158,35571200
4.562328338623047,7.46875,7.5,7.382812976837158,7.5,77980800
4.371436595916748,7.15625,7.398437976837158,7.109375,7.390625,140915200
4.290309429168701,7.023437976837158,7.199219226837158,6.905272960662842,7.199219226837158,139478400
4.223495960235596,6.914062976837158,7.109375,6.867187976837158,7.023437976837158,111832000
4.404844284057617,7.210937976837158,7.226562976837158,6.71875,6.890625,182100800
4.471658229827881,7.320312976837158,7.382812976837158,7.226562976837158,7.359375,126208000
4.576645374298096,7.492187976837158,7.5,7.242187976837158,7.328125,98537600
4.6190009117126465,7.561522960662842,7.601562976837158,7.359375,7.359375,99208000
4.571874141693115,7.484375,7.59375,7.367187976837158,7.563477039337158,144475200
4.280765056610107,7.007812976837158,7.5,6.890625,7.5,257678400
4.380982875823975,7.171875,7.234375,6.84375,6.84375,192225600
4.524151802062988,7.40625,7.421875,7.195312976837158,7.25,100920000
4.548015594482422,7.445312976837158,7.46875,7.390625,7.46875,59304000
4.462111949920654,7.304687976837158,7.492187976837158,7.296875,7.453125,56748800
4.528924465179443,7.414062976837158,7.421875,7.257812976837158,7.367187976837158,66976000
4.500290870666504,7.367187976837158,7.476562976837158,7.351562976837158,7.4375,56320000
4.605282306671143,7.539062976837158,7.554687976837158,7.335937976837158,7.367187976837158,96025600
4.710274696350098,7.710937976837158,7.742187976837158,7.539062976837158,7.632812976837158,109289600
4.648231506347656,7.609375,7.734375,7.578125,7.71875,55072000
4.734134674072266,7.75,7.757812976837158,7.554687976837158,7.601562976837158,67388800
4.762766361236572,7.796875,7.820312976837158,7.679687976837158,7.773437976837158,76790400
4.781858444213867,7.828125,7.867187976837158,7.734375,7.757812976837158,54379200
4.753223896026611,7.78125,7.84375,7.742187976837158,7.796875,44313600
4.781858444213867,7.828125,7.882812976837158,7.75,7.765625,66187200
4.71504545211792,7.71875,7.867187976837158,7.710937976837158,7.8125,72508800
4.767539978027344,7.804687976837158,7.820312976837158,7.734375,7.742187976837158,52032000
4.777084827423096,7.820312976837158,7.859375,7.773437976837158,7.796875,35556800
4.743679523468018,7.765625,7.828125,7.734375,7.820312976837158,47598400
4.71504545211792,7.71875,7.757812976837158,7.640625,7.742187976837158,43131200
4.710274696350098,7.710937976837158,7.757812976837158,7.703125,7.734375,25678400
4.71504545211792,7.71875,7.71875,7.609375,7.65625,49345600
4.772313117980957,7.8125,7.820312976837158,7.71875,7.757812976837158,50236800
4.705499649047852,7.703125,7.8125,7.703125,7.804687976837158,44006400
4.691184043884277,7.679687976837158,7.734375,7.671875,7.710937976837158,31944000
4.762766361236572,7.796875,7.796875,7.6875,7.695312976837158,28038400
4.7961745262146,7.851562976837158,7.859375,7.804687976837158,7.8125,32070400
4.738906383514404,7.757812976837158,7.828125,7.726562976837158,7.828125,34182400
4.6768646240234375,7.65625,7.765625,7.65625,7.765625,28088000
4.710274696350098,7.710937976837158,7.710937976837158,7.539062976837158,7.625,48524800
4.710274696350098,7.710937976837158,7.726562976837158,7.683594226837158,7.710937976837158,27126400
4.638688087463379,7.59375,7.671875,7.59375,7.671875,40372800
4.6768646240234375,7.65625,7.671875,7.601562976837158,7.625,41921600
4.767539978027344,7.804687976837158,7.8125,7.640625,7.65625,41747200
4.748453140258789,7.773437976837158,7.820312976837158,7.726562976837158,7.796875,38904000
4.777084827423096,7.820312976837158,7.84375,7.726562976837158,7.746094226837158,36387200
4.910711765289307,8.039063453674316,8.09375,7.824219226837158,7.84375,95944000
5.001384735107422,8.1875,8.210938453674316,8.054688453674316,8.101563453674316,80137600
5.020473480224609,8.21875,8.320313453674316,8.1875,8.195313453674316,62409600
5.111147403717041,8.367188453674316,8.414063453674316,8.265625,8.304688453674316,75624000
5.211363315582275,8.53125,8.617188453674316,8.328125,8.375,86049600
5.259087562561035,8.609375,8.640625,8.484375,8.53125,75912000
5.273406505584717,8.632813453674316,8.664063453674316,8.492188453674316,8.5625,104849600
5.259087562561035,8.609375,8.632813453674316,8.515625,8.601563453674316,46385600
5.225681304931641,8.554688453674316,8.648438453674316,8.507813453674316,8.59375,72520000
5.177959442138672,8.476563453674316,8.617188453674316,8.460938453674316,8.59375,44067200
5.039561748504639,8.25,8.507813453674316,8.234375,8.484375,92604800
5.1302361488342285,8.398438453674316,8.453125,8.203125,8.28125,98372800
5.034789562225342,8.242188453674316,8.429688453674316,8.234375,8.34375,89574400
5.04433536529541,8.257813453674316,8.367188453674316,8.179688453674316,8.234375,69124800
5.144553184509277,8.421875,8.484375,8.273438453674316,8.304688453674316,68760000
5.115920543670654,8.375,8.445313453674316,8.351563453674316,8.421875,58294400
5.206593036651611,8.523438453674316,8.539063453674316,8.390625,8.414063453674316,45166400
5.249542713165283,8.59375,8.632813453674316,8.492188453674316,8.523438453674316,42432000
5.168416976928711,8.460938453674316,8.609375,8.4375,8.609375,48465600
5.135008335113525,8.40625,8.507813453674316,8.328125,8.5,64955200
5.106374263763428,8.359375,8.507813453674316,8.335938453674316,8.359375,51739200
5.235226154327393,8.570313453674316,8.578125,8.390625,8.414063453674316,36523200
5.2161407470703125,8.539063453674316,8.632813453674316,8.523438453674316,8.585938453674316,36091200
5.302039623260498,8.679688453674316,8.695313453674316,8.585938453674316,8.671875,61206400
5.268632888793945,8.625,8.68359375,8.5625,8.671875,36427200
5.173186302185059,8.46875,8.6875,8.46875,8.640625,49097600
5.144553184509277,8.421875,8.4375,8.34765625,8.375,69646400
5.115920543670654,8.375,8.5,8.34375,8.421875,71401600
5.058652400970459,8.28125,8.335938453674316,8.203125,8.320313453674316,113806400
5.135008335113525,8.40625,8.421875,8.234375,8.289063453674316,67443200
5.2161407470703125,8.539063453674316,8.585938453674316,8.367188453674316,8.429688453674316,81417600
5.208979606628418,8.52734375,8.617188453674316,8.507813453674316,8.539063453674316,53084800
5.2161407470703125,8.539063453674316,8.601563453674316,8.515625,8.54296875,51240000
5.168416976928711,8.460938453674316,8.585938453674316,8.429688453674316,8.554688453674316,66756800
5.201820373535156,8.515625,8.5625,8.429688453674316,8.460938453674316,60526400
5.2400007247924805,8.578125,8.585938453674316,8.507813453674316,8.523438453674316,37028800
5.244772434234619,8.585938453674316,8.671875,8.53125,8.578125,56531200
5.268632888793945,8.625,8.648438453674316,8.546875,8.578125,36006400
5.40225887298584,8.84375,8.84375,8.64453125,8.65625,86417600
5.516792297363281,9.03125,9.03125,8.8125,8.835938453674316,71438400
5.478615760803223,8.96875,9.132813453674316,8.945313453674316,9.046875,76742400
5.478615760803223,8.96875,8.96875,8.84375,8.960938453674316,67369600
5.483387470245361,8.976563453674316,9.046875,8.9375,8.960938453674316,38593600
5.411803722381592,8.859375,9.117188453674316,8.84375,9.0,81156800
5.535883903503418,9.0625,9.109375,8.945313453674316,8.976563453674316,90409600
5.712458610534668,9.351563453674316,9.351563453674316,9.078125,9.078125,114969600
5.688594818115234,9.3125,9.429688453674316,9.210938453674316,9.421875,104041600
5.741095066070557,9.398438453674316,9.484375,9.289063453674316,9.335938453674316,98585600
5.951075077056885,9.742188453674316,9.742188453674316,9.390625,9.40625,104739200
5.850852966308594,9.578125,9.875,9.578125,9.75,123857600
5.741095066070557,9.398438453674316,9.664063453674316,9.375,9.65625,130718400
5.745863437652588,9.40625,9.53125,9.335938453674316,9.421875,94424000
5.860398292541504,9.59375,9.601563453674316,9.40625,9.445313453674316,75129600
5.869943618774414,9.609375,9.710938453674316,9.523438453674316,9.625,108238400
5.936758995056152,9.71875,9.734375,9.609375,9.632813453674316,44446400
5.989254951477051,9.804688453674316,9.820313453674316,9.71875,9.71875,17152000
6.0226569175720215,9.859375,9.859375,9.703125,9.84375,64502400
5.905735492706299,9.66796875,9.96875,9.664063453674316,9.898438453674316,77563200
5.850852966308594,9.578125,9.703125,9.507813453674316,9.695313453674316,102542400
5.841310977935791,9.5625,9.710938453674316,9.492188453674316,9.585938453674316,74950400
5.836537837982178,9.554688453674316,9.65625,9.2666015625,9.3125,110238400
6.242184638977051,10.21875,10.234375,9.75,9.796875,94718400
6.251727104187012,10.234375,10.570313453674316,10.21875,10.546875,125725600
6.366262435913086,10.421875,10.453125,10.015625,10.125,113558400
6.184916019439697,10.125,10.65625,10.125,10.625,78272800
6.108561038970947,10.0,10.25,9.904296875,10.140625,74532000
5.860398292541504,9.59375,10.09375,9.5625,10.03125,64883200
6.099014759063721,9.984375,10.015625,9.546875,9.578125,68944800
6.308996677398682,10.328125,10.34375,10.0,10.171875,61796800
6.480801582336426,10.609375,10.640625,10.375,10.5,94609600
6.3853559494018555,10.453125,10.703125,10.421875,10.6875,90414400
6.394899368286133,10.46875,10.59375,10.359375,10.515625,36892800
6.480801582336426,10.609375,10.640625,10.390625,10.515625,16246400
6.528522968292236,10.6875,10.765625,10.640625,10.65625,27905600
6.433075428009033,10.53125,10.71875,10.501953125,10.6875,19079200
6.375809192657471,10.4375,10.703125,10.4375,10.671875,27279200
6.308996677398682,10.328125,10.53125,10.3125,10.5,34367200
6.232638359069824,10.203125,10.390625,10.09375,10.390625,54480800
6.461710453033447,10.578125,10.59375,10.25,10.28125,44131200
6.442623138427734,10.546875,10.65625,10.390625,10.578125,55948000
6.490344524383545,10.625,10.640625,10.421875,10.5625,36880800
6.366262435913086,10.421875,10.654296875,10.390625,10.625,50593600
6.289906024932861,10.296875,10.46875,10.28125,10.46875,47763200
6.433075428009033,10.53125,10.546875,10.203125,10.25,66556800
6.394899368286133,10.46875,10.6875,10.4375,10.640625,50361600
6.518979072570801,10.671875,10.828125,10.53125,10.53125,63728000
6.461710453033447,10.578125,10.78125,10.546875,10.703125,53058400
6.5667033195495605,10.75,10.890625,10.625,10.625,58688000
6.652601718902588,10.890625,10.96875,10.6875,10.703125,65368800
6.9293975830078125,11.34375,11.609375,10.828125,10.875,146220800
7.253915309906006,11.875,11.882813453674316,11.203125,11.328125,114592000
7.435263633728027,12.171875,12.3125,11.828125,11.890625,129236800
7.234825611114502,11.84375,12.46875,11.8125,12.265625,105048000
7.325499057769775,11.992188453674316,12.21875,11.796875,11.890625,89817600
7.339815616607666,12.015625,12.173828125,11.9375,12.0625,53263200
7.301637649536133,11.953125,12.34375,11.84375,12.296875,64656800
7.425717353820801,12.15625,12.171875,11.96875,12.09375,48933600
7.721601486206055,12.640625,12.65625,12.25,12.28125,79937600
7.78841495513916,12.75,12.90625,12.609375,12.734375,86516000
7.817049980163574,12.796875,12.923828125,12.640625,12.828125,60804800
7.874314785003662,12.890625,12.90625,12.5625,12.796875,56464000
7.511617660522461,12.296875,12.9375,12.109375,12.890625,110099200
7.416172504425049,12.140625,12.296875,12.0,12.28125,102122400
7.66433048248291,12.546875,12.5625,12.1875,12.296875,62448000
7.463896751403809,12.21875,12.6875,12.203125,12.59375,66804800
7.521166801452637,12.3125,12.328125,11.890625,12.28125,88834400
7.626152038574219,12.484375,12.5,12.1875,12.296875,72001600
7.635700702667236,12.5,12.640625,12.421875,12.5625,58292000
7.473443508148193,12.234375,12.5625,12.203125,12.421875,57395200
7.435263633728027,12.171875,12.234375,12.03125,12.203125,52545600
7.4448065757751465,12.1875,12.265625,12.0625,12.171875,56383200
7.273000717163086,11.90625,12.1875,11.890625,12.109375,75395200
7.253915309906006,11.875,11.921875,11.75,11.859375,61131200
7.645242691040039,12.515625,12.53125,11.75,11.78125,68599200
7.597523212432861,12.4375,12.626953125,12.359375,12.5,63941600
7.654788017272949,12.53125,12.546875,12.296875,12.4375,48849600
7.339815616607666,12.015625,12.53125,12.0,12.53125,56628800
7.4448065757751465,12.1875,12.296875,11.929688453674316,12.015625,78412000
7.597523212432861,12.4375,12.515625,12.078125,12.125,53874400
7.568889617919922,12.390625,12.515625,12.328125,12.40625,63920800
7.702510833740234,12.609375,12.625,12.40625,12.4375,46393600
7.463896751403809,12.21875,12.609375,12.216796875,12.59375,57018400
7.387541770935059,12.09375,12.4375,12.0625,12.296875,46032000
7.635700702667236,12.5,12.515625,11.992188453674316,12.140625,45997600
7.511617660522461,12.296875,12.570313453674316,12.296875,12.453125,47577600
7.540252685546875,12.34375,12.4375,12.21875,12.21875,43234400
7.607067108154297,12.453125,12.515625,12.25,12.28125,45505600
7.55933952331543,12.375,12.53125,12.359375,12.46875,61327200
7.673879146575928,12.5625,12.59375,12.25,12.3125,83958400
7.607067108154297,12.453125,12.601563453674316,12.359375,12.578125,59012000
7.387541770935059,12.09375,12.28125,11.867188453674316,12.21875,111560000
7.330273628234863,12.0,12.21875,11.921875,12.078125,81410400
7.177557468414307,11.75,12.140625,11.609375,12.0625,85829600
6.881675720214844,11.265625,11.6875,10.953125,11.640625,186269600
6.89599084854126,11.289063453674316,11.421875,11.109375,11.328125,89701600
7.196646213531494,11.78125,11.828125,11.328125,11.34375,81270400
7.158469200134277,11.71875,12.015625,11.375,11.890625,93919200
7.000979900360107,11.460938453674316,11.8125,11.40625,11.640625,93825600
7.1202874183654785,11.65625,11.71875,11.21875,11.265625,86680800
7.024838447570801,11.5,11.703125,11.375,11.609375,63331200
7.263459205627441,11.890625,11.921875,11.328125,11.375,92252800
7.1918792724609375,11.773438453674316,12.09375,11.71875,11.71875,94964000
7.320725440979004,11.984375,12.203125,11.875,11.953125,76511200
7.502073764801025,12.28125,12.28125,11.9375,12.078125,53339200
7.4829864501953125,12.25,12.40625,12.21875,12.390625,73762400
7.387541770935059,12.09375,12.21875,11.9375,12.21875,67913600
7.253915309906006,11.875,12.15625,11.867188453674316,11.9375,60033600
7.435263633728027,12.171875,12.171875,11.671875,11.84375,59107200
7.416172504425049,12.140625,12.375,11.984375,12.234375,84440000
7.502073764801025,12.28125,12.3125,12.03125,12.078125,42710400
7.492532253265381,12.265625,12.5,12.1875,12.3125,71720800
8.21792221069336,13.453125,13.453125,12.875,13.0,231764000
8.21792221069336,13.453125,13.984375,13.265625,13.375,155695200
8.446991920471191,13.828125,13.851563453674316,13.4375,13.453125,82300000
8.790600776672363,14.390625,14.46875,13.796875,13.828125,102814400
8.714242935180664,14.265625,14.734375,14.09375,14.578125,118163200
8.676064491271973,14.203125,14.421875,14.15625,14.1875,58566400
8.77151107788086,14.359375,14.382813453674316,13.953125,14.21875,67224000
9.086483001708984,14.875,14.890625,14.5625,14.671875,73953600
9.277376174926758,15.1875,15.328125,14.796875,14.828125,90204000
9.239201545715332,15.125,15.40625,14.90625,15.25,72325600
9.220108032226562,15.09375,15.4375,14.867188453674316,15.25,96192000
9.177156448364258,15.023438453674316,15.09375,14.4375,14.953125,111063200
8.957627296447754,14.664063453674316,14.96875,14.546875,14.921875,74770400
8.819231033325195,14.4375,14.875,14.390625,14.546875,70532800
8.886042594909668,14.546875,14.765625,14.390625,14.40625,53834400
8.914679527282715,14.59375,14.8125,14.46875,14.75,58392000
9.019671440124512,14.765625,14.8125,14.625,14.6875,42976000
8.991036415100098,14.71875,14.90625,14.609375,14.796875,49813600
8.847868919372559,14.484375,14.828125,14.453125,14.796875,60744800
8.943315505981445,14.640625,14.734375,14.484375,14.5,41861600
8.814462661743164,14.429688453674316,14.625,14.359375,14.546875,59913600
8.790600776672363,14.390625,14.640625,14.390625,14.515625,45632000
9.096030235290527,14.890625,14.90625,14.40625,14.484375,64876800
9.191473960876465,15.046875,15.367188453674316,14.96875,15.078125,76620000
9.210563659667969,15.078125,15.203125,14.96875,15.125,33655200
9.382368087768555,15.359375,15.375,15.109375,15.171875,28904800
9.668703079223633,15.828125,15.921875,15.296875,15.34375,69036000
9.611437797546387,15.734375,15.90625,15.609375,15.90625,52241600
9.611437797546387,15.734375,16.1328125,15.625,15.90625,51111200
9.468269348144531,15.5,15.703125,14.6875,14.6875,83337600
9.496905326843262,15.546875,15.6875,15.390625,15.625,38939200
9.220108032226562,15.09375,15.4375,15.078125,15.421875,41995200
9.10080337524414,14.898438453674316,15.28125,14.78125,15.078125,54639200
9.205794334411621,15.070313453674316,15.1875,14.9375,15.033203125,35892000
9.473042488098145,15.507813453674316,15.539063453674316,15.125,15.171875,35964000
9.554168701171875,15.640625,15.765625,15.3125,15.609375,48200000
9.530311584472656,15.601563453674316,15.882813453674316,15.46875,15.640625,53135200
9.697339057922363,15.875,15.921875,15.445313453674316,15.601563453674316,49056800
9.697339057922363,15.875,16.015625,15.671875,15.84375,44614400
9.897778511047363,16.203125,16.2578125,15.820313453674316,15.84375,50116000
10.03139877319336,16.421875,16.421875,16.109375,16.203125,40612800
10.246156692504883,16.7734375,16.8671875,16.359375,16.4375,53191200
9.940727233886719,16.2734375,16.6875,16.2578125,16.65625,55657600
9.87391471862793,16.1640625,16.34375,16.0,16.046875,65519200
9.91686725616455,16.234375,16.421875,16.0625,16.171875,64240000
9.77846908569336,16.0078125,16.4375,16.0,16.234375,35724800
10.083898544311523,16.5078125,16.515625,16.046875,16.1875,39319200
9.95981502532959,16.3046875,16.65625,16.2265625,16.609375,49576000
9.792787551879883,16.03125,16.3515625,15.984375,16.265625,37312000
9.735520362854004,15.9375,16.25,15.90625,16.140625,38198400
9.649616241455078,15.796875,16.09375,15.773438453674316,15.984375,38286400
9.539856910705566,15.617188453674316,15.859375,15.40625,15.804688453674316,59377600
9.802328109741211,16.046875,16.0625,15.507813453674316,15.703125,53237600
9.893004417419434,16.1953125,16.2578125,16.0625,16.2578125,28764000
9.888232231140137,16.1875,16.46875,16.171875,16.328125,39320000
10.021858215332031,16.40625,16.4140625,16.1171875,16.171875,36007200
9.983675956726074,16.34375,16.578125,16.1875,16.5625,48266400
9.91686725616455,16.234375,16.40625,16.109375,16.3125,43780800
9.90732192993164,16.21875,16.3828125,16.0546875,16.28125,38094400
10.379782676696777,16.9921875,17.0,16.3125,16.3515625,57424000
10.573058128356934,17.30859375,17.40625,17.078125,17.2578125,75503200
11.334236145019531,18.5546875,18.6875,17.5,17.796875,111217600
11.41536808013916,18.6875,18.84375,18.3125,18.8125,131668000
10.728156089782715,17.5625,18.421875,17.5,18.125,158927200
10.379782676696777,16.9921875,17.625,16.71875,17.609375,127223200
11.004955291748047,18.015625,18.1015625,17.09375,17.109375,101384000
10.799742698669434,17.6796875,18.359375,17.625,18.15625,95556000
10.53726577758789,17.25,17.546875,16.953125,17.296875,141855200
10.575446128845215,17.3125,17.78125,17.15625,17.3125,90308800
10.46091365814209,17.125,17.421875,16.96875,17.40625,56404000
10.685210227966309,17.4921875,17.5078125,17.015625,17.09375,79061600
10.775884628295898,17.640625,17.75,17.453125,17.59375,78324000
10.794968605041504,17.671875,17.765625,17.609375,17.75,42240800
10.737702369689941,17.578125,17.7265625,17.3984375,17.671875,58912800
10.80929183959961,17.6953125,17.75,17.4296875,17.53125,46312800
10.942910194396973,17.9140625,18.046875,17.75,17.78125,59333600
10.9524564743042,17.9296875,18.078125,17.78125,17.9140625,43410400
10.99063491821289,17.9921875,18.046875,17.75,18.0390625,43947200
10.689984321594238,17.5,17.890625,17.5,17.8515625,66815200
10.556357383728027,17.28125,17.53125,17.046875,17.5,72696000
10.384554862976074,17.0,17.46875,16.9765625,17.421875,60887200
10.389324188232422,17.0078125,17.28125,16.84375,17.265625,66731200
10.403640747070312,17.03125,17.09375,16.765625,17.0,45900800
10.145939826965332,16.609375,17.0,16.59375,16.9375,51078400
10.222294807434082,16.734375,16.734375,16.375,16.625,69969600
10.5993070602417,17.3515625,17.375,16.828125,16.84375,91013600
10.732933044433594,17.5703125,17.5859375,17.125,17.375,51433600
10.52772331237793,17.234375,17.796875,17.1875,17.703125,64412000
10.480001449584961,17.15625,17.1875,16.765625,16.90625,72161600
10.42272663116455,17.0625,17.375,16.953125,17.234375,38856800
10.308197975158691,16.875,17.109375,16.84375,17.0,34327200
10.274787902832031,16.8203125,16.9140625,16.625,16.90625,49371200
10.083898544311523,16.5078125,16.71875,16.5,16.6875,43641600
10.093445777893066,16.5234375,16.734375,16.46875,16.5078125,37857600
10.475227355957031,17.1484375,17.1875,16.625,16.640625,50112800
10.427502632141113,17.0703125,17.359375,17.0234375,17.203125,42872800
10.551581382751465,17.2734375,17.3125,16.96875,17.0,44476000
10.484769821166992,17.1640625,17.4609375,17.03125,17.3828125,48398400
10.637484550476074,17.4140625,17.4765625,17.21875,17.21875,42416000
10.651803016662598,17.4375,17.53125,17.296875,17.40625,39465600
10.317741394042969,16.890625,17.390625,16.8828125,17.359375,53294400
10.446593284606934,17.1015625,17.171875,16.609375,16.875,61779200
10.532496452331543,17.2421875,17.296875,16.953125,17.109375,48576000
9.978906631469727,16.3359375,17.15625,16.328125,16.953125,129003200
10.413186073303223,17.046875,17.125,16.375,16.46875,102538400
10.16979694366455,16.6484375,17.09375,16.578125,17.078125,61609600
10.098215103149414,16.53125,16.890625,16.4296875,16.78125,61077600
10.322511672973633,16.8984375,16.90625,16.5,16.53125,77435200
10.179343223571777,16.6640625,16.984375,16.6484375,16.875,43251200
10.346372604370117,16.9375,16.9375,16.640625,16.6953125,39946400
10.112533569335938,16.5546875,17.0078125,16.515625,16.953125,60040000
10.136392593383789,16.59375,16.765625,16.5078125,16.609375,39272000
10.184118270874023,16.671875,16.71875,16.453125,16.703125,36652000
10.27001667022705,16.8125,16.84375,16.609375,16.6875,27505600
10.102989196777344,16.5390625,16.96875,16.53125,16.8046875,43892800
10.222294807434082,16.734375,16.8125,16.421875,16.5625,61466400
10.16979694366455,16.6484375,16.828125,16.59375,16.71875,28831200
10.303417205810547,16.8671875,17.03125,16.671875,16.8671875,60284800
10.317741394042969,16.890625,17.03125,16.78125,16.984375,41776800
10.427502632141113,17.0703125,17.2109375,16.828125,16.875,54548800
10.613625526428223,17.375,17.3828125,17.03125,17.078125,71196800
10.608845710754395,17.3671875,17.453125,17.265625,17.3125,34672800
10.42272663116455,17.0625,17.34375,17.03125,17.2890625,24893600
10.441822052001953,17.09375,17.234375,17.0703125,17.125,19051200
10.437047004699707,17.0859375,17.171875,16.921875,17.140625,33361600
10.36546516418457,16.96875,17.0,16.859375,16.96875,45003200
10.224682807922363,16.73828125,17.078125,16.53125,17.015625,47327200
10.098215103149414,16.53125,16.828125,16.296875,16.640625,87720000
10.126849174499512,16.578125,16.90625,15.9375,16.625,154052800
10.575446128845215,17.3125,17.404296875,16.9140625,17.015625,115682400
10.360692024230957,16.9609375,17.3125,16.921875,17.296875,55775200
10.355916976928711,16.953125,17.15625,16.5,16.5,66413600
10.336832046508789,16.921875,17.15625,16.65625,17.109375,70030400
9.84050464630127,16.109375,17.03125,16.078125,16.859375,96795200
10.184118270874023,16.671875,16.875,15.4375,16.53125,160057600
9.993224143981934,16.359375,16.8828125,16.265625,16.71875,85532800
9.82142162322998,16.078125,16.421875,16.0625,16.1875,72097600
9.926410675048828,16.25,16.4375,16.203125,16.375,46808800
10.241379737854004,16.765625,16.78125,16.4140625,16.453125,67714400
10.250922203063965,16.78125,16.8671875,16.6484375,16.75,49134400
10.198431015014648,16.6953125,16.828125,16.5625,16.8125,42512800
10.083898544311523,16.5078125,16.6875,16.46875,16.65625,40266400
10.045719146728516,16.4453125,16.5,16.234375,16.2578125,63628800
9.940727233886719,16.2734375,16.5625,16.21875,16.453125,36764800
9.974135398864746,16.328125,16.4296875,16.171875,16.3046875,37013600
9.86436939239502,16.1484375,16.375,16.125,16.265625,45784000
10.045719146728516,16.4453125,16.453125,16.1484375,16.2578125,60094400
10.179343223571777,16.6640625,16.734375,16.421875,16.453125,46663200
10.298649787902832,16.859375,16.9765625,16.6796875,16.8125,60094400
10.231841087341309,16.75,16.9375,16.71875,16.8671875,36683200
10.312969207763672,16.8828125,16.890625,16.671875,16.703125,31720800
10.451360702514648,17.109375,17.140625,16.859375,16.90625,53680800
10.52772331237793,17.234375,17.25,17.046875,17.2265625,68220800
10.346372604370117,16.9375,17.265625,16.9375,17.140625,39084000
10.613625526428223,17.375,17.40625,16.96875,16.984375,56463200
10.80929183959961,17.6953125,17.734375,17.28125,17.375,63053600
10.80451774597168,17.6875,17.78125,17.640625,17.65625,17392800
10.98109245300293,17.9765625,18.0,17.703125,17.7421875,49006400
10.861783981323242,17.78125,18.109375,17.75,17.9453125,50167200
11.047900199890137,18.0859375,18.1328125,17.625,17.7109375,57712000
10.885643005371094,17.8203125,18.234375,17.78125,18.09375,62630400
10.928595542907715,17.890625,18.09375,17.765625,17.765625,48136000
11.157666206359863,18.265625,18.328125,17.890625,17.9375,49952800
11.019274711608887,18.0390625,18.171875,17.9375,18.125,51782400
10.861783981323242,17.78125,17.90625,17.625,17.78125,66434400
10.618395805358887,17.3828125,17.625,17.359375,17.546875,70189600
10.441822052001953,17.09375,17.3125,17.0,17.21875,54308000
10.394099235534668,17.015625,17.125,16.625,17.0546875,84305600
10.618395805358887,17.3828125,17.546875,16.875,16.984375,65401600
10.355916976928711,16.953125,17.546875,16.9375,17.484375,51472000
9.993224143981934,16.359375,16.84375,16.296875,16.8125,98774400
9.82619571685791,16.0859375,16.2734375,15.78125,16.09375,138065600
9.697339057922363,15.875,16.25,15.734375,16.140625,59063200
9.415769577026367,15.414063453674316,16.03125,15.375,15.882813453674316,67195200
9.081711769104004,14.867188453674316,15.484375,14.75,15.46875,88411200
9.220108032226562,15.09375,15.09375,14.84375,14.859375,32388800
9.644842147827148,15.789063453674316,15.84375,15.265625,15.296875,67815200
9.945502281188965,16.28125,16.375,15.78125,15.804688453674316,77864800
9.869147300720215,16.15625,16.4375,16.125,16.375,46147200
10.012311935424805,16.390625,16.4375,16.1875,16.203125,39748000
9.95504379272461,16.296875,16.703125,15.984375,16.40625,80377600
10.012311935424805,16.390625,16.625,16.15625,16.21875,67834400
9.893004417419434,16.1953125,16.3984375,15.9375,16.234375,61492800
9.964588165283203,16.3125,16.515625,15.9375,16.078125,77619200
9.697339057922363,15.875,16.4375,15.734375,16.2578125,87534400
9.888232231140137,16.1875,16.25,15.546875,15.578125,78393600
10.088669776916504,16.515625,16.53125,16.015625,16.1875,66945600
10.012311935424805,16.390625,16.5625,16.15625,16.515625,54774400
10.102989196777344,16.5390625,16.625,16.234375,16.296875,50622400
10.327282905578613,16.90625,16.921875,16.5390625,16.546875,72943200
10.522945404052734,17.2265625,17.25,16.75,16.765625,64956000
10.46091365814209,17.125,17.3046875,16.953125,17.15625,85567200
10.584991455078125,17.328125,17.484375,16.9140625,16.9453125,159139200
10.556357383728027,17.28125,17.4296875,17.087890625,17.34375,63312000
10.823607444763184,17.71875,17.734375,17.306640625,17.484375,74277600
11.086081504821777,18.1484375,18.234375,17.6953125,17.796875,97540800
11.377189636230469,18.625,18.6875,18.1875,18.28125,79387200
11.319921493530273,18.53125,18.765625,18.4375,18.6171875,73571200
11.391510009765625,18.6484375,18.75,18.453125,18.578125,50071200
11.825789451599121,19.359375,19.390625,18.8125,18.96875,98397600
11.902148246765137,19.484375,19.515625,19.2265625,19.390625,61374400
11.973727226257324,19.6015625,19.75,19.3828125,19.484375,61940800
11.868741989135742,19.4296875,19.84375,19.34375,19.765625,67014400
12.073948860168457,19.765625,19.78125,19.390625,19.421875,50070400
12.002367973327637,19.6484375,19.859375,19.453125,19.84375,54681600
12.159849166870117,19.90625,19.9375,19.59375,19.65625,48099200
12.135992050170898,19.8671875,20.0078125,19.6328125,19.921875,76460000
12.121675491333008,19.84375,19.8671875,19.5546875,19.7578125,76658400
12.026228904724121,19.6875,19.84375,19.671875,19.828125,42203200
11.78761100769043,19.296875,19.8125,19.234375,19.8125,85673600
11.806702613830566,19.328125,19.5,19.21875,19.328125,76608800
11.825789451599121,19.359375,19.5078125,19.28125,19.4375,73773600
11.844879150390625,19.390625,19.46875,19.109375,19.4375,86092000
12.465276718139648,20.40625,20.421875,19.84375,20.234375,120803600
12.541638374328613,20.53125,21.234375,20.46875,20.84375,118302000
12.971144676208496,21.234375,21.25,20.765625,20.859375,94944400
13.057045936584473,21.375,21.421875,21.109375,21.375,61388000
12.942510604858398,21.1875,21.5,21.140625,21.390625,47532400
12.722987174987793,20.828125,21.46875,20.765625,21.46875,50093600
12.904330253601074,21.125,21.140625,20.640625,20.65625,50753600
12.570274353027344,20.578125,20.953125,20.390625,20.609375,71513600
12.226661682128906,20.015625,20.359375,19.8125,19.8125,92255600
12.63708209991455,20.6875,20.6875,20.0625,20.078125,51404800
12.155076026916504,19.8984375,20.625,19.875,20.625,52256000
12.446184158325195,20.375,20.375,19.984375,20.296875,47406400
12.322110176086426,20.171875,20.5,19.9375,20.5,39838800
12.503454208374023,20.46875,20.65625,20.203125,20.625,47962000
12.579812049865723,20.59375,20.75,20.390625,20.609375,32542400
12.522553443908691,20.5,20.6875,20.34375,20.609375,27979600
12.27438735961914,20.09375,20.421875,19.921875,20.421875,53842400
12.484369277954102,20.4375,20.453125,19.96875,20.015625,33887600
12.522553443908691,20.5,20.578125,20.3125,20.375,30299200
12.493917465209961,20.453125,20.75,20.125,20.53125,56310000
12.808884620666504,20.96875,21.15625,20.265625,20.296875,55050000
12.971144676208496,21.234375,21.265625,20.859375,21.046875,32281600
13.562910079956055,22.203125,22.734375,21.8125,22.625,124244800
13.477008819580078,22.0625,22.390625,21.875,22.125,45441200
13.410192489624023,21.953125,22.34375,21.890625,22.34375,38924000
13.429290771484375,21.984375,22.15625,21.78125,22.015625,27463200
13.667906761169434,22.375,22.4375,22.125,22.15625,38177200
13.80152702331543,22.59375,22.65625,22.125,22.453125,36835600
13.944692611694336,22.828125,22.984375,22.46875,22.671875,41414800
14.202407836914062,23.25,23.265625,22.875,23.0,40987600
13.734716415405273,22.484375,23.15625,22.265625,23.15625,74232000
13.324297904968262,21.8125,22.65625,21.6875,22.328125,62630800
13.58200454711914,22.234375,22.25,21.65625,21.6875,36793200
13.59154224395752,22.25,22.40625,21.875,21.984375,33619200
13.534278869628906,22.15625,22.25,21.6875,22.203125,33156400
13.50563907623291,22.109375,22.390625,21.875,22.171875,28476800
13.954241752624512,22.84375,22.84375,22.21875,22.3125,40498400
14.001959800720215,22.921875,23.015625,22.546875,22.59375,39695600
14.06877613067627,23.03125,23.0625,22.578125,22.875,37402800
14.450559616088867,23.65625,23.75,23.046875,23.09375,45535200
14.488737106323242,23.71875,23.75,23.28125,23.671875,51938400
15.099597930908203,24.71875,24.78125,23.90625,24.0,80154000
14.431467056274414,23.625,24.34375,23.53515625,24.3125,64215200
14.06877613067627,23.03125,23.6875,22.96875,23.375,51436000
13.791980743408203,22.578125,22.6328125,22.125,22.375,58752000
13.72516918182373,22.46875,23.0625,22.25390625,23.03125,56668000
13.82061767578125,22.625,22.875,22.40625,22.515625,50061600
13.763351440429688,22.53125,22.90625,22.421875,22.875,54473600
13.686991691589355,22.40625,22.625,22.03125,22.546875,35996000
13.448372840881348,22.015625,22.46875,21.984375,22.296875,37899600
13.400653839111328,21.9375,22.390625,21.75,21.90625,50828000
13.19067096710205,21.59375,21.875,21.5,21.875,48110800
12.732524871826172,20.84375,21.5625,20.796875,21.546875,78022000
13.09522819519043,21.4375,21.53125,20.46875,20.46875,96274800
12.866150856018066,21.0625,21.546875,21.015625,21.53125,51474400
13.085680961608887,21.421875,21.4375,20.8125,20.8125,64147200
13.276569366455078,21.734375,22.1875,21.625,22.171875,80680400
13.58200454711914,22.234375,22.75,21.453125,21.46875,94774400
13.65835952758789,22.359375,22.546875,22.1875,22.53125,48150800
13.142950057983398,21.515625,21.625,21.125,21.125,80395600
13.209756851196289,21.625,21.734375,21.390625,21.453125,52234400
13.09522819519043,21.4375,21.71875,21.34375,21.53125,35698800
13.19067096710205,21.59375,21.84375,21.375,21.453125,36680000
13.066596984863281,21.390625,21.6875,21.359375,21.65625,36129200
12.770711898803711,20.90625,21.546875,20.875,21.328125,44473600
13.133406639099121,21.5,21.53125,20.71875,20.71875,58574400
13.181130409240723,21.578125,21.59375,21.265625,21.4375,30746800
12.952056884765625,21.203125,21.625,21.1875,21.59375,34091200
12.789798736572266,20.9375,21.15234375,20.78125,20.96875,42436800
13.057045936584473,21.375,21.484375,20.96875,21.015625,38570800
12.875701904296875,21.078125,21.609375,21.03125,21.46875,36010800
13.142950057983398,21.515625,21.53125,20.90625,21.171875,33717600
13.17158317565918,21.5625,21.625,21.1875,21.46875,34431600
13.085680961608887,21.421875,21.578125,21.25,21.40625,18886400
13.295658111572266,21.765625,21.890625,21.3125,21.328125,35690400
13.133406639099121,21.5,22.09375,21.46875,21.65625,33290400
13.028416633605957,21.328125,21.78125,21.28125,21.609375,41271200
13.09522819519043,21.4375,21.53125,21.0,21.21875,41323600
13.12386417388916,21.484375,21.828125,21.140625,21.171875,42846000
13.72516918182373,22.46875,22.484375,21.375,21.578125,61138400
13.906516075134277,22.765625,23.09375,22.4375,22.484375,76147600
13.925610542297363,22.796875,22.9375,22.59375,22.703125,39228400
14.46010684967041,23.671875,23.6875,23.125,23.21875,91226800
14.631912231445312,23.953125,23.984375,23.421875,23.6875,48969600
15.385932922363281,25.1875,25.21875,23.8125,23.953125,124675200
16.025428771972656,26.234375,26.28125,24.984375,25.421875,105724800
15.510011672973633,25.390625,26.71875,25.34375,26.46875,88969600
15.949069023132324,26.109375,26.15625,25.5,25.5625,55680400
16.407215118408203,26.859375,26.921875,26.3125,26.375,65906000
16.550378799438477,27.09375,27.140625,26.15625,26.3125,77010000
16.703094482421875,27.34375,27.53125,26.796875,27.28125,53470400
16.378572463989258,26.8125,27.28125,26.78125,27.203125,27321200
16.4644832611084,26.953125,27.015625,26.34375,26.71875,35307600
16.48356819152832,26.984375,27.140625,26.625,26.953125,32422800
16.77945327758789,27.46875,27.53125,26.6875,27.03125,41553600
16.95125389099121,27.75,28.0,27.4375,27.5,43690000
17.285314559936523,28.296875,28.3125,27.46875,27.78125,45396800
17.95343780517578,29.390625,29.5625,28.40625,28.53125,69223200
17.791183471679688,29.125,29.6875,28.875,29.5625,56972400
17.924816131591797,29.34375,29.5,28.90625,29.0,48690000
17.924816131591797,29.34375,29.71875,29.15625,29.515625,65125200
18.010704040527344,29.484375,29.90625,28.984375,29.375,83108400
17.867542266845703,29.25,29.875,29.203125,29.546875,45794800
17.228052139282227,28.203125,29.75,28.125,29.21875,74605200
17.82935905456543,29.1875,29.3125,27.96875,28.0,71654400
17.256681442260742,28.25,29.375,28.25,29.078125,51029600
17.38075828552246,28.453125,28.90625,28.125,28.4375,60366400
17.82935905456543,29.1875,29.1875,27.671875,28.28125,58998000
17.142141342163086,28.0625,29.21875,28.0,29.0,78378400
16.903532028198242,27.671875,28.5625,27.515625,28.3125,59738000
17.323495864868164,28.359375,28.40625,27.6875,27.984375,72746400
16.78899574279785,27.484375,28.37890625,27.484375,28.234375,53705200
16.559926986694336,27.109375,27.71875,26.84375,27.28125,73566400
15.958612442016602,26.125,27.40625,26.046875,27.15625,91412000
15.929981231689453,26.078125,26.5625,25.375,26.03125,120208800
16.321308135986328,26.71875,26.734375,25.90625,25.9375,68308000
16.168594360351562,26.46875,26.875,26.265625,26.859375,54972400
15.949069023132324,26.109375,26.578125,26.109375,26.453125,46763200
15.796356201171875,25.859375,26.09375,25.5,25.71875,60976400
16.044519424438477,26.265625,26.296875,25.75,26.078125,53760000
15.872710227966309,25.984375,26.5,25.9375,26.03125,51193200
15.92043685913086,26.0625,26.265625,25.875,26.171875,29566400
16.38812828063965,26.828125,26.84375,25.75,25.875,54073200
16.98942756652832,27.8125,27.953125,26.84375,26.96875,70591200
16.884445190429688,27.640625,28.1875,27.5625,28.0625,55709600
17.18987274169922,28.140625,28.1875,27.421875,27.53125,49970400
16.893983840942383,27.65625,27.96875,27.1875,27.78125,59523600
16.85580825805664,27.59375,28.0,27.5,27.578125,26319200
17.228052139282227,28.203125,28.421875,27.78125,27.84375,58026800
17.18987274169922,28.140625,28.4375,27.71875,27.8125,44804400
16.684005737304688,27.3125,28.1875,27.125,27.640625,74874000
16.073148727416992,26.3125,27.40625,26.1875,27.0625,72730000
14.650997161865234,23.984375,26.625,23.9375,26.21875,132690400
15.46229362487793,25.3125,25.4375,23.625,23.8125,140112400
15.35730266571045,25.140625,26.0625,25.0625,25.453125,63438400
15.156862258911133,24.8125,25.1875,24.59375,24.6875,67506800
14.755993843078613,24.15625,25.0625,24.03125,24.921875,50890400
15.572060585021973,25.4921875,25.515625,24.765625,25.0,60625600
15.615007400512695,25.5625,26.109375,25.40625,25.5625,65480800
15.385932922363281,25.1875,25.28125,24.671875,25.0,60758000
15.92043685913086,26.0625,26.15625,25.03125,25.28125,58989200
16.187679290771484,26.5,26.765625,26.21875,26.234375,45086800
16.540836334228516,27.078125,27.109375,26.28125,26.46875,49367600
16.521751403808594,27.046875,27.125,26.53125,26.96875,42886800
16.025428771972656,26.234375,26.625,26.203125,26.328125,45178400
16.092239379882812,26.34375,26.5625,26.078125,26.4375,47361600
16.474018096923828,26.96875,27.015625,25.59375,25.625,45872000
16.67445945739746,27.296875,27.46875,26.6875,27.109375,43082000
17.352128982543945,28.40625,28.46875,27.125,27.40625,65263600
16.817630767822266,27.53125,28.65625,27.25,28.28125,63521600
17.266223907470703,28.265625,28.28125,27.15625,27.28125,47878400
16.998973846435547,27.828125,28.59375,27.4375,28.25,41405200
17.237590789794922,28.21875,28.5,27.84375,27.953125,48743200
16.80808448791504,27.515625,28.390625,27.5078125,28.078125,38875600
15.891801834106445,26.015625,27.375,26.0,27.015625,65442400
15.90134048461914,26.03125,26.296875,25.25,25.84375,65889600
15.452749252319336,25.296875,25.71875,24.125,25.625,114937600
14.908703804016113,24.40625,25.90625,24.34375,25.625,76550000
14.374202728271484,23.53125,24.9375,23.34375,24.34375,90710400
13.925610542297363,22.796875,22.96875,21.9375,22.640625,144719200
14.794169425964355,24.21875,24.25,23.0625,23.296875,72661600
15.233219146728516,24.9375,25.25,24.625,24.8125,51502800
14.727357864379883,24.109375,24.9375,23.9375,24.875,47995600
15.300032615661621,25.046875,25.34375,23.96875,23.96875,62403200
16.101791381835938,26.359375,26.40625,24.90625,25.03125,66253600
16.044519424438477,26.265625,26.625,26.0,26.5,68620000
15.719993591308594,25.734375,26.046875,25.28125,26.03125,60177600
15.309576034545898,25.0625,25.84375,24.90625,25.8125,94368400
16.254491806030273,26.609375,26.71875,25.765625,26.21875,125377200
16.798540115356445,27.5,27.53125,26.3125,26.5,81910800
16.244956970214844,26.59375,27.5,26.546875,27.25,59882000
16.349939346313477,26.765625,27.0,26.421875,26.703125,59678400
16.101791381835938,26.359375,26.96875,26.25,26.9375,65434800
16.139951705932617,26.421875,26.65625,26.21875,26.21875,56808400
16.28313446044922,26.65625,26.875,26.359375,26.359375,52402800
16.168594360351562,26.46875,27.046875,26.28125,26.8125,59322800
16.1590518951416,26.453125,26.71875,26.25,26.59375,48388400
16.06361198425293,26.296875,26.640625,26.1875,26.375,36546800
16.111324310302734,26.375,26.828125,26.21875,26.453125,67459600
16.244956970214844,26.59375,26.90625,26.3125,26.328125,76727200
16.69355583190918,27.328125,27.4375,26.484375,26.515625,74461200
16.903532028198242,27.671875,27.84375,27.203125,27.296875,68956800
17.113506317138672,28.015625,28.359375,27.515625,27.53125,72075600
16.960796356201172,27.765625,28.6875,27.71875,28.359375,63899200
16.607643127441406,27.1875,27.78125,27.125,27.5625,38526800
16.798540115356445,27.5,27.625,27.09375,27.109375,28368800
16.61719512939453,27.203125,27.9375,26.875,27.828125,42620400
17.08487319946289,27.96875,28.09375,27.234375,27.25,58744000
16.760360717773438,27.4375,27.765625,27.28125,27.390625,41691200
17.065780639648438,27.9375,28.125,27.265625,27.265625,45220800
17.352128982543945,28.40625,28.4375,27.8125,28.1875,48405200
18.20160484313965,29.796875,30.046875,28.125,28.125,110870400
18.58338737487793,30.421875,31.265625,29.65625,29.671875,101114800
18.97471809387207,31.0625,31.09375,30.1875,30.671875,41394000
19.55693817138672,32.015625,32.03125,31.078125,31.28125,26335600
18.631103515625,30.5,32.56640625,30.484375,32.34375,70900000
19.776464462280273,32.375,32.4375,30.03125,30.0625,86330800
19.35650634765625,31.6875,32.4375,31.375,32.296875,65759600
18.65019416809082,30.53125,32.234375,30.5,31.71875,51426800
19.451955795288086,31.84375,31.84375,31.0,31.234375,44352000
20.396862030029297,33.390625,33.4375,31.6875,31.921875,89809200
20.034168243408203,32.796875,33.5625,32.4375,33.21875,77585200
20.40640640258789,33.40625,33.453125,32.5,33.03125,44781600
20.09143829345703,32.890625,33.65625,32.84375,33.28125,57015600
20.463682174682617,33.5,33.671875,32.6875,32.75,51728800
19.537851333618164,31.984375,33.4375,31.921875,33.1875,64077600
20.139156341552734,32.96875,33.0,32.3125,32.328125,51719600
20.42549705505371,33.4375,33.78125,32.28125,33.125,60024000
20.520944595336914,33.59375,33.71875,33.0625,33.546875,46963600
21.04589080810547,34.453125,34.5625,33.53125,33.75,59648000
21.446781158447266,35.109375,35.546875,34.4375,34.65625,48112000
21.141342163085938,34.609375,35.125,34.34375,35.125,41350000
21.92399787902832,35.890625,35.953125,34.84375,35.09375,34940000
21.647214889526367,35.4375,36.0,35.375,35.90625,13832400
21.74264907836914,35.59375,35.90625,35.375,35.75,23636400
21.45631217956543,35.125,35.640625,34.90625,35.640625,29651600
21.227251052856445,34.75,35.83984375,34.71875,35.21875,34942800
21.17951774597168,34.671875,35.0,34.5,34.796875,23834400
21.532672882080078,35.25,36.3125,34.84375,34.90234375,69305200
22.372596740722656,36.625,37.0,35.359375,35.46875,64281600
23.097993850708008,37.8125,37.875,36.6875,37.375,69064800
22.98345375061035,37.625,37.65625,37.0625,37.4375,51150400
22.888017654418945,37.46875,38.125,36.75,38.046875,50244800
22.525304794311523,36.875,37.734375,36.0625,37.71875,46463200
21.71401596069336,35.546875,37.03125,35.25,37.03125,57907200
21.96218490600586,35.953125,36.9375,34.0,34.0,75346000
21.647214889526367,35.4375,36.390625,35.375,36.3125,59214000
22.86891746520996,37.4375,37.5,35.34375,35.734375,59344000
23.76611328125,38.90625,39.59375,37.71875,37.84375,102741600
24.835126876831055,40.65625,41.9375,40.62109375,41.734375,125481200
24.17653465270996,39.578125,40.828125,39.4375,40.4375,80077200
23.861570358276367,39.0625,40.05859375,38.8125,38.90625,82160000
24.720582962036133,40.46875,40.828125,39.78125,40.421875,103076400
26.20000457763672,42.890625,42.9375,41.125,41.375,120203200
25.75140380859375,42.15625,43.609375,42.125,43.125,98048000
26.572235107421875,43.5,43.515625,42.453125,42.9375,78838400
26.724937438964844,43.75,43.78125,42.71875,43.6875,79571600
26.409982681274414,43.234375,43.984375,42.703125,43.859375,81729200
25.598682403564453,41.90625,43.140625,41.5625,43.125,91965600
25.474609375,41.703125,42.46875,41.5,41.59375,73749200
24.291072845458984,39.765625,42.09375,39.71875,42.03125,89151600
24.43424415588379,40.0,40.40625,38.71875,40.0625,127945200
25.235986709594727,41.3125,41.390625,40.40625,40.640625,109866800
24.443788528442383,40.015625,41.6875,39.9375,41.234375,77293600
24.52968406677246,40.15625,41.09375,39.65625,39.96875,73694000
24.854206085205078,40.6875,40.96875,40.09375,40.6875,60366000
24.090627670288086,39.4375,40.921875,39.28125,40.421875,62930400
23.861570358276367,39.0625,39.96875,38.640625,39.9375,73666800
22.907093048095703,37.5,38.53125,37.125,38.234375,101215600
22.258066177368164,36.4375,37.84375,35.99609375,37.734375,117035200
22.563493728637695,36.9375,37.3125,36.4375,36.859375,73085600
22.725765228271484,37.203125,37.25,36.1875,37.0625,92514400
23.737483978271484,38.859375,38.90625,37.625,38.234375,95106800
23.346147537231445,38.21875,39.84375,38.1875,39.109375,67696800
23.441593170166016,38.375,38.4375,37.40625,38.09375,70817200
22.926191329956055,37.53125,38.125,37.375,38.09375,59273200
23.174341201782227,37.9375,38.140625,37.375,37.390625,58332000
22.687578201293945,37.140625,38.53125,36.90625,37.96875,58569600
22.849830627441406,37.40625,37.671875,36.765625,37.25,76798400
23.250707626342773,38.0625,38.375,37.03125,37.78125,61696400
23.66111946105957,38.734375,38.84375,38.28125,38.6875,47302800
24.28153419494629,39.75,39.80859375,38.75,38.875,46726000
24.711036682128906,40.453125,41.1875,39.9375,39.96875,90129600
24.64422035217285,40.34375,40.625,39.796875,40.578125,53114800
24.653766632080078,40.359375,41.140625,39.828125,40.25,62948400
24.462871551513672,40.046875,40.6875,39.203125,40.65625,73395200
25.331430435180664,41.46875,41.5,39.46875,40.140625,60609600
25.818227767944336,42.265625,42.5,41.0625,41.375,68554000
25.522327423095703,41.78125,42.359375,41.6875,42.265625,44919600
26.33361053466797,43.109375,43.140625,41.546875,41.609375,56231200
26.142732620239258,42.796875,43.53125,42.46875,43.46875,91980400
26.390878677368164,43.203125,43.734375,43.0,43.234375,55719200
25.43642807006836,41.640625,43.53125,41.5625,43.171875,69581200
26.152273178100586,42.8125,42.953125,40.78125,41.75,82634400
27.478975296020508,44.984375,45.015625,43.125,43.265625,109447600
27.202178955078125,44.53125,45.09375,43.9375,44.734375,94687600
28.213905334472656,46.1875,46.3125,43.9375,45.0625,79777000
28.404815673828125,46.5,46.75,46.125,46.6875,67502400
27.37398338317871,44.8125,47.3125,44.5625,47.25,58752600
28.309341430664062,46.34375,46.4375,45.1328125,45.625,41106000
28.996585845947266,47.46875,47.5078125,46.75,47.15625,39848600
28.729326248168945,47.03125,47.8125,46.625,47.59375,39674800
28.50025177001953,46.65625,47.5,45.625,47.4375,46910200
28.882043838500977,47.28125,47.3125,45.5,46.625,38637000
28.786584854125977,47.125,47.5,46.5,47.125,31816800
28.404815673828125,46.5,46.8125,45.6875,45.8125,37858800
27.526702880859375,45.0625,46.5625,44.59375,46.5625,46746800
26.228628158569336,42.9375,45.5625,42.9375,45.40625,52944000
27.144906997680664,44.4375,44.9375,41.9375,43.65625,72594600
26.457704544067383,43.3125,44.5625,42.9375,44.53125,44774000
24.73966407775879,40.5,44.0625,40.1875,43.4375,75389000
25.388708114624023,41.5625,42.0,40.0,41.125,108459400
25.045106887817383,41.0,41.25,40.0,41.0625,92732800
25.942289352416992,42.46875,42.625,41.6875,42.5,55096400
26.266813278198242,43.0,43.5,41.5,42.5,56592000
26.877670288085938,44.0,44.46875,43.375,43.59375,48349800
25.655960083007812,42.0,44.375,41.96875,44.375,58665800
25.083276748657227,41.0625,43.25,40.859375,42.65625,55963400
25.06418800354004,41.03125,41.84375,40.203125,41.1875,60880600
24.835126876831055,40.65625,41.875,39.9375,41.375,58558600
24.396059036254883,39.9375,40.75,39.28125,40.71875,67180000
23.842458724975586,39.03125,40.90625,38.875,40.25,66502200
24.166990280151367,39.5625,39.9375,38.21875,39.5625,67028200
23.804296493530273,38.96875,40.5625,38.75,40.34375,74021000
24.147897720336914,39.53125,40.1875,39.0,39.8125,48011600
24.338788986206055,39.84375,40.25,39.125,39.9375,46218000
24.396059036254883,39.9375,40.5078125,39.71875,40.375,42786200
24.58694076538086,40.25,40.5,39.625,40.375,60142600
24.166990280151367,39.5625,40.875,39.5625,40.5625,51737200
23.479774475097656,38.4375,39.96875,38.3125,39.4375,84401000
24.166990280151367,39.5625,39.78125,38.5,38.6875,66850200
24.033370971679688,39.34375,40.125,38.96875,39.90625,63858400
24.22425651550293,39.65625,39.9375,38.625,39.9375,46510800
23.95701789855957,39.21875,40.0,39.1875,39.78125,42386200
23.68975830078125,38.78125,39.5,38.5,39.25,56568800
23.59429931640625,38.625,38.9375,38.03125,38.9375,38990000
23.28888511657715,38.125,39.625,38.0625,38.375,50791600
23.976093292236328,39.25,39.25,37.75,38.59375,52022800
23.937917709350586,39.1875,39.71875,38.75,39.125,56702200
24.64422035217285,40.34375,40.4375,39.0625,39.375,41548000
23.976093292236328,39.25,40.375,39.21875,40.3125,36046400
23.95701789855957,39.21875,39.3125,38.125,39.03125,42812600
23.327072143554688,38.1875,39.46875,38.0625,39.1875,32934400
24.30061149597168,39.78125,39.84375,38.375,38.46875,35668200
24.510610580444336,40.125,40.53125,39.59375,39.96875,32392200
24.243350982666016,39.6875,41.0625,39.5,39.9375,41516400
25.140548706054688,41.15625,41.3125,40.0,40.0625,53310800
24.396059036254883,39.9375,41.15625,39.53125,40.9375,35277400
23.861570358276367,39.0625,40.25,38.78125,40.0,34543000
23.68975830078125,38.78125,39.84375,38.71875,39.375,28369800
23.727935791015625,38.84375,39.4375,38.34375,39.03125,36981000
24.73966407775879,40.5,40.8125,39.46875,39.53125,48325200
25.312347412109375,41.4375,41.5,40.25,40.34375,44475200
25.96137809753418,42.5,42.5,41.0625,41.15625,69116200
27.16400909423828,44.46875,44.5,42.4375,42.4375,56194400
26.419513702392578,43.25,44.21875,43.125,44.21875,38751000
26.266813278198242,43.0,43.6875,42.53125,42.96875,33942000
25.84684181213379,42.3125,43.125,42.0,42.875,33559000
25.942289352416992,42.46875,43.21875,42.1875,42.6875,24933000
26.49587631225586,43.375,43.40625,42.46875,42.75,31701000
26.877670288085938,44.0,44.03125,43.0,43.34375,38973200
27.545793533325195,45.09375,45.125,43.375,43.875,57610200
27.851221084594727,45.59375,45.75,44.1875,44.9375,47737800
28.099353790283203,46.0,46.0625,45.15625,45.4375,32094800
27.35489273071289,44.78125,46.46875,44.625,46.125,45419400
28.194828033447266,46.15625,46.15625,44.9375,45.03125,33834600
28.27118492126465,46.28125,46.5,45.34375,45.90625,37790400
28.481149673461914,46.625,46.65625,46.125,46.1875,33884200
28.767513275146484,47.09375,47.375,46.1875,46.59375,43847800
28.59568977355957,46.8125,47.03125,46.40625,46.5625,30845000
28.996585845947266,47.46875,47.5,46.25,46.875,37985200
28.82477378845215,47.1875,47.625,46.875,47.5,40926200
30.370994567871094,49.71875,49.9375,47.5,47.75,115369800
30.046470642089844,49.1875,50.375,48.90625,50.0,81181600
28.50025177001953,46.65625,48.375,46.15625,48.21875,92287400
28.92021369934082,47.34375,47.65625,46.5,46.8125,54050800
27.813032150268555,45.53125,47.25,45.0,47.1875,60904200
27.56487274169922,45.125,45.875,44.84375,45.78125,68833200
26.763126373291016,43.8125,44.90625,43.8125,44.4375,50885000
27.12582015991211,44.40625,44.875,44.0,44.40625,65513000
27.488513946533203,45.0,45.25,44.1875,44.59375,62215200
26.553138732910156,43.46875,44.40625,43.15625,44.34375,57968200
26.209535598754883,42.90625,44.3125,42.75,43.8125,51127400
25.90411376953125,42.40625,43.46875,42.1875,42.84375,48050600
25.885021209716797,42.375,43.03125,42.1875,42.9375,55051200
25.942289352416992,42.46875,43.59375,42.375,42.5625,75573400
26.19045639038086,42.875,43.1875,42.375,42.6875,76634000
25.999547958374023,42.5625,43.21875,42.46875,43.03125,67205800
25.598682403564453,41.90625,42.90625,41.84375,42.8125,39333600
25.331430435180664,41.46875,42.03125,40.8125,41.78125,62743000
25.713224411010742,42.09375,42.34375,41.15625,42.0,66105200
24.968738555908203,40.875,42.09375,40.8125,41.96875,61062000
25.865917205810547,42.34375,42.8125,41.375,41.46875,65099800
25.75140380859375,42.15625,42.9453125,41.15625,42.53125,57321800
25.827768325805664,42.28125,42.75,41.46875,42.71875,51749000
25.96137809753418,42.5,43.09375,42.03125,42.21875,58361200
25.598682403564453,41.90625,42.5625,41.5625,42.28125,71478200
25.465049743652344,41.6875,42.390625,41.53125,42.0,46072800
26.40043067932129,43.21875,43.3125,41.9375,42.15625,60447000
28.15665054321289,46.09375,46.75,43.53125,43.53125,120450000
29.111114501953125,47.65625,48.0,46.59375,46.8125,81877600
28.901119232177734,47.3125,48.1875,46.84375,47.6875,61246000
28.481149673461914,46.625,47.5625,46.1875,47.53125,41948400
28.175722122192383,46.125,46.71875,45.78125,46.4375,33300800
28.27118492126465,46.28125,46.5625,45.0625,45.90625,46882800
28.213905334472656,46.1875,46.71875,45.8125,46.15625,36607200
28.042129516601562,45.90625,46.28125,45.34375,45.75,33340800
29.282901763916016,47.9375,48.21875,46.75,46.875,52098000
28.786584854125977,47.125,48.34375,46.875,47.4375,47028000
28.175722122192383,46.125,47.34375,46.03125,46.84375,42568200
28.729326248168945,47.03125,47.0703125,45.8984375,46.21875,38475200
29.015661239624023,47.5,47.65625,47.0,47.53125,34455000
28.67205047607422,46.9375,47.40625,46.6875,47.25,27870800
29.03474235534668,47.53125,47.78125,46.8125,46.84375,40207800
28.290258407592773,46.3125,47.875,46.1875,47.75,48413800
28.710229873657227,47.0,47.03125,45.3125,46.4375,45796000
29.454715728759766,48.21875,48.25,46.90625,47.1875,79773400
29.798315048217773,48.78125,48.9375,47.5,48.0,48601800
28.901119232177734,47.3125,48.28125,47.0625,48.28125,47082800
29.340185165405273,48.03125,48.3125,46.84375,47.375,48531600
27.851221084594727,45.59375,48.4375,45.0078125,48.4375,71073600
27.77484703063965,45.46875,45.6875,44.4375,45.09375,70277000
27.92757797241211,45.71875,46.46875,45.4375,46.0,34132200
28.13755226135254,46.0625,46.34375,44.53125,45.625,46000600
27.335813522338867,44.75,46.0625,44.5625,45.78125,37484400
27.66031837463379,45.28125,45.84375,44.40625,45.0,47455400
27.483736038208008,44.9921875,45.3125,44.15625,45.09375,44239000
28.27118492126465,46.28125,46.3125,45.125,45.25,29998000
28.042129516601562,45.90625,46.9375,44.75,46.375,43397000
28.61478614807129,46.84375,47.0,46.03125,46.15625,35500200
28.63387680053711,46.875,47.53125,46.34375,46.84375,46036400
28.996585845947266,47.46875,47.59375,46.0625,46.75,35697000
28.80567169189453,47.15625,47.5,47.0625,47.3125,19943800
28.27118492126465,46.28125,47.15625,46.1875,47.0,27668600
27.813032150268555,45.53125,46.5625,45.15625,46.0,38098400
27.698503494262695,45.34375,46.1171875,44.84375,45.4375,42737800
26.896745681762695,44.03125,44.90625,43.65625,44.75,73788000
26.8394718170166,43.9375,44.0,42.53125,43.59375,75312800
26.362260818481445,43.15625,44.625,42.625,44.125,69945600
28.175722122192383,46.125,46.1875,45.125,45.78125,88090600
28.42391014099121,46.53125,46.5625,45.25,45.28125,60801200
28.309341430664062,46.34375,46.9375,45.875,46.78125,43650600
28.232988357543945,46.21875,46.78125,45.5625,46.0,30492200
28.213905334472656,46.1875,47.625,46.1328125,47.1875,52467600
27.755756378173828,45.4375,45.8125,44.84375,45.75,54416600
27.45033836364746,44.9375,45.4375,44.65625,45.0,70570400
28.27118492126465,46.28125,47.0,45.625,45.71875,79452600
28.213905334472656,46.1875,47.09375,46.0625,46.625,53261200
28.27118492126465,46.28125,47.25,45.96875,46.375,46349000
28.099353790283203,46.0,46.75,45.75,46.46875,44517000
28.023008346557617,45.875,46.375,45.15625,46.15625,54239400
27.965755462646484,45.78125,46.4375,45.25,45.90625,70167400
27.469432830810547,44.96875,45.375,42.1875,42.40625,243819200
27.144906997680664,44.4375,44.9375,43.21875,44.875,109769800
26.61040687561035,43.5625,44.5625,43.21875,44.0625,69385400
27.37398338317871,44.8125,45.21875,44.125,44.125,69274600
27.240371704101562,44.59375,45.0,43.53125,44.875,49414200
26.572235107421875,43.5,44.25,43.46875,44.125,47080400
26.667678833007812,43.65625,43.875,42.9375,43.46875,59165200
25.96137809753418,42.5,43.53125,42.5,43.21875,66819000
25.942289352416992,42.46875,42.90625,42.25,42.46875,64493200
26.266813278198242,43.0,43.28125,42.1875,42.21875,58226000
27.431255340576172,44.90625,45.1875,44.21875,44.8125,90596600
27.37398338317871,44.8125,45.6875,44.1875,44.625,70787400
28.00391960144043,45.84375,46.125,44.75,44.78125,53771000
27.832130432128906,45.5625,46.6875,45.5,45.8125,28514200
27.545793533325195,45.09375,46.03125,44.75,45.0625,51460200
27.808269500732422,45.5234375,46.4375,44.78125,44.875,64145600
28.462066650390625,46.59375,46.96875,45.4375,45.53125,48864200
28.958393096923828,47.40625,47.625,46.4375,46.53125,55473800
29.359262466430664,48.0625,48.5625,47.8671875,47.90625,64100600
29.149280548095703,47.71875,48.59375,47.375,47.625,49098200
28.404815673828125,46.5,47.4375,46.4375,47.375,56859200
28.023008346557617,45.875,47.15625,45.84375,46.5625,40955800
28.328441619873047,46.375,46.65625,45.71875,46.0,46258200
28.67205047607422,46.9375,47.0625,46.125,46.6875,36836000
29.511987686157227,48.3125,48.46875,46.375,46.8046875,52691600
30.14192008972168,49.34375,50.5625,47.65625,48.09375,144116200
33.11985397338867,54.21875,54.375,49.25,49.28125,155571600
34.72335433959961,56.84375,57.5,54.46875,54.625,128660200
35.20058059692383,57.625,58.5625,56.8125,58.3125,105898800
34.4370002746582,56.375,57.5,55.59375,57.40625,39433800
35.391475677490234,57.9375,58.3125,55.3125,56.1875,57446000
35.90687561035156,58.78125,59.0,57.5625,58.1484375,38565200
35.86871337890625,58.71875,59.625,58.375,58.625,31028400
36.38412094116211,59.5625,59.625,58.0625,59.21875,32202200
35.887779235839844,58.75,59.40625,58.53125,59.375,24591000
36.02140808105469,58.96875,59.1875,58.40625,58.46875,17449200
35.92597198486328,58.8125,59.96875,58.5625,58.9375,22360000
35.65871810913086,58.375,58.875,58.125,58.75,12517600
35.601463317871094,58.28125,59.3125,56.0,58.6875,53228400
34.398826599121094,56.3125,58.5625,56.125,56.78125,54119000
34.76151657104492,56.90625,58.1875,54.6875,55.5625,64059600
33.59708023071289,55.0,56.9375,54.1875,56.09375,54976600
34.0361442565918,55.71875,56.125,53.65625,54.3125,62013600
34.28428268432617,56.125,56.84375,55.6875,56.71875,44963600
33.40618896484375,54.6875,57.125,54.34375,55.75,46743600
32.3181037902832,52.90625,54.4375,52.21875,54.25,66532400
32.9289665222168,53.90625,54.3125,50.75,52.1875,83144000
34.28428268432617,56.125,56.96875,52.875,53.59375,73416400
35.21967697143555,57.65625,58.25,55.875,55.90625,81483600
32.68080520629883,53.5,55.75,53.0,55.25,97568200
32.37535858154297,53.0,54.84375,52.9375,53.53125,56349800
31.68817138671875,51.875,53.625,51.625,53.5,68416200
30.92458724975586,50.625,52.84375,50.40625,51.8984375,63597600
31.40182876586914,51.40625,51.9375,49.78125,50.5,59823200
30.351909637451172,49.6875,51.75,49.5625,51.21875,49365000
30.1610107421875,49.375,50.59375,48.625,49.9453125,63654800
30.0082950592041,49.125,50.125,48.625,49.0625,58225400
29.893774032592773,48.9375,49.09375,47.4375,48.8125,73194200
31.439987182617188,51.46875,51.625,48.84375,49.25,70196600
30.790958404541016,50.40625,51.96875,50.25,51.21875,49915600
31.649972915649414,51.8125,52.09375,50.0625,51.03125,49186000
32.54718017578125,53.28125,54.0,52.0703125,52.1875,55365400
32.56626892089844,53.3125,53.4375,52.125,53.40625,40005800
33.5779914855957,54.96875,55.0,53.21875,53.21875,56229000
31.764514923095703,52.0,54.71875,51.9375,54.71875,55090000
32.37535858154297,53.0,53.28125,51.25,51.9453125,54527800
30.523714065551758,49.96875,52.4375,49.5625,52.4375,115559000
30.428268432617188,49.8125,50.875,49.53125,50.6171875,81028600
30.103740692138672,49.28125,50.0,49.0625,49.875,71027600
29.817407608032227,48.8125,50.09375,48.5625,49.625,65202600
30.428268432617188,49.8125,49.84375,48.5703125,49.25,80343400
29.03474235534668,47.53125,50.03125,47.4375,50.0,79063000
28.652963638305664,46.90625,48.5625,46.40625,47.5625,66296200
28.786584854125977,47.125,47.875,46.03125,46.75,75847200
28.939302444458008,47.375,47.9375,46.0,47.125,69733200
27.889385223388672,45.65625,47.3515625,45.25,47.34375,65301400
27.965755462646484,45.78125,46.0625,44.0625,45.125,76131800
27.29762840270996,44.6875,45.875,44.4375,45.875,58437400
27.736682891845703,45.40625,47.046875,44.46875,44.8125,106889800
28.51934051513672,46.6875,47.6875,45.5625,45.90625,106932600
29.359262466430664,48.0625,49.4375,46.9375,47.375,101435200
27.679397583007812,45.3125,48.6875,45.0625,48.0,93609400
28.366628646850586,46.4375,48.75,45.96875,48.0625,135061000
29.187461853027344,47.78125,48.09375,45.5,46.90625,94290000
30.542802810668945,50.0,50.0,47.5,47.65625,88198800
30.84823226928711,50.5,51.25,49.75,49.78125,85589000
29.93194580078125,49.0,50.125,48.75,48.8125,61831800
29.053836822509766,47.5625,49.625,47.5625,49.3125,73489200
29.130203247070312,47.6875,48.3125,46.84375,47.28125,53208000
29.130203247070312,47.6875,48.34375,46.625,47.96875,77300800
30.351909637451172,49.6875,49.75,47.25,47.625,81161600
29.74105453491211,48.6875,49.875,48.25,49.375,47773000
31.382713317871094,51.375,51.5625,48.25,48.375,81648800
31.535446166992188,51.625,52.8125,50.5625,51.40625,93975800
34.16974639892578,55.9375,56.4375,53.3125,53.40625,148224000
34.11250305175781,55.84375,57.5,54.78125,56.3125,112196800
31.78360366821289,52.03125,54.125,51.96875,53.8828125,111434000
31.859962463378906,52.15625,53.71875,51.1875,51.8125,81114400
32.73807144165039,53.59375,54.46875,52.5625,52.59375,64363800
31.573623657226562,51.6875,54.3125,51.25,53.09375,64178400
32.45172119140625,53.125,54.125,52.0625,53.0,64281400
27.755756378173828,45.4375,48.25,45.0,47.21875,260118200
27.049467086791992,44.28125,46.0,42.46875,45.78125,181244400
26.3813419342041,43.1875,44.25,42.9375,44.125,82887600
26.266813278198242,43.0,44.0,42.6328125,43.9375,66421400
27.202178955078125,44.53125,44.6875,42.5,43.5,82613600
26.285900115966797,43.03125,44.3125,43.0,44.3125,60685400
25.617769241333008,41.9375,43.03125,41.75,42.5625,71961800
24.243350982666016,39.6875,41.125,39.375,41.0625,153003800
24.205171585083008,39.625,41.125,39.5,40.4375,94316200
22.639842987060547,37.0625,39.75,36.625,39.5625,151217800
23.174341201782227,37.9375,38.0,36.5,37.125,119772200
24.606046676635742,40.28125,40.96875,37.9375,38.25,91794600
24.033370971679688,39.34375,40.75,39.0625,40.71875,53715400
24.109725952148438,39.46875,39.9375,38.75,39.3125,52387400
20.34914207458496,33.3125,34.0,32.5,33.625,313645800
21.189069747924805,34.6875,34.75,33.8125,34.375,159517400
20.76910972595215,34.0,35.5625,33.6875,35.0,107091200
21.322694778442383,34.90625,34.96875,33.6875,33.71875,77669800
21.303606033325195,34.875,35.5,34.125,35.375,78082600
22.429872512817383,36.71875,37.0,35.84375,36.4375,107811000
21.341785430908203,34.9375,36.75,34.75,36.40625,97716200
21.551769256591797,35.28125,35.40625,34.40625,35.1875,55354800
21.513591766357422,35.21875,35.625,34.65625,35.15625,43317200
21.723567962646484,35.5625,35.90625,34.9375,35.125,36402200
21.322694778442383,34.90625,35.6875,34.84375,35.46875,36187600
20.711833953857422,33.90625,35.21875,33.75,35.09375,60778400
20.215513229370117,33.09375,33.9375,32.875,33.875,67740000
20.73093032836914,33.9375,34.0625,32.875,33.3125,58390800
21.017271041870117,34.40625,34.875,34.125,34.21875,37886000
21.189069747924805,34.6875,34.71875,34.0,34.5,33899600
21.227251052856445,34.75,35.3125,34.53125,34.78125,48410600
20.673664093017578,33.84375,34.5625,33.625,34.4375,53242000
20.215513229370117,33.09375,34.03125,32.9375,34.03125,53640400
19.87190055847168,32.53125,32.96875,32.25,32.6875,66578000
19.604656219482422,32.09375,32.625,31.21875,32.5625,69955000
19.299232482910156,31.59375,32.78125,31.53125,31.9375,57963200
20.02462387084961,32.78125,33.28125,31.5,31.5625,85482400
18.78382110595703,30.75,32.375,30.5625,32.28125,94348800
18.76473617553711,30.71875,31.3125,30.1875,31.03125,55822000
19.35650634765625,31.6875,32.0625,31.0,31.21875,68536400
19.10833740234375,31.28125,31.8515625,31.03125,31.8203125,54968200
19.71919059753418,32.28125,33.0,31.90625,32.1875,94507200
20.253698348999023,33.15625,33.375,32.5,33.0,80463200
20.42549705505371,33.4375,34.1875,33.0,33.0078125,64400000
21.265432357788086,34.8125,34.9375,33.90625,34.09375,99019000
21.532672882080078,35.25,35.375,33.5625,34.625,76310600
21.017271041870117,34.40625,36.0625,34.125,35.78125,94765600
21.017271041870117,34.40625,34.84375,34.15625,34.8125,35710200
20.42549705505371,33.4375,34.5,33.1875,34.5,49260600
20.73093032836914,33.9375,34.0,33.0625,33.375,44289200
21.532672882080078,35.25,35.5,34.75,34.90625,79992400
22.1053466796875,36.1875,36.34375,35.3125,35.40625,65592600
22.162612915039062,36.28125,36.5625,35.75,36.3125,68710600
22.506227493286133,36.84375,36.90625,36.0,36.28125,46604800
22.888017654418945,37.46875,37.625,36.875,36.9375,62275000
24.64422035217285,40.34375,41.09375,38.46875,38.5,160399600
24.396059036254883,39.9375,41.0,39.65625,40.6875,87315200
23.727935791015625,38.84375,40.03125,38.5,39.96875,49811600
24.28153419494629,39.75,40.0625,38.75,38.75,48287000
24.071544647216797,39.40625,40.0625,39.1875,39.625,31071200
24.109725952148438,39.46875,40.03125,39.3125,39.5,37459200
23.57522201538086,38.59375,39.46875,38.53125,39.125,38449000
24.43424415588379,40.0,40.0,38.34375,38.53125,52356400
24.43424415588379,40.0,40.03125,39.6875,39.84375,15734800
23.976093292236328,39.25,39.9375,39.125,39.9375,34824400
24.720582962036133,40.46875,40.84375,39.25,39.4375,47873200
25.045106887817383,41.0,41.4375,40.28125,40.6328125,54153200
24.26243782043457,39.71875,40.65625,39.6875,40.34375,52689800
24.166990280151367,39.5625,40.25,39.25,39.40625,37164800
24.52968406677246,40.15625,40.5,38.59375,39.125,58370200
24.415142059326172,39.96875,40.0,38.6875,39.40625,80843200
24.109725952148438,39.46875,39.875,39.21875,39.75,51180600
23.880653381347656,39.09375,39.78125,38.75,39.125,53992800
23.976093292236328,39.25,39.75,38.71875,38.8125,70617200
22.334421157836914,36.5625,38.75,36.40625,38.03125,139924600
22.849830627441406,37.40625,37.625,36.5625,36.71875,54690600
22.086259841918945,36.15625,37.5,35.9375,37.375,56100600
21.551769256591797,35.28125,36.0625,35.0,36.03125,56165600
21.07453155517578,34.5,35.5,34.1875,35.40625,64188600
20.711833953857422,33.90625,34.75,33.625,34.53125,85404600
21.189069747924805,34.6875,35.0625,33.75,33.9375,74337600
21.284513473510742,34.84375,35.90625,34.8125,35.46875,75645600
21.322694778442383,34.90625,35.5625,34.625,35.09375,70283800
20.979087829589844,34.34375,35.03125,34.09375,34.96875,47163600
21.189069747924805,34.6875,35.21875,34.25,34.28125,48269200
21.45631217956543,35.125,35.1875,34.0625,34.09375,54543400
21.112714767456055,34.5625,34.9375,34.09375,34.71875,38107400
21.379968643188477,35.0,35.5625,34.875,35.09375,52741800
22.639842987060547,37.0625,37.34375,35.0,35.03125,138038800
22.678020477294922,37.125,37.4375,36.5625,36.875,63945600
22.18170928955078,36.3125,37.03125,35.875,36.90625,48986000
22.124433517456055,36.21875,36.34375,35.8125,36.21875,35629600
22.048080444335938,36.09375,36.6875,35.6875,36.15625,53427000
21.87628173828125,35.8125,36.5,35.75,36.0,40714200
21.68539047241211,35.5,36.125,35.28125,35.9375,44976200
21.85719108581543,35.78125,36.0,35.28125,35.5625,36112800
21.68539047241211,35.5,35.71875,35.0,35.5625,54438800
21.570850372314453,35.3125,35.40625,35.03125,35.34375,34119600
21.76174545288086,35.625,36.21875,35.109375,35.40625,54428200
21.60903549194336,35.375,35.5625,35.1875,35.40625,36726800
21.723567962646484,35.5625,35.59375,34.96875,35.3125,42405400
21.570850372314453,35.3125,35.84375,35.28125,35.34375,52729400
21.780832290649414,35.65625,36.0625,35.0625,35.09375,56421600
21.666301727294922,35.46875,36.375,35.4375,35.59375,59400200
21.379968643188477,35.0,35.46875,34.84375,35.34375,53498800
21.322694778442383,34.90625,36.0,34.84375,35.4375,72575400
21.437227249145508,35.09375,35.3125,34.84375,35.0,37629800
21.418132781982422,35.0625,35.34375,34.90625,35.0,50755200
21.208154678344727,34.71875,35.34375,34.65625,35.03125,62960800
21.3990535736084,35.03125,36.03125,34.71875,35.0,111711200
21.16998291015625,34.65625,35.4375,34.59375,35.1875,56709600
21.017271041870117,34.40625,34.84375,34.03125,34.5625,48495200
20.807281494140625,34.0625,34.65625,33.8125,34.375,46781200
20.8454532623291,34.125,34.375,33.59375,33.78125,40744800
20.10098648071289,32.90625,34.375,32.84375,34.34375,78503000
19.604656219482422,32.09375,32.8125,31.65625,32.71875,99915200
19.24196434020996,31.5,32.3125,31.09375,32.125,69037800
19.852821350097656,32.5,32.875,31.6875,31.8125,79311200
19.623743057250977,32.125,32.5,31.59375,32.4375,67791400
19.604656219482422,32.09375,32.5625,31.78125,32.0,48952200
19.318321228027344,31.625,31.75,30.5,30.5625,84476600
18.70745849609375,30.625,31.75,30.21875,31.625,53484200
19.146520614624023,31.34375,32.9375,30.21875,30.46875,155704800
18.516569137573242,30.3125,31.78125,29.90625,31.71875,106155600
18.726558685302734,30.65625,30.9375,30.3125,30.40625,52360400
18.421127319335938,30.15625,30.65625,29.3125,30.5,74053600
18.058433532714844,29.5625,30.40625,29.125,30.25,58562400
17.275772094726562,28.28125,29.90625,28.25,29.78125,85374000
16.93216323852539,27.71875,28.28125,27.25,28.1875,136453400
16.913076400756836,27.6875,28.625,27.625,27.75,81099400
16.970340728759766,27.78125,28.375,27.375,27.90625,61794000
16.550378799438477,27.09375,27.875,26.5,27.8125,58323600
16.664915084838867,27.28125,27.78125,26.90625,26.96875,62066200
17.027606964111328,27.875,28.46875,27.0,27.0,101205800
16.607643127441406,27.1875,28.4375,26.90625,28.15625,90219600
16.41676139831543,26.875,27.4375,26.0625,26.9375,104521200
15.385932922363281,25.1875,26.90625,24.78125,26.75,119759000
15.405021667480469,25.21875,26.21875,25.125,25.9375,81276600
15.805896759033203,25.875,26.625,24.21875,24.8125,110536400
18.898359298706055,30.9375,31.09375,29.0,29.21875,256993200
19.91008758544922,32.59375,33.0625,30.5625,30.65625,160378600
18.97471809387207,31.0625,33.125,30.34375,32.3125,185170400
18.78382110595703,30.75,31.46875,30.09375,31.3125,94427400
18.70745849609375,30.625,31.71875,30.21875,30.96875,167603800
19.68100929260254,32.21875,32.53125,30.40625,30.5,114826600
20.673664093017578,33.84375,34.59375,32.3125,32.34375,124292400
21.093626022338867,34.53125,35.0625,33.6875,33.75,110057600
21.03635025024414,34.4375,34.75,34.0,34.5,104474000
21.265432357788086,34.8125,35.03125,34.21875,34.25,81309400
21.475404739379883,35.15625,35.421875,34.8125,35.1875,77985200
20.8454532623291,34.125,34.8125,34.03125,34.625,68711000
21.227251052856445,34.75,35.0625,34.125,34.34375,74851400
21.532672882080078,35.25,35.9375,34.75,34.875,104331200
21.208154678344727,34.71875,36.1875,34.0,35.5625,206149400
21.647214889526367,35.4375,35.65625,34.21875,34.25,91058600
20.57821273803711,33.6875,35.15625,33.40625,34.96875,93744400
20.291879653930664,33.21875,34.0625,32.203125,33.34375,83364800
21.017271041870117,34.40625,34.90625,33.65625,34.0,84218600
21.3990535736084,35.03125,35.4375,34.34375,34.53125,60422200
21.05544662475586,34.46875,35.75,34.46875,34.71875,92128600
21.093626022338867,34.53125,35.0,33.8984375,34.71875,106525600
20.520944595336914,33.59375,34.25,32.78125,34.0625,80157200
20.692745208740234,33.875,34.625,33.6875,33.6875,59487600
20.8454532623291,34.125,34.75,33.0,33.03125,76343200
21.36087417602539,34.96875,35.21875,34.25,34.5,34439200
21.589937210083008,35.34375,36.125,35.3125,35.71875,85307600
20.463682174682617,33.5,34.875,33.40625,34.6875,127446200
19.87190055847168,32.53125,33.5625,31.625,33.40625,98280400
17.5239315032959,28.6875,31.03125,28.5,31.0,197200800
17.294864654541016,28.3125,30.3125,28.03125,29.03125,109809800
17.237590789794922,28.21875,29.5,27.59375,28.625,80407200
18.28749656677246,29.9375,30.25,29.125,29.59375,101734400
17.31395149230957,28.34375,30.03125,28.03125,30.0,90560800
16.225860595703125,26.5625,27.0,26.125,26.71875,145308400
16.62674331665039,27.21875,27.9375,26.71875,27.3125,120939800
17.733909606933594,29.03125,29.375,27.5,27.75,95576200
17.82935905456543,29.1875,30.0,28.375,28.90625,63106000
17.485746383666992,28.625,30.25,28.40625,30.25,98360400
16.95125389099121,27.75,29.3671875,27.6875,28.96875,71201400
15.023235321044922,24.59375,26.0,23.875,25.5234375,116899800
14.603275299072266,23.90625,25.0,23.5,24.5,107187400
13.686991691589355,22.40625,24.0,22.25,23.71875,120271800
12.675262451171875,20.75,22.0,20.6875,21.40625,149037800
13.267026901245117,21.71875,22.5625,20.15625,20.375,163173000
14.183314323425293,23.21875,23.5625,22.375,22.375,109551800
14.316938400268555,23.4375,24.28125,22.9375,23.4375,66941600
14.183314323425293,23.21875,23.40625,22.5,23.0625,69003800
13.610631942749023,22.28125,23.125,21.9375,22.5625,77619200
13.24793815612793,21.6875,22.90625,21.5,21.96875,99977600
13.24793815612793,21.6875,22.5,21.4375,22.0625,82413200
14.641450881958008,23.96875,24.4375,21.5625,21.59375,135962200
14.794169425964355,24.21875,25.25,23.4375,23.90625,112397000
15.00414752960205,24.5625,24.9375,23.78125,24.25,93414600
14.946887016296387,24.46875,24.875,23.34375,24.46875,79817600
15.824986457824707,25.90625,26.3125,24.875,25.0,114965400
16.149505615234375,26.4375,26.90625,25.375,25.5,90230200
16.798540115356445,27.5,27.875,26.15625,26.5,101854800
16.340402603149414,26.75,27.5,26.25,27.4375,73712000
16.054061889648438,26.28125,26.75,25.5625,26.6875,68462400
16.168594360351562,26.46875,27.4375,26.28125,26.8125,72844200
16.95125389099121,27.75,28.09375,26.3125,26.84375,109788800
18.631103515625,30.5,30.71875,29.4375,30.0,209348800
18.363855361938477,30.0625,30.5,29.5,30.375,76673000
18.49748420715332,30.28125,30.46875,29.46875,29.875,70295200
19.222875595092773,31.46875,31.71875,30.375,30.5,110455000
18.8792724609375,30.90625,32.0,30.78125,31.375,85657400
19.54738998413086,32.0,32.15625,30.5,30.5,93080000
19.70009994506836,32.25,32.3125,31.75,31.78125,84983800
19.35650634765625,31.6875,32.375,31.4375,32.25,57276800
18.65019416809082,30.53125,31.875,30.5,31.5,81898800
19.05106544494629,31.1875,31.3125,30.1875,30.40625,71792800
18.57383918762207,30.40625,31.6875,30.375,31.25,71100000
18.917444229125977,30.96875,31.03125,30.125,30.375,51399200
19.10833740234375,31.28125,31.90625,30.84375,31.03125,96442000
19.75737953186035,32.34375,32.53125,30.90625,31.0,126061800
19.012895584106445,31.125,32.25,31.0,31.875,88041200
18.058433532714844,29.5625,30.78125,29.25,30.65625,100575200
17.943889617919922,29.375,29.71875,28.59375,29.40625,71289400
17.772085189819336,29.09375,30.53125,29.0625,29.8125,76070600
17.82935905456543,29.1875,29.5,28.1875,28.8125,61728400
17.96298599243164,29.40625,30.09375,28.9375,29.5,65627800
17.504838943481445,28.65625,29.125,28.0625,28.5,66958400
17.065780639648438,27.9375,29.125,27.6875,28.6875,60730800
17.180320739746094,28.125,29.03125,27.59375,27.625,63947200
16.85580825805664,27.59375,28.40625,26.9375,28.15625,100816400
17.333036422729492,28.375,28.75,27.15625,27.21875,92620600
18.192060470581055,29.78125,29.96875,28.6875,28.8125,87936800
18.13478660583496,29.6875,30.59375,29.3359375,29.6875,99148600
18.020252227783203,29.5,30.0390625,29.09375,29.78125,84608400
18.13001823425293,29.6796875,29.75,28.125,29.28125,81781600
17.31395149230957,28.34375,29.0625,28.21875,28.75,79800800
17.54302215576172,28.71875,29.3125,28.28125,28.625,49383600
18.15387535095215,29.71875,30.0,29.1875,29.3125,66781800
18.535663604736328,30.34375,30.5625,29.65625,29.9375,59743600
18.096607208251953,29.625,30.296875,29.21875,30.15625,54626000
17.31395149230957,28.34375,29.09375,27.4375,28.96875,103794400
15.863170623779297,25.96875,27.5,25.8125,27.34375,114376000
16.550378799438477,27.09375,27.375,26.0,26.09375,91035600
16.493114471435547,27.0,27.625,26.09375,26.25,90686200
16.397666931152344,26.84375,28.0390625,26.75,27.65625,71638400
16.664915084838867,27.28125,27.5625,26.2421875,26.25,112848800
16.58856201171875,27.15625,27.75,26.5625,27.25,61036400
16.092239379882812,26.34375,28.0625,26.3125,27.28125,91822800
15.290485382080078,25.03125,26.625,24.875,26.125,124988600
16.493114471435547,27.0,27.03125,25.25,25.28125,126363200
17.275772094726562,28.28125,28.5,27.1875,27.46875,99519600
17.123058319091797,28.03125,28.75,27.78125,28.5625,63118600
17.791183471679688,29.125,29.28125,27.9375,28.03125,95135600
16.970340728759766,27.78125,28.96875,27.6875,28.6875,78681600
16.913076400756836,27.6875,28.59375,27.28125,27.6875,86985000
16.703094482421875,27.34375,28.09375,26.9375,27.875,91201600
17.04669761657715,27.90625,28.46875,27.3125,27.40625,75924000
16.302223205566406,26.6875,27.65625,26.375,27.65625,94187600
15.863170623779297,25.96875,27.5,25.53125,26.6875,104046600
17.333036422729492,28.375,28.6875,26.75,26.875,113364000
17.161237716674805,28.09375,28.59375,27.53125,28.1875,92622000
17.455215454101562,28.575000762939453,28.709999084472656,27.829999923706055,28.28499984741211,56295600
18.227941513061523,29.84000015258789,30.045000076293945,28.889999389648438,28.975000381469727,109199400
18.337894439697266,30.020000457763672,30.75,29.850000381469727,30.325000762939453,109879600
18.99151611328125,31.09000015258789,31.155000686645508,29.674999237060547,29.780000686645508,87520000
18.56696891784668,30.395000457763672,30.790000915527344,30.059999465942383,30.700000762939453,65857400
18.77770233154297,30.739999771118164,31.05500030517578,30.020000457763672,30.260000228881836,85149200
19.984153747558594,32.71500015258789,33.154998779296875,31.5,31.69499969482422,156696400
20.781333923339844,34.02000045776367,34.5,32.875,32.904998779296875,159375600
21.07453155517578,34.5,35.54999923706055,34.25,35.150001525878906,192919600
20.8454532623291,34.125,34.23500061035156,33.45000076293945,34.05500030517578,92171200
20.631664276123047,33.775001525878906,34.96500015258789,33.56999969482422,34.099998474121094,89176600
21.285280227661133,34.845001220703125,34.89500045776367,33.625,33.78499984741211,76744000
21.114246368408203,34.564998626708984,35.5,34.125,35.03499984741211,118737600
20.500329971313477,33.560001373291016,34.84000015258789,33.10499954223633,34.76499938964844,121572400
20.692745208740234,33.875,34.529998779296875,33.84000015258789,34.26499938964844,74368200
21.431873321533203,35.084999084472656,35.150001525878906,33.79999923706055,33.83000183105469,83702800
21.306659698486328,34.880001068115234,35.57500076293945,34.67499923706055,35.5,92864400
20.930978775024414,34.26499938964844,35.09000015258789,34.06999969482422,34.625,66273400
21.60903549194336,35.375,35.525001525878906,33.97999954223633,34.0,119538400
21.801441192626953,35.689998626708984,36.07500076293945,35.349998474121094,35.415000915527344,109356200
22.009153366088867,36.029998779296875,36.04999923706055,35.375,35.875,75084000
21.50213050842285,35.20000076293945,35.650001525878906,34.93000030517578,35.619998931884766,76676600
21.379968643188477,35.0,35.619998931884766,34.97999954223633,35.564998626708984,64334600
21.196712493896484,34.70000076293945,35.0,34.32500076293945,34.97999954223633,51128800
20.989009857177734,34.36000061035156,34.599998474121094,34.150001525878906,34.564998626708984,44968000
20.851564407348633,34.1349983215332,34.650001525878906,34.0,34.369998931884766,61385600
21.123403549194336,34.58000183105469,34.939998626708984,33.665000915527344,33.849998474121094,91893800
20.82102394104004,34.084999084472656,35.06999969482422,33.775001525878906,34.54999923706055,106984800
20.79659652709961,34.04499816894531,34.599998474121094,33.625,33.845001220703125,90605400
21.010387420654297,34.39500045776367,34.994998931884766,33.875,34.025001525878906,103491600
21.47464942932129,35.154998779296875,35.17499923706055,34.59000015258789,34.724998474121094,83455600
21.2883243560791,34.849998474121094,35.79999923706055,34.755001068115234,35.19499969482422,93637400
21.905290603637695,35.86000061035156,35.88999938964844,34.6349983215332,34.970001220703125,80781600
21.65789794921875,35.45500183105469,35.95000076293945,35.18000030517578,35.83000183105469,52747600
21.483800888061523,35.16999816894531,35.875,35.025001525878906,35.400001525878906,71210800
21.132570266723633,34.595001220703125,35.290000915527344,34.32500076293945,34.779998779296875,86501800
21.12950325012207,34.59000015258789,35.189998626708984,34.20000076293945,34.744998931884766,70682600
21.483800888061523,35.16999816894531,35.349998474121094,34.349998474121094,34.79999923706055,57587600
21.618186950683594,35.38999938964844,35.5099983215332,34.900001525878906,35.275001525878906,43736600
22.174072265625,36.29999923706055,36.540000915527344,35.25,35.380001068115234,89454200
22.10076904296875,36.18000030517578,36.7400016784668,35.775001525878906,36.44499969482422,80022800
22.503942489624023,36.84000015258789,36.8650016784668,36.040000915527344,36.060001373291016,66960000
22.35427474975586,36.595001220703125,36.875,36.025001525878906,36.849998474121094,51867000
22.02745819091797,36.060001373291016,36.42499923706055,35.755001068115234,36.42499923706055,47345600
22.0152530670166,36.040000915527344,36.20500183105469,35.404998779296875,35.5099983215332,66714600
21.590702056884766,35.345001220703125,36.150001525878906,35.31999969482422,36.025001525878906,55302400
21.043994903564453,34.45000076293945,35.275001525878906,34.20000076293945,35.11000061035156,71972400
20.775211334228516,34.0099983215332,34.150001525878906,33.20000076293945,33.755001068115234,108354400
20.427024841308594,33.439998626708984,33.97999954223633,33.005001068115234,33.974998474121094,56846800
20.561420440673828,33.65999984741211,34.42499923706055,33.42499923706055,34.10499954223633,63457400
21.199758529663086,34.70500183105469,34.79499816894531,33.54999923706055,33.56999969482422,64108400
21.33108901977539,34.91999816894531,35.275001525878906,34.459999084472656,34.57500076293945,69603800
21.022611618041992,34.415000915527344,35.30500030517578,34.290000915527344,35.0,51092000
21.02870750427246,34.42499923706055,34.904998779296875,33.8849983215332,34.54999923706055,49215600
21.4227237701416,35.06999969482422,35.10499954223633,33.849998474121094,33.90999984741211,63077000
21.728151321411133,35.56999969482422,35.76499938964844,34.68000030517578,34.93000030517578,69199800
22.21683692932129,36.369998931884766,38.07500076293945,35.26499938964844,35.775001525878906,128975600
22.29623031616211,36.5,36.70500183105469,35.70000076293945,36.29999923706055,94283800
21.563215255737305,35.29999923706055,36.57500076293945,35.07500076293945,36.025001525878906,72810200
21.523508071899414,35.23500061035156,35.400001525878906,34.96500015258789,35.150001525878906,28037400
20.92485809326172,34.255001068115234,35.36000061035156,34.220001220703125,35.11000061035156,49242600
20.176570892333984,33.029998779296875,34.20000076293945,32.834999084472656,34.150001525878906,67467800
20.06357192993164,32.845001220703125,33.45500183105469,32.52000045776367,33.099998474121094,66476600
19.693998336791992,32.2400016784668,33.125,32.17499923706055,32.95000076293945,66562600
20.31096076965332,33.25,33.375,32.099998474121094,32.10499954223633,73822600
21.868656158447266,35.79999923706055,36.025001525878906,35.165000915527344,35.349998474121094,128078000
21.789236068725586,35.66999816894531,36.0,35.470001220703125,35.70000076293945,58934600
21.740358352661133,35.59000015258789,36.08000183105469,35.07500076293945,35.724998474121094,55990800
21.935834884643555,35.90999984741211,36.005001068115234,35.06999969482422,35.33000183105469,63241000
21.554044723510742,35.28499984741211,35.75,34.935001373291016,35.29999923706055,57590800
22.1649112701416,36.28499984741211,36.5,35.61000061035156,35.61000061035156,76549400
21.12950325012207,34.59000015258789,34.70000076293945,33.970001220703125,34.01499938964844,124203600
20.491165161132812,33.54499816894531,34.619998931884766,33.17499923706055,34.619998931884766,79999400
20.255985260009766,33.15999984741211,33.994998931884766,32.849998474121094,33.5,67530200
20.610286712646484,33.7400016784668,33.7599983215332,32.80500030517578,33.130001068115234,74065400
20.33844757080078,33.29499816894531,33.65999984741211,32.75,33.560001373291016,77974000
19.996374130249023,32.73500061035156,33.125,32.525001525878906,33.025001525878906,65396000
20.097164154052734,32.900001525878906,33.439998626708984,32.77000045776367,32.82500076293945,42196400
20.216283798217773,33.095001220703125,33.69499969482422,32.92499923706055,33.005001068115234,59031600
20.301801681518555,33.23500061035156,33.404998779296875,32.880001068115234,33.400001525878906,55679000
20.601125717163086,33.724998474121094,33.77000045776367,33.130001068115234,33.60499954223633,54198400
20.430076599121094,33.44499969482422,33.68000030517578,33.0,33.650001525878906,43260400
20.19795036315918,33.064998626708984,33.560001373291016,32.84000015258789,33.26499938964844,27831600
20.265148162841797,33.17499923706055,33.525001525878906,32.994998931884766,33.02000045776367,31347800
19.8100643157959,32.43000030517578,33.619998931884766,32.244998931884766,33.255001068115234,54996400
19.855873107910156,32.505001068115234,32.775001525878906,32.150001525878906,32.4900016784668,45536200
20.011640548706055,32.7599983215332,32.93000030517578,31.450000762939453,32.3849983215332,51756400
20.106334686279297,32.915000915527344,32.994998931884766,32.375,32.619998931884766,32675400
19.758132934570312,32.345001220703125,33.04499816894531,32.224998474121094,32.875,36481200
19.303049087524414,31.600000381469727,32.525001525878906,31.600000381469727,32.35499954223633,39503000
19.736757278442383,32.310001373291016,32.35499954223633,31.350000381469727,31.420000076293945,43905600
18.899883270263672,30.940000534057617,32.064998626708984,30.75,31.889999389648438,52234200
19.15033721923828,31.350000381469727,31.375,30.549999237060547,30.829999923706055,48371200
18.563913345336914,30.389999389648438,31.600000381469727,30.354999542236328,31.350000381469727,47111800
18.52725601196289,30.329999923706055,30.575000762939453,29.540000915527344,30.565000534057617,78107200
18.056900024414062,29.559999465942383,30.764999389648438,29.5,30.334999084472656,51813200
18.951812744140625,31.024999618530273,31.139999389648438,29.614999771118164,29.799999237060547,63399000
19.031217575073242,31.155000686645508,31.68000030517578,30.78499984741211,30.950000762939453,44562800
18.55170249938965,30.3700008392334,31.475000381469727,30.290000915527344,31.170000076293945,47422800
18.40203857421875,30.125,30.649999618530273,29.770000457763672,30.524999618530273,48170000
17.391069412231445,28.469999313354492,29.829999923706055,28.260000228881836,29.520000457763672,97632000
17.424663543701172,28.524999618530273,29.030000686645508,28.149999618530273,28.424999237060547,57900800
17.134510040283203,28.049999237060547,29.540000915527344,28.03499984741211,28.594999313354492,67189200
17.63541030883789,28.8700008392334,29.19499969482422,27.69499969482422,28.09000015258789,89470600
17.110071182250977,28.010000228881836,29.19499969482422,27.950000762939453,28.280000686645508,112356800
16.920713424682617,27.700000762939453,28.68000030517578,27.655000686645508,28.05500030517578,89863800
17.586551666259766,28.790000915527344,28.975000381469727,27.350000381469727,27.459999084472656,84471800
16.160188674926758,26.454999923706055,27.549999237060547,26.399999618530273,27.010000228881836,127502000
16.590850830078125,27.15999984741211,27.5,26.584999084472656,26.704999923706055,83182600
16.453405380249023,26.934999465942383,27.350000381469727,25.299999237060547,27.229999542236328,126950200
15.503522872924805,25.3799991607666,26.30500030517578,25.334999084472656,26.174999237060547,117983200
15.18282413482666,24.854999542236328,25.299999237060547,23.75,23.959999084472656,184976600
15.885313034057617,26.0049991607666,26.225000381469727,24.934999465942383,25.325000762939453,85580200
15.668452262878418,25.649999618530273,26.5,25.079999923706055,26.135000228881836,84940600
15.35386848449707,25.135000228881836,25.899999618530273,24.774999618530273,25.7549991607666,58524400
15.259177207946777,24.979999542236328,25.34000015258789,24.0,25.049999237060547,81191200
15.62875747680664,25.584999084472656,25.795000076293945,24.489999771118164,24.809999465942383,116641200
15.818120002746582,25.895000457763672,26.25,25.204999923706055,25.469999313354492,69999600
16.202951431274414,26.524999618530273,26.774999618530273,25.780000686645508,25.815000534057617,80860800
17.174217224121094,28.114999771118164,28.46500015258789,26.200000762939453,26.239999771118164,97199200
17.238353729248047,28.219999313354492,29.200000762939453,28.104999542236328,28.459999084472656,101778000
17.629304885864258,28.860000610351562,29.0,27.469999313354492,28.079999923706055,80844400
17.727039337158203,29.020000457763672,29.325000762939453,28.3700008392334,28.399999618530273,60605800
16.66415023803711,27.280000686645508,28.78499984741211,27.094999313354492,28.75,99477600
16.95431137084961,27.7549991607666,27.875,26.5,26.799999237060547,86349200
17.201702117919922,28.15999984741211,28.420000076293945,27.295000076293945,27.8799991607666,83742600
17.220027923583984,28.190000534057617,28.31999969482422,27.274999618530273,27.850000381469727,63307000
17.733144760131836,29.030000686645508,29.25,27.924999237060547,27.950000762939453,68437000
17.852270126342773,29.225000381469727,29.454999923706055,28.604999542236328,28.934999465942383,66169000
17.113128662109375,28.014999389648438,29.649999618530273,27.989999771118164,29.559999465942383,73710600
17.333036422729492,28.375,28.790000915527344,27.75,28.170000076293945,78348000
17.684288024902344,28.950000762939453,29.0049991607666,27.815000534057617,28.700000762939453,91219600
18.374553680419922,30.079999923706055,30.09000015258789,28.735000610351562,28.950000762939453,72323600
18.457012176513672,30.21500015258789,30.719999313354492,29.700000762939453,30.235000610351562,80325000
18.728845596313477,30.65999984741211,30.809999465942383,29.809999465942383,30.25,79141400
19.107580184936523,31.280000686645508,31.299999237060547,29.78499984741211,30.30500030517578,75318200
18.99761962890625,31.100000381469727,31.815000534057617,31.040000915527344,31.15999984741211,64509400
18.215723037719727,29.81999969482422,31.100000381469727,29.770000457763672,31.049999237060547,55129400
17.983600616455078,29.440000534057617,29.770000457763672,29.094999313354492,29.459999084472656,57395600
17.76063346862793,29.075000762939453,30.364999771118164,29.049999237060547,29.649999618530273,64700000
18.887666702270508,30.920000076293945,31.125,29.799999237060547,30.040000915527344,109671200
18.753276824951172,30.700000762939453,31.510000228881836,30.2549991607666,30.96500015258789,83360000
19.32442855834961,31.635000228881836,32.01499938964844,30.875,30.93000030517578,66401600
19.785629272460938,32.38999938964844,32.470001220703125,31.079999923706055,31.350000381469727,68612000
19.623743057250977,32.125,32.525001525878906,32.01499938964844,32.11000061035156,58899000
19.675674438476562,32.209999084472656,33.029998779296875,31.829999923706055,32.22999954223633,74227800
19.91695785522461,32.60499954223633,32.82500076293945,31.954999923706055,32.16999816894531,48013600
20.094112396240234,32.89500045776367,33.220001220703125,31.825000762939453,32.349998474121094,57752800
20.738563537597656,33.95000076293945,33.974998474121094,33.29999923706055,33.400001525878906,60159600
20.14297103881836,32.974998474121094,34.16999816894531,32.89500045776367,34.1150016784668,88625600
20.194904327392578,33.060001373291016,33.525001525878906,32.724998474121094,33.04999923706055,77922000
20.081893920898438,32.875,33.30500030517578,32.474998474121094,33.18000030517578,59249000
20.32317543029785,33.27000045776367,33.48500061035156,32.849998474121094,33.125,56005000
19.97499656677246,32.70000076293945,33.900001525878906,32.51499938964844,33.224998474121094,65921800
19.562664031982422,32.025001525878906,32.29999923706055,31.739999771118164,32.18000030517578,50785200
19.76424789428711,32.35499954223633,32.404998779296875,31.809999465942383,32.189998626708984,15754600
19.895578384399414,32.56999969482422,32.85499954223633,32.20000076293945,32.494998931884766,41983600
19.467987060546875,31.8700008392334,32.53499984741211,31.375,32.39500045776367,90819000
19.180871963500977,31.399999618530273,32.060001373291016,31.364999771118164,31.584999084472656,54536600
19.80394172668457,32.41999816894531,32.45000076293945,31.475000381469727,31.559999465942383,54034400
19.611536026000977,32.10499954223633,32.540000915527344,31.96500015258789,32.33000183105469,48234200
19.782569885253906,32.3849983215332,32.6150016784668,31.899999618530273,31.915000915527344,47211800
20.158246994018555,33.0,33.040000915527344,32.04999923706055,32.5,51005800
20.799646377563477,34.04999923706055,34.084999084472656,32.599998474121094,33.244998931884766,74243000
20.967634201049805,34.32500076293945,34.5,33.775001525878906,33.9900016784668,56026200
20.717185974121094,33.915000915527344,34.41999816894531,33.275001525878906,34.125,42334800
20.481996536254883,33.529998779296875,34.224998474121094,33.43000030517578,33.7599983215332,38367400
20.561420440673828,33.65999984741211,34.064998626708984,33.53499984741211,33.83000183105469,54334000
20.75383758544922,33.974998474121094,33.9900016784668,33.125,33.58000183105469,47884200
20.24071502685547,33.1349983215332,34.119998931884766,33.03499984741211,33.564998626708984,53227800
20.59806251525879,33.720001220703125,33.974998474121094,32.96500015258789,33.0099983215332,43000600
21.06842613220215,34.4900016784668,34.55500030517578,33.58000183105469,33.584999084472656,57079800
21.156997680664062,34.6349983215332,34.70000076293945,34.29999923706055,34.459999084472656,47255200
21.22418785095215,34.744998931884766,34.94499969482422,34.224998474121094,34.310001373291016,56996200
20.390378952026367,33.380001068115234,34.625,33.310001373291016,34.57500076293945,78585000
20.628620147705078,33.77000045776367,34.0099983215332,33.5,34.005001068115234,84307600
20.546140670776367,33.6349983215332,34.01499938964844,33.599998474121094,33.86000061035156,11701600
20.671361923217773,33.84000015258789,34.53499984741211,33.69499969482422,33.709999084472656,29328000
20.72328758239746,33.92499923706055,34.35499954223633,33.630001068115234,33.9900016784668,32406600
20.729400634765625,33.935001373291016,34.42499923706055,33.849998474121094,34.1150016784668,28787200
20.234609603881836,33.125,34.2400016784668,33.125,33.91999816894531,43006200
20.47589111328125,33.52000045776367,33.55500030517578,32.755001068115234,33.32500076293945,48124000
21.144779205322266,34.6150016784668,34.625,33.54499816894531,33.55500030517578,67590800
21.043994903564453,34.45000076293945,34.95500183105469,34.334999084472656,34.625,52731400
20.940141677856445,34.279998779296875,35.0099983215332,34.17499923706055,34.875,58508800
21.19059181213379,34.689998626708984,34.93000030517578,34.0,34.345001220703125,47736400
20.9859561920166,34.35499954223633,35.310001373291016,34.275001525878906,34.86000061035156,76304000
21.160049438476562,34.63999938964844,34.900001525878906,34.064998626708984,34.2400016784668,50296600
20.955415725708008,34.30500030517578,35.15999984741211,34.04999923706055,34.7599983215332,72993200
20.912662506103516,34.23500061035156,34.52000045776367,33.869998931884766,34.150001525878906,50997800
21.24251937866211,34.775001525878906,34.810001373291016,34.25,34.33000183105469,60717400
20.729400634765625,33.935001373291016,34.91999816894531,33.92499923706055,34.42499923706055,61955400
21.337194442749023,34.93000030517578,35.0,34.20000076293945,34.26499938964844,78958000
20.188791275024414,33.04999923706055,33.92499923706055,32.709999084472656,33.54999923706055,107140400
19.68788719177246,32.22999954223633,33.314998626708984,32.125,33.30500030517578,76837200
19.467987060546875,31.8700008392334,32.35499954223633,31.6200008392334,32.025001525878906,80403000
19.73065757751465,32.29999923706055,32.59000015258789,31.899999618530273,32.04999923706055,83886000
19.486299514770508,31.899999618530273,32.42499923706055,31.7549991607666,32.095001220703125,48981200
19.492416381835938,31.90999984741211,32.20000076293945,31.454999923706055,32.1150016784668,41622000
19.034263610839844,31.15999984741211,32.25,30.9950008392334,31.950000762939453,58666000
19.196149826049805,31.424999237060547,31.450000762939453,30.665000915527344,31.225000381469727,66100000
19.458816528320312,31.854999542236328,31.905000686645508,31.059999465942383,31.530000686645508,69566200
19.138120651245117,31.329999923706055,32.25,31.235000610351562,32.07500076293945,63462200
18.667757034301758,30.559999465942383,31.344999313354492,30.375,31.200000762939453,70308400
18.676925659179688,30.575000762939453,31.114999771118164,30.25,30.399999618530273,66772600
18.447858810424805,30.200000762939453,30.94499969482422,30.125,30.80500030517578,66103000
18.264591217041016,29.899999618530273,30.80500030517578,29.875,30.149999618530273,63314000
18.524206161499023,30.325000762939453,30.329999923706055,29.415000915527344,30.059999465942383,61283000
18.670812606811523,30.565000534057617,30.6200008392334,29.795000076293945,30.0049991607666,50899600
18.368438720703125,30.06999969482422,30.424999237060547,30.010000228881836,30.2450008392334,44973800
18.881553649902344,30.90999984741211,30.940000534057617,29.975000381469727,30.1299991607666,54168600
18.83879280090332,30.84000015258789,31.4950008392334,30.65999984741211,31.0,57267000
18.395931243896484,30.114999771118164,31.030000686645508,30.100000381469727,30.850000381469727,50179800
17.998876571655273,29.46500015258789,30.06999969482422,29.299999237060547,29.954999923706055,52262600
18.29514503479004,29.950000762939453,30.18000030517578,29.399999618530273,29.700000762939453,50492000
17.7301025390625,29.024999618530273,30.135000228881836,29.0049991607666,29.860000610351562,59398400
17.711774826049805,28.9950008392334,29.375,28.575000762939453,29.024999618530273,71347800
18.044696807861328,29.540000915527344,29.94499969482422,28.94499969482422,28.969999313354492,51832200
17.882810592651367,29.274999618530273,30.0,28.950000762939453,29.549999237060547,63276200
17.833938598632812,29.19499969482422,30.075000762939453,28.9950008392334,29.53499984741211,65750000
17.81866455078125,29.170000076293945,29.850000381469727,29.06999969482422,29.389999389648438,68068000
18.74411392211914,30.684999465942383,30.709999084472656,29.424999237060547,29.524999618530273,62115600
19.333593368530273,31.649999618530273,31.75,30.434999465942383,30.6200008392334,74464200
19.266401290893555,31.540000915527344,31.940000534057617,31.170000076293945,31.5,55926400
19.43438148498535,31.815000534057617,31.850000381469727,31.094999313354492,31.454999923706055,49835400
19.15644073486328,31.360000610351562,31.940000534057617,30.93000030517578,31.834999084472656,58079200
19.532119750976562,31.975000381469727,32.349998474121094,31.584999084472656,31.815000534057617,57701800
19.651235580444336,32.16999816894531,32.5,31.5,31.7549991607666,43718200
19.10147476196289,31.270000457763672,31.399999618530273,30.834999084472656,31.260000228881836,66407200
18.96708106994629,31.049999237060547,31.510000228881836,30.975000381469727,31.040000915527344,44387400
18.69830322265625,30.610000610351562,31.1200008392334,30.524999618530273,31.06999969482422,51819600
19.086198806762695,31.2450008392334,31.2549991607666,30.485000610351562,30.5,69086800
18.979293823242188,31.06999969482422,31.4950008392334,30.600000381469727,31.3700008392334,52296800
19.006792068481445,31.114999771118164,31.5,30.75,31.09000015258789,36376400
18.35622215270996,30.049999237060547,31.010000228881836,30.049999237060547,30.700000762939453,55235200
18.74106216430664,30.68000030517578,30.795000076293945,29.915000915527344,30.104999542236328,46123400
18.463125228881836,30.225000381469727,30.56999969482422,30.110000610351562,30.524999618530273,41341400
18.090497970581055,29.614999771118164,30.389999389648438,29.575000762939453,30.239999771118164,47752400
18.044696807861328,29.540000915527344,30.459999084472656,29.155000686645508,29.549999237060547,69357200
18.154638290405273,29.719999313354492,29.940000534057617,29.295000076293945,29.399999618530273,47318400
18.42037010192871,30.155000686645508,30.325000762939453,29.829999923706055,29.975000381469727,43901200
18.441743850708008,30.190000534057617,30.200000762939453,29.600000381469727,29.915000915527344,47010000
17.494916915893555,28.639999389648438,29.545000076293945,28.55500030517578,29.450000762939453,76509400
17.204761505126953,28.165000915527344,28.80500030517578,27.75,28.719999313354492,76931400
17.241416931152344,28.225000381469727,28.485000610351562,27.709999084472656,27.989999771118164,61763800
17.064258575439453,27.934999465942383,28.649999618530273,27.920000076293945,28.44499969482422,50166000
17.476587295532227,28.610000610351562,28.655000686645508,27.1299991607666,27.149999618530273,73389600
16.758840560913086,27.434999465942383,28.71500015258789,27.399999618530273,28.665000915527344,63413000
17.195598602294922,28.149999618530273,28.55500030517578,27.530000686645508,27.559999465942383,75636400
16.734399795532227,27.395000457763672,28.225000381469727,27.25,27.94499969482422,58165800
17.082584381103516,27.96500015258789,28.1299991607666,27.43000030517578,27.575000762939453,52297600
17.009288787841797,27.844999313354492,28.375,27.700000762939453,28.0,47388800
17.656787872314453,28.905000686645508,29.049999237060547,28.18000030517578,28.200000762939453,51921600
17.2963924407959,28.315000534057617,29.139999389648438,28.209999084472656,28.975000381469727,55158600
17.216978073120117,28.184999465942383,28.655000686645508,26.34000015258789,28.395000457763672,74794800
17.470481872558594,28.600000381469727,28.989999771118164,28.43000030517578,28.719999313354492,104268600
16.978740692138672,27.795000076293945,28.350000381469727,27.5,28.260000228881836,51465200
16.490062713623047,26.9950008392334,27.90999984741211,26.649999618530273,27.850000381469727,68281400
16.193790435791016,26.510000228881836,27.21500015258789,26.5,26.924999237060547,61220400
16.41064453125,26.864999771118164,27.225000381469727,26.440000534057617,26.450000762939453,57290400
15.729546546936035,25.75,27.225000381469727,25.729999542236328,27.03499984741211,62776600
15.955557823181152,26.1200008392334,26.454999923706055,25.719999313354492,25.735000610351562,70246000
15.961665153503418,26.1299991607666,26.649999618530273,25.959999084472656,26.049999237060547,77384000
16.111324310302734,26.375,26.594999313354492,25.329999923706055,26.079999923706055,76413000
15.64096450805664,25.604999542236328,27.03499984741211,25.575000762939453,26.31999969482422,79009200
15.137012481689453,24.780000686645508,25.84000015258789,24.7549991607666,25.6299991607666,71628000
14.849907875061035,24.309999465942383,25.270000457763672,24.184999465942383,24.719999313354492,66299400
15.10952091217041,24.735000610351562,25.145000457763672,24.174999237060547,24.59000015258789,88385400
16.789382934570312,27.485000610351562,27.485000610351562,25.610000610351562,25.635000228881836,101242000
15.918912887573242,26.059999465942383,27.5,25.950000762939453,27.200000762939453,83288200
15.286669731140137,25.024999618530273,26.334999084472656,24.9950008392334,26.264999389648438,64408800
16.093000411987305,26.344999313354492,26.454999923706055,24.875,25.225000381469727,64819000
16.761892318725586,27.440000534057617,27.549999237060547,26.989999771118164,27.200000762939453,64832400
16.7221736907959,27.375,28.219999313354492,26.93000030517578,27.2450008392334,70412000
17.024551391601562,27.8700008392334,28.014999389648438,27.325000762939453,27.354999542236328,53406400
17.113128662109375,28.014999389648438,28.200000762939453,27.635000228881836,28.104999542236328,54646200
16.496164321899414,27.0049991607666,27.774999618530273,26.75,27.75,52115800
15.94029426574707,26.094999313354492,27.299999237060547,26.065000534057617,26.975000381469727,63120000
16.398433685302734,26.844999313354492,26.860000610351562,25.924999237060547,25.934999465942383,54169400
16.743566513061523,27.40999984741211,27.420000076293945,26.5049991607666,26.850000381469727,51412800
16.26709747314453,26.6299991607666,27.260000228881836,26.520000457763672,27.06999969482422,35982000
15.979995727539062,26.15999984741211,26.844999313354492,25.875,26.795000076293945,49602000
15.897520065307617,26.024999618530273,26.360000610351562,25.774999618530273,25.825000762939453,45393200
16.077726364135742,26.31999969482422,26.68000030517578,25.71500015258789,25.81999969482422,63213000
15.549331665039062,25.454999923706055,26.709999084472656,25.440000534057617,26.450000762939453,66468000
15.09424877166748,24.709999084472656,25.81999969482422,24.584999084472656,25.4950008392334,88439000
15.265291213989258,24.989999771118164,25.614999771118164,24.6200008392334,24.75,88008400
15.77840805053711,25.829999923706055,25.875,25.165000915527344,25.21500015258789,66969400
15.851716041564941,25.950000762939453,26.06999969482422,25.0,25.75,78703400
15.876150131225586,25.989999771118164,26.299999237060547,24.93000030517578,24.94499969482422,97834400
16.13271141052246,26.40999984741211,26.649999618530273,25.729999542236328,25.825000762939453,71825400
16.056352615356445,26.28499984741211,27.09000015258789,26.209999084472656,26.6200008392334,74368200
16.96346664428711,27.770000457763672,27.889999389648438,26.25,26.290000915527344,136198600
16.560306549072266,27.110000610351562,27.739999771118164,27.100000381469727,27.420000076293945,79771600
16.87490463256836,27.625,27.774999618530273,26.5,26.575000762939453,109433600
17.006235122680664,27.84000015258789,28.219999313354492,27.684999465942383,27.829999923706055,94486600
17.100910186767578,27.9950008392334,28.145000457763672,27.674999237060547,27.764999389648438,77518400
16.603065490722656,27.18000030517578,27.969999313354492,27.15999984741211,27.735000610351562,81247000
16.52365493774414,27.049999237060547,27.549999237060547,26.950000762939453,27.184999465942383,86401200
15.9677734375,26.139999389648438,27.274999618530273,26.139999389648438,26.700000762939453,116820000
16.54197883605957,27.079999923706055,27.31999969482422,25.924999237060547,26.045000076293945,104523200
16.172409057617188,26.475000381469727,27.5,26.399999618530273,27.350000381469727,84025200
16.532819747924805,27.065000534057617,27.19499969482422,25.524999618530273,25.524999618530273,112131400
16.77410316467285,27.459999084472656,27.469999313354492,26.43000030517578,27.299999237060547,95812400
16.7069091796875,27.350000381469727,27.895000457763672,27.0,27.274999618530273,89555600
16.083837509155273,26.329999923706055,27.19499969482422,26.290000915527344,27.059999465942383,66473800
15.71121597290039,25.719999313354492,26.459999084472656,25.665000915527344,26.190000534057617,82814200
15.833389282226562,25.920000076293945,26.260000228881836,25.225000381469727,25.6200008392334,80936600
16.752729415893555,27.424999237060547,27.450000762939453,26.524999618530273,26.545000076293945,35673600
16.163249969482422,26.459999084472656,27.46500015258789,26.290000915527344,27.204999923706055,63199400
16.25182342529297,26.604999542236328,27.364999771118164,26.485000610351562,26.655000686645508,85277200
15.955557823181152,26.1200008392334,27.100000381469727,26.065000534057617,26.844999313354492,90673400
16.160188674926758,26.454999923706055,26.53499984741211,25.625,26.020000457763672,129550600
15.839500427246094,25.93000030517578,26.864999771118164,25.739999771118164,26.684999465942383,95733800
15.821165084838867,25.899999618530273,25.93000030517578,24.0,25.69499969482422,136965600
15.65317153930664,25.625,26.399999618530273,25.31999969482422,25.655000686645508,97154600
15.882257461547852,26.0,26.649999618530273,25.584999084472656,26.260000228881836,98034800
15.610422134399414,25.55500030517578,26.3700008392334,25.329999923706055,26.030000686645508,91053600
15.137012481689453,24.780000686645508,25.44499969482422,24.405000686645508,24.934999465942383,112543400
14.510889053344727,23.7549991607666,24.9950008392334,22.950000762939453,24.475000381469727,180069800
13.136453628540039,21.5049991607666,23.399999618530273,21.485000610351562,23.2450008392334,168061600
14.119929313659668,23.114999771118164,23.18000030517578,20.704999923706055,20.875,202307800
13.08148193359375,21.415000915527344,22.854999542236328,21.219999313354492,22.725000381469727,163411400
13.851164817810059,22.674999237060547,22.704999923706055,21.84000015258789,21.8700008392334,123538000
14.736900329589844,24.125,24.149999618530273,23.274999618530273,23.424999237060547,112148600
14.691089630126953,24.049999237060547,24.415000915527344,23.665000915527344,23.774999618530273,122690600
14.654437065124512,23.989999771118164,24.0,23.18000030517578,23.80500030517578,93875600
13.973331451416016,22.875,24.045000076293945,22.75,23.790000915527344,92002800
13.564055442810059,22.204999923706055,22.924999237060547,21.899999618530273,22.7549991607666,85947600
13.435778617858887,21.9950008392334,22.584999084472656,21.905000686645508,22.145000457763672,78941600
13.948899269104004,22.834999084472656,23.625,22.420000076293945,22.450000762939453,88715800
14.382606506347656,23.545000076293945,23.649999618530273,22.579999923706055,23.5,86349400
14.938483238220215,24.454999923706055,24.5,23.204999923706055,23.55500030517578,88748000
14.697198867797852,24.059999465942383,24.575000762939453,23.829999923706055,24.075000762939453,69049400
14.804092407226562,24.235000610351562,24.375,23.799999237060547,23.80500030517578,56866600
14.373445510864258,23.530000686645508,24.850000381469727,23.459999084472656,23.9950008392334,100122800
15.18282413482666,24.854999542236328,24.864999771118164,23.604999542236328,23.625,96706000
15.20115852355957,24.885000228881836,25.3700008392334,24.375,24.979999542236328,98745600
15.271401405334473,25.0,25.114999771118164,24.459999084472656,24.71500015258789,69334000
15.882257461547852,26.0,26.024999618530273,24.924999237060547,25.020000457763672,79848200
15.589040756225586,25.520000457763672,25.850000381469727,25.375,25.690000534057617,70317600
15.9677734375,26.139999389648438,26.190000534057617,25.575000762939453,25.780000686645508,81203400
16.2579288482666,26.614999771118164,26.725000381469727,26.299999237060547,26.424999237060547,72517600
15.949453353881836,26.110000610351562,26.424999237060547,25.920000076293945,26.329999923706055,57929200
15.912798881530762,26.049999237060547,26.325000762939453,25.59000015258789,26.25,55652400
15.527963638305664,25.420000076293945,26.225000381469727,25.325000762939453,26.165000915527344,65470200
15.082032203674316,24.690000534057617,25.329999923706055,24.649999618530273,25.239999771118164,68875000
15.448545455932617,25.290000915527344,25.5,24.260000228881836,24.44499969482422,94275600
14.990405082702637,24.540000915527344,25.239999771118164,24.5,25.06999969482422,58138400
14.361220359802246,23.510000228881836,24.260000228881836,23.5,24.260000228881836,74452600
14.724682807922363,24.104999542236328,24.299999237060547,23.575000762939453,23.725000381469727,80232000
14.02220344543457,22.954999923706055,23.760000228881836,22.940000534057617,23.75,90438800
14.605561256408691,23.90999984741211,24.135000228881836,23.735000610351562,23.875,69918400
14.874341011047363,24.350000381469727,24.475000381469727,23.315000534057617,23.625,81653200
15.207261085510254,24.895000457763672,24.90999984741211,24.174999237060547,24.270000457763672,83950000
14.837695121765137,24.290000915527344,25.549999237060547,24.264999389648438,25.114999771118164,77443200
14.400935173034668,23.575000762939453,24.149999618530273,23.510000228881836,24.075000762939453,63726800
14.63305377960205,23.954999923706055,24.1299991607666,23.424999237060547,23.450000762939453,59549200
14.593344688415527,23.889999389648438,24.065000534057617,23.524999618530273,23.799999237060547,50166200
14.443690299987793,23.645000457763672,24.450000762939453,23.604999542236328,24.334999084472656,73343400
14.584183692932129,23.875,24.1200008392334,23.329999923706055,23.360000610351562,83951800
14.416196823120117,23.600000381469727,23.90999984741211,23.295000076293945,23.34000015258789,77777600
14.495614051818848,23.729999542236328,24.0,23.649999618530273,23.854999542236328,130619200
13.814508438110352,22.614999771118164,23.354999542236328,22.405000686645508,23.299999237060547,89783800
13.939733505249023,22.81999969482422,23.239999771118164,22.315000534057617,22.415000915527344,104142200
14.205455780029297,23.2549991607666,23.479999542236328,22.524999618530273,23.200000762939453,107116600
14.110772132873535,23.100000381469727,23.75,22.975000381469727,23.55500030517578,100852200
13.82061767578125,22.625,23.549999237060547,22.594999313354492,23.020000457763672,81011600
13.359418869018555,21.8700008392334,22.520000457763672,21.55500030517578,22.434999465942383,115577000
14.119929313659668,23.114999771118164,23.125,21.594999313354492,22.15999984741211,110636600
13.930577278137207,22.80500030517578,23.405000686645508,22.579999923706055,23.049999237060547,103488600
13.683178901672363,22.399999618530273,23.295000076293945,22.299999237060547,22.649999618530273,105221400
13.368586540222168,21.885000228881836,22.78499984741211,21.844999313354492,22.69499969482422,107120400
13.4541015625,22.024999618530273,22.530000686645508,21.844999313354492,21.905000686645508,89790000
13.741206169128418,22.4950008392334,22.989999771118164,22.065000534057617,22.375,115667600
13.435778617858887,21.9950008392334,22.725000381469727,21.905000686645508,22.114999771118164,123142600
14.165751457214355,23.190000534057617,23.309999465942383,21.625,22.0,118515000
14.926270484924316,24.434999465942383,24.450000762939453,23.5049991607666,23.68000030517578,108828800
15.054550170898438,24.645000457763672,24.665000915527344,23.920000076293945,24.125,76216200
15.9708251953125,26.145000457763672,26.184999465942383,25.325000762939453,25.6299991607666,133374200
15.396621704101562,25.204999923706055,25.6299991607666,25.139999389648438,25.19499969482422,95437400
15.50657844543457,25.385000228881836,26.25,25.024999618530273,26.139999389648438,182602400
16.233497619628906,26.575000762939453,26.600000381469727,25.56999969482422,26.299999237060547,152817200
16.038022994995117,26.2549991607666,26.4950008392334,25.68000030517578,25.985000610351562,112378600
15.78145980834961,25.834999084472656,25.96500015258789,25.514999389648438,25.71500015258789,87159000
16.248769760131836,26.600000381469727,26.6299991607666,25.71500015258789,25.71500015258789,110866600
15.647074699401855,25.614999771118164,26.684999465942383,25.450000762939453,26.68000030517578,95833400
16.089948654174805,26.34000015258789,26.399999618530273,25.579999923706055,25.625,75425800
15.866981506347656,25.975000381469727,26.75,25.7549991607666,26.700000762939453,79906600
15.903637886047363,26.03499984741211,26.2450008392334,25.424999237060547,26.075000762939453,90517200
16.221282958984375,26.55500030517578,26.69499969482422,25.815000534057617,26.100000381469727,94451200
16.331235885620117,26.735000610351562,27.03499984741211,26.424999237060547,26.594999313354492,105973800
16.187679290771484,26.5,26.6200008392334,25.950000762939453,26.21500015258789,105097800
17.134510040283203,28.049999237060547,28.625,27.760000228881836,28.375,139964200
17.311662673950195,28.34000015258789,28.399999618530273,27.790000915527344,27.889999389648438,76658200
17.418561935424805,28.514999389648438,28.549999237060547,27.764999389648438,28.4950008392334,115407000
17.107017517089844,28.0049991607666,28.309999465942383,27.75,28.100000381469727,73699600
16.829086303710938,27.549999237060547,28.274999618530273,27.5049991607666,28.0,64522200
16.450349807739258,26.93000030517578,27.549999237060547,26.90999984741211,27.53499984741211,58341200
16.648880004882812,27.2549991607666,27.71500015258789,26.950000762939453,27.049999237060547,81398600
16.908496856689453,27.68000030517578,27.96500015258789,27.05500030517578,27.1200008392334,107370200
17.406335830688477,28.4950008392334,28.5,27.934999465942383,27.9950008392334,78337000
17.314708709716797,28.344999313354492,28.459999084472656,27.834999084472656,28.299999237060547,77533600
17.058149337768555,27.924999237060547,28.514999389648438,27.8700008392334,28.475000381469727,58086400
16.75579071044922,27.43000030517578,27.899999618530273,27.155000686645508,27.774999618530273,76403400
17.2933292388916,28.309999465942383,28.450000762939453,27.46500015258789,27.5049991607666,76435400
17.665952682495117,28.920000076293945,29.0,28.389999389648438,28.489999771118164,82922200
17.782018661499023,29.110000610351562,29.149999618530273,28.524999618530273,28.725000381469727,70002000
17.78506851196289,29.114999771118164,29.31999969482422,28.78499984741211,29.030000686645508,61583000
17.378854751586914,28.450000762939453,29.125,28.389999389648438,28.81999969482422,68650400
17.7392635345459,29.040000915527344,29.30500030517578,28.700000762939453,28.799999237060547,55191800
17.61708641052246,28.84000015258789,29.315000534057617,28.84000015258789,29.21500015258789,28393000
17.62014389038086,28.844999313354492,29.479999542236328,28.5049991607666,29.325000762939453,63735000
17.320810317993164,28.354999542236328,28.674999237060547,28.204999923706055,28.639999389648438,58457400
17.268903732299805,28.270000457763672,28.719999313354492,27.90999984741211,28.065000534057617,83892000
16.902389526367188,27.670000076293945,28.545000076293945,27.649999618530273,28.475000381469727,68435800
16.942087173461914,27.735000610351562,27.8700008392334,27.110000610351562,27.434999465942383,71670200
16.349563598632812,26.764999389648438,27.610000610351562,26.7549991607666,27.5,63862800
16.496164321899414,27.0049991607666,27.239999771118164,26.739999771118164,26.780000686645508,63730200
16.694692611694336,27.329999923706055,27.5049991607666,26.790000915527344,26.924999237060547,69186200
16.5450382232666,27.084999084472656,27.530000686645508,26.844999313354492,27.5,55242000
16.034975051879883,26.25,26.875,26.2450008392334,26.84000015258789,65245400
16.639719009399414,27.239999771118164,27.274999618530273,26.334999084472656,26.5,60140400
16.603065490722656,27.18000030517578,27.4950008392334,26.889999389648438,27.209999084472656,49549800
16.349563598632812,26.764999389648438,27.200000762939453,26.395000457763672,26.920000076293945,62709400
16.221282958984375,26.55500030517578,27.375,26.440000534057617,26.625,82686600
16.199909210205078,26.520000457763672,26.860000610351562,26.475000381469727,26.7450008392334,98294600
16.493114471435547,27.0,27.139999389648438,26.450000762939453,26.524999618530273,48798400
16.438133239746094,26.90999984741211,27.114999771118164,26.760000228881836,26.770000457763672,18386000
16.306808471679688,26.69499969482422,27.344999313354492,26.584999084472656,27.014999389648438,37228000
16.17852210998535,26.485000610351562,27.0,26.450000762939453,26.639999389648438,40891600
16.111324310302734,26.375,26.6200008392334,26.135000228881836,26.5049991607666,48019600
15.790633201599121,25.850000381469727,26.4950008392334,25.6299991607666,26.3700008392334,58208800
16.4075984954834,26.860000610351562,26.875,25.854999542236328,26.149999618530273,67025200
16.428972244262695,26.895000457763672,26.899999618530273,26.440000534057617,26.795000076293945,55546800
16.72829246520996,27.385000228881836,27.614999771118164,26.899999618530273,27.010000228881836,59456200
17.04288101196289,27.899999618530273,28.0049991607666,27.34000015258789,27.459999084472656,80517400
16.566410064697266,27.1200008392334,27.774999618530273,27.05500030517578,27.684999465942383,64566000
17.045940399169922,27.905000686645508,27.959999084472656,27.264999389648438,27.360000610351562,61808000
17.079526901245117,27.959999084472656,28.149999618530273,27.450000762939453,27.549999237060547,67730200
17.223085403442383,28.19499969482422,28.375,27.885000228881836,28.260000228881836,60817800
17.400238037109375,28.485000610351562,28.5,28.094999313354492,28.165000915527344,54206400
17.186429977416992,28.135000228881836,28.65999984741211,28.094999313354492,28.5,59622600
16.905445098876953,27.674999237060547,28.325000762939453,27.55500030517578,28.15999984741211,81371000
15.717320442199707,25.729999542236328,26.5,25.655000686645508,26.469999313354492,155876000
15.677618026733398,25.665000915527344,26.075000762939453,25.645000457763672,25.934999465942383,86159200
15.57682991027832,25.5,26.200000762939453,25.454999923706055,25.795000076293945,86948000
15.9677734375,26.139999389648438,26.270000457763672,25.729999542236328,25.975000381469727,71374800
15.2255859375,24.924999237060547,26.024999618530273,24.850000381469727,26.014999389648438,103027000
15.017900466918945,24.584999084472656,25.299999237060547,24.204999923706055,24.65999984741211,114838600
14.910995483398438,24.40999984741211,24.850000381469727,24.280000686645508,24.844999313354492,86151200
15.243913650512695,24.954999923706055,25.020000457763672,23.96500015258789,24.364999771118164,106884000
14.733845710754395,24.1200008392334,25.084999084472656,24.094999313354492,25.079999923706055,87877400
14.495614051818848,23.729999542236328,24.174999237060547,23.514999389648438,23.725000381469727,106858400
14.831587791442871,24.280000686645508,24.549999237060547,23.729999542236328,23.96500015258789,80129800
14.452850341796875,23.65999984741211,23.969999313354492,23.440000534057617,23.899999618530273,81854800
14.342900276184082,23.479999542236328,24.264999389648438,23.364999771118164,23.915000915527344,101072000
14.48339557647705,23.709999084472656,23.809999465942383,23.280000686645508,23.43000030517578,83312000
14.226832389831543,23.290000915527344,23.975000381469727,23.204999923706055,23.940000534057617,75208000
14.471179008483887,23.690000534057617,23.760000228881836,23.270000457763672,23.399999618530273,74081400
14.18407154083252,23.219999313354492,23.834999084472656,23.0,23.649999618530273,84292000
14.18407154083252,23.219999313354492,23.549999237060547,23.1299991607666,23.274999618530273,71315200
14.352066040039062,23.4950008392334,23.559999465942383,23.065000534057617,23.204999923706055,73558200
14.752172470092773,24.149999618530273,24.25,23.385000228881836,23.625,90446400
15.246963500976562,24.959999084472656,24.989999771118164,24.399999618530273,24.6200008392334,57415500
15.032479286193848,24.530000686645508,24.8799991607666,24.170000076293945,24.81999969482422,46902700
14.793481826782227,24.139999389648438,24.8700008392334,24.100000381469727,24.770000457763672,50897200
15.09376049041748,24.6299991607666,24.799999237060547,23.700000762939453,24.290000915527344,56853200
14.750579833984375,24.06999969482422,24.5,23.84000015258789,24.440000534057617,62403700
14.824116706848145,24.190000534057617,24.270000457763672,23.3799991607666,23.540000915527344,68113000
14.468683242797852,23.610000610351562,24.469999313354492,23.579999923706055,24.06999969482422,57096000
14.450302124023438,23.579999923706055,24.209999084472656,23.299999237060547,23.899999618530273,75434300
14.523844718933105,23.700000762939453,24.06999969482422,23.549999237060547,23.739999771118164,56585400
14.425785064697266,23.540000915527344,24.1200008392334,23.399999618530273,24.020000457763672,50653500
14.13775634765625,23.06999969482422,23.65999984741211,23.059999465942383,23.579999923706055,56605700
14.364505767822266,23.440000534057617,23.549999237060547,23.049999237060547,23.06999969482422,55415900
14.260324478149414,23.270000457763672,23.5,23.1299991607666,23.170000076293945,54607600
14.438045501708984,23.559999465942383,23.790000915527344,22.899999618530273,22.950000762939453,66167600
14.064218521118164,22.950000762939453,23.459999084472656,22.889999389648438,23.309999465942383,48413600
13.972288131713867,22.799999237060547,23.260000228881836,22.760000228881836,23.059999465942383,53990700
14.333868026733398,23.389999389648438,23.440000534057617,22.549999237060547,22.809999465942383,72379500
15.118276596069336,24.670000076293945,24.739999771118164,23.440000534057617,23.719999313354492,80701300
15.234709739685059,24.860000610351562,24.959999084472656,24.260000228881836,24.68000030517578,75451400
15.890434265136719,25.93000030517578,25.950000762939453,24.329999923706055,24.520000457763672,100983800
15.957839965820312,26.040000915527344,26.040000915527344,25.5,25.889999389648438,78108800
16.12942123413086,26.31999969482422,26.43000030517578,25.739999771118164,25.979999542236328,73652100
16.086532592773438,26.25,26.520000457763672,25.670000076293945,26.020000457763672,71798500
16.282621383666992,26.56999969482422,26.799999237060547,26.030000686645508,26.75,85586800
15.498218536376953,25.290000915527344,25.93000030517578,25.18000030517578,25.549999237060547,61105200
15.620787620544434,25.489999771118164,25.75,25.030000686645508,25.600000381469727,63595100
15.473710060119629,25.25,25.6200008392334,25.239999771118164,25.459999084472656,51673600
15.345013618469238,25.040000915527344,25.260000228881836,24.59000015258789,24.940000534057617,60043300
15.118276596069336,24.670000076293945,25.100000381469727,24.600000381469727,24.670000076293945,39584600
14.836376190185547,24.209999084472656,24.709999084472656,24.010000228881836,24.25,71384000
14.922168731689453,24.350000381469727,24.700000762939453,24.25,24.459999084472656,49803200
15.761733055114746,25.719999313354492,26.0,25.100000381469727,25.100000381469727,68282500
15.767858505249023,25.729999542236328,26.09000015258789,25.600000381469727,25.989999771118164,57394300
15.375654220581055,25.09000015258789,25.799999237060547,24.93000030517578,25.760000228881836,55740600
15.424680709838867,25.170000076293945,26.43000030517578,25.170000076293945,26.229999542236328,65627100
15.675938606262207,25.579999923706055,25.829999923706055,25.200000762939453,25.309999465942383,54132100
15.056994438171387,24.56999969482422,25.670000076293945,24.540000915527344,25.610000610351562,76875800
15.069247245788574,24.59000015258789,24.790000915527344,24.280000686645508,24.709999084472656,51608900
14.830245018005371,24.200000762939453,25.18000030517578,23.950000762939453,24.889999389648438,71565500
15.173432350158691,24.760000228881836,24.8799991607666,24.0,24.270000457763672,51599600
15.075376510620117,24.600000381469727,24.790000915527344,24.100000381469727,24.68000030517578,63399000
15.271480560302734,24.920000076293945,25.739999771118164,24.600000381469727,25.600000381469727,86178700
15.626916885375977,25.5,25.540000915527344,24.739999771118164,24.770000457763672,58356600
15.44919490814209,25.209999084472656,25.610000610351562,25.079999923706055,25.610000610351562,41557800
15.786250114440918,25.760000228881836,25.799999237060547,25.030000686645508,25.059999465942383,58844000
15.761733055114746,25.719999313354492,25.989999771118164,25.469999313354492,25.75,55559300
15.620787620544434,25.489999771118164,25.719999313354492,25.31999969482422,25.479999542236328,51703600
15.45531940460205,25.219999313354492,25.639999389648438,25.170000076293945,25.329999923706055,53657400
15.773995399475098,25.739999771118164,25.940000534057617,25.31999969482422,25.389999389648438,56287600
15.810760498046875,25.799999237060547,26.25,25.68000030517578,25.950000762939453,65877300
15.66981315612793,25.56999969482422,25.8799991607666,25.25,25.729999542236328,55566800
15.761733055114746,25.719999313354492,25.950000762939453,25.34000015258789,25.540000915527344,42085800
15.994604110717773,26.100000381469727,26.290000915527344,25.559999465942383,25.649999618530273,52695400
15.847532272338867,25.860000610351562,26.389999389648438,25.84000015258789,26.25,50391500
16.16006851196289,26.3700008392334,26.5,25.81999969482422,25.860000610351562,54299500
15.927200317382812,25.989999771118164,26.350000381469727,25.84000015258789,26.110000610351562,49120000
15.773995399475098,25.739999771118164,26.139999389648438,25.709999084472656,25.75,46401400
16.153942108154297,26.360000610351562,26.5,25.889999389648438,25.899999618530273,58913600
16.055891036987305,26.200000762939453,26.469999313354492,26.059999465942383,26.149999618530273,53900800
15.927200317382812,25.989999771118164,26.200000762939453,25.889999389648438,26.040000915527344,44501900
15.700446128845215,25.6200008392334,26.18000030517578,25.540000915527344,26.079999923706055,45021000
15.804625511169434,25.790000915527344,26.010000228881836,25.56999969482422,25.850000381469727,45450200
15.66981315612793,25.56999969482422,26.049999237060547,25.40999984741211,25.8799991607666,60620900
15.173432350158691,24.760000228881836,25.540000915527344,24.739999771118164,25.399999618530273,55336300
15.09376049041748,24.6299991607666,25.0,24.5,24.860000610351562,52677600
14.726064682006836,24.030000686645508,24.709999084472656,23.889999389648438,24.6299991607666,108960900
14.805737495422363,24.15999984741211,24.270000457763672,24.040000915527344,24.200000762939453,93157100
14.842510223388672,24.219999313354492,24.540000915527344,24.030000686645508,24.200000762939453,76968000
15.191814422607422,24.790000915527344,24.889999389648438,24.219999313354492,24.25,68486800
14.958938598632812,24.40999984741211,24.8700008392334,24.299999237060547,24.780000686645508,91467000
14.952815055847168,24.399999618530273,24.670000076293945,24.229999542236328,24.469999313354492,75451300
15.08150863647461,24.610000610351562,24.90999984741211,24.510000228881836,24.729999542236328,85096700
15.099885940551758,24.639999389648438,25.030000686645508,24.56999969482422,24.979999542236328,66310800
15.246966361999512,24.8799991607666,24.920000076293945,24.56999969482422,24.75,61058200
15.240839004516602,24.8700008392334,25.219999313354492,24.739999771118164,24.989999771118164,83484600
14.762845039367676,24.09000015258789,24.520000457763672,24.010000228881836,24.469999313354492,115877900
14.50545597076416,23.670000076293945,24.559999465942383,23.649999618530273,24.440000534057617,119629400
14.554479598999023,23.75,23.979999542236328,23.600000381469727,23.719999313354492,73610000
15.124399185180664,24.68000030517578,24.75,23.850000381469727,23.940000534057617,80655300
15.246966361999512,24.8799991607666,24.959999084472656,24.420000076293945,24.670000076293945,75768600
15.314374923706055,24.989999771118164,25.139999389648438,24.739999771118164,24.969999313354492,66177700
15.106013298034668,24.649999618530273,25.25,24.489999771118164,25.200000762939453,55157500
15.559508323669434,25.389999389648438,25.420000076293945,24.670000076293945,24.799999237060547,69658600
15.908811569213867,25.959999084472656,26.139999389648438,25.530000686645508,25.639999389648438,122213900
15.97622299194336,26.06999969482422,26.43000030517578,25.709999084472656,25.979999542236328,89957700
15.97622299194336,26.06999969482422,26.389999389648438,26.010000228881836,26.09000015258789,63626900
16.13555335998535,26.329999923706055,26.3799991607666,26.010000228881836,26.34000015258789,86048900
15.798506736755371,25.780000686645508,26.239999771118164,25.489999771118164,26.139999389648438,52584500
15.749478340148926,25.700000762939453,26.040000915527344,25.520000457763672,25.649999618530273,51820300
15.479837417602539,25.260000228881836,25.989999771118164,25.139999389648438,25.639999389648438,60483500
15.780122756958008,25.75,26.510000228881836,25.209999084472656,25.389999389648438,51758100
15.706583976745605,25.6299991607666,26.34000015258789,25.530000686645508,25.950000762939453,76040300
15.712713241577148,25.639999389648438,26.1200008392334,25.5,25.940000534057617,48073100
16.025243759155273,26.149999618530273,26.200000762939453,25.389999389648438,25.59000015258789,60926000
16.472606658935547,26.8799991607666,26.93000030517578,26.450000762939453,26.5,94069300
16.239728927612305,26.5,26.950000762939453,26.40999984741211,26.690000534057617,39440900
16.803525924682617,27.420000076293945,27.549999237060547,26.950000762939453,27.020000457763672,88960800
16.975122451782227,27.700000762939453,27.799999237060547,27.25,27.260000228881836,61896800
16.834169387817383,27.469999313354492,27.700000762939453,27.25,27.559999465942383,62300700
16.490991592407227,26.90999984741211,27.420000076293945,26.59000015258789,27.25,55350800
16.736122131347656,27.309999465942383,27.450000762939453,26.889999389648438,26.950000762939453,50377300
16.791278839111328,27.399999618530273,27.809999465942383,27.049999237060547,27.6299991607666,60464400
16.711610794067383,27.270000457763672,27.530000686645508,27.100000381469727,27.469999313354492,53567600
16.864809036254883,27.520000457763672,27.6200008392334,27.200000762939453,27.559999465942383,49838900
16.356168746948242,26.690000534057617,27.270000457763672,26.540000915527344,27.139999389648438,72805000
16.47873306274414,26.889999389648438,27.229999542236328,26.75,27.110000610351562,63388400
15.957839965820312,26.040000915527344,26.90999984741211,26.0,26.8700008392334,48480800
16.16619110107422,26.3799991607666,26.559999465942383,26.1299991607666,26.280000686645508,51791000
16.20909881591797,26.450000762939453,26.649999618530273,26.139999389648438,26.420000076293945,49828200
15.933327674865723,26.0,26.920000076293945,25.979999542236328,26.780000686645508,53556600
16.47873306274414,26.889999389648438,26.950000762939453,26.06999969482422,26.280000686645508,54173000
16.307140350341797,26.610000610351562,27.0,26.489999771118164,26.940000534057617,52658300
16.22135353088379,26.469999313354492,26.899999618530273,26.239999771118164,26.8799991607666,62391100
16.07427215576172,26.229999542236328,26.56999969482422,26.170000076293945,26.459999084472656,41240300
16.18458366394043,26.40999984741211,26.989999771118164,26.309999465942383,26.600000381469727,64504800
16.037504196166992,26.170000076293945,26.510000228881836,26.1200008392334,26.329999923706055,42649700
16.043638229370117,26.18000030517578,26.40999984741211,25.75,26.149999618530273,51825600
15.724957466125488,25.65999984741211,26.540000915527344,25.600000381469727,26.309999465942383,58825800
15.718832969665527,25.649999618530273,26.190000534057617,25.43000030517578,25.540000915527344,56294900
15.755605697631836,25.709999084472656,25.809999465942383,25.450000762939453,25.719999313354492,44258500
15.675938606262207,25.579999923706055,25.979999542236328,25.5,25.8799991607666,33241400
15.694313049316406,25.610000610351562,25.989999771118164,25.540000915527344,25.610000610351562,36433900
15.767858505249023,25.729999542236328,25.770000457763672,25.450000762939453,25.709999084472656,38208400
15.688197135925293,25.600000381469727,25.889999389648438,25.5,25.790000915527344,39636900
15.706583976745605,25.6299991607666,25.709999084472656,25.520000457763672,25.65999984741211,37338300
15.651426315307617,25.540000915527344,25.65999984741211,25.43000030517578,25.610000610351562,27607900
15.749478340148926,25.700000762939453,25.829999923706055,25.459999084472656,25.559999465942383,45817400
16.313270568847656,26.6200008392334,26.649999618530273,25.770000457763672,25.850000381469727,72952900
16.20909881591797,26.450000762939453,26.530000686645508,26.0,26.299999237060547,56739300
16.080400466918945,26.239999771118164,26.729999542236328,26.1299991607666,26.649999618530273,63802700
16.068138122558594,26.219999313354492,26.950000762939453,26.209999084472656,26.780000686645508,65846300
16.239728927612305,26.5,26.540000915527344,26.229999542236328,26.309999465942383,36132900
16.282621383666992,26.56999969482422,26.670000076293945,25.959999084472656,26.309999465942383,47546000
16.19071388244629,26.420000076293945,26.579999923706055,26.299999237060547,26.510000228881836,30633900
16.245859146118164,26.510000228881836,26.579999923706055,26.239999771118164,26.5,46211200
16.251995086669922,26.520000457763672,26.549999237060547,26.350000381469727,26.459999084472656,34503000
16.705474853515625,27.260000228881836,27.299999237060547,26.469999313354492,26.700000762939453,74168900
17.34280776977539,28.299999237060547,28.399999618530273,27.3799991607666,27.420000076293945,109437800
17.42247772216797,28.43000030517578,28.469999313354492,27.989999771118164,28.100000381469727,59840800
17.391830444335938,28.3799991607666,28.75,28.170000076293945,28.229999542236328,64024500
17.673725128173828,28.84000015258789,28.920000076293945,28.34000015258789,28.389999389648438,46105300
17.38570785522461,28.3700008392334,28.709999084472656,28.309999465942383,28.649999618530273,44315200
16.88319969177246,27.549999237060547,28.18000030517578,27.479999542236328,28.030000686645508,54763500
17.0609188079834,27.84000015258789,28.110000610351562,27.59000015258789,27.65999984741211,37813300
17.367332458496094,28.34000015258789,28.399999618530273,27.450000762939453,27.479999542236328,55777200
17.379587173461914,28.360000610351562,28.610000610351562,28.329999923706055,28.3700008392334,41432300
17.710494995117188,28.899999618530273,28.950000762939453,28.31999969482422,28.40999984741211,52060600
17.465375900268555,28.5,28.950000762939453,28.469999313354492,28.760000228881836,47221600
18.078195571899414,29.5,29.510000228881836,28.420000076293945,28.489999771118164,67268100
18.360092163085938,29.959999084472656,29.969999313354492,29.520000457763672,29.760000228881836,92433800
17.814680099487305,29.06999969482422,30.0,28.809999465942383,29.389999389648438,65678700
18.139480590820312,29.600000381469727,29.709999084472656,28.8799991607666,29.1200008392334,57827800
17.440860748291016,28.459999084472656,29.700000762939453,28.420000076293945,29.610000610351562,66336500
17.306045532226562,28.239999771118164,28.959999084472656,28.219999313354492,28.469999313354492,56224500
17.27539825439453,28.190000534057617,28.780000686645508,28.139999389648438,28.270000457763672,49864700
17.667604446411133,28.829999923706055,28.90999984741211,28.100000381469727,28.40999984741211,47380300
17.036405563354492,27.799999237060547,28.610000610351562,27.75,28.59000015258789,63333700
17.477630615234375,28.520000457763672,28.6299991607666,27.809999465942383,28.030000686645508,58375900
17.465375900268555,28.5,28.75,28.190000534057617,28.450000762939453,38143600
17.8208065032959,29.079999923706055,29.459999084472656,28.93000030517578,29.15999984741211,57303000
17.888225555419922,29.190000534057617,29.299999237060547,28.90999984741211,29.149999618530273,34047600
17.85757827758789,29.139999389648438,29.3700008392334,28.920000076293945,29.010000228881836,52356800
17.661476135253906,28.81999969482422,29.360000610351562,28.68000030517578,29.360000610351562,46989100
17.73501205444336,28.940000534057617,29.350000381469727,28.799999237060547,29.219999313354492,62653300
17.716632843017578,28.90999984741211,29.200000762939453,28.670000076293945,28.90999984741211,37604700
17.636966705322266,28.780000686645508,29.100000381469727,28.5,28.979999542236328,39320300
17.575687408447266,28.68000030517578,28.770000457763672,28.479999542236328,28.65999984741211,34851300
17.91462516784668,29.06999969482422,29.260000228881836,28.700000762939453,29.200000762939453,57242100
18.013225555419922,29.229999542236328,29.309999465942383,28.799999237060547,28.90999984741211,42232500
17.828351974487305,28.93000030517578,29.290000915527344,28.799999237060547,29.280000686645508,49960000
18.08717155456543,29.350000381469727,29.3700008392334,28.799999237060547,28.950000762939453,38794500
18.08717155456543,29.350000381469727,29.43000030517578,29.170000076293945,29.350000381469727,44166800
17.803701400756836,28.889999389648438,29.209999084472656,28.799999237060547,29.030000686645508,48798500
17.81602668762207,28.90999984741211,29.079999923706055,28.100000381469727,28.719999313354492,67357900
16.398630142211914,26.610000610351562,27.399999618530273,26.420000076293945,27.270000457763672,210558300
16.583505630493164,26.90999984741211,27.100000381469727,26.81999969482422,26.90999984741211,65619100
16.762226104736328,27.200000762939453,27.219999313354492,26.8799991607666,27.09000015258789,71752600
16.478742599487305,26.739999771118164,27.25,26.65999984741211,27.15999984741211,73551500
16.096662521362305,26.1200008392334,27.040000915527344,25.90999984741211,27.010000228881836,98729400
16.108985900878906,26.139999389648438,26.440000534057617,26.110000610351562,26.3700008392334,69623700
16.441770553588867,26.68000030517578,26.75,26.290000915527344,26.350000381469727,57772300
16.065855026245117,26.06999969482422,26.6200008392334,26.010000228881836,26.59000015258789,84026100
16.084331512451172,26.100000381469727,26.31999969482422,26.0,26.149999618530273,61514400
16.16444969177246,26.229999542236328,26.299999237060547,26.0,26.260000228881836,68189800
16.084331512451172,26.100000381469727,26.489999771118164,26.030000686645508,26.3799991607666,57822100
16.022720336914062,26.0,26.229999542236328,26.0,26.1200008392334,54579100
15.899459838867188,25.799999237060547,26.079999923706055,25.670000076293945,26.010000228881836,64990700
16.010391235351562,25.979999542236328,26.139999389648438,25.600000381469727,25.850000381469727,75877300
15.831672668457031,25.690000534057617,25.93000030517578,25.450000762939453,25.860000610351562,78949500
15.714583396911621,25.5,26.020000457763672,25.440000534057617,25.700000762939453,83146400
15.49889850616455,25.149999618530273,25.440000534057617,24.84000015258789,25.389999389648438,103900200
15.49889850616455,25.149999618530273,25.84000015258789,25.1200008392334,25.329999923706055,106868300
15.62214469909668,25.350000381469727,25.540000915527344,25.170000076293945,25.290000915527344,78853300
15.46807861328125,25.100000381469727,25.6299991607666,25.079999923706055,25.170000076293945,106845700
15.47424030303955,25.110000610351562,25.3799991607666,25.079999923706055,25.329999923706055,70712900
15.85632038116455,25.729999542236328,25.809999465942383,25.280000686645508,25.329999923706055,99463800
15.652953147888184,25.399999618530273,25.950000762939453,25.3799991607666,25.8700008392334,85663800
15.6837739944458,25.450000762939453,25.6299991607666,25.31999969482422,25.610000610351562,69758400
15.843989372253418,25.709999084472656,25.75,25.399999618530273,25.5,33402600
15.924120903015137,25.84000015258789,26.209999084472656,25.5,25.899999618530273,101914600
15.813178062438965,25.65999984741211,26.09000015258789,25.610000610351562,25.950000762939453,85121700
15.819350242614746,25.670000076293945,26.06999969482422,25.6200008392334,25.81999969482422,93121600
16.145967483520508,26.200000762939453,26.229999542236328,25.65999984741211,25.719999313354492,87202400
16.010391235351562,25.979999542236328,26.479999542236328,25.920000076293945,25.959999084472656,96610900
16.17061424255371,26.239999771118164,26.34000015258789,25.809999465942383,26.1200008392334,90504000
16.256893157958984,26.3799991607666,26.610000610351562,26.25,26.440000534057617,103547100
16.386306762695312,26.59000015258789,26.6299991607666,26.3799991607666,26.450000762939453,82853700
16.398630142211914,26.610000610351562,26.770000457763672,26.280000686645508,26.59000015258789,79309000
16.42327308654785,26.649999618530273,26.809999465942383,26.5,26.690000534057617,69154100
16.478742599487305,26.739999771118164,27.100000381469727,26.68000030517578,27.049999237060547,88860600
16.675947189331055,27.059999465942383,27.15999984741211,26.770000457763672,26.829999923706055,73978000
16.66361427307129,27.040000915527344,27.079999923706055,26.850000381469727,27.040000915527344,53712300
16.88547706604004,27.399999618530273,27.450000762939453,27.049999237060547,27.100000381469727,61177800
16.860820770263672,27.360000610351562,27.549999237060547,27.190000534057617,27.489999771118164,76856400
16.749893188476562,27.18000030517578,27.43000030517578,26.969999313354492,27.15999984741211,43894800
16.731409072875977,27.149999618530273,27.34000015258789,27.010000228881836,27.170000076293945,39609000
16.66361427307129,27.040000915527344,27.15999984741211,27.0,27.139999389648438,19924200
16.768386840820312,27.209999084472656,27.25,27.0,27.049999237060547,12076900
16.92243766784668,27.459999084472656,27.530000686645508,27.15999984741211,27.209999084472656,40426700
16.95942497253418,27.520000457763672,27.549999237060547,27.399999618530273,27.40999984741211,34406600
16.86698341369629,27.3700008392334,27.549999237060547,27.229999542236328,27.420000076293945,42198900
16.916288375854492,27.450000762939453,27.770000457763672,27.329999923706055,27.579999923706055,44487700
17.34149932861328,28.139999389648438,28.18000030517578,27.719999313354492,27.729999542236328,67333700
17.403133392333984,28.239999771118164,28.280000686645508,28.06999969482422,28.190000534057617,46950800
17.384641647338867,28.209999084472656,28.309999465942383,28.010000228881836,28.170000076293945,54298200
17.35382652282715,28.15999984741211,28.479999542236328,28.0,28.389999389648438,58810800
17.045703887939453,27.65999984741211,28.059999465942383,27.59000015258789,28.030000686645508,67079900
16.990236282348633,27.56999969482422,27.729999542236328,27.350000381469727,27.670000076293945,55845200
16.903966903686523,27.43000030517578,27.639999389648438,27.260000228881836,27.549999237060547,51555900
17.07034683227539,27.700000762939453,27.729999542236328,27.469999313354492,27.520000457763672,43907000
16.97174835205078,27.540000915527344,27.719999313354492,27.420000076293945,27.549999237060547,58504100
17.13813591003418,27.809999465942383,27.8799991607666,27.530000686645508,27.709999084472656,63983400
17.316858291625977,28.100000381469727,28.200000762939453,27.93000030517578,27.979999542236328,63068500
17.440099716186523,28.299999237060547,28.299999237060547,27.850000381469727,28.1299991607666,53570600
17.261384963989258,28.010000228881836,28.440000534057617,27.940000534057617,28.360000610351562,78425200
17.5510311126709,28.479999542236328,28.760000228881836,28.219999313354492,28.280000686645508,127259100
17.74822998046875,28.799999237060547,28.829999923706055,28.31999969482422,28.489999771118164,58299600
17.409284591674805,28.25,28.719999313354492,28.219999313354492,28.639999389648438,63196200
17.076507568359375,27.709999084472656,28.440000534057617,27.469999313354492,28.299999237060547,71336000
17.19976234436035,27.90999984741211,27.950000762939453,27.56999969482422,27.809999465942383,63748400
17.039535522460938,27.649999618530273,27.899999618530273,27.549999237060547,27.84000015258789,40528700
16.88547706604004,27.399999618530273,27.799999237060547,27.239999771118164,27.610000610351562,62891800
16.817686080932617,27.290000915527344,27.549999237060547,27.18000030517578,27.399999618530273,47993800
16.64513397216797,27.010000228881836,27.43000030517578,27.010000228881836,27.219999313354492,60648000
16.61431884765625,26.959999084472656,27.170000076293945,26.829999923706055,27.059999465942383,55527500
16.688270568847656,27.079999923706055,27.190000534057617,26.93000030517578,27.030000686645508,47209600
16.577342987060547,26.899999618530273,27.229999542236328,26.850000381469727,27.190000534057617,48108500
16.65129852294922,27.020000457763672,27.149999618530273,26.81999969482422,26.8700008392334,37790600
16.731409072875977,27.149999618530273,27.229999542236328,26.850000381469727,26.969999313354492,51515300
16.608163833618164,26.950000762939453,27.149999618530273,26.93000030517578,27.09000015258789,44537000
16.386306762695312,26.59000015258789,27.059999465942383,26.5,26.979999542236328,67541100
16.6328067779541,26.989999771118164,27.100000381469727,26.59000015258789,26.719999313354492,43477000
16.497236251831055,26.770000457763672,27.110000610351562,26.739999771118164,26.899999618530273,50334700
16.306182861328125,26.459999084472656,26.979999542236328,26.43000030517578,26.920000076293945,61840600
16.373973846435547,26.56999969482422,26.799999237060547,26.5,26.65999984741211,57821900
16.398630142211914,26.610000610351562,26.760000228881836,26.479999542236328,26.729999542236328,50256800
16.56502342224121,26.8799991607666,26.950000762939453,26.549999237060547,26.610000610351562,55426500
16.4540958404541,26.700000762939453,26.989999771118164,26.610000610351562,26.899999618530273,64275700
16.330841064453125,26.5,26.649999618530273,26.40999984741211,26.59000015258789,66602700
16.349328994750977,26.530000686645508,26.6200008392334,26.350000381469727,26.469999313354492,58266500
16.4540958404541,26.700000762939453,26.719999313354492,26.5,26.6299991607666,51912300
16.26304817199707,26.389999389648438,26.690000534057617,26.350000381469727,26.610000610351562,66331000
16.25072479248047,26.3700008392334,26.549999237060547,26.219999313354492,26.350000381469727,54998700
16.25072479248047,26.3700008392334,26.420000076293945,26.209999084472656,26.329999923706055,44023200
16.238401412963867,26.350000381469727,26.600000381469727,26.200000762939453,26.229999542236328,59849800
15.917943000793457,25.829999923706055,26.350000381469727,25.809999465942383,26.309999465942383,69367800
15.850151062011719,25.719999313354492,25.969999313354492,25.540000915527344,25.799999237060547,81111700
15.634475708007812,25.3700008392334,25.799999237060547,25.350000381469727,25.649999618530273,75155800
15.461912155151367,25.09000015258789,25.780000686645508,25.06999969482422,25.18000030517578,90536300
15.640629768371582,25.3799991607666,25.510000228881836,25.229999542236328,25.3799991607666,64137100
15.50505542755127,25.15999984741211,25.43000030517578,25.059999465942383,25.299999237060547,68835300
15.517377853393555,25.18000030517578,25.3700008392334,25.100000381469727,25.260000228881836,65453800
15.486563682556152,25.1299991607666,25.459999084472656,25.110000610351562,25.25,56241400
15.338666915893555,24.889999389648438,25.030000686645508,24.579999923706055,24.959999084472656,123231000
15.17843246459961,24.6299991607666,24.940000534057617,24.559999465942383,24.770000457763672,86281600
15.0983247756958,24.5,24.84000015258789,24.010000228881836,24.479999542236328,127605200
14.882633209228516,24.149999618530273,24.65999984741211,24.110000610351562,24.649999618530273,91696300
15.042861938476562,24.40999984741211,24.579999923706055,24.18000030517578,24.3799991607666,97584700
15.523542404174805,25.190000534057617,25.239999771118164,24.579999923706055,24.600000381469727,85677900
15.42494010925293,25.030000686645508,25.510000228881836,25.0,25.110000610351562,61584900
15.597493171691895,25.309999465942383,25.399999618530273,25.0,25.25,51881600
15.529705047607422,25.200000762939453,25.329999923706055,25.030000686645508,25.209999084472656,59010400
15.36331558227539,24.93000030517578,25.200000762939453,24.8700008392334,25.200000762939453,70533200
15.455758094787598,25.079999923706055,25.110000610351562,24.850000381469727,24.950000762939453,69051900
15.930280685424805,25.850000381469727,25.899999618530273,25.440000534057617,25.479999542236328,98043800
15.991903305053711,25.950000762939453,25.979999542236328,25.729999542236328,25.809999465942383,53800300
15.899459838867188,25.799999237060547,25.899999618530273,25.65999984741211,25.770000457763672,48992000
15.770049095153809,25.59000015258789,25.780000686645508,25.350000381469727,25.739999771118164,63268900
15.702251434326172,25.479999542236328,25.850000381469727,25.360000610351562,25.81999969482422,45294600
15.782356262207031,25.610000610351562,25.739999771118164,25.43000030517578,25.479999542236328,38786800
15.6837739944458,25.450000762939453,25.770000457763672,25.40999984741211,25.68000030517578,56971500
15.720747947692871,25.510000228881836,25.68000030517578,25.3799991607666,25.389999389648438,61079600
15.542028427124023,25.219999313354492,25.729999542236328,25.100000381469727,25.530000686645508,73756900
15.50505542755127,25.15999984741211,25.399999618530273,25.110000610351562,25.329999923706055,51768600
15.733078956604004,25.530000686645508,25.600000381469727,25.059999465942383,25.079999923706055,44592100
15.609819412231445,25.329999923706055,25.8799991607666,25.280000686645508,25.649999618530273,59902600
15.6837739944458,25.450000762939453,25.489999771118164,25.200000762939453,25.360000610351562,49252000
15.991903305053711,25.950000762939453,25.989999771118164,25.469999313354492,25.510000228881836,99207700
16.97174835205078,27.540000915527344,27.719999313354492,27.34000015258789,27.399999618530273,258269000
16.786869049072266,27.239999771118164,27.549999237060547,27.100000381469727,27.450000762939453,89391000
16.77454376220703,27.219999313354492,27.3700008392334,27.1299991607666,27.15999984741211,80716800
16.367813110351562,26.559999465942383,27.049999237060547,26.469999313354492,27.010000228881836,72842200
16.318517684936523,26.479999542236328,26.940000534057617,26.309999465942383,26.510000228881836,77787300
16.102825164794922,26.1299991607666,26.75,25.959999084472656,26.59000015258789,66172200
16.238401412963867,26.350000381469727,26.520000457763672,26.190000534057617,26.190000534057617,65916200
16.226076126098633,26.329999923706055,26.540000915527344,26.020000457763672,26.350000381469727,55496400
16.207582473754883,26.299999237060547,26.600000381469727,26.25,26.31999969482422,51841700
16.096662521362305,26.1200008392334,26.34000015258789,26.030000686645508,26.15999984741211,62693900
15.88713550567627,25.780000686645508,26.3799991607666,25.75,26.030000686645508,68290200
15.979578971862793,25.93000030517578,26.049999237060547,25.6200008392334,25.6299991607666,64621400
15.985739707946777,25.940000534057617,26.110000610351562,25.790000915527344,26.09000015258789,57917200
15.985739707946777,25.940000534057617,26.0,25.43000030517578,25.8700008392334,64145600
16.084331512451172,26.100000381469727,26.190000534057617,25.790000915527344,25.81999969482422,63861500
15.936443328857422,25.860000610351562,26.170000076293945,25.639999389648438,26.0,43775300
15.739232063293457,25.540000915527344,25.790000915527344,25.420000076293945,25.469999313354492,55149600
15.917943000793457,25.829999923706055,25.969999313354492,25.639999389648438,25.700000762939453,58158600
15.788536071777344,25.6200008392334,26.270000457763672,25.6200008392334,26.030000686645508,60052800
15.85632038116455,25.729999542236328,25.8700008392334,25.59000015258789,25.75,52089900
15.954924583435059,25.889999389648438,26.200000762939453,25.780000686645508,25.969999313354492,57809300
15.874809265136719,25.760000228881836,26.170000076293945,25.739999771118164,26.049999237060547,56250500
16.084331512451172,26.100000381469727,26.190000534057617,25.600000381469727,25.709999084472656,66615000
16.108985900878906,26.139999389648438,26.149999618530273,25.850000381469727,25.989999771118164,50306900
16.13980484008789,26.190000534057617,26.190000534057617,25.920000076293945,26.15999984741211,49071900
16.16444969177246,26.229999542236328,26.350000381469727,26.020000457763672,26.139999389648438,37393000
16.090497970581055,26.110000610351562,26.270000457763672,25.8700008392334,26.1299991607666,48369500
16.102825164794922,26.1299991607666,26.280000686645508,26.010000228881836,26.1200008392334,54020000
15.954924583435059,25.889999389648438,26.1299991607666,25.860000610351562,26.049999237060547,45933100
15.991903305053711,25.950000762939453,26.239999771118164,25.940000534057617,26.030000686645508,48815300
16.287702560424805,26.43000030517578,26.43000030517578,25.969999313354492,26.020000457763672,65218600
16.39246940612793,26.600000381469727,26.649999618530273,26.239999771118164,26.280000686645508,58447700
16.312355041503906,26.469999313354492,26.649999618530273,26.399999618530273,26.399999618530273,50385500
16.497236251831055,26.770000457763672,26.790000915527344,26.3799991607666,26.3799991607666,48109200
16.577342987060547,26.899999618530273,26.899999618530273,26.530000686645508,26.549999237060547,67377500
16.891633987426758,27.40999984741211,27.600000381469727,26.969999313354492,26.989999771118164,114183400
16.83616828918457,27.31999969482422,27.5,27.149999618530273,27.34000015258789,67431100
17.113492965698242,27.770000457763672,27.920000076293945,27.290000915527344,27.309999465942383,105427500
17.470918655395508,28.350000381469727,28.5,27.700000762939453,27.770000457763672,134218700
17.470918655395508,28.350000381469727,28.65999984741211,28.1200008392334,28.219999313354492,116881700
17.433929443359375,28.290000915527344,28.350000381469727,27.809999465942383,28.149999618530273,98932000
17.440099716186523,28.299999237060547,28.3799991607666,28.0,28.200000762939453,58558400
17.495576858520508,28.389999389648438,28.649999618530273,28.360000610351562,28.479999542236328,65503800
17.606502532958984,28.56999969482422,28.6299991607666,28.25,28.479999542236328,71136500
17.42778205871582,28.280000686645508,28.75,28.170000076293945,28.600000381469727,77024100
17.563365936279297,28.5,28.579999923706055,28.18000030517578,28.18000030517578,55371700
17.60033416748047,28.559999465942383,28.799999237060547,28.389999389648438,28.56999969482422,83544400
17.643463134765625,28.6299991607666,28.84000015258789,28.260000228881836,28.700000762939453,78441400
17.606502532958984,28.56999969482422,28.68000030517578,28.399999618530273,28.6200008392334,36690100
17.267549514770508,28.020000457763672,28.329999923706055,27.940000534057617,28.31999969482422,69158900
17.316858291625977,28.100000381469727,28.31999969482422,27.549999237060547,27.670000076293945,66255700
17.03337860107422,27.639999389648438,28.149999618530273,27.549999237060547,27.8799991607666,59125100
17.1689510345459,27.860000610351562,28.0,27.639999389648438,27.780000686645508,50249300
17.18744659423828,27.889999389648438,28.0,27.59000015258789,27.670000076293945,45757300
17.008724212646484,27.600000381469727,27.950000762939453,27.600000381469727,27.90999984741211,43274100
17.335336685180664,28.1299991607666,28.360000610351562,27.34000015258789,27.399999618530273,87656300
17.17511558532715,27.8700008392334,28.200000762939453,27.799999237060547,28.049999237060547,46759700
16.934772491455078,27.479999542236328,28.200000762939453,27.25,28.18000030517578,66406300
17.224414825439453,27.950000762939453,28.260000228881836,27.600000381469727,27.6200008392334,60354500
17.452428817749023,28.31999969482422,28.479999542236328,27.850000381469727,28.0,89010700
17.785213470458984,28.860000610351562,29.889999389648438,28.809999465942383,29.889999389648438,201518000
17.871484756469727,29.0,29.299999237060547,28.829999923706055,29.06999969482422,124640700
17.273717880249023,28.030000686645508,28.399999618530273,28.020000457763672,28.3799991607666,97372700
17.661958694458008,28.65999984741211,28.709999084472656,28.200000762939453,28.360000610351562,72387600
17.526382446289062,28.440000534057617,28.760000228881836,28.1299991607666,28.700000762939453,72968400
17.61264991760254,28.579999923706055,28.790000915527344,28.280000686645508,28.34000015258789,62718800
17.5510311126709,28.479999542236328,28.799999237060547,28.25,28.780000686645508,60148400
17.55718994140625,28.489999771118164,28.809999465942383,28.329999923706055,28.450000762939453,59552900
17.5756893157959,28.520000457763672,28.549999237060547,28.15999984741211,28.270000457763672,52267000
17.29836654663086,28.06999969482422,28.420000076293945,28.0,28.3799991607666,53990900
17.29220199584961,28.059999465942383,28.200000762939453,27.989999771118164,28.010000228881836,46217900
16.965587615966797,27.530000686645508,28.209999084472656,27.520000457763672,28.15999984741211,55591700
16.725242614746094,27.139999389648438,27.860000610351562,27.059999465942383,27.3799991607666,75628000
16.749893188476562,27.18000030517578,27.280000686645508,27.100000381469727,27.260000228881836,51877500
17.08266830444336,27.719999313354492,27.75,27.25,27.299999237060547,57632700
16.891633987426758,27.40999984741211,27.510000228881836,27.200000762939453,27.389999389648438,53097300
16.56502342224121,26.8799991607666,27.309999465942383,26.860000610351562,27.229999542236328,50279700
16.65129852294922,27.020000457763672,27.25,26.979999542236328,27.010000228881836,43333200
16.694433212280273,27.09000015258789,27.200000762939453,26.959999084472656,27.030000686645508,54347200
16.669780731201172,27.049999237060547,27.3799991607666,26.979999542236328,27.219999313354492,56879700
16.92243766784668,27.459999084472656,27.5,26.889999389648438,26.93000030517578,58844000
16.712919235229492,27.1200008392334,27.450000762939453,27.010000228881836,27.350000381469727,46293000
16.762226104736328,27.200000762939453,27.3700008392334,27.040000915527344,27.1299991607666,46494800
16.83639907836914,27.239999771118164,27.329999923706055,27.1200008392334,27.270000457763672,39572200
16.83639907836914,27.239999771118164,27.459999084472656,27.09000015258789,27.399999618530273,40835300
17.027997970581055,27.549999237060547,27.670000076293945,27.18000030517578,27.209999084472656,53512700
16.96001434326172,27.440000534057617,27.600000381469727,27.389999389648438,27.459999084472656,35465500
16.972360610961914,27.459999084472656,27.649999618530273,27.450000762939453,27.5,33248700
16.873472213745117,27.299999237060547,27.389999389648438,26.850000381469727,27.299999237060547,36679600
16.873472213745117,27.299999237060547,27.31999969482422,27.049999237060547,27.290000915527344,52106700
16.929107666015625,27.389999389648438,27.520000457763672,27.139999389648438,27.229999542236328,48507500
17.071266174316406,27.6200008392334,27.68000030517578,27.350000381469727,27.399999618530273,42161700
16.756040573120117,27.110000610351562,27.6200008392334,27.100000381469727,27.459999084472656,46174400
16.91055679321289,27.360000610351562,27.3799991607666,27.15999984741211,27.290000915527344,44893400
16.848751068115234,27.260000228881836,27.469999313354492,27.139999389648438,27.299999237060547,53278100
16.861112594604492,27.280000686645508,27.469999313354492,27.18000030517578,27.299999237060547,56904700
16.99091339111328,27.489999771118164,27.510000228881836,27.18000030517578,27.34000015258789,52664500
16.842567443847656,27.25,27.56999969482422,26.739999771118164,27.530000686645508,48239200
16.96001434326172,27.440000534057617,27.510000228881836,27.270000457763672,27.3700008392334,55920000
16.805484771728516,27.190000534057617,27.399999618530273,27.139999389648438,27.360000610351562,52605700
16.848751068115234,27.260000228881836,27.350000381469727,27.170000076293945,27.219999313354492,35951500
17.00326919555664,27.510000228881836,27.530000686645508,27.260000228881836,27.389999389648438,65283000
17.00326919555664,27.510000228881836,27.649999618530273,27.329999923706055,27.440000534057617,51513600
16.848751068115234,27.260000228881836,27.530000686645508,27.25,27.450000762939453,73874400
16.762224197387695,27.1200008392334,27.739999771118164,27.06999969482422,27.280000686645508,68409000
16.904375076293945,27.350000381469727,27.389999389648438,27.170000076293945,27.190000534057617,52155800
16.867294311523438,27.290000915527344,27.459999084472656,27.190000534057617,27.389999389648438,49859800
16.805484771728516,27.190000534057617,27.31999969482422,27.1299991607666,27.170000076293945,47813600
16.854930877685547,27.270000457763672,27.360000610351562,27.040000915527344,27.209999084472656,62055100
17.046539306640625,27.579999923706055,27.690000534057617,27.229999542236328,27.260000228881836,61529300
17.089797973632812,27.649999618530273,27.790000915527344,27.520000457763672,27.59000015258789,71218000
17.46064567565918,28.25,28.31999969482422,27.780000686645508,27.81999969482422,66302800
17.380298614501953,28.1200008392334,28.459999084472656,28.06999969482422,28.440000534057617,62016200
17.540992736816406,28.3799991607666,28.450000762939453,28.100000381469727,28.149999618530273,58017700
17.633712768554688,28.530000686645508,28.549999237060547,28.229999542236328,28.389999389648438,56999600
17.41119956970215,28.170000076293945,28.59000015258789,28.15999984741211,28.540000915527344,38401500
17.299951553344727,27.989999771118164,28.329999923706055,27.969999313354492,28.100000381469727,49556600
17.34320831298828,28.059999465942383,28.219999313354492,27.93000030517578,28.200000762939453,44691000
17.324663162231445,28.030000686645508,28.15999984741211,27.809999465942383,27.829999923706055,56412900
17.324663162231445,28.030000686645508,28.270000457763672,27.940000534057617,28.190000534057617,49500700
17.182514190673828,27.799999237060547,28.15999984741211,27.799999237060547,28.040000915527344,41548700
17.299951553344727,27.989999771118164,28.239999771118164,27.81999969482422,27.969999313354492,49828500
17.559541702270508,28.40999984741211,28.450000762939453,27.979999542236328,28.06999969482422,50350700
17.41738510131836,28.18000030517578,28.59000015258789,28.170000076293945,28.530000686645508,57026500
17.738780975341797,28.700000762939453,28.75,28.1200008392334,28.219999313354492,69078100
17.65224838256836,28.559999465942383,28.889999389648438,28.469999313354492,28.809999465942383,94988500
17.145427703857422,27.739999771118164,28.34000015258789,27.579999923706055,28.299999237060547,101912800
17.07744026184082,27.6299991607666,27.770000457763672,27.549999237060547,27.670000076293945,61529500
17.24431610107422,27.899999618530273,27.899999618530273,27.6299991607666,27.709999084472656,76966600
17.398839950561523,28.149999618530273,28.350000381469727,27.579999923706055,27.860000610351562,72392600
17.31230354309082,28.010000228881836,28.540000915527344,27.899999618530273,28.110000610351562,63059600
17.28759002685547,27.969999313354492,28.149999618530273,27.799999237060547,28.1200008392334,80010100
17.355571746826172,28.079999923706055,28.280000686645508,27.959999084472656,28.15999984741211,72930900
17.454465866088867,28.239999771118164,28.469999313354492,28.030000686645508,28.260000228881836,89417100
17.596628189086914,28.469999313354492,28.649999618530273,28.309999465942383,28.649999618530273,79666700
17.9242000579834,29.0,29.0,28.3799991607666,28.3799991607666,87867700
18.115806579589844,29.309999465942383,29.360000610351562,29.030000686645508,29.209999084472656,95337700
18.09726333618164,29.280000686645508,29.479999542236328,29.1299991607666,29.18000030517578,112802100
18.40012550354004,29.770000457763672,29.889999389648438,29.350000381469727,29.43000030517578,100401000
18.37540054321289,29.729999542236328,30.0,29.690000534057617,29.920000076293945,84097700
18.52992057800293,29.979999542236328,30.079999923706055,29.81999969482422,29.889999389648438,87358900
18.52373695373535,29.969999313354492,30.200000762939453,29.799999237060547,30.15999984741211,162269000
18.86817169189453,27.389999389648438,27.5,27.200000762939453,27.34000015258789,104468000
18.68217658996582,27.1200008392334,27.34000015258789,27.049999237060547,27.329999923706055,64522600
18.716615676879883,27.170000076293945,27.350000381469727,27.059999465942383,27.25,58830700
18.647735595703125,27.06999969482422,27.170000076293945,27.0,27.1299991607666,63249900
18.503068923950195,26.860000610351562,27.06999969482422,26.84000015258789,27.030000686645508,85808600
18.3583984375,26.649999618530273,26.81999969482422,26.100000381469727,26.75,92410800
18.275747299194336,26.530000686645508,26.700000762939453,26.399999618530273,26.520000457763672,70459700
18.351520538330078,26.639999389648438,26.729999542236328,26.399999618530273,26.6200008392334,60069200
18.323965072631836,26.600000381469727,26.81999969482422,26.549999237060547,26.559999465942383,24398700
18.44107437133789,26.770000457763672,26.950000762939453,26.610000610351562,26.639999389648438,67079900
18.468618392944336,26.809999465942383,27.010000228881836,26.700000762939453,26.75,75960400
18.7717227935791,27.25,27.280000686645508,26.809999465942383,26.950000762939453,99889000
18.661510467529297,27.09000015258789,27.399999618530273,26.920000076293945,27.270000457763672,96088300
18.757949829101562,27.229999542236328,27.440000534057617,27.139999389648438,27.15999984741211,76498400
18.82684898376465,27.329999923706055,27.440000534057617,27.06999969482422,27.100000381469727,55297400
18.647735595703125,27.06999969482422,27.3799991607666,27.0,27.260000228881836,111656000
18.847505569458008,27.360000610351562,27.360000610351562,26.90999984741211,27.010000228881836,95655000
18.757949829101562,27.229999542236328,27.360000610351562,26.940000534057617,27.1299991607666,83006000
18.654619216918945,27.079999923706055,27.18000030517578,27.040000915527344,27.079999923706055,70949200
18.7717227935791,27.25,27.280000686645508,26.90999984741211,27.100000381469727,93812500
18.757949829101562,27.229999542236328,27.329999923706055,27.040000915527344,27.049999237060547,127843200
18.675296783447266,27.110000610351562,27.399999618530273,27.06999969482422,27.219999313354492,106303900
18.709732055664062,27.15999984741211,27.280000686645508,27.010000228881836,27.149999618530273,88997500
18.571956634521484,26.959999084472656,27.31999969482422,26.799999237060547,27.0,126184400
18.5650691986084,26.950000762939453,27.149999618530273,26.889999389648438,27.010000228881836,85552800
18.647735595703125,27.06999969482422,27.170000076293945,26.940000534057617,27.0,94646100
18.578857421875,26.969999313354492,27.149999618530273,26.780000686645508,26.84000015258789,63651900
18.606393814086914,27.010000228881836,27.149999618530273,26.829999923706055,26.8700008392334,65801900
18.496183395385742,26.850000381469727,27.100000381469727,26.81999969482422,27.010000228881836,55958500
18.5650691986084,26.950000762939453,27.030000686645508,26.799999237060547,26.850000381469727,55075900
18.530628204345703,26.899999618530273,27.0,26.81999969482422,26.850000381469727,47594900
18.43419075012207,26.760000228881836,26.940000534057617,26.75,26.889999389648438,48355400
18.406633377075195,26.719999313354492,26.899999618530273,26.68000030517578,26.75,54959500
18.420406341552734,26.739999771118164,26.950000762939453,26.649999618530273,26.799999237060547,65002900
18.489295959472656,26.84000015258789,27.100000381469727,26.65999984741211,26.8700008392334,109442100
18.447959899902344,26.780000686645508,27.100000381469727,26.760000228881836,26.84000015258789,72463500
18.42729377746582,26.75,27.059999465942383,26.639999389648438,26.850000381469727,76890500
18.372188568115234,26.670000076293945,26.889999389648438,26.6200008392334,26.81999969482422,68723300
18.46173667907715,26.799999237060547,26.860000610351562,26.540000915527344,26.600000381469727,70376600
18.41352081298828,26.729999542236328,26.81999969482422,26.610000610351562,26.690000534057617,64712000
18.447959899902344,26.780000686645508,26.850000381469727,26.6200008392334,26.770000457763672,72940600
18.096633911132812,26.270000457763672,26.799999237060547,26.15999984741211,26.68000030517578,89861600
17.993310928344727,26.1200008392334,26.450000762939453,26.040000915527344,26.399999618530273,92180800
18.13108253479004,26.31999969482422,26.350000381469727,25.84000015258789,26.030000686645508,69146400
17.89686393737793,25.979999542236328,26.260000228881836,25.920000076293945,26.209999084472656,58114100
17.8142032623291,25.860000610351562,26.100000381469727,25.739999771118164,25.84000015258789,58380100
17.66952896118164,25.649999618530273,26.1299991607666,25.639999389648438,25.950000762939453,76501000
17.68332290649414,25.670000076293945,26.0,25.639999389648438,25.760000228881836,69010900
17.92442512512207,26.020000457763672,26.190000534057617,25.75,25.760000228881836,67580700
17.91752815246582,26.010000228881836,26.170000076293945,25.899999618530273,26.06999969482422,64974500
17.986417770385742,26.110000610351562,26.15999984741211,25.850000381469727,25.950000762939453,93204100
18.03464126586914,26.18000030517578,26.649999618530273,25.959999084472656,26.540000915527344,110466500
18.103525161743164,26.280000686645508,26.520000457763672,26.15999984741211,26.350000381469727,71442100
18.179304122924805,26.389999389648438,26.43000030517578,26.219999313354492,26.25,57981700
18.227519989013672,26.459999084472656,26.5,26.280000686645508,26.420000076293945,79329500
18.03464126586914,26.18000030517578,26.399999618530273,26.100000381469727,26.3700008392334,62545400
18.13108253479004,26.31999969482422,26.3700008392334,26.139999389648438,26.170000076293945,61246500
18.020858764648438,26.15999984741211,26.299999237060547,26.059999465942383,26.270000457763672,57763400
18.075969696044922,26.239999771118164,26.34000015258789,26.15999984741211,26.190000534057617,61343700
17.958864212036133,26.06999969482422,26.309999465942383,26.040000915527344,26.25,77874800
17.95197296142578,26.059999465942383,26.1299991607666,26.0,26.100000381469727,71796400
17.889976501464844,25.969999313354492,26.1200008392334,25.809999465942383,26.030000686645508,83835900
17.91752815246582,26.010000228881836,26.1200008392334,25.90999984741211,25.93000030517578,58694000
17.91752815246582,25.93000030517578,26.079999923706055,25.860000610351562,26.0,76551600
17.820791244506836,25.790000915527344,25.93000030517578,25.670000076293945,25.8700008392334,57506600
17.724050521850586,25.649999618530273,25.860000610351562,25.600000381469727,25.709999084472656,67024800
17.606584548950195,25.479999542236328,25.649999618530273,25.399999618530273,25.639999389648438,77091100
17.4338321685791,25.229999542236328,25.489999771118164,25.200000762939453,25.25,96419200
17.413101196289062,25.200000762939453,25.350000381469727,25.170000076293945,25.239999771118164,83689400
17.53057289123535,25.3700008392334,25.440000534057617,25.149999618530273,25.18000030517578,85236300
17.447654724121094,25.25,25.3799991607666,25.149999618530273,25.329999923706055,62467700
17.385473251342773,25.15999984741211,25.3700008392334,25.1299991607666,25.219999313354492,82728000
17.4683837890625,25.280000686645508,25.40999984741211,25.1299991607666,25.190000534057617,56394800
17.454565048217773,25.260000228881836,25.479999542236328,25.15999984741211,25.190000534057617,67739000
17.392370223999023,25.170000076293945,25.309999465942383,25.139999389648438,25.299999237060547,52183600
17.392370223999023,25.170000076293945,25.299999237060547,25.1299991607666,25.209999084472656,63058200
17.59967613220215,25.469999313354492,25.790000915527344,25.15999984741211,25.170000076293945,80407400
17.55130958557129,25.399999618530273,25.6200008392334,25.34000015258789,25.399999618530273,52871800
17.48910903930664,25.309999465942383,25.56999969482422,25.280000686645508,25.389999389648438,62991800
17.57202911376953,25.43000030517578,25.479999542236328,25.25,25.43000030517578,59132900
17.337093353271484,25.09000015258789,25.479999542236328,25.059999465942383,25.450000762939453,60617900
17.350910186767578,25.110000610351562,25.149999618530273,24.959999084472656,25.079999923706055,65550500
17.21271514892578,24.90999984741211,25.239999771118164,24.889999389648438,25.100000381469727,71469400
17.019235610961914,24.6299991607666,24.969999313354492,24.559999465942383,24.81999969482422,74841400
16.957048416137695,24.540000915527344,24.68000030517578,24.530000686645508,24.639999389648438,60573200
16.79812240600586,24.309999465942383,24.90999984741211,24.280000686645508,24.530000686645508,135904000
16.722108840942383,24.200000762939453,24.360000610351562,24.149999618530273,24.350000381469727,71446200
16.577001571655273,23.989999771118164,24.270000457763672,23.959999084472656,24.190000534057617,102113300
16.70829200744629,24.18000030517578,24.389999389648438,23.959999084472656,23.989999771118164,79293300
16.77738380432129,24.280000686645508,24.469999313354492,24.200000762939453,24.239999771118164,78820900
16.722108840942383,24.200000762939453,24.469999313354492,24.18000030517578,24.399999618530273,49802000
16.528623580932617,23.920000076293945,24.239999771118164,23.81999969482422,24.139999389648438,74231700
16.694467544555664,24.15999984741211,24.190000534057617,24.0,24.040000915527344,59585700
16.701383590698242,24.170000076293945,24.309999465942383,24.1200008392334,24.25,62382300
16.666824340820312,24.1200008392334,24.350000381469727,24.100000381469727,24.239999771118164,64619600
16.742839813232422,24.229999542236328,24.260000228881836,23.940000534057617,24.110000610351562,62196400
16.90868377685547,24.469999313354492,24.5,24.1200008392334,24.219999313354492,73549600
17.046876907348633,24.670000076293945,24.940000534057617,24.450000762939453,24.469999313354492,78020200
17.34400749206543,25.100000381469727,25.1299991607666,24.6299991607666,24.65999984741211,77451500
17.233444213867188,24.940000534057617,25.25,24.90999984741211,25.06999969482422,47956300
17.25417137145996,24.969999313354492,25.110000610351562,24.860000610351562,25.030000686645508,47791800
17.496017456054688,25.31999969482422,25.350000381469727,24.799999237060547,24.920000076293945,67517800
17.30254554748535,25.040000915527344,25.450000762939453,24.989999771118164,25.229999542236328,60929300
17.164342880249023,24.84000015258789,25.139999389648438,24.829999923706055,25.010000228881836,66754400
16.901769638061523,24.459999084472656,24.899999618530273,24.40999984741211,24.579999923706055,100251600
17.033065795898438,24.649999618530273,24.84000015258789,24.399999618530273,24.450000762939453,75766400
17.019235610961914,24.6299991607666,24.799999237060547,24.450000762939453,24.709999084472656,65956200
16.805030822753906,24.31999969482422,24.700000762939453,24.299999237060547,24.65999984741211,91923500
17.4683837890625,25.280000686645508,25.389999389648438,24.469999313354492,24.479999542236328,93562300
17.261083602905273,24.979999542236328,25.25,24.780000686645508,25.049999237060547,80087500
17.267995834350586,24.989999771118164,25.280000686645508,24.860000610351562,25.06999969482422,75457900
17.109067916870117,24.760000228881836,25.25,24.739999771118164,24.950000762939453,60464300
17.267995834350586,24.989999771118164,25.149999618530273,24.6299991607666,24.65999984741211,47732800
16.894859313964844,24.450000762939453,24.920000076293945,24.440000534057617,24.81999969482422,83623100
17.482202529907227,25.299999237060547,25.299999237060547,24.790000915527344,24.8799991607666,98641200
17.4338321685791,25.229999542236328,25.360000610351562,24.950000762939453,25.229999542236328,54376700
17.523662567138672,25.360000610351562,25.399999618530273,25.09000015258789,25.1299991607666,67867800
17.420013427734375,25.209999084472656,25.399999618530273,25.110000610351562,25.34000015258789,86864200
17.4338321685791,25.229999542236328,25.329999923706055,25.079999923706055,25.200000762939453,59362300
17.426925659179688,25.219999313354492,25.479999542236328,25.190000534057617,25.329999923706055,64322600
17.350910186767578,25.110000610351562,25.329999923706055,25.049999237060547,25.229999542236328,61872400
17.205806732177734,24.899999618530273,25.079999923706055,24.81999969482422,25.040000915527344,62235100
17.21271514892578,24.90999984741211,24.969999313354492,24.639999389648438,24.889999389648438,59463300
17.27490997314453,25.0,25.110000610351562,24.829999923706055,24.84000015258789,74540700
17.482202529907227,25.299999237060547,25.3799991607666,24.989999771118164,25.030000686645508,77204300
17.669370651245117,25.489999771118164,25.5,25.190000534057617,25.229999542236328,50577300
17.648563385009766,25.459999084472656,25.5,25.25,25.309999465942383,39983200
17.81493377685547,25.700000762939453,25.84000015258789,25.420000076293945,25.5,71182400
17.967430114746094,25.920000076293945,26.049999237060547,25.700000762939453,25.75,52120800
17.842670440673828,25.739999771118164,25.920000076293945,25.729999542236328,25.8799991607666,64444500
17.918909072875977,25.850000381469727,26.06999969482422,25.739999771118164,25.739999771118164,75421100
17.849590301513672,25.75,25.8799991607666,25.719999313354492,25.799999237060547,61287700
17.821870803833008,25.709999084472656,25.770000457763672,25.5,25.68000030517578,35749000
17.953571319580078,25.899999618530273,26.0,25.729999542236328,25.75,50579200
18.071414947509766,26.06999969482422,26.09000015258789,25.809999465942383,25.829999923706055,54978000
17.884254455566406,25.799999237060547,26.030000686645508,25.75,25.989999771118164,46131100
17.89118194580078,25.809999465942383,26.0,25.610000610351562,25.729999542236328,54621000
17.877321243286133,25.790000915527344,25.860000610351562,25.639999389648438,25.709999084472656,27212500
17.627769470214844,25.43000030517578,25.809999465942383,25.34000015258789,25.700000762939453,79659500
17.586177825927734,25.3700008392334,25.5,25.309999465942383,25.3799991607666,40756900
17.683231353759766,25.510000228881836,25.829999923706055,25.309999465942383,25.329999923706055,54511400
17.606983184814453,25.399999618530273,25.6200008392334,25.34000015258789,25.549999237060547,45369700
17.683231353759766,25.510000228881836,25.610000610351562,25.350000381469727,25.399999618530273,52767900
17.627769470214844,25.43000030517578,25.520000457763672,25.34000015258789,25.489999771118164,39459800
17.544591903686523,25.309999465942383,25.489999771118164,25.260000228881836,25.360000610351562,49104100
17.57925033569336,25.360000610351562,25.440000534057617,25.239999771118164,25.309999465942383,44243300
17.509925842285156,25.260000228881836,25.40999984741211,25.110000610351562,25.399999618530273,50764800
17.357431411743164,25.040000915527344,25.229999542236328,24.950000762939453,25.219999313354492,65918800
17.357431411743164,25.040000915527344,25.290000915527344,24.920000076293945,25.270000457763672,90821300
17.40595054626465,25.110000610351562,25.280000686645508,24.93000030517578,24.979999542236328,50538900
17.433683395385742,25.149999618530273,25.190000534057617,25.040000915527344,25.079999923706055,81084000
17.37822151184082,25.06999969482422,25.260000228881836,25.030000686645508,25.110000610351562,60492700
17.544591903686523,25.309999465942383,25.6200008392334,25.149999618530273,25.170000076293945,105159800
17.357431411743164,25.040000915527344,25.399999618530273,25.040000915527344,25.219999313354492,57970700
17.364370346069336,25.049999237060547,25.25,25.030000686645508,25.06999969482422,61636200
17.37822151184082,25.06999969482422,25.200000762939453,25.030000686645508,25.09000015258789,53058100
17.392080307006836,25.09000015258789,25.31999969482422,25.0,25.219999313354492,55859900
17.21878433227539,24.84000015258789,25.139999389648438,24.81999969482422,25.059999465942383,82018200
17.128673553466797,24.709999084472656,24.989999771118164,24.670000076293945,24.850000381469727,69718400
17.31583595275879,24.979999542236328,25.190000534057617,24.6200008392334,24.65999984741211,61883500
17.121742248535156,24.700000762939453,25.079999923706055,24.690000534057617,24.969999313354492,64214600
17.08708953857422,24.649999618530273,24.709999084472656,24.5,24.579999923706055,80082900
17.392080307006836,25.09000015258789,25.1200008392334,24.6299991607666,24.639999389648438,56104000
17.530723571777344,25.290000915527344,25.3799991607666,25.110000610351562,25.149999618530273,61525400
17.752538681030273,25.610000610351562,25.6200008392334,25.200000762939453,25.239999771118164,63384800
17.787208557128906,25.65999984741211,25.75,25.479999542236328,25.530000686645508,44749200
18.002098083496094,25.969999313354492,26.100000381469727,25.790000915527344,25.790000915527344,69506800
17.877321243286133,25.790000915527344,26.100000381469727,25.75,26.040000915527344,56472800
17.710954666137695,25.549999237060547,25.790000915527344,25.549999237060547,25.709999084472656,39668000
18.133798599243164,26.15999984741211,26.25,25.75,25.790000915527344,113290100
18.15459442138672,26.190000534057617,26.229999542236328,25.8799991607666,26.0,71424800
18.327899932861328,26.440000534057617,26.479999542236328,26.0,26.299999237060547,112932100
17.801067352294922,25.68000030517578,26.34000015258789,25.6299991607666,25.989999771118164,97558900
17.808002471923828,25.690000534057617,25.899999618530273,25.649999618530273,25.690000534057617,45174600
17.704021453857422,25.540000915527344,25.739999771118164,25.530000686645508,25.719999313354492,51476400
17.82880401611328,25.719999313354492,25.799999237060547,25.530000686645508,25.610000610351562,57977300
17.849590301513672,25.75,25.850000381469727,25.65999984741211,25.75,44738700
17.752538681030273,25.610000610351562,26.0,25.59000015258789,25.780000686645508,59524400
17.967430114746094,25.920000076293945,26.049999237060547,25.760000228881836,25.809999465942383,61346800
18.584369659423828,26.809999465942383,26.899999618530273,25.8700008392334,25.899999618530273,137510100
18.889368057250977,27.25,27.43000030517578,26.729999542236328,26.760000228881836,139422400
18.937894821166992,27.31999969482422,27.5,27.049999237060547,27.15999984741211,91461400
19.242908477783203,27.760000228881836,27.940000534057617,27.25,27.290000915527344,82212400
18.80619239807129,27.1299991607666,27.84000015258789,27.079999923706055,27.799999237060547,77207200
18.958703994750977,27.350000381469727,27.510000228881836,27.010000228881836,27.219999313354492,64761800
18.68141746520996,26.950000762939453,27.5,26.850000381469727,27.40999984741211,62818800
18.903242111206055,27.270000457763672,27.299999237060547,26.889999389648438,26.979999542236328,48646800
18.750732421875,27.049999237060547,27.139999389648438,26.899999618530273,27.079999923706055,52006500
18.86197853088379,27.1299991607666,27.299999237060547,26.690000534057617,26.979999542236328,45976600
18.59082794189453,26.739999771118164,27.139999389648438,26.700000762939453,27.030000686645508,46894600
18.73682975769043,26.950000762939453,27.149999618530273,26.65999984741211,26.81999969482422,52413100
18.646453857421875,26.81999969482422,27.079999923706055,26.799999237060547,26.889999389648438,40861900
18.576919555664062,26.719999313354492,26.90999984741211,26.700000762939453,26.850000381469727,36043500
18.70902442932129,26.90999984741211,27.170000076293945,26.770000457763672,26.790000915527344,41691700
18.68121910095215,26.8700008392334,27.06999969482422,26.739999771118164,26.84000015258789,48296700
18.639497756958008,26.809999465942383,27.15999984741211,26.780000686645508,26.84000015258789,63645000
18.792451858520508,27.030000686645508,27.09000015258789,26.850000381469727,26.899999618530273,39306300
18.750734329223633,26.969999313354492,27.079999923706055,26.8700008392334,27.059999465942383,36774600
18.87587547302246,27.149999618530273,27.229999542236328,26.809999465942383,26.809999465942383,52307700
18.896743774414062,27.18000030517578,27.229999542236328,26.959999084472656,27.059999465942383,55163200
19.035789489746094,27.3799991607666,27.440000534057617,27.040000915527344,27.170000076293945,65210200
18.91065216064453,27.200000762939453,27.389999389648438,27.149999618530273,27.3799991607666,75974500
18.78550148010254,27.020000457763672,27.270000457763672,26.969999313354492,27.209999084472656,52047500
18.77159309387207,27.0,27.290000915527344,26.979999542236328,27.059999465942383,46089000
18.667308807373047,26.850000381469727,27.110000610351562,26.81999969482422,26.940000534057617,44656100
18.50045394897461,26.610000610351562,26.8799991607666,26.520000457763672,26.799999237060547,52552300
18.479595184326172,26.579999923706055,26.81999969482422,26.530000686645508,26.6200008392334,41515800
18.50045394897461,26.610000610351562,26.75,26.520000457763672,26.6200008392334,40550500
18.410064697265625,26.479999542236328,26.760000228881836,26.3700008392334,26.540000915527344,63422900
18.29187774658203,26.309999465942383,26.639999389648438,26.299999237060547,26.520000457763672,54969600
18.26406478881836,26.270000457763672,26.43000030517578,26.219999313354492,26.3700008392334,60357200
18.125017166137695,26.06999969482422,26.399999618530273,25.969999313354492,26.34000015258789,187384300
18.076351165771484,26.0,26.270000457763672,25.860000610351562,26.09000015258789,61832300
17.96510887145996,25.84000015258789,26.219999313354492,25.690000534057617,26.06999969482422,61043400
17.721782684326172,25.489999771118164,25.899999618530273,25.43000030517578,25.799999237060547,68281800
17.61748695373535,25.34000015258789,25.600000381469727,25.149999618530273,25.489999771118164,71314900
17.56882095336914,25.270000457763672,25.540000915527344,25.1200008392334,25.309999465942383,66396800
17.56882095336914,25.270000457763672,25.489999771118164,25.209999084472656,25.399999618530273,56203700
17.61748695373535,25.34000015258789,25.450000762939453,25.299999237060547,25.3700008392334,48797900
17.846927642822266,25.670000076293945,25.8700008392334,25.3799991607666,25.389999389648438,71019400
18.034635543823242,25.940000534057617,26.0,25.5,25.610000610351562,66807100
17.88863182067871,25.729999542236328,25.950000762939453,25.610000610351562,25.90999984741211,57644500
17.728731155395508,25.5,25.729999542236328,25.440000534057617,25.709999084472656,55341300
17.367204666137695,24.979999542236328,25.389999389648438,24.75,25.360000610351562,151666300
17.151676177978516,24.670000076293945,25.049999237060547,24.670000076293945,25.040000915527344,73684700
17.19339942932129,24.729999542236328,24.950000762939453,24.530000686645508,24.65999984741211,81724600
17.096065521240234,24.59000015258789,24.84000015258789,24.520000457763672,24.770000457763672,50768700
17.005674362182617,24.459999084472656,24.68000030517578,24.350000381469727,24.670000076293945,48880900
16.97091293334961,24.40999984741211,24.549999237060547,24.25,24.510000228881836,76567300
16.89443016052246,24.299999237060547,24.700000762939453,24.270000457763672,24.489999771118164,71294400
17.096065521240234,24.59000015258789,24.729999542236328,24.270000457763672,24.309999465942383,70192000
17.151676177978516,24.670000076293945,24.729999542236328,24.5,24.709999084472656,53846700
17.054336547851562,24.530000686645508,24.690000534057617,24.440000534057617,24.68000030517578,46924400
17.0821533203125,24.56999969482422,24.829999923706055,24.450000762939453,24.489999771118164,69328200
17.443687438964844,25.09000015258789,25.09000015258789,24.5,24.559999465942383,66574500
17.23509979248047,24.790000915527344,25.1299991607666,24.739999771118164,25.049999237060547,58830600
17.228153228759766,24.780000686645508,25.0,24.56999969482422,24.90999984741211,69431200
17.45063018798828,25.100000381469727,25.100000381469727,24.68000030517578,24.889999389648438,51868000
17.40196418762207,25.030000686645508,25.1299991607666,24.829999923706055,24.950000762939453,41310500
17.457584381103516,25.110000610351562,25.329999923706055,24.93000030517578,24.969999313354492,58178100
17.276811599731445,24.850000381469727,25.270000457763672,24.850000381469727,25.219999313354492,61566100
17.749595642089844,25.530000686645508,25.600000381469727,25.100000381469727,25.100000381469727,106559300
17.867780685424805,25.700000762939453,25.799999237060547,25.5,25.610000610351562,75122100
18.048542022705078,25.959999084472656,26.100000381469727,25.610000610351562,25.610000610351562,71370400
18.396162033081055,26.459999084472656,26.5,25.93000030517578,25.93000030517578,75067100
18.38225555419922,26.440000534057617,26.639999389648438,26.25,26.600000381469727,73421600
18.53521728515625,26.65999984741211,26.709999084472656,26.450000762939453,26.530000686645508,57464000
18.77854347229004,27.010000228881836,27.079999923706055,26.700000762939453,26.719999313354492,77104800
18.806352615356445,27.049999237060547,27.18000030517578,26.770000457763672,26.940000534057617,60091700
18.7437801361084,26.959999084472656,27.149999618530273,26.940000534057617,26.979999542236328,59562100
18.834165573120117,27.09000015258789,27.149999618530273,26.639999389648438,26.940000534057617,73314800
18.966264724731445,27.280000686645508,27.389999389648438,27.1299991607666,27.149999618530273,51945600
19.028846740722656,27.3700008392334,27.440000534057617,27.200000762939453,27.360000610351562,67152200
19.17526626586914,27.5,27.540000915527344,27.25,27.329999923706055,65081000
19.34261131286621,27.739999771118164,27.8799991607666,27.440000534057617,27.479999542236328,86277000
19.50299644470215,27.969999313354492,28.0,27.760000228881836,27.850000381469727,91351000
19.572708129882812,28.06999969482422,28.25,27.899999618530273,28.1200008392334,75431200
19.63547134399414,28.15999984741211,28.239999771118164,27.84000015258789,28.06999969482422,65794400
19.461149215698242,27.90999984741211,28.079999923706055,27.860000610351562,28.059999465942383,104253300
19.46812629699707,27.920000076293945,28.09000015258789,27.739999771118164,27.920000076293945,70541300
19.356565475463867,27.760000228881836,27.940000534057617,27.469999313354492,27.799999237060547,44082500
19.34958839416504,27.75,27.850000381469727,27.530000686645508,27.790000915527344,57517200
19.3007755279541,27.68000030517578,27.790000915527344,27.600000381469727,27.790000915527344,62220400
19.3007755279541,27.68000030517578,27.770000457763672,27.6299991607666,27.68000030517578,55904700
19.447208404541016,27.889999389648438,28.100000381469727,27.729999542236328,27.729999542236328,61006100
19.5308780670166,28.010000228881836,28.100000381469727,27.790000915527344,27.81999969482422,42319600
19.419315338134766,27.850000381469727,28.020000457763672,27.709999084472656,27.93000030517578,47517300
19.3077449798584,27.690000534057617,27.920000076293945,27.68000030517578,27.899999618530273,65980000
19.34958839416504,27.75,27.75,27.549999237060547,27.670000076293945,55583200
19.3077449798584,27.690000534057617,27.809999465942383,27.600000381469727,27.709999084472656,63931600
19.32169532775879,27.709999084472656,27.829999923706055,27.639999389648438,27.709999084472656,48467000
19.140399932861328,27.450000762939453,27.75,27.329999923706055,27.700000762939453,63757200
18.917274475097656,27.1299991607666,27.43000030517578,27.0,27.290000915527344,104285500
18.88937759399414,27.09000015258789,27.239999771118164,26.850000381469727,27.0,65076200
18.770835876464844,26.920000076293945,27.110000610351562,26.809999465942383,27.079999923706055,79018100
18.75688934326172,26.899999618530273,27.079999923706055,26.809999465942383,26.8799991607666,88542500
18.708080291748047,26.829999923706055,26.8700008392334,26.649999618530273,26.81999969482422,68680100
18.729000091552734,26.860000610351562,26.8799991607666,26.670000076293945,26.760000228881836,62960600
18.63835906982422,26.729999542236328,26.90999984741211,26.709999084472656,26.8700008392334,75800900
18.540733337402344,26.59000015258789,26.780000686645508,26.420000076293945,26.709999084472656,91276900
18.575603485107422,26.639999389648438,26.670000076293945,26.440000534057617,26.520000457763672,30689200
18.450090408325195,26.459999084472656,26.850000381469727,26.450000762939453,26.68000030517578,37819000
18.401277542114258,26.389999389648438,26.65999984741211,26.350000381469727,26.510000228881836,35444400
18.317611694335938,26.270000457763672,26.5,26.260000228881836,26.40999984741211,34495500
18.233922958374023,26.149999618530273,26.309999465942383,26.100000381469727,26.149999618530273,49044600
18.715055465698242,26.84000015258789,27.0,26.100000381469727,26.25,79973000
18.80569839477539,26.969999313354492,27.079999923706055,26.770000457763672,26.770000457763672,57975600
18.81965446472168,26.989999771118164,27.1299991607666,26.90999984741211,26.959999084472656,48245500
18.76387596130371,26.90999984741211,27.0,26.489999771118164,26.889999389648438,100963000
18.729000091552734,26.860000610351562,27.06999969482422,26.760000228881836,26.93000030517578,55625000
18.82662010192871,27.0,27.020000457763672,26.59000015258789,26.649999618530273,64921900
19.028841018676758,27.290000915527344,27.389999389648438,26.899999618530273,27.010000228881836,70120700
18.924240112304688,27.139999389648438,27.260000228881836,26.969999313354492,27.25,45994800
18.959108352661133,27.190000534057617,27.25,27.010000228881836,27.030000686645508,41418000
18.81965446472168,26.989999771118164,27.190000534057617,26.899999618530273,26.899999618530273,58566600
18.708080291748047,26.829999923706055,26.979999542236328,26.700000762939453,26.739999771118164,52376200
18.840574264526367,27.020000457763672,27.239999771118164,26.850000381469727,26.8700008392334,60367600
18.415224075317383,26.40999984741211,27.010000228881836,26.260000228881836,27.010000228881836,79165900
18.373384475708008,26.350000381469727,26.530000686645508,26.299999237060547,26.40999984741211,47925600
18.324583053588867,26.280000686645508,26.450000762939453,26.219999313354492,26.34000015258789,63040700
18.408254623413086,26.399999618530273,26.56999969482422,26.229999542236328,26.40999984741211,59072100
18.477983474731445,26.5,26.719999313354492,26.309999465942383,26.559999465942383,69509300
19.37747573852539,27.790000915527344,27.950000762939453,27.190000534057617,27.229999542236328,134520700
19.523902893066406,28.0,28.18000030517578,27.780000686645508,27.81999969482422,103999200
19.628498077392578,28.149999618530273,28.3799991607666,27.8700008392334,27.90999984741211,94841300
19.551795959472656,28.040000915527344,28.06999969482422,27.760000228881836,27.959999084472656,68448800
19.3007755279541,27.68000030517578,27.989999771118164,27.549999237060547,27.969999313354492,55073400
19.203157424926758,27.540000915527344,27.700000762939453,27.34000015258789,27.479999542236328,75022700
18.945158004760742,27.170000076293945,27.540000915527344,27.09000015258789,27.510000228881836,60170500
18.7847900390625,26.940000534057617,27.149999618530273,26.809999465942383,26.950000762939453,72159500
18.76387596130371,26.90999984741211,27.079999923706055,26.709999084472656,27.010000228881836,51795200
18.589553833007812,26.65999984741211,27.030000686645508,26.649999618530273,26.959999084472656,52861700
18.6104679107666,26.690000534057617,26.889999389648438,26.510000228881836,26.6200008392334,52127000
18.401277542114258,26.389999389648438,26.700000762939453,26.34000015258789,26.6299991607666,46707000
18.582569122314453,26.649999618530273,26.68000030517578,26.350000381469727,26.40999984741211,58432900
18.80646514892578,26.8799991607666,26.93000030517578,26.5,26.600000381469727,62808900
18.75748062133789,26.809999465942383,26.899999618530273,26.56999969482422,26.850000381469727,48868500
18.680526733398438,26.700000762939453,26.809999465942383,26.559999465942383,26.670000076293945,41513200
18.568588256835938,26.540000915527344,26.719999313354492,26.34000015258789,26.719999313354492,50216100
18.694522857666016,26.719999313354492,26.860000610351562,26.469999313354492,26.530000686645508,43043100
18.652538299560547,26.65999984741211,26.889999389648438,26.540000915527344,26.729999542236328,47359100
18.631549835205078,26.6299991607666,26.739999771118164,26.520000457763672,26.59000015258789,44753800
18.925392150878906,27.049999237060547,27.260000228881836,26.670000076293945,26.75,51301500
18.799467086791992,26.8700008392334,27.299999237060547,26.8700008392334,26.950000762939453,65036100
18.988365173339844,27.139999389648438,27.200000762939453,26.950000762939453,26.979999542236328,53061200
18.869436264038086,26.969999313354492,27.100000381469727,26.899999618530273,27.020000457763672,41850300
18.841442108154297,26.93000030517578,27.15999984741211,26.739999771118164,26.809999465942383,45218800
18.82744598388672,26.90999984741211,27.149999618530273,26.829999923706055,26.920000076293945,53054100
18.932397842407227,27.059999465942383,27.100000381469727,26.809999465942383,26.899999618530273,51613900
19.06532096862793,27.25,27.5,26.969999313354492,26.989999771118164,57547400
18.890422821044922,27.0,27.420000076293945,27.0,27.270000457763672,45360700
19.009355545043945,27.170000076293945,27.219999313354492,26.8799991607666,27.059999465942383,41297200
18.967378616333008,27.110000610351562,27.290000915527344,26.940000534057617,27.18000030517578,40342600
19.05133056640625,27.229999542236328,27.3799991607666,26.989999771118164,27.040000915527344,39821800
19.14229393005371,27.360000610351562,27.450000762939453,27.010000228881836,27.200000762939453,57152000
19.079330444335938,27.270000457763672,27.479999542236328,27.219999313354492,27.34000015258789,73793700
19.24024200439453,27.5,27.65999984741211,27.270000457763672,27.350000381469727,120615000
19.513099670410156,27.889999389648438,27.989999771118164,27.670000076293945,27.700000762939453,67094100
19.40814781188965,27.739999771118164,28.219999313354492,27.68000030517578,27.739999771118164,73199600
18.995359420776367,27.149999618530273,27.5,26.799999237060547,27.079999923706055,145696100
18.785463333129883,26.850000381469727,27.100000381469727,26.65999984741211,27.079999923706055,73682900
18.897411346435547,27.010000228881836,27.209999084472656,26.6200008392334,26.709999084472656,69157600
18.897411346435547,27.010000228881836,27.299999237060547,27.0,27.010000228881836,59908600
18.820451736450195,26.899999618530273,27.209999084472656,26.809999465942383,27.010000228881836,58520500
18.90441131591797,27.020000457763672,27.200000762939453,26.920000076293945,26.950000762939453,53150300
19.05133056640625,27.229999542236328,27.389999389648438,27.0,27.030000686645508,54612000
19.037343978881836,27.209999084472656,27.540000915527344,27.209999084472656,27.299999237060547,62190500
19.2822208404541,27.559999465942383,27.729999542236328,27.440000534057617,27.670000076293945,57605300
19.33818817138672,27.639999389648438,27.799999237060547,27.469999313354492,27.600000381469727,45470000
19.40814781188965,27.739999771118164,27.940000534057617,27.639999389648438,27.8799991607666,41539300
19.2822208404541,27.559999465942383,27.719999313354492,27.3700008392334,27.65999984741211,51885500
19.06532096862793,27.25,27.719999313354492,27.229999542236328,27.610000610351562,47249400
19.09331703186035,27.290000915527344,27.440000534057617,27.200000762939453,27.229999542236328,39432000
18.981374740600586,27.1299991607666,27.31999969482422,27.0,27.290000915527344,42953400
19.030357360839844,27.200000762939453,27.200000762939453,26.969999313354492,27.100000381469727,32183000
18.93938636779785,27.06999969482422,27.200000762939453,27.0,27.079999923706055,28160000
18.778474807739258,26.84000015258789,27.049999237060547,26.729999542236328,27.030000686645508,35796200
19.04433250427246,27.219999313354492,27.5,26.81999969482422,26.940000534057617,56272700
18.911401748657227,27.030000686645508,27.190000534057617,26.959999084472656,27.110000610351562,45111100
18.911401748657227,27.030000686645508,27.190000534057617,26.700000762939453,27.049999237060547,45648300
18.995359420776367,27.149999618530273,27.389999389648438,27.0,27.049999237060547,58528000
18.967378616333008,27.110000610351562,27.25,26.979999542236328,27.06999969482422,42318400
18.967378616333008,27.110000610351562,27.209999084472656,27.020000457763672,27.09000015258789,49222500
18.96038818359375,27.100000381469727,27.229999542236328,27.0,27.079999923706055,39190000
19.06532096862793,27.25,27.6299991607666,26.940000534057617,26.969999313354492,96509600
16.896425247192383,24.149999618530273,24.5,24.0,24.229999542236328,591052200
16.9943904876709,24.290000915527344,25.0,24.09000015258789,24.31999969482422,174800900
16.798484802246094,24.010000228881836,25.0,23.899999618530273,24.489999771118164,190533500
16.210773468017578,23.170000076293945,24.020000457763672,23.149999618530273,23.989999771118164,211527100
16.399682998657227,23.440000534057617,23.670000076293945,23.139999389648438,23.350000381469727,171257400
16.651546478271484,23.799999237060547,23.950000762939453,23.520000457763672,23.65999984741211,131604300
16.602577209472656,23.729999542236328,25.0,23.510000228881836,23.850000381469727,80693500
16.52562141418457,23.6200008392334,24.0,23.489999771118164,23.75,75345900
16.630563735961914,23.770000457763672,23.790000915527344,23.59000015258789,23.670000076293945,76563300
16.24576187133789,23.219999313354492,23.790000915527344,23.149999618530273,23.709999084472656,92916700
16.210773468017578,23.170000076293945,23.3700008392334,23.049999237060547,23.139999389648438,83115900
16.259944915771484,23.149999618530273,23.229999542236328,23.030000686645508,23.100000381469727,67314800
16.161611557006836,23.010000228881836,24.0,22.90999984741211,23.15999984741211,82095100
15.964945793151855,22.729999542236328,23.079999923706055,22.729999542236328,22.889999389648438,98598300
16.035179138183594,22.829999923706055,23.139999389648438,22.760000228881836,22.84000015258789,95476400
15.84554672241211,22.559999465942383,22.899999618530273,22.520000457763672,22.790000915527344,100071200
16.070301055908203,22.8799991607666,23.020000457763672,22.450000762939453,22.479999542236328,87322300
16.00709342956543,22.790000915527344,23.3799991607666,22.770000457763672,23.110000610351562,79986300
16.505781173706055,23.5,23.540000915527344,22.979999542236328,22.989999771118164,107356700
16.67434310913086,23.739999771118164,23.920000076293945,23.540000915527344,23.56999969482422,83052700
16.660301208496094,23.719999313354492,23.8799991607666,23.559999465942383,23.770000457763672,46861600
16.259944915771484,23.149999618530273,23.760000228881836,23.139999389648438,23.549999237060547,52497500
15.908759117126465,22.649999618530273,23.350000381469727,22.649999618530273,23.260000228881836,120202000
16.028160095214844,22.81999969482422,22.84000015258789,22.6200008392334,22.739999771118164,80230800
15.986021995544434,22.760000228881836,22.989999771118164,22.670000076293945,22.8700008392334,73935600
15.803398132324219,22.5,22.729999542236328,22.489999771118164,22.719999313354492,63914100
15.5435209274292,22.1299991607666,22.559999465942383,21.979999542236328,22.549999237060547,126601300
15.48031234741211,22.040000915527344,22.389999389648438,22.010000228881836,22.149999618530273,73827500
15.529467582702637,22.110000610351562,22.209999084472656,21.969999313354492,22.030000686645508,104126900
15.396026611328125,21.920000076293945,22.190000534057617,21.889999389648438,22.149999618530273,52573800
15.248519897460938,21.709999084472656,22.100000381469727,21.700000762939453,21.959999084472656,74309700
15.108049392700195,21.510000228881836,22.030000686645508,21.459999084472656,21.729999542236328,113175300
15.367932319641113,21.8799991607666,21.940000534057617,21.549999237060547,21.59000015258789,86081500
15.501375198364258,22.06999969482422,22.1299991607666,21.799999237060547,22.010000228881836,121577300
15.522459030151367,22.100000381469727,22.280000686645508,21.790000915527344,21.969999313354492,147506500
15.838519096374512,22.549999237060547,22.600000381469727,22.1200008392334,22.139999389648438,129640900
15.84554672241211,22.559999465942383,22.760000228881836,22.5,22.540000915527344,90598500
16.21077537536621,23.079999923706055,23.149999618530273,22.530000686645508,22.610000610351562,91660300
16.070301055908203,22.8799991607666,23.170000076293945,22.780000686645508,23.059999465942383,76590600
15.803398132324219,22.5,22.8700008392334,22.5,22.850000381469727,60532600
16.028160095214844,22.81999969482422,22.889999389648438,22.6299991607666,22.649999618530273,53644100
16.056257247924805,22.860000610351562,23.15999984741211,22.84000015258789,22.889999389648438,84759100
16.2669677734375,23.15999984741211,23.25,22.90999984741211,22.959999084472656,71906500
16.484704971313477,23.469999313354492,23.6299991607666,23.219999313354492,23.31999969482422,121395500
16.36530303955078,23.299999237060547,23.649999618530273,23.299999237060547,23.540000915527344,73048800
16.64625358581543,23.700000762939453,23.719999313354492,23.450000762939453,23.530000686645508,25711400
16.400415420532227,23.350000381469727,23.520000457763672,23.299999237060547,23.479999542236328,53093500
16.491724014282227,23.479999542236328,23.610000610351562,23.420000076293945,23.450000762939453,44775200
16.36530303955078,23.299999237060547,23.549999237060547,23.299999237060547,23.389999389648438,63168800
16.505781173706055,23.5,23.65999984741211,23.3799991607666,23.43000030517578,50565100
16.224824905395508,23.100000381469727,23.3700008392334,22.739999771118164,23.3700008392334,88676300
15.901728630065918,22.639999389648438,22.8799991607666,22.6200008392334,22.790000915527344,77379300
15.634831428527832,22.260000228881836,22.610000610351562,22.25,22.3700008392334,73099500
15.655902862548828,22.290000915527344,22.549999237060547,22.229999542236328,22.280000686645508,67499400
15.789351463317871,22.479999542236328,22.610000610351562,22.260000228881836,22.290000915527344,37053500
15.971966743469238,22.739999771118164,22.760000228881836,22.479999542236328,22.59000015258789,65047300
16.435543060302734,23.399999618530273,23.459999084472656,22.719999313354492,22.81999969482422,82188200
16.049224853515625,22.850000381469727,23.450000762939453,22.780000686645508,23.440000534057617,76605200
16.765655517578125,23.8700008392334,24.149999618530273,23.0,24.079999923706055,175483800
16.856958389282227,24.0,24.110000610351562,23.790000915527344,24.010000228881836,59586700
17.011476516723633,24.219999313354492,24.290000915527344,23.899999618530273,24.0,60075800
17.116840362548828,24.3700008392334,24.530000686645508,24.100000381469727,24.1200008392334,54942100
16.765655517578125,23.8700008392334,24.600000381469727,23.770000457763672,24.579999923706055,85386800
17.032562255859375,24.25,24.280000686645508,24.059999465942383,24.079999923706055,51705800
16.899105072021484,24.059999465942383,24.420000076293945,24.010000228881836,24.06999969482422,40254400
16.849933624267578,23.989999771118164,24.200000762939453,23.850000381469727,24.020000457763672,49168700
17.067670822143555,24.299999237060547,24.399999618530273,24.030000686645508,24.1200008392334,46462000
17.00445556640625,24.209999084472656,24.479999542236328,24.149999618530273,24.190000534057617,43155300
17.060649871826172,24.290000915527344,24.489999771118164,24.149999618530273,24.399999618530273,45690400
17.011476516723633,24.219999313354492,24.479999542236328,24.190000534057617,24.280000686645508,36862400
17.095767974853516,24.34000015258789,24.520000457763672,24.200000762939453,24.389999389648438,58171300
17.166000366210938,24.440000534057617,24.639999389648438,24.34000015258789,24.489999771118164,44405700
17.180042266845703,24.459999084472656,24.600000381469727,24.34000015258789,24.3700008392334,31753400
17.158979415893555,24.43000030517578,24.450000762939453,24.200000762939453,24.43000030517578,30255500
17.22922134399414,24.530000686645508,24.600000381469727,24.350000381469727,24.520000457763672,47831900
17.356115341186523,24.6200008392334,24.649999618530273,24.440000534057617,24.549999237060547,48994500
17.412508010864258,24.700000762939453,24.729999542236328,24.469999313354492,24.610000610351562,52373600
17.412508010864258,24.700000762939453,24.75,24.610000610351562,24.700000762939453,45674800
18.180908203125,25.790000915527344,25.799999237060547,24.979999542236328,25.049999237060547,128414800
18.413545608520508,26.1200008392334,26.1299991607666,25.559999465942383,25.65999984741211,88398300
18.061073303222656,25.6200008392334,26.25,25.6200008392334,26.010000228881836,89312400
18.096323013305664,25.670000076293945,25.950000762939453,25.520000457763672,25.649999618530273,44648500
18.14566993713379,25.739999771118164,25.860000610351562,25.5,25.81999969482422,35933300
18.223215103149414,25.850000381469727,26.0,25.690000534057617,25.709999084472656,33115900
18.2937068939209,25.950000762939453,26.0,25.690000534057617,25.84000015258789,34190900
18.216156005859375,25.84000015258789,25.979999542236328,25.6299991607666,25.920000076293945,42711200
18.187965393066406,25.799999237060547,25.889999389648438,25.639999389648438,25.850000381469727,30283100
18.117460250854492,25.700000762939453,25.979999542236328,25.68000030517578,25.8700008392334,26380500
18.216156005859375,25.84000015258789,25.969999313354492,25.639999389648438,25.889999389648438,31594600
18.05402374267578,25.610000610351562,25.959999084472656,25.559999465942383,25.690000534057617,44222400
18.05402374267578,25.610000610351562,25.719999313354492,25.510000228881836,25.510000228881836,50160400
17.92713165283203,25.43000030517578,25.700000762939453,25.389999389648438,25.479999542236328,51266900
18.046977996826172,25.600000381469727,25.790000915527344,25.459999084472656,25.530000686645508,36866800
18.265512466430664,25.90999984741211,25.950000762939453,25.420000076293945,25.43000030517578,55608200
18.279611587524414,25.93000030517578,25.979999542236328,25.719999313354492,25.899999618530273,52248800
18.314857482910156,25.979999542236328,26.100000381469727,25.81999969482422,25.81999969482422,37706700
18.561595916748047,26.329999923706055,26.5,25.979999542236328,25.989999771118164,74324500
18.928171157836914,26.850000381469727,26.940000534057617,26.489999771118164,26.579999923706055,126057700
18.885881423950195,26.790000915527344,27.040000915527344,26.670000076293945,26.739999771118164,49135000
18.935222625732422,26.860000610351562,26.940000534057617,26.719999313354492,26.739999771118164,43039100
19.16081428527832,27.18000030517578,27.229999542236328,26.989999771118164,27.010000228881836,71676400
18.963417053222656,26.899999618530273,27.25,26.850000381469727,27.239999771118164,58495100
18.794235229492188,26.65999984741211,26.850000381469727,26.479999542236328,26.829999923706055,47712500
18.998666763305664,26.950000762939453,27.190000534057617,26.790000915527344,26.809999465942383,67903900
19.174915313720703,27.200000762939453,27.31999969482422,26.8799991607666,26.90999984741211,54766500
19.344100952148438,27.440000534057617,27.469999313354492,27.1200008392334,27.18000030517578,66233900
19.315898895263672,27.399999618530273,27.520000457763672,27.260000228881836,27.469999313354492,44179700
19.28064727783203,27.350000381469727,27.420000076293945,27.209999084472656,27.350000381469727,34283500
19.287704467773438,27.360000610351562,27.489999771118164,27.149999618530273,27.31999969482422,52908100
19.294755935668945,27.3700008392334,27.479999542236328,27.209999084472656,27.3700008392334,39386200
19.696584701538086,27.940000534057617,27.959999084472656,27.3700008392334,27.389999389648438,82191200
19.682485580444336,27.920000076293945,28.110000610351562,27.780000686645508,27.920000076293945,81967200
19.6472225189209,27.8700008392334,28.0,27.649999618530273,27.760000228881836,36452200
19.541484832763672,27.719999313354492,27.93000030517578,27.6200008392334,27.799999237060547,33366300
19.52033042907715,27.690000534057617,27.75,27.440000534057617,27.690000534057617,34598500
19.414600372314453,27.540000915527344,27.670000076293945,27.420000076293945,27.459999084472656,37219600
19.893966674804688,28.219999313354492,28.290000915527344,27.540000915527344,27.579999923706055,120174900
19.999704360961914,28.3700008392334,28.690000534057617,28.309999465942383,28.34000015258789,129751900
20.056110382080078,28.450000762939453,28.600000381469727,28.329999923706055,28.479999542236328,49744800
20.04905891418457,28.440000534057617,28.510000228881836,28.170000076293945,28.239999771118164,40122600
20.10545539855957,28.520000457763672,28.700000762939453,28.260000228881836,28.5,40630800
19.943307876586914,28.290000915527344,28.450000762939453,28.1200008392334,28.350000381469727,44730800
20.042009353637695,28.43000030517578,28.489999771118164,28.170000076293945,28.479999542236328,48887800
20.056110382080078,28.450000762939453,28.690000534057617,28.18000030517578,28.299999237060547,48525000
19.936269760131836,28.280000686645508,28.43000030517578,28.1299991607666,28.43000030517578,61409600
19.95741844177246,28.309999465942383,28.459999084472656,28.139999389648438,28.280000686645508,40717100
19.985610961914062,28.350000381469727,28.40999984741211,28.040000915527344,28.329999923706055,69964200
19.978557586669922,28.34000015258789,28.790000915527344,28.25,28.489999771118164,89060100
20.112506866455078,28.530000686645508,28.84000015258789,28.31999969482422,28.350000381469727,47296800
20.239398956298828,28.709999084472656,28.850000381469727,28.559999465942383,28.65999984741211,61861700
20.309892654418945,28.809999465942383,28.989999771118164,28.700000762939453,28.780000686645508,75895900
20.281700134277344,28.770000457763672,28.860000610351562,28.579999923706055,28.709999084472656,58674400
20.253482818603516,28.729999542236328,28.93000030517578,28.610000610351562,28.850000381469727,41124500
20.331037521362305,28.84000015258789,29.049999237060547,28.760000228881836,28.770000457763672,60446200
20.408586502075195,28.950000762939453,29.06999969482422,28.799999237060547,28.860000610351562,56511200
20.42973518371582,28.979999542236328,29.229999542236328,28.65999984741211,28.780000686645508,77403300
20.62712860107422,29.260000228881836,29.399999618530273,29.0,29.110000610351562,89407500
20.613025665283203,29.239999771118164,29.290000915527344,29.149999618530273,29.170000076293945,37855100
20.690570831298828,29.350000381469727,29.459999084472656,29.15999984741211,29.190000534057617,47271800
20.67641830444336,29.229999542236328,29.420000076293945,29.06999969482422,29.280000686645508,63012500
20.598617553710938,29.1200008392334,29.360000610351562,29.110000610351562,29.1299991607666,63943200
20.846189498901367,29.469999313354492,29.639999389648438,29.1299991607666,29.139999389648438,64328500
20.79667854309082,29.399999618530273,29.540000915527344,29.280000686645508,29.309999465942383,49356700
21.143280029296875,29.889999389648438,30.0,29.5,29.520000457763672,85703800
21.164508819580078,29.920000076293945,30.0,29.790000915527344,29.90999984741211,66446600
21.164508819580078,29.920000076293945,30.0,29.81999969482422,29.969999313354492,43907200
21.05134391784668,29.760000228881836,29.84000015258789,29.639999389648438,29.65999984741211,20456700
20.8532657623291,29.479999542236328,29.739999771118164,29.329999923706055,29.690000534057617,72722100
20.789609909057617,29.389999389648438,29.420000076293945,29.1299991607666,29.34000015258789,52602300
20.916933059692383,29.56999969482422,29.780000686645508,29.43000030517578,29.440000534057617,58775100
20.76837921142578,29.360000610351562,29.56999969482422,29.329999923706055,29.420000076293945,53297400
20.598617553710938,29.1200008392334,29.299999237060547,28.899999618530273,29.229999542236328,72257000
20.74715805053711,29.329999923706055,29.520000457763672,29.170000076293945,29.229999542236328,55123400
20.605684280395508,29.1299991607666,29.399999618530273,29.030000686645508,29.360000610351562,45606000
20.50665283203125,28.989999771118164,29.1299991607666,28.8700008392334,29.100000381469727,48564100
20.407623291015625,28.850000381469727,29.06999969482422,28.809999465942383,28.959999084472656,46831100
20.79667854309082,29.399999618530273,29.399999618530273,28.799999237060547,28.81999969482422,108854900
20.895719528198242,29.540000915527344,29.75,29.110000610351562,29.190000534057617,107712000
20.81789779663086,29.43000030517578,29.6299991607666,29.219999313354492,29.559999465942383,68529400
20.902780532836914,29.549999237060547,29.600000381469727,29.31999969482422,29.600000381469727,46002500
21.27060890197754,30.06999969482422,30.079999923706055,29.520000457763672,29.540000915527344,85866500
21.355501174926758,30.190000534057617,30.229999542236328,30.030000686645508,30.139999389648438,102783700
21.143280029296875,29.889999389648438,30.260000228881836,29.780000686645508,30.190000534057617,56986800
21.214021682739258,29.989999771118164,30.170000076293945,29.530000686645508,29.709999084472656,53822100
21.284772872924805,30.09000015258789,30.239999771118164,29.969999313354492,29.989999771118164,31202100
21.206947326660156,29.979999542236328,30.139999389648438,29.889999389648438,30.1299991607666,32270500
20.966445922851562,29.639999389648438,29.860000610351562,29.6200008392334,29.829999923706055,37971700
21.214021682739258,29.989999771118164,30.0,29.399999618530273,29.530000686645508,37098300
21.235244750976562,30.020000457763672,30.1299991607666,29.90999984741211,29.989999771118164,31248400
21.206947326660156,29.979999542236328,30.030000686645508,29.809999465942383,29.860000610351562,26690600
21.122072219848633,29.860000610351562,30.149999618530273,29.829999923706055,29.860000610351562,41739800
21.122072219848633,29.860000610351562,30.25,29.399999618530273,29.90999984741211,76935100
21.086702346801758,29.809999465942383,29.969999313354492,29.440000534057617,29.700000762939453,45774500
20.966445922851562,29.639999389648438,29.75,29.450000762939453,29.6299991607666,44607200
21.171585083007812,29.93000030517578,30.100000381469727,29.530000686645508,29.649999618530273,50220200
21.192808151245117,29.959999084472656,30.18000030517578,29.729999542236328,30.0,44636600
20.9805908203125,29.65999984741211,29.889999389648438,29.43000030517578,29.799999237060547,55017400
21.71625518798828,30.700000762939453,30.75,29.649999618530273,29.760000228881836,99464300
22.077011108398438,31.209999084472656,31.389999389648438,30.639999389648438,30.649999618530273,103972500
22.041648864746094,31.15999984741211,31.450000762939453,31.030000686645508,31.260000228881836,62379600
21.99920654296875,31.100000381469727,31.440000534057617,31.010000228881836,31.260000228881836,58519600
21.928466796875,31.0,31.3700008392334,30.799999237060547,31.149999618530273,56364300
22.006282806396484,31.110000610351562,31.110000610351562,30.690000534057617,30.729999542236328,75826900
21.730403900146484,30.719999313354492,31.1200008392334,30.510000228881836,31.059999465942383,56143900
21.74454689025879,30.739999771118164,30.959999084472656,30.520000457763672,30.6299991607666,49171200
21.992130279541016,31.09000015258789,31.299999237060547,30.649999618530273,30.780000686645508,58527800
21.539419174194336,30.450000762939453,31.479999542236328,30.450000762939453,31.079999923706055,97378700
21.645524978637695,30.600000381469727,31.229999542236328,30.600000381469727,31.219999313354492,96103700
21.596006393432617,30.530000686645508,30.780000686645508,30.34000015258789,30.649999618530273,57605900
21.560632705688477,30.479999542236328,30.639999389648438,30.139999389648438,30.56999969482422,61900400
21.829448699951172,30.860000610351562,31.100000381469727,30.350000381469727,30.40999984741211,73968400
21.617231369018555,30.559999465942383,30.940000534057617,30.3700008392334,30.84000015258789,55355800
21.355501174926758,30.190000534057617,30.84000015258789,30.1299991607666,30.81999969482422,60401700
20.945228576660156,29.610000610351562,30.020000457763672,29.40999984741211,29.969999313354492,99102100
20.874486923217773,29.510000228881836,29.75,29.219999313354492,29.59000015258789,79281100
20.77545738220215,29.3700008392334,29.700000762939453,29.25,29.639999389648438,65145500
20.69765281677246,29.260000228881836,29.799999237060547,29.200000762939453,29.239999771118164,48749000
20.499584197998047,28.979999542236328,29.399999618530273,28.93000030517578,29.350000381469727,69823100
20.471288681030273,28.940000534057617,29.09000015258789,28.829999923706055,28.889999389648438,52774400
20.591957092285156,29.010000228881836,29.200000762939453,28.959999084472656,29.040000915527344,50348100
20.86878776550293,29.399999618530273,29.690000534057617,29.149999618530273,29.170000076293945,55588600
20.9113826751709,29.459999084472656,29.649999618530273,29.219999313354492,29.579999923706055,63858100
20.400306701660156,28.739999771118164,28.940000534057617,28.649999618530273,28.90999984741211,109340300
20.464187622070312,28.829999923706055,28.860000610351562,28.469999313354492,28.6299991607666,53978200
20.833295822143555,29.350000381469727,29.389999389648438,28.739999771118164,28.75,68604900
20.861690521240234,29.389999389648438,29.540000915527344,29.15999984741211,29.309999465942383,57754400
20.513874053955078,28.899999618530273,29.280000686645508,28.889999389648438,29.219999313354492,63787100
20.634538650512695,29.06999969482422,29.09000015258789,28.81999969482422,28.959999084472656,63481900
19.782756805419922,27.8700008392334,28.969999313354492,27.790000915527344,28.709999084472656,87143300
19.995698928833008,28.170000076293945,28.25,27.920000076293945,27.950000762939453,86333300
19.938926696777344,28.09000015258789,28.329999923706055,27.729999542236328,27.81999969482422,80175700
19.704675674438477,27.760000228881836,28.15999984741211,27.760000228881836,28.020000457763672,63254700
19.55562400817871,27.549999237060547,27.90999984741211,27.40999984741211,27.489999771118164,56454300
19.754369735717773,27.829999923706055,27.940000534057617,27.649999618530273,27.799999237060547,49361800
19.59821128845215,27.610000610351562,27.899999618530273,27.549999237060547,27.760000228881836,52044700
19.392351150512695,27.31999969482422,27.850000381469727,26.600000381469727,27.719999313354492,72175200
19.371063232421875,27.290000915527344,27.479999542236328,27.030000686645508,27.420000076293945,80125000
19.477540969848633,27.440000534057617,27.479999542236328,27.1299991607666,27.18000030517578,36516400
18.966461181640625,26.719999313354492,27.399999618530273,26.709999084472656,27.25,75169500
19.449140548706055,27.399999618530273,27.399999618530273,26.729999542236328,26.81999969482422,75730300
19.363977432250977,27.280000686645508,27.469999313354492,27.200000762939453,27.31999969482422,51757100
19.399459838867188,27.329999923706055,27.479999542236328,27.200000762939453,27.350000381469727,65055300
19.754369735717773,27.829999923706055,27.829999923706055,27.200000762939453,27.34000015258789,49412000
19.761463165283203,27.84000015258789,28.15999984741211,27.760000228881836,27.93000030517578,47902400
20.244144439697266,28.520000457763672,28.520000457763672,27.559999465942383,27.899999618530273,72808200
20.066692352294922,28.270000457763672,28.549999237060547,28.010000228881836,28.520000457763672,47934900
19.889232635498047,28.020000457763672,28.270000457763672,27.799999237060547,28.219999313354492,50519800
20.031198501586914,28.219999313354492,28.219999313354492,27.700000762939453,27.940000534057617,47491500
19.676284790039062,27.719999313354492,28.15999984741211,27.649999618530273,28.040000915527344,58979800
19.619504928588867,27.639999389648438,28.0,27.399999618530273,27.579999923706055,46947000
19.697582244873047,27.75,27.850000381469727,27.489999771118164,27.84000015258789,42629900
19.782756805419922,27.8700008392334,27.950000762939453,27.5,27.75,47061000
19.69048309326172,27.739999771118164,27.93000030517578,27.559999465942383,27.889999389648438,41977600
19.782756805419922,27.8700008392334,28.059999465942383,27.75,27.860000610351562,39821300
20.22994613647461,28.5,28.780000686645508,27.899999618530273,28.010000228881836,63244200
20.265432357788086,28.549999237060547,28.649999618530273,28.299999237060547,28.31999969482422,30131200
20.279638290405273,28.56999969482422,28.719999313354492,28.389999389648438,28.579999923706055,31384600
20.15896224975586,28.399999618530273,28.639999389648438,28.219999313354492,28.5,38643100
19.953125,28.110000610351562,28.56999969482422,27.989999771118164,28.299999237060547,44050200
20.25834083557129,28.540000915527344,28.6200008392334,28.040000915527344,28.059999465942383,43762100
20.308027267456055,28.610000610351562,28.700000762939453,28.100000381469727,28.43000030517578,36002900
20.39320182800293,28.729999542236328,28.75,28.209999084472656,28.600000381469727,30740100
20.4783935546875,28.850000381469727,28.889999389648438,28.559999465942383,28.6299991607666,33170200
20.300933837890625,28.600000381469727,28.670000076293945,28.360000610351562,28.610000610351562,41778400
20.36481475830078,28.690000534057617,28.889999389648438,28.260000228881836,28.34000015258789,43648800
20.59905433654785,29.020000457763672,29.100000381469727,28.700000762939453,28.979999542236328,60311500
20.42869758605957,28.780000686645508,28.989999771118164,28.670000076293945,28.959999084472656,41739100
20.4357967376709,28.790000915527344,28.959999084472656,28.59000015258789,28.790000915527344,34236700
20.577754974365234,28.989999771118164,29.0,28.690000534057617,28.860000610351562,39475000
20.655839920043945,29.100000381469727,29.350000381469727,28.90999984741211,29.09000015258789,68760300
21.379865646362305,30.1200008392334,30.739999771118164,30.0,30.170000076293945,128298800
21.25209617614746,29.940000534057617,30.3700008392334,29.940000534057617,30.1299991607666,67788800
21.57861328125,30.399999618530273,30.420000076293945,29.899999618530273,29.940000534057617,73539300
21.72766876220703,30.610000610351562,30.690000534057617,30.299999237060547,30.389999389648438,80686700
21.983203887939453,30.969999313354492,31.0,30.530000686645508,30.600000381469727,82036800
21.692184448242188,30.559999465942383,30.700000762939453,30.290000915527344,30.68000030517578,104385900
21.798654556274414,30.709999084472656,30.760000228881836,30.479999542236328,30.520000457763672,59889100
21.827043533325195,30.75,30.940000534057617,30.579999923706055,30.68000030517578,60551700
21.84834098815918,30.780000686645508,30.93000030517578,30.56999969482422,30.700000762939453,51735000
21.706375122070312,30.579999923706055,30.93000030517578,30.530000686645508,30.68000030517578,55398600
21.92642593383789,30.889999389648438,30.979999542236328,30.549999237060547,30.56999969482422,43425300
21.983203887939453,30.969999313354492,30.989999771118164,30.809999465942383,30.84000015258789,70188500
22.004575729370117,30.899999618530273,31.09000015258789,30.84000015258789,30.899999618530273,75013900
22.125635147094727,31.06999969482422,31.09000015258789,30.809999465942383,31.0,45833600
22.06154441833496,30.979999542236328,31.139999389648438,30.959999084472656,31.030000686645508,41045600
21.954727172851562,30.829999923706055,30.989999771118164,30.579999923706055,30.969999313354492,58453000
22.11139488220215,31.049999237060547,31.15999984741211,30.729999542236328,30.729999542236328,41836400
21.85502815246582,30.690000534057617,30.93000030517578,30.65999984741211,30.899999618530273,39999500
21.776689529418945,30.579999923706055,30.84000015258789,30.56999969482422,30.84000015258789,46322500
21.48472023010254,30.170000076293945,30.799999237060547,29.959999084472656,30.540000915527344,64046400
21.705474853515625,30.479999542236328,30.65999984741211,30.18000030517578,30.280000686645508,47726500
21.926239013671875,30.790000915527344,30.829999923706055,30.389999389648438,30.489999771118164,42373100
22.154115676879883,31.110000610351562,31.1299991607666,30.510000228881836,30.549999237060547,57376800
21.85502815246582,30.690000534057617,31.15999984741211,30.610000610351562,31.1200008392334,85290500
21.78382110595703,30.59000015258789,30.899999618530273,30.549999237060547,30.790000915527344,39469400
21.87639045715332,30.719999313354492,30.760000228881836,30.399999618530273,30.420000076293945,41434500
21.776689529418945,30.579999923706055,30.6299991607666,30.329999923706055,30.6200008392334,44265000
21.57017707824707,30.290000915527344,30.530000686645508,30.25,30.3700008392334,38217500
21.093063354492188,29.6200008392334,30.290000915527344,29.59000015258789,30.020000457763672,71971400
21.39926528930664,30.049999237060547,30.059999465942383,29.40999984741211,29.579999923706055,61346200
21.377912521362305,30.020000457763672,30.25,29.93000030517578,29.940000534057617,48467400
21.256845474243164,29.850000381469727,30.239999771118164,29.770000457763672,29.959999084472656,56981800
21.641393661499023,30.389999389648438,30.40999984741211,29.850000381469727,29.969999313354492,64435600
21.733964920043945,30.520000457763672,30.709999084472656,30.299999237060547,30.350000381469727,59065700
21.712604522705078,30.489999771118164,30.8799991607666,30.43000030517578,30.860000610351562,100933000
21.726850509643555,30.510000228881836,30.719999313354492,30.420000076293945,30.690000534057617,45412600
21.691240310668945,30.459999084472656,30.65999984741211,30.3799991607666,30.479999542236328,46802600
21.370786666870117,30.010000228881836,30.510000228881836,29.959999084472656,30.440000534057617,46861600
21.520334243774414,30.219999313354492,30.299999237060547,29.90999984741211,29.979999542236328,56564800
21.000476837158203,29.489999771118164,30.100000381469727,29.450000762939453,30.0,86219900
21.000476837158203,29.489999771118164,29.770000457763672,29.3799991607666,29.469999313354492,53905800
21.021839141845703,29.520000457763672,29.799999237060547,29.5,29.549999237060547,48340300
21.271089553833008,29.8700008392334,29.950000762939453,29.360000610351562,29.360000610351562,53468600
21.24260139465332,29.829999923706055,29.969999313354492,29.68000030517578,29.860000610351562,46055200
20.986236572265625,29.469999313354492,29.93000030517578,29.040000915527344,29.8700008392334,71193900
21.178512573242188,29.739999771118164,29.799999237060547,29.489999771118164,29.670000076293945,47316000
21.377912521362305,30.020000457763672,30.219999313354492,29.780000686645508,29.790000915527344,35202600
21.356538772583008,29.989999771118164,30.219999313354492,29.829999923706055,30.049999237060547,47838500
21.34229278564453,29.969999313354492,30.040000915527344,29.65999984741211,29.90999984741211,57541000
21.271089553833008,29.8700008392334,29.950000762939453,29.809999465942383,29.860000610351562,33831400
20.88653564453125,29.329999923706055,29.989999771118164,29.18000030517578,29.700000762939453,66013500
21.000476837158203,29.489999771118164,29.649999618530273,29.209999084472656,29.239999771118164,48017000
21.413501739501953,30.06999969482422,30.110000610351562,29.440000534057617,29.559999465942383,54302400
21.2354793548584,29.81999969482422,30.020000457763672,29.65999984741211,29.940000534057617,42173000
21.385034561157227,30.030000686645508,30.239999771118164,29.719999313354492,29.760000228881836,48023200
21.91912269592285,30.780000686645508,30.8799991607666,30.010000228881836,30.020000457763672,77539600
22.018810272216797,30.920000076293945,30.969999313354492,30.5,30.510000228881836,64414400
22.438966751098633,31.510000228881836,31.84000015258789,30.93000030517578,31.049999237060547,121159300
22.18971824645996,31.15999984741211,31.200000762939453,30.790000915527344,31.149999618530273,98292600
22.21108627319336,31.190000534057617,31.520000457763672,31.1200008392334,31.360000610351562,48910600
21.933361053466797,30.799999237060547,31.479999542236328,30.709999084472656,31.010000228881836,59729300
21.869260787963867,30.709999084472656,31.299999237060547,30.3700008392334,30.989999771118164,54950100
21.34941291809082,29.979999542236328,30.530000686645508,29.510000228881836,30.239999771118164,87025300
20.92926597595215,29.389999389648438,30.0,29.360000610351562,29.93000030517578,69214600
20.936386108398438,29.399999618530273,29.489999771118164,28.950000762939453,29.40999984741211,67499600
20.644424438476562,28.989999771118164,29.719999313354492,28.979999542236328,29.709999084472656,66554000
20.86517906188965,29.299999237060547,29.549999237060547,28.81999969482422,28.950000762939453,80006300
21.021839141845703,29.520000457763672,29.790000915527344,29.020000457763672,29.190000534057617,47938300
20.623058319091797,28.959999084472656,29.780000686645508,28.899999618530273,29.450000762939453,61535500
21.036090850830078,29.540000915527344,29.540000915527344,28.75,29.049999237060547,59530500
21.043203353881836,29.549999237060547,29.790000915527344,29.049999237060547,29.329999923706055,49163000
21.363662719726562,30.0,30.010000228881836,29.209999084472656,29.719999313354492,52898600
20.86517906188965,29.299999237060547,30.100000381469727,28.920000076293945,29.639999389648438,72964500
20.44502830505371,28.709999084472656,29.049999237060547,28.260000228881836,28.899999618530273,76576200
20.3880558013916,28.6299991607666,28.989999771118164,28.440000534057617,28.940000534057617,55492300
20.202253341674805,28.270000457763672,28.889999389648438,28.200000762939453,28.770000457763672,42944100
20.080774307250977,28.100000381469727,28.989999771118164,28.049999237060547,28.239999771118164,48117700
19.873533248901367,27.809999465942383,28.350000381469727,27.510000228881836,27.8799991607666,81447400
20.187963485717773,28.25,28.25,27.81999969482422,28.09000015258789,76747700
20.19510841369629,28.260000228881836,28.489999771118164,28.079999923706055,28.18000030517578,49952000
20.059322357177734,28.06999969482422,28.31999969482422,27.8700008392334,28.100000381469727,50786200
20.16652488708496,28.219999313354492,28.31999969482422,28.010000228881836,28.270000457763672,44763500
20.223695755004883,28.299999237060547,28.329999923706055,28.100000381469727,28.280000686645508,33886600
20.588146209716797,28.809999465942383,28.84000015258789,28.06999969482422,28.209999084472656,45158900
20.359468460083008,28.489999771118164,28.770000457763672,28.399999618530273,28.610000610351562,32789500
19.95928382873535,27.93000030517578,28.489999771118164,27.90999984741211,28.299999237060547,43924400
20.430932998657227,28.59000015258789,28.610000610351562,27.81999969482422,28.1299991607666,45753700
20.330888748168945,28.450000762939453,28.93000030517578,28.31999969482422,28.420000076293945,33690700
20.530975341796875,28.729999542236328,28.920000076293945,28.360000610351562,28.700000762939453,42511900
20.588146209716797,28.809999465942383,29.100000381469727,28.479999542236328,28.5,45689600
20.35231590270996,28.479999542236328,28.729999542236328,28.420000076293945,28.649999618530273,47669800
20.659610748291016,28.90999984741211,29.010000228881836,28.549999237060547,28.559999465942383,45430800
20.32373809814453,28.440000534057617,28.829999923706055,28.31999969482422,28.6200008392334,52160900
20.35231590270996,28.479999542236328,28.75,28.40999984741211,28.670000076293945,37247600
20.67390251159668,28.93000030517578,28.950000762939453,28.579999923706055,28.6299991607666,34380800
20.67390251159668,28.93000030517578,29.170000076293945,28.799999237060547,28.809999465942383,42364700
20.838258743286133,29.15999984741211,29.260000228881836,28.959999084472656,29.1200008392334,35288600
20.752513885498047,29.040000915527344,29.110000610351562,28.8799991607666,28.979999542236328,33496600
20.530975341796875,28.729999542236328,28.8799991607666,28.6200008392334,28.790000915527344,39536500
20.67390251159668,28.93000030517578,28.969999313354492,28.270000457763672,28.700000762939453,77462400
20.488100051879883,28.670000076293945,28.90999984741211,28.299999237060547,28.8700008392334,94242200
20.309446334838867,28.420000076293945,28.579999923706055,28.34000015258789,28.479999542236328,67168900
20.473806381225586,28.649999618530273,28.809999465942383,28.440000534057617,28.690000534057617,135636100
20.781091690063477,29.079999923706055,29.610000610351562,28.799999237060547,28.809999465942383,104459800
21.12411117553711,29.559999465942383,29.559999465942383,29.110000610351562,29.139999389648438,75621000
21.081241607666016,29.5,29.850000381469727,29.479999542236328,29.68000030517578,60337000
21.074085235595703,29.489999771118164,29.719999313354492,29.440000534057617,29.700000762939453,43407100
21.05265235900879,29.459999084472656,29.690000534057617,29.229999542236328,29.489999771118164,45819100
21.274185180664062,29.770000457763672,29.790000915527344,29.40999984741211,29.459999084472656,43875100
21.22415542602539,29.700000762939453,29.850000381469727,29.56999969482422,29.700000762939453,33700900
21.045503616333008,29.450000762939453,29.850000381469727,29.290000915527344,29.709999084472656,37633900
21.23130989074707,29.709999084472656,29.770000457763672,29.440000534057617,29.559999465942383,37868000
21.324207305908203,29.84000015258789,29.989999771118164,29.729999542236328,29.889999389648438,45012300
21.324207305908203,29.84000015258789,29.850000381469727,29.600000381469727,29.65999984741211,30265400
21.5100040435791,30.100000381469727,30.389999389648438,30.0,30.030000686645508,63603100
21.602909088134766,30.229999542236328,30.3700008392334,30.030000686645508,30.040000915527344,32251500
21.37422752380371,29.90999984741211,30.6299991607666,29.790000915527344,30.299999237060547,50788400
21.56003189086914,30.170000076293945,30.399999618530273,29.950000762939453,30.030000686645508,31121100
21.46713638305664,30.040000915527344,30.329999923706055,30.0,30.100000381469727,47150500
21.667221069335938,30.31999969482422,30.579999923706055,30.229999542236328,30.239999771118164,56286200
22.2103328704834,31.079999923706055,31.229999542236328,30.649999618530273,30.75,86092400
22.267499923706055,31.15999984741211,31.229999542236328,30.6299991607666,31.219999313354492,49208600
21.56003189086914,30.170000076293945,31.09000015258789,30.110000610351562,31.09000015258789,75200200
21.803001403808594,30.510000228881836,30.700000762939453,30.1200008392334,30.1200008392334,58785100
22.081701278686523,30.899999618530273,31.1200008392334,30.709999084472656,30.709999084472656,49956200
22.331819534301758,31.25,31.299999237060547,30.5,30.850000381469727,77979200
22.860633850097656,31.989999771118164,32.220001220703125,31.489999771118164,31.56999969482422,169588700
25.033084869384766,35.029998779296875,36.029998779296875,34.560001373291016,36.0099983215332,288121200
24.704343795776367,34.56999969482422,35.290000915527344,34.45000076293945,34.849998474121094,114655600
25.418968200683594,35.56999969482422,35.59000015258789,34.349998474121094,34.369998931884766,107297300
26.305089950561523,36.810001373291016,37.0,35.5099983215332,35.52000045776367,185635800
26.483747482299805,37.060001373291016,37.4900016784668,36.36000061035156,36.529998779296875,152078800
26.483747482299805,37.060001373291016,37.5,36.41999816894531,37.220001220703125,96389800
26.247928619384766,36.72999954223633,37.099998474121094,36.630001068115234,36.7599983215332,75485400
26.019245147705078,36.40999984741211,36.65999984741211,35.869998931884766,36.59000015258789,100966700
25.38322639465332,35.52000045776367,36.15999984741211,35.45000076293945,36.040000915527344,74897800
24.82584571838379,34.7400016784668,35.900001525878906,34.400001525878906,35.599998474121094,133742400
24.104074478149414,33.72999954223633,34.540000915527344,33.650001525878906,34.18000030517578,125136900
23.853958129882812,33.380001068115234,33.709999084472656,33.02000045776367,33.31999969482422,84865200
24.7071533203125,34.459999084472656,34.66999816894531,33.380001068115234,33.540000915527344,104311500
24.32716178894043,33.93000030517578,34.75,33.75,34.619998931884766,84063100
24.20527458190918,33.7599983215332,34.099998474121094,33.54999923706055,33.7599983215332,64014100
24.441877365112305,34.09000015258789,34.2599983215332,33.709999084472656,33.86000061035156,71113800
24.34867286682129,33.959999084472656,34.2400016784668,33.869998931884766,33.959999084472656,63026200
24.793195724487305,34.58000183105469,34.970001220703125,34.099998474121094,34.22999954223633,100009400
24.542255401611328,34.22999954223633,34.72999954223633,34.18000030517578,34.400001525878906,89518700
24.45621681213379,34.11000061035156,34.439998626708984,33.709999084472656,34.36000061035156,33467200
23.638864517211914,32.970001220703125,34.369998931884766,32.93000030517578,34.09000015258789,80335000
23.703384399414062,33.060001373291016,33.599998474121094,32.68000030517578,33.27000045776367,84178400
24.162256240844727,33.70000076293945,33.88999938964844,32.900001525878906,33.380001068115234,88585000
24.08339500427246,33.59000015258789,33.93000030517578,33.310001373291016,33.58000183105469,53633600
24.090557098388672,33.599998474121094,34.119998931884766,33.189998626708984,33.91999816894531,71027800
23.60300636291504,32.91999816894531,33.63999938964844,32.68000030517578,33.5,61770600
23.495460510253906,32.77000045776367,33.2400016784668,32.630001068115234,32.7400016784668,54801500
24.484891891479492,34.150001525878906,34.52000045776367,33.029998779296875,33.13999938964844,84894700
24.771682739257812,34.54999923706055,34.61000061035156,33.869998931884766,34.2599983215332,49209700
24.75734519958496,34.529998779296875,34.70000076293945,34.220001220703125,34.61000061035156,40771000
24.92225456237793,34.7599983215332,34.95000076293945,34.470001220703125,34.63999938964844,36083500
24.44904899597168,34.099998474121094,34.9900016784668,33.93000030517578,34.72999954223633,55070700
24.714323043823242,34.470001220703125,35.09000015258789,33.93000030517578,34.61000061035156,63345400
25.252063751220703,35.220001220703125,35.45000076293945,34.279998779296875,34.47999954223633,73913200
25.316587448120117,35.310001373291016,35.84000015258789,35.0099983215332,35.04999923706055,71126200
24.656970977783203,34.38999938964844,35.130001068115234,34.36000061035156,35.029998779296875,58121200
24.90792465209961,34.7400016784668,35.0,34.209999084472656,34.63999938964844,52791800
24.943763732910156,34.790000915527344,35.13999938964844,34.380001068115234,34.689998626708984,58469100
25.467151641845703,35.52000045776367,35.790000915527344,35.08000183105469,35.290000915527344,59345000
25.854328155517578,36.060001373291016,36.060001373291016,35.75,35.900001525878906,83240500
26.227153778076172,36.58000183105469,36.720001220703125,36.04999923706055,36.130001068115234,29622600
26.248668670654297,36.61000061035156,36.63999938964844,36.2599983215332,36.40999984741211,30252400
25.78980255126953,35.970001220703125,36.54999923706055,35.939998626708984,36.349998474121094,33311100
25.897336959838867,36.119998931884766,36.22999954223633,35.66999816894531,36.099998474121094,33447200
25.524520874023438,35.599998474121094,35.9900016784668,35.52000045776367,35.900001525878906,35229700
25.252063751220703,35.220001220703125,35.959999084472656,35.0,35.790000915527344,63004200
25.359615325927734,35.369998931884766,35.650001525878906,34.86000061035156,35.220001220703125,49599600
24.649803161621094,34.380001068115234,35.20000076293945,34.09000015258789,35.189998626708984,72090800
24.814712524414062,34.61000061035156,34.79999923706055,34.25,34.54999923706055,80164300
23.983009338378906,33.45000076293945,34.709999084472656,33.400001525878906,34.709999084472656,79148300
24.692808151245117,34.439998626708984,34.540000915527344,33.349998474121094,33.36000061035156,74305500
24.61395835876465,34.33000183105469,34.5,33.779998779296875,34.349998474121094,72446000
24.31281852722168,33.90999984741211,34.2400016784668,33.720001220703125,34.13999938964844,55187900
24.656970977783203,34.38999938964844,34.56999969482422,34.08000183105469,34.459999084472656,52792200
24.377347946166992,34.0,34.380001068115234,34.0,34.029998779296875,61606200
23.825275421142578,33.22999954223633,33.650001525878906,32.5099983215332,33.41999816894531,120778500
23.739233016967773,33.11000061035156,33.79999923706055,32.970001220703125,33.540000915527344,94247800
23.66752815246582,33.0099983215332,34.0,32.970001220703125,33.15999984741211,117062000
22.914705276489258,31.959999084472656,32.529998779296875,31.5,31.540000915527344,108521400
22.893198013305664,31.93000030517578,32.04999923706055,31.040000915527344,31.479999542236328,137597400
23.839603424072266,33.25,33.36000061035156,32.119998931884766,32.349998474121094,155640400
23.61734962463379,32.939998626708984,35.0,32.869998931884766,34.900001525878906,196992300
23.459609985351562,32.720001220703125,33.099998474121094,32.41999816894531,33.02000045776367,81019000
23.373573303222656,32.599998474121094,32.88999938964844,32.349998474121094,32.849998474121094,68023000
23.08677864074707,32.20000076293945,32.79999923706055,32.04999923706055,32.560001373291016,106432600
23.373573303222656,32.599998474121094,32.7400016784668,31.719999313354492,31.90999984741211,103642200
21.832069396972656,30.450000762939453,33.25,30.25,31.059999465942383,291138900
21.645648956298828,30.190000534057617,30.719999313354492,30.110000610351562,30.489999771118164,119998600
20.842634201049805,29.06999969482422,29.940000534057617,28.889999389648438,29.90999984741211,137534100
20.448299407958984,28.520000457763672,29.350000381469727,28.290000915527344,29.280000686645508,138315600
20.161508560180664,28.1200008392334,28.780000686645508,27.899999618530273,28.34000015258789,164964900
20.47696304321289,28.559999465942383,29.079999923706055,28.239999771118164,28.290000915527344,124872000
20.22602653503418,28.209999084472656,28.610000610351562,27.90999984741211,28.520000457763672,156814100
20.319236755371094,28.34000015258789,28.6200008392334,28.110000610351562,28.43000030517578,84365900
20.763769149780273,28.959999084472656,29.049999237060547,28.530000686645508,28.6200008392334,88986200
20.433950424194336,28.5,29.040000915527344,28.459999084472656,28.8799991607666,69113500
20.37659454345703,28.420000076293945,28.639999389648438,28.25,28.309999465942383,68166100
20.275833129882812,28.170000076293945,28.84000015258789,28.06999969482422,28.799999237060547,68261200
20.31181526184082,28.219999313354492,28.260000228881836,27.920000076293945,28.149999618530273,93056200
20.22544288635254,28.100000381469727,28.959999084472656,27.959999084472656,28.6200008392334,98776500
19.923139572143555,27.68000030517578,28.389999389648438,27.200000762939453,28.239999771118164,125705400
20.03830337524414,27.84000015258789,28.239999771118164,27.479999542236328,27.649999618530273,109974300
20.42698097229004,28.3799991607666,28.860000610351562,27.670000076293945,27.739999771118164,108923500
20.340608596801758,28.260000228881836,28.68000030517578,28.100000381469727,28.190000534057617,75199500
20.10308265686035,27.93000030517578,28.270000457763672,27.799999237060547,28.020000457763672,83002900
19.577655792236328,27.200000762939453,27.829999923706055,27.020000457763672,27.690000534057617,117411400
19.42650604248047,26.989999771118164,27.389999389648438,26.8700008392334,27.239999771118164,76544300
19.858360290527344,27.59000015258789,27.6299991607666,26.959999084472656,27.020000457763672,86925600
20.239849090576172,28.1200008392334,28.40999984741211,27.700000762939453,27.75,106489800
19.843971252441406,27.56999969482422,28.170000076293945,27.5,28.059999465942383,91127700
20.059894561767578,27.8700008392334,28.06999969482422,27.31999969482422,27.34000015258789,77597600
20.189451217651367,28.049999237060547,28.260000228881836,27.75,27.829999923706055,72175100
21.074769973754883,29.280000686645508,29.34000015258789,28.3799991607666,28.399999618530273,98740700
20.606916427612305,28.6299991607666,29.489999771118164,28.540000915527344,29.43000030517578,75993800
20.599729537963867,28.6200008392334,28.989999771118164,28.15999984741211,28.540000915527344,84552200
20.12467384338379,27.959999084472656,29.010000228881836,27.639999389648438,28.719999313354492,105214900
20.369396209716797,28.299999237060547,28.729999542236328,27.280000686645508,27.299999237060547,84490100
21.175537109375,29.420000076293945,29.479999542236328,28.670000076293945,28.670000076293945,83695300
20.599729537963867,28.6200008392334,29.59000015258789,28.6200008392334,29.3799991607666,61442100
21.00279426574707,29.18000030517578,29.219999313354492,28.59000015258789,28.739999771118164,60170200
20.99559783935547,29.170000076293945,29.399999618530273,29.059999465942383,29.329999923706055,48294700
20.973995208740234,29.139999389648438,29.3700008392334,28.940000534057617,29.329999923706055,49149000
20.556533813476562,28.559999465942383,29.06999969482422,28.3799991607666,29.030000686645508,45868100
20.189451217651367,28.049999237060547,28.489999771118164,28.0,28.479999542236328,47894400
20.088693618774414,27.90999984741211,28.43000030517578,27.829999923706055,28.229999542236328,49244000
20.42698097229004,28.3799991607666,28.59000015258789,27.84000015258789,27.8799991607666,46780600
21.233118057250977,29.5,29.540000915527344,28.6299991607666,28.829999923706055,65796200
20.988393783569336,29.15999984741211,29.579999923706055,29.0,29.56999969482422,49499400
20.87322998046875,29.0,29.31999969482422,28.799999237060547,29.0,38961400
20.988393783569336,29.15999984741211,29.260000228881836,28.739999771118164,29.1299991607666,43860800
20.988393783569336,29.15999984741211,29.59000015258789,29.030000686645508,29.549999237060547,44428600
20.693296432495117,28.75,29.0,28.540000915527344,28.940000534057617,44733500
20.7940616607666,28.889999389648438,29.040000915527344,28.540000915527344,28.719999313354492,45839300
20.952409744262695,29.110000610351562,29.399999618530273,28.799999237060547,28.829999923706055,65591600
20.35500717163086,28.280000686645508,29.010000228881836,28.209999084472656,28.8700008392334,54373700
20.196651458740234,28.059999465942383,28.309999465942383,27.93000030517578,28.239999771118164,43418100
20.333412170410156,28.25,28.479999542236328,28.030000686645508,28.1200008392334,34310000
20.837247848510742,28.950000762939453,29.049999237060547,28.3799991607666,28.56999969482422,54107400
21.031579971313477,29.219999313354492,29.34000015258789,28.899999618530273,29.1200008392334,48743300
21.59299659729004,30.0,30.100000381469727,29.610000610351562,30.010000228881836,73658900
21.895301818847656,30.420000076293945,30.600000381469727,30.1200008392334,30.190000534057617,54411700
21.772947311401367,30.25,30.700000762939453,29.969999313354492,30.639999389648438,67387500
22.636659622192383,31.450000762939453,31.459999084472656,30.299999237060547,30.450000762939453,98351500
22.88858413696289,31.799999237060547,32.099998474121094,31.15999984741211,31.6299991607666,115416700
21.470640182495117,29.829999923706055,30.389999389648438,29.600000381469727,30.049999237060547,145194900
20.86603355407715,28.989999771118164,29.84000015258789,28.81999969482422,29.799999237060547,97473000
20.61411476135254,28.639999389648438,28.899999618530273,28.450000762939453,28.799999237060547,84428900
20.527746200561523,28.520000457763672,29.209999084472656,28.510000228881836,28.739999771118164,74733600
21.161136627197266,29.399999618530273,29.489999771118164,28.479999542236328,28.5,71699400
21.045984268188477,29.239999771118164,29.6200008392334,28.860000610351562,29.59000015258789,66024200
20.93081283569336,29.079999923706055,30.229999542236328,28.989999771118164,29.93000030517578,119687700
21.377071380615234,29.700000762939453,29.860000610351562,28.93000030517578,29.0,93582000
21.024385452270508,29.209999084472656,30.139999389648438,29.079999923706055,29.690000534057617,88775000
21.06757164001465,29.270000457763672,29.389999389648438,29.0,29.280000686645508,69589900
21.153942108154297,29.389999389648438,29.549999237060547,28.950000762939453,29.209999084472656,51621200
21.585803985595703,29.989999771118164,30.059999465942383,29.350000381469727,29.399999618530273,64278800
21.51356315612793,29.780000686645508,30.1299991607666,29.530000686645508,30.0,70934700
21.621925354003906,29.93000030517578,30.260000228881836,29.729999542236328,29.889999389648438,66730400
21.997583389282227,30.450000762939453,30.530000686645508,29.940000534057617,29.979999542236328,53355800
21.66526985168457,29.989999771118164,30.479999542236328,29.920000076293945,30.469999313354492,81538200
21.28238868713379,29.459999084472656,29.889999389648438,29.309999465942383,29.8700008392334,59615000
20.77669334411621,28.760000228881836,29.309999465942383,28.6299991607666,29.299999237060547,75767600
20.408262252807617,28.25,29.049999237060547,28.190000534057617,28.809999465942383,60125100
20.56719207763672,28.469999313354492,28.700000762939453,28.18000030517578,28.280000686645508,52203100
20.263774871826172,28.049999237060547,28.329999923706055,27.950000762939453,28.260000228881836,48890700
20.54551887512207,28.440000534057617,28.5,28.049999237060547,28.110000610351562,47334500
20.357696533203125,28.18000030517578,28.56999969482422,28.040000915527344,28.559999465942383,52318500
20.45160484313965,28.309999465942383,28.68000030517578,28.139999389648438,28.209999084472656,47699200
20.458833694458008,28.31999969482422,28.700000762939453,28.200000762939453,28.3799991607666,63399200
20.083173751831055,27.799999237060547,28.360000610351562,27.549999237060547,28.239999771118164,77028400
19.729190826416016,27.309999465942383,28.309999465942383,27.270000457763672,27.90999984741211,86616700
19.895343780517578,27.540000915527344,27.639999389648438,27.200000762939453,27.280000686645508,79567400
20.444387435913086,28.299999237060547,28.299999237060547,27.600000381469727,27.719999313354492,76063400
19.85923194885254,27.489999771118164,28.170000076293945,27.489999771118164,27.989999771118164,78500800
20.018159866333008,27.709999084472656,27.90999984741211,27.299999237060547,27.649999618530273,66787100
20.148191452026367,27.889999389648438,28.290000915527344,27.31999969482422,27.360000610351562,77433900
19.591928482055664,27.1200008392334,27.940000534057617,27.110000610351562,27.850000381469727,59330800
20.401042938232422,28.239999771118164,28.549999237060547,27.190000534057617,27.399999618530273,113996300
21.000652313232422,29.06999969482422,29.56999969482422,28.5,28.6299991607666,131969100
20.899511337280273,28.93000030517578,29.110000610351562,28.639999389648438,29.020000457763672,74718900
20.805591583251953,28.799999237060547,29.1200008392334,28.790000915527344,29.040000915527344,44256700
20.55997657775879,28.459999084472656,28.860000610351562,28.459999084472656,28.549999237060547,49677800
20.899511337280273,28.93000030517578,29.190000534057617,28.329999923706055,28.549999237060547,62037800
20.393815994262695,28.229999542236328,28.920000076293945,28.100000381469727,28.899999618530273,97480400
20.205989837646484,27.969999313354492,28.40999984741211,27.790000915527344,28.299999237060547,57145300
20.03261375427246,27.729999542236328,28.010000228881836,27.510000228881836,27.920000076293945,65218300
20.480506896972656,28.350000381469727,28.670000076293945,27.760000228881836,27.809999465942383,64280200
20.04705810546875,27.75,28.200000762939453,27.75,28.030000686645508,67049100
19.96036720275879,27.6299991607666,27.90999984741211,27.459999084472656,27.68000030517578,73450200
19.87367057800293,27.510000228881836,27.979999542236328,27.489999771118164,27.729999542236328,57830500
19.411327362060547,26.8700008392334,27.3799991607666,26.440000534057617,27.270000457763672,100327800
18.696134567260742,25.8799991607666,27.0,25.8799991607666,26.899999618530273,84669000
18.768381118774414,25.979999542236328,26.100000381469727,25.600000381469727,25.969999313354492,37074500
18.804494857788086,26.030000686645508,26.389999389648438,25.450000762939453,26.110000610351562,71527600
18.674467086791992,25.850000381469727,26.200000762939453,25.510000228881836,25.93000030517578,65553200
18.226564407348633,25.229999542236328,25.850000381469727,25.18000030517578,25.790000915527344,54255800
18.3855037689209,25.450000762939453,25.670000076293945,24.979999542236328,25.200000762939453,57830600
18.24101448059082,25.25,25.639999389648438,24.8700008392334,25.15999984741211,69532600
18.168777465820312,25.149999618530273,25.809999465942383,25.06999969482422,25.479999542236328,51216200
18.89118194580078,26.149999618530273,26.639999389648438,24.93000030517578,24.93000030517578,92719300
19.693073272705078,27.260000228881836,27.290000915527344,25.920000076293945,26.1299991607666,82060400
19.880895614624023,27.520000457763672,27.90999984741211,27.110000610351562,27.579999923706055,96526100
18.68169593811035,25.860000610351562,26.469999313354492,25.110000610351562,26.360000610351562,150277000
18.522756576538086,25.639999389648438,26.170000076293945,25.530000686645508,25.65999984741211,77575600
18.63834571838379,25.799999237060547,25.940000534057617,25.479999542236328,25.540000915527344,88657200
19.093473434448242,26.43000030517578,26.84000015258789,25.850000381469727,25.860000610351562,79408800
18.378276824951172,25.440000534057617,26.170000076293945,25.440000534057617,26.09000015258789,81092600
18.898420333862305,26.15999984741211,26.219999313354492,25.5,25.639999389648438,58682300
18.421621322631836,25.5,26.110000610351562,25.34000015258789,26.059999465942383,59707800
18.86229705810547,26.110000610351562,26.190000534057617,25.399999618530273,25.520000457763672,66368200
18.948978424072266,26.229999542236328,26.489999771118164,25.899999618530273,26.200000762939453,51977700
18.580551147460938,25.719999313354492,26.280000686645508,25.709999084472656,25.850000381469727,60461000
18.378276824951172,25.440000534057617,25.950000762939453,25.06999969482422,25.920000076293945,82720200
18.262691497802734,25.280000686645508,25.549999237060547,25.110000610351562,25.389999389648438,60588300
18.934528350830078,26.209999084472656,26.280000686645508,25.5,25.639999389648438,84297600
19.519695281982422,27.020000457763672,27.15999984741211,26.3799991607666,26.729999542236328,95550000
19.786985397338867,27.389999389648438,27.75,26.729999542236328,26.899999618530273,82565800
20.321565628051758,28.1299991607666,28.229999542236328,27.190000534057617,27.350000381469727,80814100
20.155414581298828,27.899999618530273,28.399999618530273,27.65999984741211,27.860000610351562,68743800
20.31435775756836,28.1200008392334,28.360000610351562,27.579999923706055,27.780000686645508,62813000
20.16265106201172,27.90999984741211,28.5,27.760000228881836,28.06999969482422,51165200
20.16265106201172,27.90999984741211,28.280000686645508,27.559999465942383,27.81999969482422,49732300
20.09040069580078,27.809999465942383,28.149999618530273,27.579999923706055,27.979999542236328,47267400
20.00370979309082,27.690000534057617,28.049999237060547,27.549999237060547,27.780000686645508,38078200
19.815126419067383,27.31999969482422,27.75,27.270000457763672,27.540000915527344,40332900
19.793373107910156,27.290000915527344,27.579999923706055,27.170000076293945,27.540000915527344,41497200
19.713586807250977,27.18000030517578,27.229999542236328,26.860000610351562,27.100000381469727,43614200
20.192283630371094,27.84000015258789,27.8799991607666,27.219999313354492,27.229999542236328,47930400
20.06173324584961,27.65999984741211,27.84000015258789,27.459999084472656,27.610000610351562,51381300
19.778873443603516,27.270000457763672,27.719999313354492,27.170000076293945,27.579999923706055,44774400
19.98920440673828,27.559999465942383,27.790000915527344,27.1299991607666,27.34000015258789,33975300
20.264822006225586,27.940000534057617,28.010000228881836,27.600000381469727,27.610000610351562,48372600
19.793373107910156,27.290000915527344,27.780000686645508,27.290000915527344,27.68000030517578,50735500
19.655569076538086,27.100000381469727,27.760000228881836,27.059999465942383,27.670000076293945,66079200
19.510509490966797,26.899999618530273,27.18000030517578,26.84000015258789,27.0,57127700
19.11159324645996,26.350000381469727,26.889999389648438,26.350000381469727,26.739999771118164,66141900
18.603885650634766,25.649999618530273,26.219999313354492,25.6299991607666,26.030000686645508,82305200
18.944772720336914,26.1200008392334,26.329999923706055,25.670000076293945,26.209999084472656,62110800
18.930267333984375,26.100000381469727,26.600000381469727,26.049999237060547,26.200000762939453,85735700
19.17687225341797,26.440000534057617,26.860000610351562,26.25,26.520000457763672,75064900
19.82964324951172,27.34000015258789,27.459999084472656,26.030000686645508,26.100000381469727,72913300
20.032724380493164,27.6200008392334,27.739999771118164,26.940000534057617,27.139999389648438,75628500
19.45248794555664,26.81999969482422,27.489999771118164,26.729999542236328,26.920000076293945,82349400
18.850486755371094,25.989999771118164,26.489999771118164,25.520000457763672,26.09000015258789,111729700
17.820560455322266,24.56999969482422,25.8700008392334,24.5,25.729999542236328,106972100
18.321012496948242,25.260000228881836,25.350000381469727,24.010000228881836,24.799999237060547,132291300
18.248489379882812,25.15999984741211,26.399999618530273,23.5,26.3700008392334,134926100
18.422563552856445,25.399999618530273,26.31999969482422,25.31999969482422,26.219999313354492,105207700
18.451576232910156,25.440000534057617,26.170000076293945,25.34000015258789,25.65999984741211,92181300
18.654659271240234,25.719999313354492,26.09000015258789,25.459999084472656,25.579999923706055,80250300
19.300172805786133,26.610000610351562,26.8799991607666,25.739999771118164,25.81999969482422,96203500
19.87315559387207,27.399999618530273,27.559999465942383,26.139999389648438,26.170000076293945,100744300
18.139694213867188,25.010000228881836,27.65999984741211,25.010000228881836,26.940000534057617,134383100
19.358198165893555,26.690000534057617,26.690000534057617,25.540000915527344,25.770000457763672,107192700
19.205881118774414,26.479999542236328,26.989999771118164,26.280000686645508,26.3799991607666,88957000
19.039066314697266,26.25,26.530000686645508,25.700000762939453,26.18000030517578,93819800
19.08983612060547,26.31999969482422,27.469999313354492,26.239999771118164,26.3700008392334,114289400
18.06716537475586,24.90999984741211,25.989999771118164,24.139999389648438,25.6299991607666,146374600
16.848669052124023,23.229999542236328,25.209999084472656,23.139999389648438,24.979999542236328,145941200
16.68909454345703,23.010000228881836,24.299999237060547,22.5,22.899999618530273,171598600
16.17414093017578,22.299999237060547,23.90999984741211,22.06999969482422,23.770000457763672,131948700
15.593903541564941,21.5,22.350000381469727,20.649999618530273,21.790000915527344,228467500
18.495092391967773,25.5,25.5,22.6299991607666,22.860000610351562,144935400
17.479673385620117,24.100000381469727,25.729999542236328,23.600000381469727,25.639999389648438,165674900
16.435245513916016,22.65999984741211,24.25,22.479999542236328,23.780000686645508,113280200
17.54494857788086,24.190000534057617,24.190000534057617,21.309999465942383,22.940000534057617,161147800
17.356372833251953,23.93000030517578,25.110000610351562,23.309999465942383,23.56999969482422,133673100
17.929359436035156,24.719999313354492,24.75,23.010000228881836,24.200000762939453,93484300
16.94295310974121,23.360000610351562,25.010000228881836,23.270000457763672,24.299999237060547,100385600
15.615659713745117,21.530000686645508,23.059999465942383,20.899999618530273,23.040000915527344,150054800
16.188642501831055,22.31999969482422,22.59000015258789,20.889999389648438,21.549999237060547,154774100
15.927536010742188,21.959999084472656,22.860000610351562,20.950000762939453,21.059999465942383,153919700
15.361810684204102,21.18000030517578,21.959999084472656,21.020000457763672,21.670000076293945,117683900
16.754383087158203,23.100000381469727,23.209999084472656,21.34000015258789,21.639999389648438,134088800
16.681842803955078,23.0,23.969999313354492,22.700000762939453,23.1299991607666,111701800
16.41347885131836,22.6299991607666,23.8799991607666,22.389999389648438,23.690000534057617,95323000
16.195903778076172,22.329999923706055,22.90999984741211,22.1200008392334,22.530000686645508,93055200
16.406230926513672,22.6200008392334,22.90999984741211,22.209999084472656,22.479999542236328,61923500
17.066261291503906,23.530000686645508,23.65999984741211,22.8700008392334,23.1299991607666,72123000
16.01457405090332,22.079999923706055,23.34000015258789,22.049999237060547,23.329999923706055,81179700
15.144213676452637,20.8799991607666,22.079999923706055,20.860000610351562,21.8700008392334,95509700
15.593903541564941,21.5,21.540000915527344,21.0,21.31999969482422,71256300
15.448843002319336,21.299999237060547,21.969999313354492,21.190000534057617,21.850000381469727,67106800
15.376314163208008,21.200000762939453,21.299999237060547,20.790000915527344,21.290000915527344,78014500
14.723546028137207,20.299999237060547,21.0,20.280000686645508,20.889999389648438,90162300
15.412569999694824,21.25,21.25,18.739999771118164,20.149999618530273,148413700
14.549476623535156,20.059999465942383,21.34000015258789,19.649999618530273,20.559999465942383,96624500
14.0127534866333,19.31999969482422,20.239999771118164,19.149999618530273,19.739999771118164,97289000
14.32674503326416,19.6200008392334,19.65999984741211,18.75,19.5,108966500
13.355563163757324,18.290000915527344,19.950000762939453,18.25,19.6299991607666,103010500
12.800601959228516,17.530000686645508,18.84000015258789,17.5,18.1200008392334,139532800
14.370553016662598,19.68000030517578,19.700000762939453,17.979999542236328,18.020000457763672,157231900
15.108061790466309,20.690000534057617,20.940000534057617,19.8700008392334,19.889999389648438,125289900
14.596916198730469,19.989999771118164,20.93000030517578,19.549999237060547,20.860000610351562,92948100
14.96202564239502,20.489999771118164,20.68000030517578,19.729999542236328,19.729999542236328,79678300
14.764867782592773,20.219999313354492,20.309999465942383,20.020000457763672,20.229999542236328,28650800
13.589228630065918,18.610000610351562,19.950000762939453,18.600000381469727,19.8799991607666,79639900
13.983542442321777,19.149999618530273,19.309999465942383,18.559999465942383,18.989999771118164,79689800
14.509293556213379,19.8700008392334,19.899999618530273,18.600000381469727,18.649999618530273,80961500
13.954336166381836,19.110000610351562,19.920000076293945,18.790000915527344,19.399999618530273,78719200
14.509293556213379,19.8700008392334,19.979999542236328,18.469999313354492,18.90999984741211,91996200
15.3417329788208,21.010000228881836,21.25,20.139999389648438,20.350000381469727,107225000
15.042346954345703,20.600000381469727,21.25,20.459999084472656,20.6200008392334,80484900
15.04964828491211,20.610000610351562,20.959999084472656,20.299999237060547,20.81999969482422,61499000
14.202603340148926,19.450000762939453,20.1200008392334,19.309999465942383,20.110000610351562,83564300
14.136886596679688,19.360000610351562,19.850000381469727,18.700000762939453,19.149999618530273,78112600
13.903221130371094,19.040000915527344,19.440000534057617,18.889999389648438,19.34000015258789,59925900
14.684540748596191,20.110000610351562,20.18000030517578,19.0,19.209999084472656,97688700
14.355948448181152,19.65999984741211,20.049999237060547,19.5,19.809999465942383,78922700
14.093082427978516,19.299999237060547,20.020000457763672,18.989999771118164,19.860000610351562,80759200
13.96163558959961,19.1200008392334,19.799999237060547,19.110000610351562,19.420000076293945,113530400
14.005439758300781,19.18000030517578,19.290000915527344,18.889999389648438,19.239999771118164,58575400
14.07846736907959,19.280000686645508,19.56999969482422,19.010000228881836,19.280000686645508,47511400
13.998144149780273,19.170000076293945,19.450000762939453,19.100000381469727,19.260000228881836,16880400
13.968938827514648,19.1299991607666,19.329999923706055,19.09000015258789,19.200000762939453,23101000
13.844796180725098,18.959999084472656,19.209999084472656,18.639999389648438,19.149999618530273,58512800
14.122284889221191,19.34000015258789,19.489999771118164,19.0,19.010000228881836,43224100
14.195307731628418,19.440000534057617,19.68000030517578,19.270000457763672,19.309999465942383,46419000
14.845195770263672,20.329999923706055,20.399999618530273,19.3700008392334,19.530000686645508,50084000
14.983928680419922,20.520000457763672,20.670000076293945,20.059999465942383,20.200000762939453,61475200
15.159185409545898,20.760000228881836,21.0,20.610000610351562,20.75,58083400
14.246420860290527,19.510000228881836,20.290000915527344,19.479999542236328,20.190000534057617,72709900
14.691840171813965,20.1200008392334,20.190000534057617,19.549999237060547,19.6299991607666,70255400
14.2537260055542,19.520000457763672,20.299999237060547,19.40999984741211,20.170000076293945,49815300
14.217212677001953,19.469999313354492,19.790000915527344,19.299999237060547,19.709999084472656,52163500
14.472790718078613,19.81999969482422,19.989999771118164,19.520000457763672,19.520000457763672,65843500
13.939728736877441,19.09000015258789,19.68000030517578,19.010000228881836,19.530000686645508,80257500
14.049256324768066,19.239999771118164,19.299999237060547,18.520000457763672,19.06999969482422,96169800
14.392464637756348,19.709999084472656,19.90999984741211,19.149999618530273,19.6299991607666,79634100
13.494298934936523,18.479999542236328,19.6200008392334,18.3700008392334,19.459999084472656,89873000
14.151491165161133,19.3799991607666,19.450000762939453,18.459999084472656,18.8700008392334,68340900
12.493912696838379,17.110000610351562,18.18000030517578,17.06999969482422,18.049999237060547,222436600
12.5596342086792,17.200000762939453,17.489999771118164,16.75,16.969999313354492,117020600
12.873626708984375,17.6299991607666,17.809999465942383,17.229999542236328,17.290000915527344,92476500
12.895529747009277,17.65999984741211,17.969999313354492,17.43000030517578,17.780000686645508,61695000
13.173008918762207,18.040000915527344,18.309999465942383,17.760000228881836,17.799999237060547,64145500
12.844414710998535,17.59000015258789,17.959999084472656,17.559999465942383,17.780000686645508,49192800
12.48660659790039,17.100000381469727,17.790000915527344,17.100000381469727,17.739999771118164,62370900
13.019665718078613,17.829999923706055,18.1299991607666,17.0,17.030000686645508,88871700
13.5089111328125,18.5,18.610000610351562,17.600000381469727,17.850000381469727,86865100
13.60383129119873,18.6299991607666,19.0,18.5,18.540000915527344,75618000
13.903221130371094,19.040000915527344,19.139999389648438,18.25,18.510000228881836,75195200
14.355948448181152,19.65999984741211,19.93000030517578,19.059999465942383,19.15999984741211,86746000
14.195307731628418,19.440000534057617,19.770000457763672,19.260000228881836,19.639999389648438,52196400
13.727961540222168,18.799999237060547,19.799999237060547,18.700000762939453,19.25,83953200
14.027363777160645,19.209999084472656,19.489999771118164,18.920000076293945,18.940000534057617,58599000
14.063864707946777,19.260000228881836,19.31999969482422,18.540000915527344,18.969999313354492,75323200
13.939728736877441,19.09000015258789,19.469999313354492,19.040000915527344,19.270000457763672,47416000
13.300087928771973,18.09000015258789,18.5,17.889999389648438,18.489999771118164,75853300
13.322145462036133,18.1200008392334,18.450000762939453,18.0,18.219999313354492,54946900
13.16775131225586,17.90999984741211,18.3799991607666,17.809999465942383,18.299999237060547,49195600
13.233922004699707,18.0,18.190000534057617,17.65999984741211,17.770000457763672,69413800
12.653096199035645,17.209999084472656,18.149999618530273,17.15999984741211,18.020000457763672,70803400
12.62369441986084,17.170000076293945,17.350000381469727,16.360000610351562,17.030000686645508,122674500
12.4692964553833,16.959999084472656,17.239999771118164,16.459999084472656,17.010000228881836,105894600
12.072278022766113,16.420000076293945,17.079999923706055,16.420000076293945,17.049999237060547,83219500
11.873764991760254,16.149999618530273,16.520000457763672,16.100000381469727,16.290000915527344,93428000
11.609087944030762,15.789999961853027,16.25,15.720000267028809,15.960000038146973,80602100
11.675260543823242,15.880000114440918,16.239999771118164,15.640000343322754,16.030000686645508,80476600
11.85171127319336,16.1200008392334,16.399999618530273,15.890000343322754,16.1200008392334,69285100
11.226778030395508,15.270000457763672,15.880000114440918,15.270000457763672,15.859999656677246,89708500
11.234127044677734,15.279999732971191,15.619999885559082,14.869999885559082,15.350000381469727,92821400
11.138551712036133,15.149999618530273,15.739999771118164,15.100000381469727,15.199999809265137,66479100
12.116389274597168,16.479999542236328,16.6200008392334,15.25,15.369999885559082,95184200
12.579577445983887,17.110000610351562,17.200000762939453,16.43000030517578,16.6299991607666,84522200
12.506059646606445,17.010000228881836,17.040000915527344,16.479999542236328,17.010000228881836,93694100
12.241378784179688,16.649999618530273,17.049999237060547,16.18000030517578,16.979999542236328,82965800
11.947290420532227,16.25,16.959999084472656,16.239999771118164,16.81999969482422,67028900
12.425180435180664,16.899999618530273,16.899999618530273,16.260000228881836,16.31999969482422,62481000
12.4692964553833,16.959999084472656,17.219999313354492,16.600000381469727,17.030000686645508,70710700
12.60163402557373,17.139999389648438,17.450000762939453,16.920000076293945,17.3700008392334,58994600
12.54281234741211,17.059999465942383,17.649999618530273,16.8799991607666,17.31999969482422,81725500
13.476545333862305,18.329999923706055,18.59000015258789,17.309999465942383,17.3700008392334,71600000
13.182455062866211,17.93000030517578,18.209999084472656,17.84000015258789,18.040000915527344,50044100
13.145696640014648,17.8799991607666,18.309999465942383,17.520000457763672,17.979999542236328,73927100
13.844154357910156,18.829999923706055,18.8799991607666,18.1200008392334,18.170000076293945,63775100
13.329498291015625,18.1299991607666,18.6200008392334,18.049999237060547,18.540000915527344,47670400
12.851602554321289,17.479999542236328,17.760000228881836,17.270000457763672,17.739999771118164,49633000
13.505951881408691,18.3700008392334,18.790000915527344,17.780000686645508,17.829999923706055,92423300
14.197062492370605,19.309999465942383,19.360000610351562,18.18000030517578,18.229999542236328,96438900
14.182350158691406,19.290000915527344,19.889999389648438,19.0,19.5,99082300
13.785332679748535,18.75,19.149999618530273,18.43000030517578,19.1299991607666,81858400
13.792686462402344,18.760000228881836,18.760000228881836,18.270000457763672,18.540000915527344,47476100
13.792686462402344,18.760000228881836,19.139999389648438,18.6299991607666,18.760000228881836,65815200
14.108835220336914,19.190000534057617,19.6200008392334,18.959999084472656,18.969999313354492,56408900
14.461737632751465,19.670000076293945,19.700000762939453,19.219999313354492,19.450000762939453,55759600
14.402909278869629,19.59000015258789,19.850000381469727,19.3700008392334,19.690000534057617,44444700
14.226468086242676,19.350000381469727,19.549999237060547,19.0,19.440000534057617,63796300
13.844154357910156,18.829999923706055,19.25,18.510000228881836,19.209999084472656,72725500
14.52790355682373,19.760000228881836,19.780000686645508,18.989999771118164,19.15999984741211,67688700
14.11618423461914,19.200000762939453,19.690000534057617,19.0,19.690000534057617,61398500
13.68239974975586,18.610000610351562,18.950000762939453,18.56999969482422,18.889999389648438,62937200
13.947086334228516,18.969999313354492,19.079999923706055,18.56999969482422,18.59000015258789,60928300
13.807391166687012,18.780000686645508,19.190000534057617,18.700000762939453,18.760000228881836,59401000
13.910317420959473,18.920000076293945,18.940000534057617,18.469999313354492,18.920000076293945,86116300
15.373400688171387,20.90999984741211,21.200000762939453,19.5,19.81999969482422,168478500
14.998445510864258,20.399999618530273,20.81999969482422,20.280000686645508,20.549999237060547,68219600
14.652891159057617,19.93000030517578,20.270000457763672,19.790000915527344,20.25,76685200
14.888154983520508,20.25,20.889999389648438,20.059999465942383,20.110000610351562,79301600
14.895506858825684,20.260000228881836,21.100000381469727,20.010000228881836,20.600000381469727,87439900
14.880805015563965,20.239999771118164,20.350000381469727,19.860000610351562,20.190000534057617,63224500
14.844048500061035,20.190000534057617,20.399999618530273,19.979999542236328,20.3700008392334,54313400
14.549956321716309,19.790000915527344,20.239999771118164,19.639999389648438,20.139999389648438,66835500
14.549956321716309,19.790000915527344,20.06999969482422,19.610000610351562,20.059999465942383,59639100
14.204410552978516,19.31999969482422,19.989999771118164,19.139999389648438,19.959999084472656,68727200
14.27793025970459,19.420000076293945,19.639999389648438,19.139999389648438,19.459999084472656,67597600
14.204410552978516,19.31999969482422,19.729999542236328,19.010000228881836,19.200000762939453,63762600
14.623482704162598,19.889999389648438,20.059999465942383,19.469999313354492,19.510000228881836,71966800
14.520551681518555,19.75,20.0,19.670000076293945,19.920000076293945,49281700
14.7484712600708,20.059999465942383,20.229999542236328,19.799999237060547,19.829999923706055,54539500
14.866105079650879,20.219999313354492,20.5,19.979999542236328,20.1299991607666,61289900
15.145495414733887,20.600000381469727,20.600000381469727,20.239999771118164,20.360000610351562,46073800
15.027104377746582,20.309999465942383,20.739999771118164,20.25,20.510000228881836,51368300
15.078899383544922,20.3799991607666,20.690000534057617,20.219999313354492,20.40999984741211,47450700
14.664557456970215,19.81999969482422,20.229999542236328,19.510000228881836,20.139999389648438,58232800
14.61276912689209,19.75,20.170000076293945,19.469999313354492,19.93000030517578,37318700
15.04930591583252,20.34000015258789,20.450000762939453,19.450000762939453,19.540000915527344,44991700
14.893925666809082,20.1299991607666,20.600000381469727,20.06999969482422,20.25,42892900
15.130688667297363,20.450000762939453,20.6299991607666,20.049999237060547,20.31999969482422,45480800
15.4562406539917,20.889999389648438,20.940000534057617,20.299999237060547,20.559999465942383,46134900
15.833579063415527,21.399999618530273,21.5,20.860000610351562,21.0,57317100
15.833579063415527,21.399999618530273,21.979999542236328,21.200000762939453,21.360000610351562,48935700
16.07774543762207,21.729999542236328,21.760000228881836,21.290000915527344,21.309999465942383,56039600
16.1517391204834,21.829999923706055,21.899999618530273,21.579999923706055,21.770000457763672,42330000
16.3810977935791,22.139999389648438,22.309999465942383,21.809999465942383,21.959999084472656,59579200
16.31450843811035,22.049999237060547,22.31999969482422,21.6299991607666,21.979999542236328,49000600
16.336706161499023,22.079999923706055,22.31999969482422,21.8799991607666,22.059999465942383,50887700
16.684452056884766,22.549999237060547,22.6200008392334,22.1200008392334,22.170000076293945,61297200
16.891613006591797,22.829999923706055,23.260000228881836,22.56999969482422,22.59000015258789,65124600
17.261560440063477,23.329999923706055,23.3799991607666,22.739999771118164,22.899999618530273,50963500
17.328149795532227,23.420000076293945,23.540000915527344,23.020000457763672,23.229999542236328,69089600
17.3503475189209,23.450000762939453,24.110000610351562,23.440000534057617,23.469999313354492,105295600
17.520523071289062,23.68000030517578,23.81999969482422,23.170000076293945,23.5,86483100
17.387346267700195,23.5,23.690000534057617,23.299999237060547,23.6200008392334,58852200
17.809078216552734,24.06999969482422,24.34000015258789,23.75,24.040000915527344,115459000
17.22456932067871,23.280000686645508,23.950000762939453,23.25,23.950000762939453,71291600
17.268962860107422,23.34000015258789,23.65999984741211,23.209999084472656,23.3799991607666,56752700
17.365148544311523,23.469999313354492,23.75,23.360000610351562,23.450000762939453,54287700
17.601919174194336,23.790000915527344,23.920000076293945,23.200000762939453,23.43000030517578,57724300
17.27635955810547,23.350000381469727,23.690000534057617,23.31999969482422,23.56999969482422,65126400
17.653705596923828,23.860000610351562,24.030000686645508,23.549999237060547,23.600000381469727,62854900
17.58711814880371,23.770000457763672,24.239999771118164,23.6299991607666,23.969999313354492,66452400
17.786880493164062,24.040000915527344,24.299999237060547,23.959999084472656,24.049999237060547,54908400
17.291166305541992,23.3700008392334,24.040000915527344,23.209999084472656,23.760000228881836,65422200
17.16537857055664,23.200000762939453,23.280000686645508,22.8700008392334,23.209999084472656,49207700
16.669658660888672,22.530000686645508,23.139999389648438,22.459999084472656,23.079999923706055,52842500
16.691848754882812,22.559999465942383,22.690000534057617,22.0,22.309999465942383,73023400
16.603065490722656,22.440000534057617,22.809999465942383,22.3700008392334,22.649999618530273,46981200
16.56606674194336,22.389999389648438,22.540000915527344,22.149999618530273,22.190000534057617,43229200
17.18757438659668,23.229999542236328,23.290000915527344,22.139999389648438,22.420000076293945,67584000
17.09879493713379,23.110000610351562,23.219999313354492,22.860000610351562,23.200000762939453,45448700
17.8460750579834,24.1200008392334,24.1200008392334,23.559999465942383,23.75,67238700
18.082839965820312,24.440000534057617,24.440000534057617,23.860000610351562,23.93000030517578,64555100
17.971864700317383,24.290000915527344,24.450000762939453,24.100000381469727,24.399999618530273,52860100
18.149429321289062,24.530000686645508,24.530000686645508,24.149999618530273,24.440000534057617,47798000
18.371389389038086,24.829999923706055,24.829999923706055,24.3700008392334,24.690000534057617,52028400
18.34919548034668,24.799999237060547,24.899999618530273,24.510000228881836,24.700000762939453,66192500
18.911518096923828,25.559999465942383,25.719999313354492,24.84000015258789,24.93000030517578,106060500
17.3503475189209,23.450000762939453,23.889999389648438,22.809999465942383,23.610000610351562,215135700
17.09879493713379,23.110000610351562,23.450000762939453,22.899999618530273,23.440000534057617,80950000
17.365148544311523,23.469999313354492,23.549999237060547,22.899999618530273,22.989999771118164,70288400
17.60930824279785,23.799999237060547,23.90999984741211,23.34000015258789,23.729999542236328,73626900
17.616716384887695,23.809999465942383,24.43000030517578,23.709999084472656,24.200000762939453,67820000
17.40213966369629,23.520000457763672,24.06999969482422,23.5,23.770000457763672,54258200
17.631507873535156,23.829999923706055,23.860000610351562,23.5,23.81999969482422,46902900
17.58711814880371,23.770000457763672,23.790000915527344,23.530000686645508,23.68000030517578,49218300
17.616716384887695,23.809999465942383,24.25,23.790000915527344,23.84000015258789,53310300
17.35774803161621,23.459999084472656,23.979999542236328,23.270000457763672,23.93000030517578,59686000
17.43174171447754,23.559999465942383,23.81999969482422,23.5,23.75,46169700
17.328149795532227,23.420000076293945,23.549999237060547,23.299999237060547,23.459999084472656,35261900
17.11358070373535,23.1299991607666,23.399999618530273,23.049999237060547,23.31999969482422,33615800
17.4095401763916,23.530000686645508,23.899999618530273,23.030000686645508,23.1299991607666,61972300
17.476125717163086,23.6200008392334,23.850000381469727,23.399999618530273,23.6299991607666,38954500
17.527929306030273,23.690000534057617,23.799999237060547,23.510000228881836,23.6200008392334,46330200
17.202375411987305,23.25,23.600000381469727,23.229999542236328,23.31999969482422,42474400
17.544635772705078,23.579999923706055,23.649999618530273,23.270000457763672,23.290000915527344,38878900
17.596715927124023,23.649999618530273,23.719999313354492,23.25,23.25,41821300
17.611597061157227,23.670000076293945,23.8700008392334,23.540000915527344,23.600000381469727,39505900
18.162200927734375,24.40999984741211,24.420000076293945,23.770000457763672,23.93000030517578,69011400
18.33331871032715,24.639999389648438,24.729999542236328,24.280000686645508,24.40999984741211,54180900
18.33331871032715,24.639999389648438,24.81999969482422,24.459999084472656,24.600000381469727,43980300
18.266355514526367,24.549999237060547,24.75,24.420000076293945,24.59000015258789,41079000
18.37052345275879,24.690000534057617,24.780000686645508,24.299999237060547,24.40999984741211,45495600
18.363086700439453,24.68000030517578,25.489999771118164,24.610000610351562,25.06999969482422,55808000
18.34076690673828,24.649999618530273,24.850000381469727,24.290000915527344,24.56999969482422,49592800
17.857133865356445,24.0,24.739999771118164,23.899999618530273,24.350000381469727,62608500
17.752965927124023,23.860000610351562,24.139999389648438,23.780000686645508,23.81999969482422,40771300
17.93898582458496,24.110000610351562,24.139999389648438,23.760000228881836,23.90999984741211,34120000
18.318445205688477,24.6200008392334,24.799999237060547,24.079999923706055,24.09000015258789,44999700
18.467248916625977,24.81999969482422,24.84000015258789,24.40999984741211,24.6200008392334,53737100
18.43749237060547,24.780000686645508,24.950000762939453,24.670000076293945,24.739999771118164,49900300
18.601181030273438,25.0,25.049999237060547,24.649999618530273,24.799999237060547,46256000
18.49701690673828,24.860000610351562,25.170000076293945,24.809999465942383,24.93000030517578,54303500
18.601181030273438,25.0,25.09000015258789,24.639999389648438,24.649999618530273,42806800
18.7499942779541,25.200000762939453,25.270000457763672,24.860000610351562,24.969999313354492,44716600
18.7499942779541,25.200000762939453,25.350000381469727,24.950000762939453,25.25,50055800
18.82439613342285,25.299999237060547,25.3799991607666,25.059999465942383,25.059999465942383,42428800
18.794633865356445,25.260000228881836,25.479999542236328,25.100000381469727,25.459999084472656,68016500
18.82439613342285,25.299999237060547,25.3700008392334,25.100000381469727,25.110000610351562,28878700
19.174100875854492,25.770000457763672,25.81999969482422,25.290000915527344,25.399999618530273,61376700
19.129453659057617,25.709999084472656,26.25,25.639999389648438,25.920000076293945,60599900
19.300588607788086,25.940000534057617,26.110000610351562,25.65999984741211,25.920000076293945,56302900
19.010406494140625,25.549999237060547,25.81999969482422,25.520000457763672,25.690000534057617,50158900
19.21873664855957,25.829999923706055,26.15999984741211,25.600000381469727,25.600000381469727,44358000
19.15921401977539,25.75,25.959999084472656,25.690000534057617,25.90999984741211,39050300
19.13689422607422,25.719999313354492,25.989999771118164,25.3799991607666,25.760000228881836,63533400
18.511898040771484,24.8799991607666,25.469999313354492,24.799999237060547,25.40999984741211,75958100
18.571420669555664,24.959999084472656,25.09000015258789,24.43000030517578,24.459999084472656,51219700
18.33331871032715,24.639999389648438,25.059999465942383,24.520000457763672,24.979999542236328,60804900
18.68302345275879,25.110000610351562,25.209999084472656,24.65999984741211,24.68000030517578,48795300
18.675588607788086,25.100000381469727,25.18000030517578,24.8799991607666,24.989999771118164,38472700
19.099699020385742,25.670000076293945,25.899999618530273,25.219999313354492,25.440000534057617,60521300
19.010406494140625,25.549999237060547,25.790000915527344,25.459999084472656,25.56999969482422,39520000
19.13689422607422,25.719999313354492,25.889999389648438,25.549999237060547,25.65999984741211,29145800
19.2038516998291,25.809999465942383,25.940000534057617,25.520000457763672,25.59000015258789,37749000
19.315467834472656,25.959999084472656,26.200000762939453,25.81999969482422,26.139999389648438,45365500
19.873497009277344,26.709999084472656,26.709999084472656,25.899999618530273,25.899999618530273,65620100
19.717248916625977,26.5,26.6299991607666,26.100000381469727,26.450000762939453,56500900
19.613088607788086,26.360000610351562,26.579999923706055,26.25,26.489999771118164,48143200
19.620525360107422,26.3700008392334,26.510000228881836,25.940000534057617,26.420000076293945,54604700
19.77678108215332,26.579999923706055,26.75,26.389999389648438,26.459999084472656,61672700
19.784217834472656,26.59000015258789,26.719999313354492,26.1299991607666,26.559999465942383,61600000
20.848203659057617,28.020000457763672,29.350000381469727,27.8799991607666,29.200000762939453,281761000
21.33928108215332,28.68000030517578,29.020000457763672,28.110000610351562,28.1299991607666,124149700
21.272314071655273,28.59000015258789,28.8799991607666,28.440000534057617,28.729999542236328,69685800
20.848203659057617,28.020000457763672,28.770000457763672,27.950000762939453,28.239999771118164,73542400
20.99701499938965,28.219999313354492,28.40999984741211,27.850000381469727,28.06999969482422,65225500
20.63243293762207,27.729999542236328,28.399999618530273,27.65999984741211,28.030000686645508,73371800
20.744047164916992,27.8799991607666,28.049999237060547,27.40999984741211,27.700000762939453,62428900
20.483617782592773,27.530000686645508,27.739999771118164,27.43000030517578,27.639999389648438,50294800
20.877967834472656,28.059999465942383,28.389999389648438,27.6200008392334,27.690000534057617,63898400
21.183025360107422,28.469999313354492,28.739999771118164,28.280000686645508,28.520000457763672,52681700
21.220232009887695,28.520000457763672,28.6299991607666,28.200000762939453,28.3799991607666,38908500
21.56993293762207,28.989999771118164,29.0,28.530000686645508,28.6200008392334,57518000
21.58481788635254,29.010000228881836,29.280000686645508,28.809999465942383,28.899999618530273,65881100
21.66666030883789,29.1200008392334,29.299999237060547,29.020000457763672,29.079999923706055,49693400
21.845230102539062,29.360000610351562,29.489999771118164,29.0,29.010000228881836,55352400
22.046119689941406,29.6299991607666,29.790000915527344,29.3700008392334,29.469999313354492,53037600
21.979162216186523,29.540000915527344,29.799999237060547,29.3700008392334,29.610000610351562,54129500
22.420085906982422,30.0,30.0,29.469999313354492,29.5,75648900
22.50229263305664,30.110000610351562,30.139999389648438,29.809999465942383,30.0,59431200
22.25567626953125,29.780000686645508,30.0,29.700000762939453,29.989999771118164,51967700
22.136098861694336,29.6200008392334,29.770000457763672,29.43000030517578,29.65999984741211,42647100
22.375240325927734,29.940000534057617,30.010000228881836,29.700000762939453,29.84000015258789,41832700
22.352815628051758,29.90999984741211,29.989999771118164,29.75,29.950000762939453,37341400
22.26314353942871,29.790000915527344,29.860000610351562,29.579999923706055,29.809999465942383,32033500
21.837156295776367,29.219999313354492,29.389999389648438,28.75,29.110000610351562,29357900
21.979158401489258,29.40999984741211,29.450000762939453,29.0,29.149999618530273,44172000
22.427560806274414,30.010000228881836,30.049999237060547,29.40999984741211,29.520000457763672,49904200
22.25567626953125,29.780000686645508,29.989999771118164,29.649999618530273,29.899999618530273,36308600
22.29303741455078,29.829999923706055,30.200000762939453,29.760000228881836,29.84000015258789,43095200
22.405136108398438,29.979999542236328,30.3700008392334,29.829999923706055,30.049999237060547,58810700
22.26314353942871,29.790000915527344,30.079999923706055,29.68000030517578,29.780000686645508,38082700
22.098730087280273,29.56999969482422,29.739999771118164,29.3799991607666,29.520000457763672,37402200
22.20335578918457,29.709999084472656,29.809999465942383,29.25,29.469999313354492,44713300
22.322933197021484,29.8700008392334,29.959999084472656,29.65999984741211,29.709999084472656,45940200
22.3079833984375,29.850000381469727,30.0,29.790000915527344,29.969999313354492,43744200
22.50229263305664,30.110000610351562,30.15999984741211,29.899999618530273,29.90999984741211,34651200
22.43503189086914,30.020000457763672,30.209999084472656,29.8799991607666,29.889999389648438,49473200
22.49482536315918,30.100000381469727,30.40999984741211,30.040000915527344,30.06999969482422,55737800
22.121152877807617,29.600000381469727,29.959999084472656,29.56999969482422,29.950000762939453,43691200
22.68912124633789,30.360000610351562,30.450000762939453,29.799999237060547,29.84000015258789,94118000
22.808704376220703,30.520000457763672,30.84000015258789,30.3700008392334,30.399999618530273,40129100
23.03290367126465,30.81999969482422,30.93000030517578,30.540000915527344,30.600000381469727,36321000
23.107633590698242,30.920000076293945,30.950000762939453,30.690000534057617,30.709999084472656,28362700
23.167415618896484,31.0,31.0,30.760000228881836,30.8799991607666,11083900
23.294477462768555,31.170000076293945,31.18000030517578,30.889999389648438,31.0,25384000
23.45888328552246,31.389999389648438,31.5,31.229999542236328,31.350000381469727,29716200
23.13753890991211,30.959999084472656,31.290000915527344,30.799999237060547,31.149999618530273,42006200
22.77880096435547,30.479999542236328,30.989999771118164,30.479999542236328,30.979999542236328,31929700
23.13005256652832,30.950000762939453,31.100000381469727,30.59000015258789,30.6200008392334,38409100
23.13753890991211,30.959999084472656,31.100000381469727,30.639999389648438,30.850000381469727,49749600
22.995532989501953,30.770000457763672,31.079999923706055,30.520000457763672,30.8799991607666,58182400
22.756389617919922,30.450000762939453,30.700000762939453,30.190000534057617,30.6299991607666,50559700
22.913328170776367,30.65999984741211,30.8799991607666,30.239999771118164,30.280000686645508,51197400
22.62186622619629,30.270000457763672,30.760000228881836,30.1200008392334,30.709999084472656,68754700
22.472400665283203,30.06999969482422,30.399999618530273,29.90999984741211,30.149999618530273,65912100
22.68165397644043,30.350000381469727,30.520000457763672,30.010000228881836,30.260000228881836,51863500
23.13753890991211,30.959999084472656,31.100000381469727,30.260000228881836,30.309999465942383,63228100
23.06279182434082,30.860000610351562,31.239999771118164,30.709999084472656,31.079999923706055,79913200
23.242151260375977,31.100000381469727,31.239999771118164,30.68000030517578,30.75,46575700
22.86101722717285,30.59000015258789,30.940000534057617,30.309999465942383,30.809999465942383,54849500
22.427560806274414,30.010000228881836,30.719999313354492,30.0,30.610000610351562,73086700
21.64285659790039,28.959999084472656,30.200000762939453,28.84000015258789,30.0,102004600
21.91189956665039,29.31999969482422,29.65999984741211,29.100000381469727,29.239999771118164,63373000
22.046417236328125,29.5,29.850000381469727,29.09000015258789,29.200000762939453,66639900
22.173465728759766,29.670000076293945,29.81999969482422,29.020000457763672,29.350000381469727,63949500
21.79232406616211,29.15999984741211,29.8700008392334,28.889999389648438,29.84000015258789,117513700
21.059932708740234,28.18000030517578,29.920000076293945,27.65999984741211,29.899999618530273,193888500
21.231822967529297,28.40999984741211,28.479999542236328,27.920000076293945,28.389999389648438,85931100
21.269180297851562,28.459999084472656,28.5,28.139999389648438,28.3700008392334,54413700
21.396238327026367,28.6299991607666,28.790000915527344,28.1200008392334,28.260000228881836,61397900
20.805837631225586,27.84000015258789,28.5,27.809999465942383,28.3799991607666,77850000
20.940357208251953,28.020000457763672,28.280000686645508,27.56999969482422,28.0,80960100
20.71615982055664,27.719999313354492,28.079999923706055,27.56999969482422,28.010000228881836,52820600
20.932884216308594,28.010000228881836,28.34000015258789,27.75,27.969999313354492,59195800
20.917938232421875,27.989999771118164,28.239999771118164,27.84000015258789,28.030000686645508,48591300
21.01509666442871,28.1200008392334,28.399999618530273,27.700000762939453,27.93000030517578,65993700
20.87310218811035,27.93000030517578,28.059999465942383,27.579999923706055,27.809999465942383,81117200
21.286052703857422,28.350000381469727,28.3700008392334,28.020000457763672,28.1299991607666,51935600
21.466262817382812,28.59000015258789,28.649999618530273,28.360000610351562,28.530000686645508,45882900
21.751567840576172,28.969999313354492,29.030000686645508,28.510000228881836,28.59000015258789,42856500
21.601404190063477,28.770000457763672,28.920000076293945,28.690000534057617,28.790000915527344,44451800
21.571374893188477,28.729999542236328,28.940000534057617,28.649999618530273,28.84000015258789,36707100
21.271039962768555,28.329999923706055,28.829999923706055,28.09000015258789,28.68000030517578,52266200
21.496294021606445,28.6299991607666,28.790000915527344,28.3799991607666,28.520000457763672,43165900
21.4737606048584,28.600000381469727,28.649999618530273,28.020000457763672,28.270000457763672,48735300
21.52631950378418,28.670000076293945,28.850000381469727,28.510000228881836,28.649999618530273,40370600
21.789108276367188,29.020000457763672,29.049999237060547,28.530000686645508,28.770000457763672,43805400
21.36863899230957,28.459999084472656,29.299999237060547,28.239999771118164,29.079999923706055,93123900
21.36863899230957,28.459999084472656,28.610000610351562,28.350000381469727,28.510000228881836,48442100
21.496294021606445,28.6299991607666,28.649999618530273,28.270000457763672,28.459999084472656,42890600
21.466262817382812,28.59000015258789,28.68000030517578,28.420000076293945,28.65999984741211,56001800
21.496294021606445,28.6299991607666,28.93000030517578,28.5,28.520000457763672,39414500
21.623924255371094,28.799999237060547,29.110000610351562,28.549999237060547,28.559999465942383,50271600
21.751567840576172,28.969999313354492,29.110000610351562,28.799999237060547,28.860000610351562,44891400
21.90924835205078,29.18000030517578,29.190000534057617,28.850000381469727,28.889999389648438,35349700
21.976821899414062,29.270000457763672,29.3799991607666,29.040000915527344,29.31999969482422,31700200
21.991840362548828,29.290000915527344,29.3700008392334,29.010000228881836,29.18000030517578,37512000
22.051897048950195,29.3700008392334,29.489999771118164,29.200000762939453,29.420000076293945,36723500
22.24711799621582,29.6299991607666,29.8700008392334,29.399999618530273,29.5,50385700
22.232099533081055,29.610000610351562,29.719999313354492,29.5,29.6299991607666,43845200
22.21708869934082,29.59000015258789,29.899999618530273,29.350000381469727,29.760000228881836,81332100
22.224597930908203,29.600000381469727,29.700000762939453,29.389999389648438,29.5,37718200
22.434829711914062,29.8799991607666,29.899999618530273,29.40999984741211,29.59000015258789,42026600
22.26213264465332,29.649999618530273,29.850000381469727,29.600000381469727,29.719999313354492,33987700
22.53243637084961,30.010000228881836,30.56999969482422,29.799999237060547,29.829999923706055,73168700
22.269651412963867,29.65999984741211,30.200000762939453,29.59000015258789,30.09000015258789,55595500
22.21708869934082,29.59000015258789,29.81999969482422,29.549999237060547,29.709999084472656,33336000
22.352237701416016,29.770000457763672,29.860000610351562,29.5,29.6299991607666,34954800
21.991840362548828,29.290000915527344,29.719999313354492,29.170000076293945,29.639999389648438,63760000
21.89423179626465,29.15999984741211,29.540000915527344,28.6200008392334,29.350000381469727,74768100
21.976821899414062,29.270000457763672,29.43000030517578,29.030000686645508,29.1299991607666,34331200
22.014362335205078,29.31999969482422,29.579999923706055,28.979999542236328,29.149999618530273,47366800
22.03687858581543,29.350000381469727,29.559999465942383,29.139999389648438,29.15999984741211,58318800
22.46485710144043,29.920000076293945,29.979999542236328,29.299999237060547,29.31999969482422,63713800
22.780208587646484,30.34000015258789,30.40999984741211,29.899999618530273,29.950000762939453,54752500
22.76519203186035,30.31999969482422,30.489999771118164,30.209999084472656,30.25,37068800
22.86280632019043,30.450000762939453,30.5,30.1299991607666,30.149999618530273,41374600
23.14061164855957,30.81999969482422,31.0,30.65999984741211,30.790000915527344,68941200
23.178152084350586,30.8700008392334,30.950000762939453,30.709999084472656,30.81999969482422,52745400
23.02798843383789,30.670000076293945,30.979999542236328,30.600000381469727,30.790000915527344,88703100
23.305795669555664,31.040000915527344,31.25,30.760000228881836,30.770000457763672,64970300
23.546056747436523,31.360000610351562,31.440000534057617,31.1299991607666,31.219999313354492,52199500
23.523530960083008,31.329999923706055,31.5,31.229999542236328,31.329999923706055,55343100
23.568580627441406,31.389999389648438,31.530000686645508,30.899999618530273,31.040000915527344,84847600
23.2457275390625,30.959999084472656,31.579999923706055,30.649999618530273,31.1200008392334,126766600
23.358352661132812,31.110000610351562,31.280000686645508,30.860000610351562,31.0,63649300
23.163131713867188,30.850000381469727,31.25,30.75,30.950000762939453,68730900
23.208181381225586,30.90999984741211,31.0,30.6200008392334,30.920000076293945,64557900
23.2757511138916,31.0,31.43000030517578,30.670000076293945,30.93000030517578,52665200
22.930376052856445,30.540000915527344,31.079999923706055,30.520000457763672,31.06999969482422,63214800
23.170639038085938,30.860000610351562,31.059999465942383,30.579999923706055,30.670000076293945,43989500
22.622533798217773,30.1299991607666,30.549999237060547,29.75,30.520000457763672,82085600
22.41230010986328,29.850000381469727,30.09000015258789,29.690000534057617,29.770000457763672,66833800
21.759078979492188,28.979999542236328,29.8799991607666,27.90999984741211,29.59000015258789,128613000
21.180944442749023,28.209999084472656,28.950000762939453,27.31999969482422,28.93000030517578,173718100
21.729042053222656,28.940000534057617,29.479999542236328,28.709999084472656,29.010000228881836,86653300
21.683996200561523,28.8799991607666,29.649999618530273,28.56999969482422,28.68000030517578,63789400
22.104455947875977,29.440000534057617,29.579999923706055,28.920000076293945,28.979999542236328,47146800
21.954296112060547,29.239999771118164,29.729999542236328,29.18000030517578,29.260000228881836,45188800
21.72153663635254,28.93000030517578,29.209999084472656,28.639999389648438,29.200000762939453,63334000
21.729042053222656,28.940000534057617,29.229999542236328,28.450000762939453,29.1200008392334,46053300
21.570655822753906,28.600000381469727,29.0,28.399999618530273,28.8700008392334,52690600
21.299137115478516,28.239999771118164,28.690000534057617,27.790000915527344,28.520000457763672,61746700
20.446874618530273,27.110000610351562,27.84000015258789,27.040000915527344,27.649999618530273,87991100
20.24323844909668,26.84000015258789,27.110000610351562,26.440000534057617,26.6299991607666,117596300
19.813329696655273,26.270000457763672,26.860000610351562,26.260000228881836,26.850000381469727,73711700
19.662492752075195,26.06999969482422,26.329999923706055,25.3799991607666,25.649999618530273,98373600
18.863014221191406,25.010000228881836,26.610000610351562,24.559999465942383,26.229999542236328,176684100
19.60969352722168,26.0,26.360000610351562,25.729999542236328,25.729999542236328,136433600
19.458843231201172,25.799999237060547,26.1200008392334,25.65999984741211,25.84000015258789,67496900
19.526731491088867,25.889999389648438,26.309999465942383,25.520000457763672,25.530000686645508,76152400
19.956634521484375,26.459999084472656,26.479999542236328,25.729999542236328,26.059999465942383,65718800
20.25832176208496,26.860000610351562,26.93000030517578,26.40999984741211,26.549999237060547,67837000
19.45130157470703,25.790000915527344,26.56999969482422,25.6200008392334,26.100000381469727,89832200
19.074186325073242,25.290000915527344,25.829999923706055,25.239999771118164,25.81999969482422,80456200
18.938430786132812,25.110000610351562,25.260000228881836,24.649999618530273,25.25,87355000
18.697084426879883,24.790000915527344,25.520000457763672,24.75,25.219999313354492,87794000
18.855470657348633,25.0,25.149999618530273,24.780000686645508,25.1299991607666,78930900
19.353252410888672,25.65999984741211,25.719999313354492,24.770000457763672,25.040000915527344,68057700
19.232576370239258,25.5,25.959999084472656,25.469999313354492,25.860000610351562,50972400
20.047136306762695,26.579999923706055,26.649999618530273,25.739999771118164,25.75,81641500
19.851037979125977,26.31999969482422,26.579999923706055,26.229999542236328,26.469999313354492,48698000
19.888751983642578,26.3700008392334,26.670000076293945,26.040000915527344,26.559999465942383,47995500
19.941547393798828,26.440000534057617,26.530000686645508,26.170000076293945,26.3700008392334,52075600
19.571979522705078,25.950000762939453,26.889999389648438,25.889999389648438,26.780000686645508,54625300
19.436222076416016,25.770000457763672,26.450000762939453,25.760000228881836,26.15999984741211,55985400
19.089275360107422,25.309999465942383,25.780000686645508,25.219999313354492,25.780000686645508,61466200
18.855470657348633,25.0,25.719999313354492,24.93000030517578,25.459999084472656,85243400
18.50098991394043,24.530000686645508,25.110000610351562,24.309999465942383,25.049999237060547,156256700
18.335058212280273,24.309999465942383,24.610000610351562,24.1200008392334,24.510000228881836,73784800
17.580842971801758,23.309999465942383,24.200000762939453,23.110000610351562,24.1299991607666,119882100
17.354576110839844,23.010000228881836,23.68000030517578,22.950000762939453,23.299999237060547,81050500
17.467708587646484,23.15999984741211,23.31999969482422,22.729999542236328,23.09000015258789,92239400
17.5506649017334,23.270000457763672,23.479999542236328,23.049999237060547,23.360000610351562,62485100
17.965490341186523,23.81999969482422,24.09000015258789,23.579999923706055,23.700000762939453,73592000
18.3275146484375,24.299999237060547,24.31999969482422,23.610000610351562,23.81999969482422,79965300
18.410486221313477,24.40999984741211,24.6200008392334,23.969999313354492,24.600000381469727,50758100
18.30489158630371,24.270000457763672,24.40999984741211,24.149999618530273,24.329999923706055,53806100
18.727252960205078,24.829999923706055,24.889999389648438,24.420000076293945,24.43000030517578,49854200
18.953523635864258,25.1299991607666,25.299999237060547,24.899999618530273,25.139999389648438,61928700
19.187339782714844,25.440000534057617,25.610000610351562,25.1200008392334,25.5,72808100
19.24012565612793,25.510000228881836,25.59000015258789,24.979999542236328,25.5,56934700
18.772506713867188,24.889999389648438,25.639999389648438,24.8799991607666,25.510000228881836,65064800
19.028945922851562,25.229999542236328,25.299999237060547,24.90999984741211,24.959999084472656,38181800
19.217491149902344,25.479999542236328,25.479999542236328,24.700000762939453,24.860000610351562,45530700
18.945981979370117,25.1200008392334,25.649999618530273,24.979999542236328,25.600000381469727,73297300
19.489015579223633,25.84000015258789,25.989999771118164,25.469999313354492,25.510000228881836,73016400
19.466381072998047,25.809999465942383,26.020000457763672,25.25,25.84000015258789,108520100
19.68511390686035,26.100000381469727,26.200000762939453,25.799999237060547,25.860000610351562,67249900
19.730361938476562,26.15999984741211,26.239999771118164,25.959999084472656,26.139999389648438,60672100
19.571979522705078,25.950000762939453,26.190000534057617,25.829999923706055,26.06999969482422,69704800
19.632322311401367,26.030000686645508,26.40999984741211,25.600000381469727,26.1299991607666,69446200
19.466381072998047,25.809999465942383,25.84000015258789,25.350000381469727,25.75,83534800
19.85858154296875,26.329999923706055,26.3799991607666,25.75,25.989999771118164,55044600
19.730361938476562,26.15999984741211,26.350000381469727,25.969999313354492,26.200000762939453,56877700
19.40605354309082,25.729999542236328,26.239999771118164,25.440000534057617,26.149999618530273,78531900
19.13452911376953,25.3700008392334,25.579999923706055,25.209999084472656,25.489999771118164,64922100
19.270294189453125,25.549999237060547,25.559999465942383,25.020000457763672,25.18000030517578,55982100
19.315547943115234,25.610000610351562,25.729999542236328,25.3700008392334,25.549999237060547,57096500
18.908266067504883,25.06999969482422,25.34000015258789,24.8799991607666,25.329999923706055,87257700
18.749879837036133,24.860000610351562,24.899999618530273,24.559999465942383,24.68000030517578,76746900
18.470821380615234,24.489999771118164,24.68000030517578,24.360000610351562,24.420000076293945,70240500
18.402942657470703,24.399999618530273,24.670000076293945,24.239999771118164,24.350000381469727,45263500
18.478363037109375,24.5,24.610000610351562,24.299999237060547,24.360000610351562,40909700
18.736162185668945,24.709999084472656,24.959999084472656,24.600000381469727,24.709999084472656,52912600
18.819568634033203,24.81999969482422,24.950000762939453,24.40999984741211,24.68000030517578,46818900
18.53144073486328,24.440000534057617,24.739999771118164,24.209999084472656,24.6200008392334,54064600
18.37221336364746,24.229999542236328,24.399999618530273,24.200000762939453,24.309999465942383,49560100
18.41011619567871,24.280000686645508,24.639999389648438,24.239999771118164,24.440000534057617,51643000
18.228139877319336,24.040000915527344,24.350000381469727,24.0,24.09000015258789,66522500
18.273635864257812,24.100000381469727,24.219999313354492,23.8700008392334,24.0,47404800
18.061328887939453,23.81999969482422,24.190000534057617,23.790000915527344,24.09000015258789,49105300
18.144725799560547,23.93000030517578,24.020000457763672,23.510000228881836,23.8799991607666,60939400
17.924840927124023,23.639999389648438,23.81999969482422,23.600000381469727,23.739999771118164,45453100
17.795944213867188,23.469999313354492,23.729999542236328,23.31999969482422,23.600000381469727,66074600
18.12198829650879,23.899999618530273,23.950000762939453,23.540000915527344,23.670000076293945,65235900
18.15232276916504,23.940000534057617,23.950000762939453,23.709999084472656,23.8799991607666,48837100
18.417707443237305,24.290000915527344,24.450000762939453,24.200000762939453,24.239999771118164,64189100
18.1674747467041,23.959999084472656,24.299999237060547,23.920000076293945,24.100000381469727,51928700
18.144725799560547,23.93000030517578,24.200000762939453,23.739999771118164,24.06999969482422,65512400
18.20538902282715,24.010000228881836,24.209999084472656,23.989999771118164,24.190000534057617,46028900
18.08407974243164,23.850000381469727,24.030000686645508,23.790000915527344,23.979999542236328,58284300
19.039457321166992,25.110000610351562,25.290000915527344,24.09000015258789,24.200000762939453,114680400
18.978801727294922,25.030000686645508,25.350000381469727,24.889999389648438,25.040000915527344,87160400
19.047048568725586,25.1200008392334,25.219999313354492,24.920000076293945,25.100000381469727,56201900
19.206268310546875,25.329999923706055,25.3700008392334,25.049999237060547,25.059999465942383,44548300
19.122859954833984,25.219999313354492,25.530000686645508,25.079999923706055,25.399999618530273,70341600
19.282093048095703,25.43000030517578,25.520000457763672,25.110000610351562,25.280000686645508,49838700
19.06978988647461,25.149999618530273,25.420000076293945,25.079999923706055,25.420000076293945,52675700
18.660335540771484,24.610000610351562,24.969999313354492,24.360000610351562,24.889999389648438,94299400
18.52385902404785,24.43000030517578,24.59000015258789,24.360000610351562,24.510000228881836,46201800
18.78923988342285,24.780000686645508,24.799999237060547,24.579999923706055,24.639999389648438,51948800
18.75133514404297,24.729999542236328,24.989999771118164,24.59000015258789,24.850000381469727,43603300
18.713417053222656,24.68000030517578,24.899999618530273,24.350000381469727,24.799999237060547,56041200
18.576934814453125,24.5,24.65999984741211,24.399999618530273,24.6299991607666,44318900
18.569351196289062,24.489999771118164,24.829999923706055,24.360000610351562,24.610000610351562,61262700
18.48594093322754,24.3799991607666,24.81999969482422,24.299999237060547,24.770000457763672,62672300
18.129575729370117,23.90999984741211,23.989999771118164,23.780000686645508,23.959999084472656,98143400
18.463191986083984,24.350000381469727,24.450000762939453,23.90999984741211,24.059999465942383,78152900
18.52385902404785,24.43000030517578,24.540000915527344,24.1299991607666,24.31999969482422,50489700
18.59968376159668,24.530000686645508,24.75,24.280000686645508,24.6200008392334,50096100
18.630002975463867,24.56999969482422,24.649999618530273,24.3700008392334,24.6200008392334,41327800
18.645172119140625,24.59000015258789,24.739999771118164,24.5,24.739999771118164,27587800
18.8271484375,24.829999923706055,24.93000030517578,24.43000030517578,24.649999618530273,50141500
19.2138614654541,25.34000015258789,25.540000915527344,24.889999389648438,25.020000457763672,75336500
19.130455017089844,25.229999542236328,25.34000015258789,25.0,25.290000915527344,51949100
19.365501403808594,25.540000915527344,25.549999237060547,25.229999542236328,25.360000610351562,68954800
19.57781219482422,25.81999969482422,25.950000762939453,25.450000762939453,25.59000015258789,48330500
19.031875610351562,25.100000381469727,25.3700008392334,24.950000762939453,25.270000457763672,66150900
19.191102981567383,25.309999465942383,25.399999618530273,25.100000381469727,25.260000228881836,56283600
19.274518966674805,25.420000076293945,25.540000915527344,25.049999237060547,25.399999618530273,50032400
19.24418830871582,25.3799991607666,25.540000915527344,25.270000457763672,25.520000457763672,25837900
19.100120544433594,25.190000534057617,25.350000381469727,25.170000076293945,25.239999771118164,50912400
19.638473510742188,25.899999618530273,25.969999313354492,25.059999465942383,25.1200008392334,69304200
19.752201080322266,26.049999237060547,26.110000610351562,25.6200008392334,25.790000915527344,64805500
19.92660903930664,26.280000686645508,26.3799991607666,25.920000076293945,26.209999084472656,80730300
20.22231674194336,26.670000076293945,27.200000762939453,26.479999542236328,27.149999618530273,114193200
20.434619903564453,26.950000762939453,27.219999313354492,26.700000762939453,26.8799991607666,61912100
20.76825714111328,27.389999389648438,27.420000076293945,27.020000457763672,27.059999465942383,54402100
20.495283126831055,27.030000686645508,27.489999771118164,26.959999084472656,27.459999084472656,110255300
20.578693389892578,27.139999389648438,27.43000030517578,27.010000228881836,27.40999984741211,93599300
20.358802795410156,26.850000381469727,27.190000534057617,26.530000686645508,27.170000076293945,110953700
20.32847023010254,26.809999465942383,28.8700008392334,26.579999923706055,26.68000030517578,71670800
20.434619903564453,26.950000762939453,27.110000610351562,26.709999084472656,26.809999465942383,58538600
20.42704200744629,26.940000534057617,27.079999923706055,26.809999465942383,27.010000228881836,52277300
20.229894638061523,26.68000030517578,26.719999313354492,26.280000686645508,26.68000030517578,62073100
19.919025421142578,26.270000457763672,26.520000457763672,26.100000381469727,26.469999313354492,64962200
19.865949630737305,26.200000762939453,26.5,26.170000076293945,26.329999923706055,51794600
19.690473556518555,25.809999465942383,26.040000915527344,25.649999618530273,26.040000915527344,65339200
19.50738525390625,25.56999969482422,25.90999984741211,25.549999237060547,25.899999618530273,58299700
19.713367462158203,25.84000015258789,26.079999923706055,25.610000610351562,25.709999084472656,59514000
19.598936080932617,25.690000534057617,25.829999923706055,25.600000381469727,25.799999237060547,52423200
19.629446029663086,25.729999542236328,25.739999771118164,25.440000534057617,25.649999618530273,53350500
19.16407585144043,25.1200008392334,25.600000381469727,25.09000015258789,25.56999969482422,69742500
19.354808807373047,25.3700008392334,25.459999084472656,25.15999984741211,25.200000762939453,56825900
19.263259887695312,25.25,25.40999984741211,25.170000076293945,25.209999084472656,21356500
19.30902862548828,25.309999465942383,25.420000076293945,24.93000030517578,25.190000534057617,56603600
19.270883560180664,25.260000228881836,25.469999313354492,25.0,25.049999237060547,75282100
19.865947723388672,26.040000915527344,26.25,25.559999465942383,25.56999969482422,74123500
20.514408111572266,26.889999389648438,26.979999542236328,26.200000762939453,26.239999771118164,91759200
20.61359405517578,27.020000457763672,27.059999465942383,26.780000686645508,26.809999465942383,52622000
20.476268768310547,26.84000015258789,26.979999542236328,26.760000228881836,26.93000030517578,36264200
20.4991512298584,26.8700008392334,27.1299991607666,26.850000381469727,27.079999923706055,57860500
20.77379608154297,27.229999542236328,27.239999771118164,26.799999237060547,26.829999923706055,41666800
20.659366607666016,27.079999923706055,27.34000015258789,27.010000228881836,27.280000686645508,47148300
20.85771942138672,27.34000015258789,27.399999618530273,27.110000610351562,27.190000534057617,37625800
20.78905487060547,27.25,27.450000762939453,27.170000076293945,27.270000457763672,47943900
21.071332931518555,27.6200008392334,27.75,27.260000228881836,27.309999465942383,64070500
21.24679183959961,27.850000381469727,27.989999771118164,27.530000686645508,27.530000686645508,69634200
21.353609085083008,27.989999771118164,27.989999771118164,27.65999984741211,27.760000228881836,57680200
21.28494644165039,27.899999618530273,28.09000015258789,27.75,27.920000076293945,87456500
21.216283798217773,27.809999465942383,27.989999771118164,27.68000030517578,27.950000762939453,52811000
21.414627075195312,28.06999969482422,28.139999389648438,27.760000228881836,27.850000381469727,38153000
21.506179809570312,28.190000534057617,28.399999618530273,27.979999542236328,28.010000228881836,42252300
21.590097427368164,28.299999237060547,28.31999969482422,27.959999084472656,27.969999313354492,24902500
21.414627075195312,28.06999969482422,28.200000762939453,27.8799991607666,28.1200008392334,21652800
21.368854522705078,28.010000228881836,28.170000076293945,27.959999084472656,27.969999313354492,23042200
21.33835220336914,27.969999313354492,28.1200008392334,27.8799991607666,27.940000534057617,19502500
21.24679183959961,27.850000381469727,28.0,27.780000686645508,27.920000076293945,20786100
21.292570114135742,27.90999984741211,27.920000076293945,27.6299991607666,27.799999237060547,24752000
21.34597396850586,27.979999542236328,28.18000030517578,27.920000076293945,28.049999237060547,53443800
21.42989158630371,28.09000015258789,28.170000076293945,27.850000381469727,27.940000534057617,54405600
21.361228942871094,28.0,28.010000228881836,27.770000457763672,27.899999618530273,58998700
21.986806869506836,28.81999969482422,28.850000381469727,27.860000610351562,28.040000915527344,88026300
21.8189754486084,28.600000381469727,28.739999771118164,28.25,28.639999389648438,73762000
21.529064178466797,28.219999313354492,28.399999618530273,28.040000915527344,28.260000228881836,57573600
21.44515037536621,28.110000610351562,28.25,28.049999237060547,28.200000762939453,50298900
21.780820846557617,28.549999237060547,28.59000015258789,28.06999969482422,28.1200008392334,52631100
21.506179809570312,28.190000534057617,28.389999389648438,28.010000228881836,28.329999923706055,67077600
21.590097427368164,28.299999237060547,28.3799991607666,27.90999984741211,28.079999923706055,62688400
21.864744186401367,28.65999984741211,28.739999771118164,28.139999389648438,28.15999984741211,53322700
21.71979522705078,28.469999313354492,28.68000030517578,28.270000457763672,28.459999084472656,50005900
21.628244400024414,28.350000381469727,28.549999237060547,28.1299991607666,28.5,58613600
21.376487731933594,28.020000457763672,28.43000030517578,28.020000457763672,28.399999618530273,58080300
21.651124954223633,28.3799991607666,28.559999465942383,27.989999771118164,28.020000457763672,52047800
21.704538345336914,28.450000762939453,28.450000762939453,28.1200008392334,28.139999389648438,42436600
21.956295013427734,28.780000686645508,28.989999771118164,28.5,28.510000228881836,74628800
22.02495574951172,28.8700008392334,29.459999084472656,28.489999771118164,28.75,146938600
21.170507431030273,27.75,28.93000030517578,27.450000762939453,28.899999618530273,141249400
21.155250549316406,27.729999542236328,27.899999618530273,27.420000076293945,27.770000457763672,65029000
21.353609085083008,27.989999771118164,28.059999465942383,27.610000610351562,27.799999237060547,62810700
21.315458297729492,27.940000534057617,28.110000610351562,27.8799991607666,27.93000030517578,45824000
21.094209671020508,27.649999618530273,27.969999313354492,27.540000915527344,27.969999313354492,60340100
21.18576431274414,27.770000457763672,27.84000015258789,27.510000228881836,27.700000762939453,40412200
21.51380729675293,28.200000762939453,28.34000015258789,27.790000915527344,27.799999237060547,68980900
21.574851989746094,28.280000686645508,28.34000015258789,28.049999237060547,28.100000381469727,34904200
21.33835220336914,27.969999313354492,28.260000228881836,27.90999984741211,28.190000534057617,52905100
20.979774475097656,27.5,27.940000534057617,27.290000915527344,27.93000030517578,76672400
20.78905487060547,27.25,27.809999465942383,27.06999969482422,27.760000228881836,83939700
20.77379608154297,27.229999542236328,27.270000457763672,26.950000762939453,27.209999084472656,56766200
20.689376831054688,26.959999084472656,27.329999923706055,26.950000762939453,27.040000915527344,44116500
20.73543357849121,27.020000457763672,27.06999969482422,26.600000381469727,27.049999237060547,70817900
20.881235122680664,27.209999084472656,27.3700008392334,26.90999984741211,26.969999313354492,57207300
20.766124725341797,27.059999465942383,27.209999084472656,26.989999771118164,27.1299991607666,68667800
20.405445098876953,26.59000015258789,27.100000381469727,26.520000457763672,26.780000686645508,60889000
20.405445098876953,26.59000015258789,26.860000610351562,26.43000030517578,26.530000686645508,60234100
20.543577194213867,26.770000457763672,27.059999465942383,26.5,26.639999389648438,64494200
20.374738693237305,26.549999237060547,26.950000762939453,26.5,26.90999984741211,53006300
20.397769927978516,26.579999923706055,26.860000610351562,26.510000228881836,26.690000534057617,51379900
20.075448989868164,26.15999984741211,26.780000686645508,26.149999618530273,26.600000381469727,60055000
20.014062881469727,26.079999923706055,26.3700008392334,26.040000915527344,26.110000610351562,48658200
20.10614776611328,26.200000762939453,26.399999618530273,26.18000030517578,26.260000228881836,68271500
19.914297103881836,25.950000762939453,26.239999771118164,25.799999237060547,26.219999313354492,70437200
19.7377986907959,25.719999313354492,26.270000457763672,25.549999237060547,26.1299991607666,64980400
19.883604049682617,25.90999984741211,26.020000457763672,25.649999618530273,25.770000457763672,50549800
19.868257522583008,25.889999389648438,25.979999542236328,25.65999984741211,25.809999465942383,39789100
19.499889373779297,25.40999984741211,25.709999084472656,25.350000381469727,25.6200008392334,66549500
19.70709228515625,25.68000030517578,25.850000381469727,25.360000610351562,25.40999984741211,49905800
19.71476936340332,25.690000534057617,25.760000228881836,25.350000381469727,25.489999771118164,54473400
19.48455047607422,25.389999389648438,25.469999313354492,25.0,25.079999923706055,76067300
19.024106979370117,24.790000915527344,25.280000686645508,24.68000030517578,25.219999313354492,100725400
19.016427993774414,24.780000686645508,25.219999313354492,24.75,25.059999465942383,62497000
19.031768798828125,24.799999237060547,25.18000030517578,24.799999237060547,25.059999465942383,85486700
19.438507080078125,25.329999923706055,25.579999923706055,25.149999618530273,25.18000030517578,46878100
19.41547966003418,25.299999237060547,25.459999084472656,25.229999542236328,25.299999237060547,30895600
19.59965705871582,25.540000915527344,25.610000610351562,25.18000030517578,25.229999542236328,43969000
19.806865692138672,25.809999465942383,25.8700008392334,25.5,25.600000381469727,38696700
19.661054611206055,25.6200008392334,25.950000762939453,25.59000015258789,25.93000030517578,57029800
19.499889373779297,25.40999984741211,25.719999313354492,25.3799991607666,25.65999984741211,48973200
19.561296463012695,25.489999771118164,25.520000457763672,25.299999237060547,25.34000015258789,40763500
19.65337371826172,25.610000610351562,25.719999313354492,25.5,25.600000381469727,41999300
19.48455047607422,25.389999389648438,25.68000030517578,25.34000015258789,25.600000381469727,63233700
19.55361557006836,25.479999542236328,25.530000686645508,25.309999465942383,25.530000686645508,63114200
19.607337951660156,25.549999237060547,25.65999984741211,25.40999984741211,25.450000762939453,35433700
19.783838272094727,25.780000686645508,26.18000030517578,25.739999771118164,25.81999969482422,73651100
20.067779541015625,26.149999618530273,26.309999465942383,25.860000610351562,25.979999542236328,65581400
20.10614776611328,26.200000762939453,26.260000228881836,25.969999313354492,26.190000534057617,46134700
20.00638771057129,26.06999969482422,26.280000686645508,25.959999084472656,26.170000076293945,39887600
19.93732452392578,25.979999542236328,26.25,25.799999237060547,26.190000534057617,34286300
19.676393508911133,25.639999389648438,25.850000381469727,25.549999237060547,25.829999923706055,36920400
19.668725967407227,25.6299991607666,25.8700008392334,25.559999465942383,25.649999618530273,38144700
19.5075740814209,25.420000076293945,25.440000534057617,25.09000015258789,25.420000076293945,55239900
19.46919822692871,25.3700008392334,25.559999465942383,25.18000030517578,25.459999084472656,65080400
19.246652603149414,25.079999923706055,25.280000686645508,24.719999313354492,25.100000381469727,58045100
19.300369262695312,25.149999618530273,25.170000076293945,24.8700008392334,25.0,38892400
19.768489837646484,25.760000228881836,26.0,25.510000228881836,25.540000915527344,61608600
19.58431053161621,25.520000457763672,25.889999389648438,25.360000610351562,25.790000915527344,46892300
19.65337371826172,25.610000610351562,25.6200008392334,25.34000015258789,25.559999465942383,33525100
20.098472595214844,26.190000534057617,26.440000534057617,25.670000076293945,25.739999771118164,69200000
20.24428367614746,26.3799991607666,26.389999389648438,26.1299991607666,26.299999237060547,52689000
20.49753189086914,26.709999084472656,26.8700008392334,26.399999618530273,26.459999084472656,80200000
19.891279220581055,25.920000076293945,26.639999389648438,25.360000610351562,26.549999237060547,319317900
19.691749572753906,25.65999984741211,26.0,25.479999542236328,25.940000534057617,89825600
19.806865692138672,25.809999465942383,25.850000381469727,25.489999771118164,25.600000381469727,71892900
19.998716354370117,26.059999465942383,26.25,25.790000915527344,25.850000381469727,73292300
19.791515350341797,25.790000915527344,26.079999923706055,25.68000030517578,26.049999237060547,55600000
19.852907180786133,25.8700008392334,26.219999313354492,25.75,26.06999969482422,55993000
19.822206497192383,25.829999923706055,25.959999084472656,25.670000076293945,25.799999237060547,38696400
19.699420928955078,25.670000076293945,25.850000381469727,25.25,25.3799991607666,120798700
19.46152687072754,25.360000610351562,25.65999984741211,25.209999084472656,25.649999618530273,78600000
19.430831909179688,25.31999969482422,25.389999389648438,25.100000381469727,25.350000381469727,77400000
19.208276748657227,25.030000686645508,25.31999969482422,24.950000762939453,25.280000686645508,66812300
18.855266571044922,24.56999969482422,25.06999969482422,24.5,24.959999084472656,91350900
18.940237045288086,24.520000457763672,24.700000762939453,24.270000457763672,24.399999618530273,82882100
19.071556091308594,24.690000534057617,24.739999771118164,24.25,24.530000686645508,53931100
19.0947265625,24.719999313354492,24.8799991607666,24.5,24.850000381469727,37783600
18.917062759399414,24.489999771118164,24.8700008392334,24.440000534057617,24.719999313354492,45451500
18.669891357421875,24.170000076293945,24.25,24.030000686645508,24.209999084472656,52692500
18.654436111450195,24.149999618530273,24.290000915527344,24.040000915527344,24.200000762939453,47691800
18.68533706665039,24.190000534057617,24.309999465942383,24.15999984741211,24.170000076293945,34904200
19.056106567382812,24.670000076293945,25.030000686645508,24.31999969482422,24.350000381469727,78016600
19.125627517700195,24.760000228881836,24.899999618530273,24.649999618530273,24.68000030517578,50251000
19.318737030029297,25.010000228881836,25.059999465942383,24.700000762939453,24.959999084472656,60196300
18.87071990966797,24.43000030517578,25.100000381469727,24.3700008392334,24.989999771118164,74033500
18.70850372314453,24.219999313354492,24.649999618530273,24.18000030517578,24.489999771118164,51487800
18.469057083129883,23.90999984741211,24.139999389648438,23.84000015258789,24.049999237060547,60697700
18.546297073364258,24.010000228881836,24.25,23.770000457763672,23.889999389648438,54778700
18.584917068481445,24.059999465942383,24.170000076293945,23.899999618530273,24.09000015258789,41112600
18.49222183227539,23.940000534057617,24.020000457763672,23.860000610351562,23.899999618530273,42205000
18.507678985595703,23.959999084472656,24.040000915527344,23.81999969482422,24.010000228881836,42878700
18.31456184387207,23.709999084472656,24.020000457763672,23.690000534057617,24.020000457763672,49327200
18.56946563720703,24.040000915527344,24.190000534057617,23.700000762939453,23.790000915527344,47572500
18.70850372314453,24.219999313354492,24.450000762939453,24.190000534057617,24.299999237060547,42894500
18.337738037109375,23.739999771118164,24.010000228881836,23.670000076293945,24.0,49410200
18.53856658935547,24.0,24.100000381469727,23.649999618530273,23.75,57184100
18.73941421508789,24.260000228881836,24.299999237060547,23.979999542236328,24.219999313354492,83320400
18.9016170501709,24.469999313354492,24.65999984741211,24.15999984741211,24.170000076293945,54338400
19.125627517700195,24.760000228881836,24.860000610351562,24.399999618530273,24.520000457763672,49708700
19.04066276550293,24.649999618530273,24.809999465942383,24.59000015258789,24.600000381469727,44287300
19.025205612182617,24.6299991607666,24.649999618530273,24.200000762939453,24.440000534057617,59470400
18.77029800415039,24.299999237060547,24.540000915527344,24.190000534057617,24.510000228881836,101387200
19.465497970581055,25.200000762939453,25.459999084472656,24.229999542236328,24.229999542236328,92044200
19.92896842956543,25.799999237060547,25.920000076293945,25.15999984741211,25.299999237060547,81032100
19.78992462158203,25.6200008392334,25.709999084472656,25.360000610351562,25.709999084472656,66051000
20.083450317382812,26.0,26.0,25.65999984741211,25.739999771118164,52535400
20.098899841308594,26.020000457763672,26.170000076293945,25.84000015258789,25.93000030517578,52906200
20.106624603271484,26.030000686645508,26.149999618530273,25.899999618530273,26.100000381469727,37805300
20.338356018066406,26.329999923706055,26.3700008392334,25.959999084472656,25.969999313354492,48744200
20.678234100341797,26.770000457763672,26.8799991607666,26.360000610351562,26.489999771118164,51946500
20.79410171508789,26.920000076293945,26.979999542236328,26.510000228881836,26.540000915527344,58320700
20.570093154907227,26.6299991607666,26.799999237060547,26.489999771118164,26.6200008392334,43999800
20.500572204589844,26.540000915527344,26.790000915527344,26.34000015258789,26.549999237060547,47319300
20.570093154907227,26.6299991607666,26.959999084472656,26.510000228881836,26.600000381469727,40861800
20.44649887084961,26.469999313354492,27.010000228881836,26.360000610351562,26.6200008392334,46382300
20.685958862304688,26.780000686645508,26.93000030517578,26.469999313354492,26.469999313354492,49132400
20.539194107055664,26.59000015258789,26.899999618530273,26.260000228881836,26.6299991607666,44501900
21.27301025390625,27.540000915527344,27.639999389648438,26.780000686645508,26.809999465942383,86730600
20.90224266052246,27.059999465942383,27.350000381469727,26.979999542236328,27.280000686645508,49795400
20.933135986328125,27.100000381469727,27.309999465942383,26.649999618530273,27.040000915527344,81737400
21.26528549194336,27.530000686645508,27.549999237060547,26.68000030517578,26.860000610351562,76380600
21.558813095092773,27.90999984741211,28.09000015258789,27.190000534057617,27.260000228881836,108482400
21.690126419067383,28.079999923706055,28.149999618530273,27.780000686645508,27.81999969482422,74636500
21.110803604125977,27.329999923706055,27.989999771118164,27.200000762939453,27.8799991607666,71488700
21.412052154541016,27.719999313354492,28.06999969482422,27.209999084472656,27.290000915527344,83761400
21.164867401123047,27.399999618530273,27.709999084472656,27.260000228881836,27.520000457763672,104394800
21.06444549560547,27.270000457763672,27.690000534057617,26.75,27.510000228881836,61838400
20.701400756835938,26.799999237060547,27.450000762939453,26.760000228881836,26.979999542236328,63883100
20.79410171508789,26.920000076293945,27.0,26.479999542236328,26.829999923706055,64581200
20.037109375,25.940000534057617,26.8700008392334,25.93000030517578,26.530000686645508,92949500
19.836265563964844,25.68000030517578,26.100000381469727,25.229999542236328,25.969999313354492,112071700
18.909337997436523,24.479999542236328,25.600000381469727,24.389999389648438,25.020000457763672,134257200
19.759033203125,25.579999923706055,25.6200008392334,24.030000686645508,24.709999084472656,126268900
18.693056106567383,24.200000762939453,25.09000015258789,24.100000381469727,24.950000762939453,127819900
19.45777702331543,25.190000534057617,25.3799991607666,24.399999618530273,24.5,90690100
19.38825225830078,25.100000381469727,25.34000015258789,24.649999618530273,25.1299991607666,64787100
19.704957962036133,25.510000228881836,25.579999923706055,25.149999618530273,25.239999771118164,56529400
19.7049560546875,25.350000381469727,25.59000015258789,25.049999237060547,25.219999313354492,54251500
19.62722396850586,25.25,25.700000762939453,24.93000030517578,25.25,50923700
19.17637825012207,24.670000076293945,25.09000015258789,24.030000686645508,24.56999969482422,105714200
18.69445037841797,24.049999237060547,24.6200008392334,23.90999984741211,24.40999984741211,77397900
18.640029907226562,23.979999542236328,24.489999771118164,23.790000915527344,24.420000076293945,54721000
19.215248107910156,24.719999313354492,24.75,24.030000686645508,24.030000686645508,59670600
19.35516357421875,24.899999618530273,24.93000030517578,24.420000076293945,24.649999618530273,45329700
19.09864616394043,24.56999969482422,25.15999984741211,24.5,25.079999923706055,48192000
19.62722396850586,25.25,25.34000015258789,24.420000076293945,24.510000228881836,71957000
20.085847854614258,25.84000015258789,25.860000610351562,25.3700008392334,25.530000686645508,38863200
20.388994216918945,26.229999542236328,26.43000030517578,25.700000762939453,25.729999542236328,57341400
20.676605224609375,26.600000381469727,26.709999084472656,26.260000228881836,26.290000915527344,59300800
20.37344741821289,26.209999084472656,26.860000610351562,26.209999084472656,26.459999084472656,60510800
20.05474853515625,25.799999237060547,26.0,25.65999984741211,25.780000686645508,43894400
19.829334259033203,25.510000228881836,25.59000015258789,25.110000610351562,25.200000762939453,54929300
20.210214614868164,26.0,26.0,25.56999969482422,25.690000534057617,41961000
20.381221771240234,26.219999313354492,26.65999984741211,25.950000762939453,26.0,65811900
20.00811195373535,25.739999771118164,26.18000030517578,25.5,26.0,64529200
20.124706268310547,25.889999389648438,25.93000030517578,25.270000457763672,25.440000534057617,55046100
20.241308212280273,26.040000915527344,26.190000534057617,25.809999465942383,25.920000076293945,48792300
20.598867416381836,26.5,26.799999237060547,25.889999389648438,26.170000076293945,66739200
20.979747772216797,26.989999771118164,27.030000686645508,26.309999465942383,26.729999542236328,67808300
21.080814361572266,27.1200008392334,27.270000457763672,26.829999923706055,27.049999237060547,89681500
21.150766372680664,27.209999084472656,27.309999465942383,26.600000381469727,26.799999237060547,52324900
20.97197723388672,26.979999542236328,27.5,26.93000030517578,27.309999465942383,49211900
20.20244026184082,25.989999771118164,27.059999465942383,25.969999313354492,27.049999237060547,72750700
19.479536056518555,25.059999465942383,25.649999618530273,24.600000381469727,25.299999237060547,96278300
19.479536056518555,25.059999465942383,25.149999618530273,24.690000534057617,24.899999618530273,64768100
19.774921417236328,25.440000534057617,25.520000457763672,24.729999542236328,25.190000534057617,51057600
19.953697204589844,25.670000076293945,25.920000076293945,25.450000762939453,25.65999984741211,55620700
19.883743286132812,25.579999923706055,26.3700008392334,25.510000228881836,25.93000030517578,60736200
19.782690048217773,25.450000762939453,26.170000076293945,25.09000015258789,25.979999542236328,63407300
19.347396850585938,24.889999389648438,25.5,24.8799991607666,25.200000762939453,54060500
19.06756019592285,24.530000686645508,25.34000015258789,24.520000457763672,24.719999313354492,64592500
19.697181701660156,25.34000015258789,25.389999389648438,24.260000228881836,24.299999237060547,83485400
20.124706268310547,25.889999389648438,26.15999984741211,25.15999984741211,25.420000076293945,94061300
20.474504470825195,26.34000015258789,26.399999618530273,25.700000762939453,25.899999618530273,55111400
20.404541015625,26.25,26.510000228881836,26.200000762939453,26.34000015258789,52741600
20.940889358520508,26.940000534057617,26.969999313354492,26.469999313354492,26.579999923706055,41815300
20.98752784729004,27.0,27.06999969482422,26.719999313354492,26.860000610351562,38826200
20.956430435180664,26.959999084472656,27.309999465942383,26.899999618530273,27.18000030517578,52489800
21.12744140625,27.18000030517578,27.200000762939453,26.6200008392334,26.760000228881836,43823500
21.197399139404297,27.270000457763672,27.5,27.020000457763672,27.309999465942383,50947700
20.97197723388672,26.979999542236328,27.420000076293945,26.850000381469727,27.110000610351562,39453300
21.228498458862305,27.309999465942383,27.399999618530273,26.799999237060547,26.940000534057617,52487900
21.088573455810547,27.1299991607666,27.469999313354492,27.010000228881836,27.3700008392334,42880000
21.018613815307617,27.040000915527344,27.34000015258789,26.399999618530273,27.260000228881836,76300200
21.111894607543945,27.15999984741211,27.190000534057617,26.799999237060547,27.149999618530273,76620600
21.135215759277344,27.190000534057617,27.399999618530273,27.040000915527344,27.059999465942383,56897800
20.839834213256836,26.809999465942383,27.229999542236328,26.719999313354492,27.079999923706055,53554600
20.668825149536133,26.59000015258789,27.059999465942383,26.100000381469727,27.030000686645508,63029900
21.181856155395508,27.25,27.399999618530273,26.649999618530273,27.1299991607666,74512400
20.97197723388672,26.979999542236328,27.190000534057617,26.790000915527344,27.139999389648438,57712100
20.699920654296875,26.6299991607666,27.0,26.6200008392334,26.760000228881836,46799000
20.20244026184082,25.989999771118164,26.31999969482422,25.860000610351562,26.190000534057617,61182600
20.217987060546875,26.010000228881836,26.200000762939453,25.700000762939453,26.100000381469727,53533100
20.622190475463867,26.530000686645508,26.59000015258789,25.979999542236328,26.239999771118164,65836100
20.404541015625,26.25,26.399999618530273,26.0,26.3799991607666,36549200
20.832059860229492,26.799999237060547,26.81999969482422,26.1299991607666,26.209999084472656,42589700
21.111894607543945,27.15999984741211,27.200000762939453,26.690000534057617,27.010000228881836,47822500
20.365678787231445,26.200000762939453,26.75,26.059999465942383,26.59000015258789,62950900
20.427865982055664,26.280000686645508,26.5,26.1200008392334,26.469999313354492,32514400
20.917572021484375,26.90999984741211,27.079999923706055,26.56999969482422,26.579999923706055,37903000
20.80097770690918,26.760000228881836,27.0,26.649999618530273,26.8799991607666,34199200
20.941940307617188,26.739999771118164,26.940000534057617,26.399999618530273,26.559999465942383,43874200
20.417217254638672,26.06999969482422,26.510000228881836,26.040000915527344,26.469999313354492,53262800
20.002140045166016,25.540000915527344,26.040000915527344,25.440000534057617,26.010000228881836,70977500
19.81417465209961,25.299999237060547,25.5,25.149999618530273,25.479999542236328,47626200
19.57923126220703,25.0,25.25,24.899999618530273,25.239999771118164,61882500
19.41476821899414,24.790000915527344,24.959999084472656,24.649999618530273,24.889999389648438,49204500
19.164152145385742,24.469999313354492,24.790000915527344,24.469999313354492,24.610000610351562,49099700
19.031005859375,24.299999237060547,24.670000076293945,24.299999237060547,24.3799991607666,26164600
19.4774169921875,24.8700008392334,24.969999313354492,24.690000534057617,24.940000534057617,46766700
19.45391845703125,24.84000015258789,25.040000915527344,24.75,24.81999969482422,40917100
20.033464431762695,25.579999923706055,25.59000015258789,25.139999389648438,25.3700008392334,81350900
19.798521041870117,25.280000686645508,25.6299991607666,25.200000762939453,25.559999465942383,48545400
19.751522064208984,25.219999313354492,25.6200008392334,25.15999984741211,25.59000015258789,52293800
20.12744140625,25.700000762939453,25.799999237060547,25.5,25.780000686645508,56818400
20.09612464904785,25.65999984741211,25.8700008392334,25.610000610351562,25.809999465942383,46175300
20.049131393432617,25.600000381469727,25.760000228881836,25.34000015258789,25.670000076293945,62667000
19.892494201660156,25.399999618530273,25.719999313354492,25.3700008392334,25.479999542236328,60522200
20.12744140625,25.700000762939453,25.8700008392334,25.5,25.520000457763672,53788500
19.978647232055664,25.510000228881836,25.56999969482422,25.290000915527344,25.40999984741211,38945900
20.174436569213867,25.760000228881836,26.100000381469727,25.649999618530273,25.75,54581100
20.04129981994629,25.59000015258789,25.860000610351562,25.56999969482422,25.719999313354492,47926400
20.017803192138672,25.559999465942383,25.8799991607666,25.540000915527344,25.719999313354492,46213900
20.362394332885742,26.0,26.170000076293945,25.6299991607666,25.670000076293945,101408100
19.994314193725586,25.530000686645508,26.1200008392334,25.459999084472656,26.020000457763672,52258300
20.38589096069336,26.030000686645508,26.100000381469727,25.809999465942383,25.860000610351562,60767600
20.174436569213867,25.760000228881836,26.190000534057617,25.440000534057617,26.010000228881836,64132500
20.213586807250977,25.809999465942383,25.860000610351562,25.479999542236328,25.81999969482422,35794100
20.38589096069336,26.030000686645508,26.040000915527344,25.729999542236328,25.90999984741211,23205800
20.393728256225586,26.040000915527344,26.139999389648438,25.93000030517578,25.959999084472656,21287200
20.221420288085938,25.81999969482422,26.149999618530273,25.760000228881836,26.110000610351562,29822500
20.378061294555664,26.020000457763672,26.049999237060547,25.860000610351562,25.950000762939453,22616900
20.33106803894043,25.959999084472656,26.1200008392334,25.90999984741211,26.0,27395700
20.965438842773438,26.770000457763672,26.959999084472656,26.389999389648438,26.549999237060547,64731500
21.458839416503906,27.399999618530273,27.469999313354492,26.780000686645508,26.81999969482422,80516100
21.678123474121094,27.68000030517578,27.729999542236328,27.290000915527344,27.3799991607666,56081400
22.0148868560791,28.110000610351562,28.190000534057617,27.530000686645508,27.530000686645508,99455500
21.725116729736328,27.739999771118164,28.100000381469727,27.719999313354492,28.049999237060547,59706800
21.803424835205078,27.84000015258789,28.149999618530273,27.75,27.93000030517578,60014400
21.709447860717773,27.719999313354492,27.979999542236328,27.3700008392334,27.43000030517578,65582400
21.92873191833496,28.0,28.020000457763672,27.649999618530273,27.8700008392334,49370800
22.12452507019043,28.25,28.25,27.790000915527344,27.93000030517578,60196100
22.132366180419922,28.260000228881836,28.649999618530273,28.170000076293945,28.399999618530273,72395300
22.10886001586914,28.229999542236328,28.399999618530273,27.969999313354492,28.309999465942383,64860600
22.022724151611328,28.1200008392334,28.440000534057617,28.030000686645508,28.15999984741211,74053500
23.26795196533203,29.709999084472656,29.739999771118164,28.75,28.81999969482422,165902900
23.283613204956055,29.729999542236328,29.950000762939453,29.350000381469727,29.549999237060547,76078100
22.978174209594727,29.34000015258789,29.56999969482422,29.18000030517578,29.469999313354492,51703300
23.150476455688477,29.559999465942383,29.649999618530273,29.06999969482422,29.06999969482422,59231700
23.103485107421875,29.5,29.700000762939453,29.399999618530273,29.610000610351562,49102800
22.892030715942383,29.229999542236328,29.530000686645508,29.170000076293945,29.450000762939453,44187700
23.189638137817383,29.610000610351562,29.6200008392334,28.829999923706055,28.969999313354492,51114800
23.126989364624023,29.530000686645508,29.700000762939453,29.229999542236328,29.65999984741211,50572400
23.408926010131836,29.889999389648438,30.049999237060547,29.760000228881836,29.790000915527344,67409900
23.455915451049805,29.950000762939453,30.170000076293945,29.709999084472656,29.899999618530273,52223300
23.68303680419922,30.239999771118164,30.399999618530273,30.09000015258789,30.139999389648438,41838500
23.651708602905273,30.200000762939453,30.219999313354492,29.969999313354492,30.040000915527344,28039700
23.76917839050293,30.350000381469727,30.489999771118164,30.049999237060547,30.149999618530273,39242400
24.011962890625,30.65999984741211,30.670000076293945,30.219999313354492,30.260000228881836,49659100
24.098115921020508,30.770000457763672,30.799999237060547,30.479999542236328,30.68000030517578,50481600
23.886661529541016,30.5,30.799999237060547,30.360000610351562,30.639999389648438,44605300
23.94931411743164,30.579999923706055,30.770000457763672,30.43000030517578,30.6299991607666,33319800
23.846830368041992,30.25,30.459999084472656,29.850000381469727,30.329999923706055,59644000
23.689165115356445,30.049999237060547,30.389999389648438,30.030000686645508,30.329999923706055,43311300
24.666690826416016,31.290000915527344,31.549999237060547,30.299999237060547,30.309999465942383,94705100
24.635154724121094,31.25,31.31999969482422,30.950000762939453,31.200000762939453,70036500
24.78493881225586,31.440000534057617,31.610000610351562,31.149999618530273,31.18000030517578,50829900
24.650920867919922,31.270000457763672,31.68000030517578,31.18000030517578,31.450000762939453,49253200
24.729755401611328,31.3700008392334,31.59000015258789,31.0,31.200000762939453,35034700
24.816469192504883,31.479999542236328,31.5,31.239999771118164,31.479999542236328,35575400
24.713985443115234,31.350000381469727,31.5,31.100000381469727,31.239999771118164,34568400
25.12391471862793,31.8700008392334,31.93000030517578,31.3799991607666,31.40999984741211,45230600
25.02143096923828,31.739999771118164,32.0,31.610000610351562,31.889999389648438,59323600
25.45501708984375,32.290000915527344,32.38999938964844,31.850000381469727,31.93000030517578,77344100
25.289466857910156,32.08000183105469,32.439998626708984,32.0,32.310001373291016,47314200
25.068737030029297,31.799999237060547,32.04999923706055,31.6200008392334,32.0099983215332,45240000
24.879535675048828,31.559999465942383,31.979999542236328,31.489999771118164,31.540000915527344,51932900
25.10026741027832,31.84000015258789,31.920000076293945,31.530000686645508,31.670000076293945,34340400
25.234285354614258,32.0099983215332,32.209999084472656,31.899999618530273,32.040000915527344,36747400
25.21851921081543,31.989999771118164,32.15999984741211,31.920000076293945,32.099998474121094,34628400
25.257936477661133,32.040000915527344,32.20000076293945,31.81999969482422,31.969999313354492,34073600
25.754579544067383,32.66999816894531,32.689998626708984,32.150001525878906,32.2400016784668,48951700
25.833410263061523,32.77000045776367,32.880001068115234,32.4900016784668,32.529998779296875,41986900
25.896467208862305,32.849998474121094,32.939998626708984,32.58000183105469,32.790000915527344,49068300
25.69939422607422,32.599998474121094,32.95000076293945,32.5,32.90999984741211,65626400
25.38405990600586,32.20000076293945,32.61000061035156,32.150001525878906,32.540000915527344,44789200
25.21851921081543,31.989999771118164,32.150001525878906,31.739999771118164,32.099998474121094,41566800
25.155454635620117,31.90999984741211,32.150001525878906,31.81999969482422,31.959999084472656,37928600
25.226398468017578,32.0,32.09000015258789,31.790000915527344,31.809999465942383,31749500
25.234285354614258,32.0099983215332,32.11000061035156,31.719999313354492,32.099998474121094,35912200
25.691505432128906,32.59000015258789,32.61000061035156,32.150001525878906,32.189998626708984,36758300
25.636329650878906,32.52000045776367,32.70000076293945,32.400001525878906,32.650001525878906,36274900
25.376174926757812,32.189998626708984,32.70000076293945,32.040000915527344,32.52000045776367,41344800
25.320995330810547,32.119998931884766,32.189998626708984,31.809999465942383,32.060001373291016,37038500
25.431364059448242,32.2599983215332,32.40999984741211,32.040000915527344,32.400001525878906,31749400
25.45501708984375,32.290000915527344,32.459999084472656,31.950000762939453,32.220001220703125,35853600
25.179100036621094,31.940000534057617,32.189998626708984,31.65999984741211,32.15999984741211,42752100
24.603618621826172,31.209999084472656,31.690000534057617,31.049999237060547,31.65999984741211,49455900
24.848005294799805,31.520000457763672,31.6299991607666,31.049999237060547,31.149999618530273,50368600
24.516910552978516,31.100000381469727,31.399999618530273,30.969999313354492,31.219999313354492,31056400
24.020265579223633,30.469999313354492,31.190000534057617,30.299999237060547,31.059999465942383,54131300
23.925661087036133,30.350000381469727,30.530000686645508,30.229999542236328,30.43000030517578,43014000
24.422298431396484,30.979999542236328,31.040000915527344,30.420000076293945,30.479999542236328,38304000
24.288286209106445,30.809999465942383,31.15999984741211,30.719999313354492,30.889999389648438,39749200
24.50113868713379,31.079999923706055,31.190000534057617,30.770000457763672,30.989999771118164,38124800
24.78493881225586,31.440000534057617,31.610000610351562,31.200000762939453,31.270000457763672,34361500
24.548442840576172,31.139999389648438,31.309999465942383,31.040000915527344,31.280000686645508,40552900
24.44595718383789,31.010000228881836,31.68000030517578,30.940000534057617,31.1299991607666,54781200
25.5574951171875,32.41999816894531,32.88999938964844,32.04999923706055,32.150001525878906,106045000
25.320995330810547,32.119998931884766,32.5,32.029998779296875,32.310001373291016,61398200
25.163331985473633,31.920000076293945,32.52000045776367,31.829999923706055,32.209999084472656,40871100
25.38405990600586,32.20000076293945,32.31999969482422,31.8700008392334,31.920000076293945,62495500
25.313119888305664,32.11000061035156,32.22999954223633,31.920000076293945,32.119998931884766,40308100
25.210630416870117,31.979999542236328,32.220001220703125,31.8799991607666,32.119998931884766,41419100
25.24216651916504,32.02000045776367,32.11000061035156,31.920000076293945,31.979999542236328,35697200
25.234285354614258,32.0099983215332,32.34000015258789,31.950000762939453,32.04999923706055,43832300
25.068737030029297,31.799999237060547,31.93000030517578,31.639999389648438,31.850000381469727,37385300
25.037208557128906,31.760000228881836,31.899999618530273,31.610000610351562,31.8799991607666,31501300
24.422298431396484,30.979999542236328,31.56999969482422,30.920000076293945,31.450000762939453,57927200
24.16215705871582,30.649999618530273,30.860000610351562,30.56999969482422,30.700000762939453,48641400
24.043916702270508,30.5,30.780000686645508,30.170000076293945,30.479999542236328,46328300
24.248876571655273,30.760000228881836,30.829999923706055,30.100000381469727,30.190000534057617,50309300
24.233112335205078,30.739999771118164,31.020000457763672,30.450000762939453,30.860000610351562,43839200
24.5642032623291,31.15999984741211,31.540000915527344,30.690000534057617,30.690000534057617,43459300
24.185808181762695,30.68000030517578,31.040000915527344,30.639999389648438,30.81999969482422,40528900
23.971559524536133,30.209999084472656,30.799999237060547,30.149999618530273,30.639999389648438,61822800
23.7255802154541,29.899999618530273,30.31999969482422,29.739999771118164,30.309999465942383,60083700
23.582754135131836,29.719999313354492,30.209999084472656,29.709999084472656,29.989999771118164,48484000
23.225679397583008,29.270000457763672,29.809999465942383,29.170000076293945,29.790000915527344,56205300
23.6065616607666,29.75,29.790000915527344,29.059999465942383,29.100000381469727,38787900
23.61449432373047,29.760000228881836,29.8799991607666,29.5,29.690000534057617,39504900
23.09871482849121,29.110000610351562,29.399999618530273,28.639999389648438,29.350000381469727,65171000
23.066974639892578,29.06999969482422,29.299999237060547,28.760000228881836,29.15999984741211,52575000
23.05904769897461,29.059999465942383,29.360000610351562,29.010000228881836,29.200000762939453,29507200
23.455787658691406,29.559999465942383,29.719999313354492,29.219999313354492,29.3799991607666,37758800
23.281227111816406,29.34000015258789,29.479999542236328,29.1200008392334,29.350000381469727,41585500
23.162195205688477,29.190000534057617,29.420000076293945,28.940000534057617,29.299999237060547,39134000
22.575008392333984,28.450000762939453,28.959999084472656,28.440000534057617,28.760000228881836,56634300
22.654356002807617,28.549999237060547,28.780000686645508,28.31999969482422,28.6200008392334,47926300
22.622617721557617,28.510000228881836,28.75,28.389999389648438,28.510000228881836,45715400
23.289154052734375,29.350000381469727,29.3700008392334,28.809999465942383,28.8799991607666,46860500
23.193931579589844,29.229999542236328,29.700000762939453,29.170000076293945,29.639999389648438,37792800
23.527210235595703,29.649999618530273,29.68000030517578,29.049999237060547,29.209999084472656,42551100
22.932079315185547,28.899999618530273,29.809999465942383,28.81999969482422,29.729999542236328,46361900
23.241546630859375,29.290000915527344,29.299999237060547,28.84000015258789,29.100000381469727,35337900
23.114585876464844,29.1299991607666,29.440000534057617,29.049999237060547,29.219999313354492,32984600
23.281227111816406,29.34000015258789,29.459999084472656,28.8799991607666,29.329999923706055,39458900
23.820810317993164,30.020000457763672,30.079999923706055,29.489999771118164,29.59000015258789,62314400
23.677968978881836,29.84000015258789,30.030000686645508,29.709999084472656,29.989999771118164,58679900
24.36037826538086,30.700000762939453,31.110000610351562,30.049999237060547,30.190000534057617,75725800
24.542877197265625,30.93000030517578,31.049999237060547,30.639999389648438,30.93000030517578,36257100
23.916015625,30.139999389648438,31.139999389648438,30.059999465942383,30.959999084472656,48456600
24.36037826538086,30.700000762939453,30.729999542236328,30.030000686645508,30.299999237060547,45098100
23.701770782470703,29.8700008392334,30.31999969482422,29.6200008392334,30.299999237060547,42217200
23.820810317993164,30.020000457763672,30.270000457763672,29.940000534057617,30.0,38421300
23.939821243286133,30.170000076293945,30.5,30.030000686645508,30.190000534057617,33781700
23.7335147857666,29.90999984741211,30.049999237060547,29.420000076293945,29.979999542236328,45328400
24.27309226989746,30.59000015258789,30.690000534057617,30.139999389648438,30.450000762939453,55227200
24.24928855895996,30.559999465942383,30.6200008392334,30.209999084472656,30.6200008392334,30589100
24.407989501953125,30.760000228881836,30.760000228881836,30.170000076293945,30.229999542236328,20938100
24.36037826538086,30.700000762939453,30.780000686645508,30.3799991607666,30.59000015258789,28801900
23.9556884765625,30.190000534057617,30.700000762939453,29.950000762939453,30.610000610351562,38294800
23.804927825927734,30.0,30.229999542236328,29.780000686645508,30.1200008392334,30680800
23.59861946105957,29.739999771118164,30.219999313354492,29.510000228881836,30.079999923706055,37534100
23.249483108520508,29.299999237060547,29.739999771118164,29.110000610351562,29.709999084472656,39184900
22.717836380004883,28.6299991607666,29.18000030517578,28.540000915527344,29.149999618530273,63523600
23.32089614868164,29.389999389648438,29.479999542236328,28.719999313354492,28.760000228881836,39085000
23.360576629638672,29.440000534057617,29.530000686645508,29.040000915527344,29.479999542236328,27900600
23.53514289855957,29.65999984741211,29.860000610351562,29.200000762939453,29.639999389648438,33771300
24.16200828552246,30.450000762939453,30.450000762939453,29.459999084472656,29.600000381469727,41090400
24.336572647094727,30.670000076293945,30.799999237060547,30.3799991607666,30.510000228881836,46663200
23.90015411376953,30.1200008392334,31.049999237060547,30.049999237060547,31.0,64021700
23.23361587524414,29.280000686645508,29.579999923706055,29.010000228881836,29.56999969482422,55151900
23.13045883178711,29.149999618530273,29.360000610351562,28.899999618530273,29.239999771118164,47723300
22.876543045043945,28.829999923706055,29.329999923706055,28.780000686645508,29.239999771118164,45579500
23.13839340209961,29.15999984741211,29.5,29.09000015258789,29.229999542236328,45301400
23.61449432373047,29.760000228881836,29.850000381469727,29.18000030517578,29.479999542236328,44242600
23.51926612854004,29.639999389648438,29.81999969482422,29.459999084472656,29.75,28905000
23.38437843322754,29.469999313354492,29.709999084472656,29.329999923706055,29.479999542236328,37620900
23.33676528930664,29.40999984741211,29.649999618530273,29.209999084472656,29.59000015258789,31721800
23.162195205688477,29.190000534057617,29.530000686645508,28.969999313354492,29.209999084472656,39520500
23.6065616607666,29.75,29.940000534057617,29.479999542236328,29.530000686645508,35859400
23.7652530670166,29.950000762939453,30.110000610351562,29.809999465942383,30.0,27471800
24.01123809814453,30.260000228881836,30.350000381469727,29.8700008392334,30.06999969482422,28002900
24.066783905029297,30.329999923706055,30.469999313354492,30.110000610351562,30.209999084472656,26257600
24.201679229736328,30.5,30.649999618530273,30.299999237060547,30.389999389648438,24920800
24.13819694519043,30.420000076293945,30.6200008392334,30.25,30.5,27810300
24.114397048950195,30.389999389648438,30.459999084472656,30.15999984741211,30.350000381469727,23049100
24.06647491455078,30.1299991607666,30.389999389648438,30.010000228881836,30.299999237060547,34551400
24.12238311767578,30.200000762939453,30.280000686645508,30.020000457763672,30.110000610351562,24351000
24.585660934448242,30.780000686645508,30.940000534057617,30.260000228881836,30.360000610351562,35787200
24.68150520324707,30.899999618530273,30.920000076293945,30.59000015258789,30.920000076293945,32589900
24.5537109375,30.739999771118164,30.850000381469727,30.579999923706055,30.81999969482422,23737700
24.601638793945312,30.799999237060547,30.959999084472656,30.610000610351562,30.760000228881836,28822700
24.393957138061523,30.540000915527344,30.760000228881836,30.469999313354492,30.59000015258789,33437400
24.17030906677246,30.260000228881836,30.399999618530273,30.079999923706055,30.389999389648438,28355600
24.409931182861328,30.559999465942383,30.6299991607666,30.18000030517578,30.25,22943300
24.51377296447754,30.690000534057617,30.959999084472656,30.59000015258789,30.93000030517578,34691100
24.46584701538086,30.6299991607666,30.799999237060547,30.520000457763672,30.700000762939453,23947900
24.481826782226562,30.649999618530273,30.75,30.440000534057617,30.649999618530273,23346800
24.218233108520508,30.31999969482422,30.610000610351562,30.219999313354492,30.530000686645508,23982100
24.617612838745117,30.81999969482422,30.959999084472656,30.3799991607666,30.600000381469727,36590100
24.274145126342773,30.389999389648438,30.65999984741211,30.149999618530273,30.450000762939453,48556700
24.274145126342773,30.389999389648438,30.530000686645508,30.209999084472656,30.219999313354492,33650000
25.04094886779785,31.350000381469727,31.360000610351562,30.459999084472656,30.5,48371700
24.72144317626953,30.950000762939453,31.06999969482422,30.729999542236328,31.040000915527344,42649100
24.53773307800293,30.719999313354492,30.899999618530273,30.510000228881836,30.829999923706055,40524000
24.593652725219727,30.790000915527344,30.90999984741211,30.610000610351562,30.690000534057617,25191800
24.585660934448242,30.780000686645508,31.18000030517578,30.729999542236328,30.940000534057617,32775800
24.713468551635742,30.940000534057617,31.18000030517578,30.399999618530273,30.889999389648438,45047300
24.929113388061523,31.209999084472656,31.25,30.809999465942383,31.010000228881836,51422800
24.929113388061523,31.209999084472656,31.260000228881836,31.040000915527344,31.190000534057617,36488500
24.905162811279297,31.18000030517578,31.209999084472656,31.030000686645508,31.100000381469727,34542700
24.801328659057617,31.049999237060547,31.190000534057617,31.040000915527344,31.09000015258789,48871900
25.12082290649414,31.450000762939453,31.479999542236328,30.90999984741211,30.950000762939453,45543000
24.91315269470215,31.190000534057617,31.610000610351562,31.09000015258789,31.43000030517578,102348900
24.585660934448242,30.780000686645508,31.06999969482422,30.639999389648438,31.0,46825900
24.274145126342773,30.389999389648438,31.0,30.360000610351562,30.950000762939453,54266400
24.098417282104492,30.170000076293945,30.600000381469727,30.040000915527344,30.280000686645508,54672000
24.09043312072754,30.15999984741211,30.399999618530273,29.889999389648438,30.170000076293945,47129900
23.770938873291016,29.760000228881836,30.260000228881836,29.739999771118164,30.18000030517578,54229300
23.555261611938477,29.489999771118164,29.979999542236328,29.420000076293945,29.809999465942383,54042700
23.691057205200195,29.65999984741211,29.889999389648438,29.5,29.68000030517578,43338900
23.850807189941406,29.860000610351562,29.989999771118164,29.670000076293945,29.75,46655900
23.986587524414062,30.030000686645508,30.030000686645508,29.56999969482422,29.969999313354492,43634900
23.84282112121582,29.850000381469727,30.25,29.739999771118164,30.229999542236328,41133900
23.786909103393555,29.780000686645508,29.920000076293945,29.549999237060547,29.639999389648438,29752000
23.38752555847168,29.280000686645508,29.739999771118164,29.18000030517578,29.68000030517578,45121100
23.147899627685547,28.979999542236328,29.309999465942383,28.950000762939453,29.149999618530273,47227100
23.123943328857422,28.950000762939453,29.25,28.8700008392334,29.219999313354492,41488500
23.323627471923828,29.200000762939453,29.31999969482422,28.799999237060547,28.969999313354492,46464700
23.57124137878418,29.510000228881836,29.719999313354492,29.25,29.3700008392334,42440200
23.555261611938477,29.489999771118164,29.739999771118164,29.31999969482422,29.450000762939453,47739400
23.635150909423828,29.59000015258789,29.639999389648438,29.09000015258789,29.299999237060547,44206100
23.56325340270996,29.5,29.729999542236328,29.260000228881836,29.649999618530273,59238500
22.876327514648438,28.639999389648438,29.079999923706055,28.5,29.049999237060547,90470800
22.365123748779297,28.0,28.829999923706055,27.829999923706055,28.729999542236328,83374000
22.405059814453125,28.049999237060547,28.200000762939453,27.760000228881836,27.770000457763672,64414800
22.28524398803711,27.899999618530273,28.200000762939453,27.8700008392334,28.15999984741211,53320400
22.269269943237305,27.8799991607666,28.200000762939453,27.860000610351562,28.190000534057617,54084300
22.532861709594727,28.209999084472656,28.34000015258789,27.84000015258789,27.860000610351562,57790000
22.79645347595215,28.540000915527344,28.8799991607666,28.5,28.549999237060547,69464100
23.5792293548584,29.520000457763672,29.559999465942383,28.81999969482422,28.84000015258789,72047900
23.56325340270996,29.5,29.770000457763672,29.329999923706055,29.59000015258789,57131600
23.667095184326172,29.6299991607666,29.739999771118164,29.329999923706055,29.6200008392334,38070800
23.850807189941406,29.860000610351562,30.200000762939453,29.610000610351562,29.81999969482422,43401500
23.227771759033203,29.079999923706055,29.829999923706055,29.049999237060547,29.530000686645508,57871800
23.012109756469727,28.809999465942383,29.3700008392334,28.799999237060547,29.1200008392334,49841800
23.028091430664062,28.829999923706055,29.190000534057617,28.809999465942383,28.8799991607666,43291200
22.540842056274414,28.219999313354492,29.010000228881836,28.209999084472656,28.940000534057617,61112300
21.816059112548828,27.09000015258789,27.299999237060547,26.75,27.020000457763672,131689200
21.614736557006836,26.84000015258789,27.290000915527344,26.799999237060547,27.239999771118164,76086100
21.46977996826172,26.65999984741211,26.969999313354492,26.6299991607666,26.8799991607666,50955600
21.357030868530273,26.520000457763672,26.700000762939453,26.34000015258789,26.670000076293945,64083300
21.526145935058594,26.729999542236328,26.799999237060547,26.469999313354492,26.799999237060547,57179300
21.510032653808594,26.709999084472656,26.799999237060547,26.459999084472656,26.760000228881836,47070400
21.703317642211914,26.950000762939453,27.170000076293945,26.670000076293945,26.709999084472656,66360300
22.307310104370117,27.700000762939453,27.770000457763672,27.200000762939453,27.229999542236328,57845700
22.057655334472656,27.389999389648438,27.579999923706055,27.170000076293945,27.540000915527344,85198700
21.808008193969727,27.079999923706055,27.3799991607666,27.040000915527344,27.360000610351562,45018600
22.033493041992188,27.360000610351562,27.389999389648438,26.770000457763672,27.010000228881836,53018400
21.703317642211914,26.950000762939453,27.360000610351562,26.860000610351562,27.110000610351562,69551400
21.437557220458984,26.6200008392334,27.1299991607666,26.489999771118164,27.049999237060547,83690200
21.284547805786133,26.43000030517578,26.81999969482422,26.399999618530273,26.780000686645508,53173800
21.236228942871094,26.3700008392334,26.6299991607666,26.34000015258789,26.5,49777500
21.477821350097656,26.670000076293945,26.93000030517578,26.260000228881836,26.3799991607666,68283800
21.526145935058594,26.729999542236328,26.979999542236328,26.610000610351562,26.809999465942383,39182300
21.3087100982666,26.459999084472656,26.81999969482422,26.3700008392334,26.81999969482422,46162100
21.695262908935547,26.940000534057617,26.969999313354492,26.520000457763672,26.559999465942383,47031100
22.00128746032715,27.31999969482422,27.489999771118164,27.049999237060547,27.049999237060547,52282800
21.936857223510742,27.239999771118164,27.6200008392334,27.079999923706055,27.530000686645508,43966300
21.832172393798828,27.110000610351562,27.520000457763672,26.950000762939453,27.31999969482422,45080100
21.5905704498291,26.809999465942383,27.1299991607666,26.700000762939453,27.110000610351562,42077500
21.824113845825195,27.100000381469727,27.219999313354492,26.68000030517578,26.790000915527344,42046100
22.194564819335938,27.559999465942383,27.6299991607666,27.139999389648438,27.25,50486900
21.993234634399414,27.309999465942383,27.729999542236328,27.25,27.690000534057617,53519900
22.29119873046875,27.68000030517578,27.68000030517578,27.149999618530273,27.360000610351562,52607300
22.105981826782227,27.450000762939453,27.489999771118164,27.0,27.450000762939453,98776500
21.79190444946289,27.059999465942383,27.25,27.0,27.200000762939453,20842400
21.630834579467773,26.860000610351562,27.200000762939453,26.700000762939453,27.030000686645508,31631100
21.71136474609375,26.959999084472656,27.09000015258789,26.56999969482422,26.889999389648438,39394000
21.381189346313477,26.549999237060547,26.899999618530273,26.549999237060547,26.709999084472656,28239900
21.510032653808594,26.709999084472656,26.770000457763672,26.3700008392334,26.59000015258789,42749500
22.242881774902344,27.6200008392334,27.729999542236328,27.149999618530273,27.25,52899300
21.94491958618164,27.25,27.649999618530273,27.15999984741211,27.6299991607666,48294400
21.53420066833496,26.739999771118164,27.34000015258789,26.729999542236328,27.270000457763672,52521100
21.493938446044922,26.690000534057617,26.8799991607666,26.639999389648438,26.770000457763672,37110400
21.381189346313477,26.549999237060547,26.790000915527344,26.459999084472656,26.75,44703100
21.501989364624023,26.700000762939453,26.75,26.559999465942383,26.719999313354492,49047900
21.3087100982666,26.459999084472656,26.979999542236328,26.290000915527344,26.649999618530273,71431300
21.606674194335938,26.829999923706055,26.93000030517578,26.280000686645508,26.489999771118164,55512100
21.65499496459961,26.889999389648438,27.079999923706055,26.760000228881836,26.899999618530273,48324400
21.912694931030273,27.209999084472656,27.290000915527344,26.829999923706055,26.829999923706055,48244500
21.77579689025879,27.040000915527344,27.229999542236328,27.010000228881836,27.149999618530273,41077400
21.94491958618164,27.25,27.469999313354492,27.059999465942383,27.190000534057617,51685900
21.94491958618164,27.25,27.290000915527344,27.040000915527344,27.100000381469727,52167700
21.8643798828125,27.149999618530273,27.450000762939453,27.0,27.299999237060547,58650600
22.234832763671875,27.610000610351562,27.639999389648438,27.200000762939453,27.200000762939453,50387700
22.25092887878418,27.6299991607666,28.06999969482422,27.469999313354492,27.700000762939453,101739300
22.452266693115234,27.8799991607666,28.229999542236328,27.389999389648438,27.579999923706055,81847700
22.476425170898438,27.90999984741211,28.229999542236328,27.760000228881836,28.010000228881836,56056500
22.55695152282715,28.010000228881836,28.1299991607666,27.600000381469727,27.81999969482422,49242600
22.428104400634766,27.850000381469727,28.190000534057617,27.760000228881836,28.010000228881836,43580500
22.105981826782227,27.450000762939453,27.969999313354492,27.399999618530273,27.790000915527344,50530000
22.492528915405273,27.93000030517578,28.049999237060547,27.549999237060547,27.670000076293945,55565900
22.097929000854492,27.440000534057617,28.020000457763672,27.420000076293945,27.8700008392334,50540000
22.146244049072266,27.5,27.65999984741211,27.360000610351562,27.6200008392334,35410400
22.017391204833984,27.34000015258789,27.540000915527344,27.25,27.3799991607666,41889600
21.969072341918945,27.280000686645508,27.389999389648438,27.100000381469727,27.350000381469727,38028300
22.186513900756836,27.549999237060547,27.709999084472656,27.309999465942383,27.350000381469727,33318500
22.436159133911133,27.860000610351562,27.920000076293945,27.5,27.649999618530273,32247700
22.452266693115234,27.8799991607666,28.0,27.75,27.8799991607666,35990900
22.573060989379883,28.030000686645508,28.110000610351562,27.8799991607666,27.93000030517578,41715600
22.581113815307617,28.040000915527344,28.059999465942383,27.8700008392334,27.920000076293945,32663200
22.55695152282715,28.010000228881836,28.15999984741211,27.8799991607666,28.040000915527344,49650900
22.77619171142578,28.049999237060547,28.09000015258789,27.799999237060547,27.8799991607666,38781400
22.630022048950195,27.8700008392334,28.200000762939453,27.829999923706055,28.1299991607666,44110200
22.321481704711914,27.489999771118164,27.739999771118164,27.229999542236328,27.739999771118164,49078500
22.540714263916016,27.760000228881836,27.760000228881836,27.479999542236328,27.68000030517578,31425900
22.22403907775879,27.3700008392334,28.049999237060547,27.3700008392334,27.969999313354492,48011800
22.22403907775879,27.3700008392334,27.600000381469727,27.34000015258789,27.3799991607666,49923300
22.581314086914062,27.809999465942383,28.0,27.329999923706055,27.420000076293945,36394700
22.573192596435547,27.799999237060547,27.969999313354492,27.739999771118164,27.8799991607666,35840200
22.694995880126953,27.950000762939453,27.979999542236328,27.520000457763672,27.719999313354492,34849700
22.857389450073242,28.149999618530273,28.149999618530273,27.700000762939453,27.850000381469727,38157500
23.019786834716797,28.350000381469727,28.540000915527344,28.15999984741211,28.290000915527344,41432200
22.808671951293945,28.09000015258789,28.229999542236328,27.780000686645508,28.209999084472656,51448500
22.849267959594727,28.139999389648438,28.280000686645508,28.010000228881836,28.110000610351562,29196700
22.735593795776367,28.0,28.329999923706055,27.959999084472656,28.25,37667800
22.630022048950195,27.8700008392334,27.969999313354492,27.670000076293945,27.940000534057617,36627500
22.662513732910156,27.90999984741211,27.950000762939453,27.639999389648438,27.84000015258789,39255200
22.67063331604004,27.920000076293945,28.020000457763672,27.75,27.8700008392334,29093400
22.849267959594727,28.139999389648438,28.15999984741211,27.93000030517578,28.0,55914800
22.7680721282959,28.040000915527344,28.15999984741211,27.979999542236328,28.030000686645508,92710300
22.816795349121094,28.100000381469727,28.280000686645508,27.809999465942383,27.8799991607666,44809400
22.881752014160156,28.18000030517578,28.219999313354492,28.030000686645508,28.1200008392334,51901600
22.99542999267578,28.31999969482422,28.489999771118164,28.18000030517578,28.34000015258789,35447800
22.82491683959961,28.110000610351562,28.360000610351562,28.049999237060547,28.110000610351562,34233200
22.93859100341797,28.25,28.34000015258789,28.100000381469727,28.190000534057617,28720900
22.865507125854492,28.15999984741211,28.350000381469727,27.959999084472656,28.299999237060547,44154000
22.865507125854492,28.15999984741211,28.34000015258789,28.110000610351562,28.239999771118164,27824300
23.036022186279297,28.3700008392334,28.450000762939453,28.079999923706055,28.139999389648438,36047400
23.230907440185547,28.610000610351562,28.65999984741211,28.260000228881836,28.31999969482422,55453800
23.230907440185547,28.610000610351562,28.65999984741211,28.360000610351562,28.639999389648438,29201100
23.385175704956055,28.799999237060547,28.850000381469727,28.520000457763672,28.59000015258789,28456500
23.1903018951416,28.559999465942383,28.950000762939453,28.540000915527344,28.75,35062800
23.222787857055664,28.600000381469727,28.610000610351562,28.270000457763672,28.389999389648438,45263200
23.303983688354492,28.700000762939453,28.780000686645508,28.110000610351562,28.219999313354492,50927300
23.21466636657715,28.59000015258789,28.729999542236328,28.469999313354492,28.729999542236328,34759500
24.042888641357422,29.610000610351562,29.81999969482422,28.68000030517578,28.729999542236328,77733800
24.58692169189453,30.280000686645508,30.31999969482422,29.520000457763672,29.56999969482422,71116700
23.49886131286621,28.940000534057617,29.200000762939453,28.729999542236328,29.100000381469727,130923200
23.37706184387207,28.790000915527344,29.020000457763672,28.65999984741211,28.850000381469727,62886300
23.29586410522461,28.690000534057617,28.979999542236328,28.510000228881836,28.649999618530273,56332900
23.52321434020996,28.969999313354492,29.139999389648438,28.700000762939453,28.899999618530273,52797300
23.409542083740234,28.829999923706055,29.040000915527344,28.600000381469727,28.850000381469727,52840700
23.37706184387207,28.790000915527344,28.979999542236328,28.5,28.950000762939453,56906600
24.172805786132812,29.770000457763672,30.239999771118164,29.610000610351562,29.6200008392334,99790700
25.033510208129883,30.829999923706055,31.18000030517578,30.270000457763672,30.299999237060547,137904000
24.846759796142578,30.600000381469727,30.899999618530273,30.3799991607666,30.700000762939453,59126900
25.788658142089844,31.760000228881836,31.920000076293945,30.600000381469727,30.6200008392334,90946600
25.9348201751709,31.940000534057617,32.84000015258789,31.540000915527344,31.709999084472656,110700200
25.81301498413086,31.790000915527344,31.979999542236328,31.450000762939453,31.899999618530273,47799300
26.47884178161621,32.61000061035156,32.68000030517578,31.770000457763672,31.799999237060547,59116400
26.876708984375,33.099998474121094,33.11000061035156,32.279998779296875,32.560001373291016,75165200
26.568164825439453,32.720001220703125,33.08000183105469,32.599998474121094,32.93000030517578,54330900
26.925434112548828,33.15999984741211,33.16999816894531,32.38999938964844,32.630001068115234,46059500
27.193397521972656,33.4900016784668,33.52000045776367,33.08000183105469,33.22999954223633,46784600
27.404508590698242,33.75,33.90999984741211,33.25,33.41999816894531,40978300
27.047239303588867,33.310001373291016,33.790000915527344,33.2400016784668,33.650001525878906,43078300
26.78740119934082,32.9900016784668,33.2400016784668,32.650001525878906,33.06999969482422,51595700
26.519445419311523,32.65999984741211,33.0,32.59000015258789,32.849998474121094,46417800
26.543806076049805,32.689998626708984,32.720001220703125,32.31999969482422,32.66999816894531,36394900
26.819883346557617,33.029998779296875,33.06999969482422,32.54999923706055,32.61000061035156,36027600
27.416786193847656,33.529998779296875,33.529998779296875,32.79999923706055,32.86000061035156,56870100
27.678436279296875,33.849998474121094,33.900001525878906,33.43000030517578,33.45000076293945,46303900
27.866500854492188,34.08000183105469,34.150001525878906,33.54999923706055,33.63999938964844,59382900
28.512474060058594,34.869998931884766,34.869998931884766,34.099998474121094,34.130001068115234,60666700
28.68419647216797,35.08000183105469,35.099998474121094,34.68000030517578,34.72999954223633,54020800
28.496110916137695,34.849998474121094,35.27000045776367,34.720001220703125,35.099998474121094,48702400
28.29988670349121,34.61000061035156,34.84000015258789,34.36000061035156,34.790000915527344,66047500
27.92374038696289,34.150001525878906,34.54999923706055,33.900001525878906,34.22999954223633,51102700
28.021860122680664,34.27000045776367,34.279998779296875,33.900001525878906,33.91999816894531,33174400
28.6351261138916,35.02000045776367,35.18000030517578,34.40999984741211,34.41999816894531,48212100
28.520658493041992,34.880001068115234,35.02000045776367,34.56999969482422,34.7400016784668,38412200
28.643306732177734,35.029998779296875,35.25,34.810001373291016,34.849998474121094,51131000
28.53700828552246,34.900001525878906,35.279998779296875,34.790000915527344,34.81999969482422,56165700
29.1011962890625,35.59000015258789,35.630001068115234,34.83000183105469,34.91999816894531,51252600
28.610595703125,34.9900016784668,35.7400016784668,34.77000045776367,35.619998931884766,65529500
28.438873291015625,34.779998779296875,34.88999938964844,34.43000030517578,34.599998474121094,46025100
28.5860652923584,34.959999084472656,35.11000061035156,34.4900016784668,34.84000015258789,37618500
29.166614532470703,35.66999816894531,35.779998779296875,35.060001373291016,35.25,40757300
29.003084182739258,35.470001220703125,35.650001525878906,35.13999938964844,35.5099983215332,35994500
28.487939834594727,34.84000015258789,35.18000030517578,34.68000030517578,35.04999923706055,39435900
28.6187744140625,35.0,35.27000045776367,34.849998474121094,35.13999938964844,37372700
28.389829635620117,34.720001220703125,35.02000045776367,34.59000015258789,34.9900016784668,45654900
28.128171920776367,34.400001525878906,34.689998626708984,34.25,34.54999923706055,53192600
28.6187744140625,35.0,35.15999984741211,34.630001068115234,34.689998626708984,49670100
28.602420806884766,34.97999954223633,35.16999816894531,34.900001525878906,34.970001220703125,28616500
28.28352165222168,34.59000015258789,35.09000015258789,34.59000015258789,34.959999084472656,30816200
27.38408088684082,33.4900016784668,34.33000183105469,33.369998931884766,34.2599983215332,54493700
27.204187393188477,33.27000045776367,33.72999954223633,33.04999923706055,33.65999984741211,85338500
27.5721378326416,33.720001220703125,34.20000076293945,32.56999969482422,32.939998626708984,56109000
27.5312557220459,33.66999816894531,34.380001068115234,33.459999084472656,34.08000183105469,44073400
28.087278366088867,34.349998474121094,34.47999954223633,33.88999938964844,34.119998931884766,48665900
28.30805015563965,34.619998931884766,34.779998779296875,34.5,34.52000045776367,28993100
28.242633819580078,34.540000915527344,34.790000915527344,34.34000015258789,34.380001068115234,65545500
28.095468521118164,34.36000061035156,34.9900016784668,34.33000183105469,34.75,31055400
27.752033233642578,33.939998626708984,34.439998626708984,33.630001068115234,34.40999984741211,37630000
27.80927276611328,34.0099983215332,34.369998931884766,33.599998474121094,33.65999984741211,15994400
27.97280502319336,34.209999084472656,34.2400016784668,33.58000183105469,34.09000015258789,26085900
28.070926666259766,34.33000183105469,34.59000015258789,33.97999954223633,34.349998474121094,32396900
28.087278366088867,34.349998474121094,34.599998474121094,34.13999938964844,34.58000183105469,25318500
28.373472213745117,34.70000076293945,34.810001373291016,34.31999969482422,34.34000015258789,29658800
29.18296241760254,35.689998626708984,35.77000045776367,34.900001525878906,35.0,53638300
29.166614532470703,35.66999816894531,35.72999954223633,35.279998779296875,35.58000183105469,35501200
29.575458526611328,36.16999816894531,36.220001220703125,35.58000183105469,35.65999984741211,34142600
29.657222747802734,36.27000045776367,36.43000030517578,35.959999084472656,36.0099983215332,36378500
29.223861694335938,35.7400016784668,36.38999938964844,35.4900016784668,36.34000015258789,37285100
28.978553771972656,35.439998626708984,35.88999938964844,35.220001220703125,35.720001220703125,49547100
25.675127029418945,31.399999618530273,32.66999816894531,31.020000457763672,32.400001525878906,248428500
26.173912048339844,32.0099983215332,32.0099983215332,31.600000381469727,31.700000762939453,79040700
26.01854705810547,31.81999969482422,32.040000915527344,31.709999084472656,31.90999984741211,65810400
26.133024215698242,31.959999084472656,32.189998626708984,31.889999389648438,32.040000915527344,52803100
25.666954040527344,31.389999389648438,31.649999618530273,31.25,31.6200008392334,63213000
25.855016708374023,31.6200008392334,31.6200008392334,31.209999084472656,31.260000228881836,38633600
25.789602279663086,31.540000915527344,31.600000381469727,31.399999618530273,31.469999313354492,28870700
26.043088912963867,31.850000381469727,32.119998931884766,31.549999237060547,31.780000686645508,45799500
26.0349063873291,31.84000015258789,32.04999923706055,31.709999084472656,31.969999313354492,43898400
25.895898818969727,31.670000076293945,32.09000015258789,31.600000381469727,32.060001373291016,42557900
26.07579231262207,31.889999389648438,31.899999618530273,31.56999969482422,31.690000534057617,29199900
25.920427322387695,31.700000762939453,32.0,31.639999389648438,31.899999618530273,30984000
25.822315216064453,31.579999923706055,31.670000076293945,31.3799991607666,31.549999237060547,36331500
26.214794158935547,32.060001373291016,32.099998474121094,31.25,31.540000915527344,38078600
26.893474578857422,32.88999938964844,33.06999969482422,32.04999923706055,32.2400016784668,59034400
26.738107681274414,32.70000076293945,32.900001525878906,32.470001220703125,32.77000045776367,26800700
26.877117156982422,32.869998931884766,32.970001220703125,32.459999084472656,32.459999084472656,25493700
26.539508819580078,32.22999954223633,32.54999923706055,32.209999084472656,32.5099983215332,39464100
26.63831901550293,32.349998474121094,33.36000061035156,31.700000762939453,32.13999938964844,48519600
26.177194595336914,31.790000915527344,32.18000030517578,30.84000015258789,32.0,33338000
26.185426712036133,31.799999237060547,31.989999771118164,31.65999984741211,31.790000915527344,32866300
25.847822189331055,31.389999389648438,31.969999313354492,31.3799991607666,31.760000228881836,27902500
26.037208557128906,31.6200008392334,31.899999618530273,31.3700008392334,31.440000534057617,22979600
26.028972625732422,31.610000610351562,32.0099983215332,31.540000915527344,31.610000610351562,37409100
26.671255111694336,32.38999938964844,32.4900016784668,32.099998474121094,32.189998626708984,31169900
28.61457633972168,34.75,35.20000076293945,34.0,35.16999816894531,225493800
28.120508193969727,34.150001525878906,34.66999816894531,34.029998779296875,34.400001525878906,72786800
27.387651443481445,33.2599983215332,34.099998474121094,33.150001525878906,33.52000045776367,58522300
27.19002914428711,33.02000045776367,33.599998474121094,33.0,33.38999938964844,44257400
27.62644386291504,33.54999923706055,33.599998474121094,32.79999923706055,32.93000030517578,45284700
27.50293731689453,33.400001525878906,33.47999954223633,33.09000015258789,33.369998931884766,42790200
26.25129508972168,31.8799991607666,32.06999969482422,31.290000915527344,31.75,154507000
25.691362380981445,31.200000762939453,31.469999313354492,31.110000610351562,31.389999389648438,142320600
25.716062545776367,31.229999542236328,31.440000534057617,30.950000762939453,31.100000381469727,71644900
25.650192260742188,31.149999618530273,31.389999389648438,31.1299991607666,31.309999465942383,75434900
26.070146560668945,31.65999984741211,31.790000915527344,31.200000762939453,31.219999313354492,49628500
26.671255111694336,32.38999938964844,32.400001525878906,31.790000915527344,31.899999618530273,56881200
26.95946502685547,32.7400016784668,32.93000030517578,32.529998779296875,32.56999969482422,39087500
26.918289184570312,32.689998626708984,32.779998779296875,32.59000015258789,32.720001220703125,32860200
27.198257446289062,33.029998779296875,33.06999969482422,32.5099983215332,32.77000045776367,40899000
27.008872985839844,32.79999923706055,33.5,32.72999954223633,33.380001068115234,52839700
27.11591148376465,32.93000030517578,33.470001220703125,32.900001525878906,33.41999816894531,84716500
27.437055587768555,33.31999969482422,33.400001525878906,32.83000183105469,32.9900016784668,64099900
27.700559616088867,33.63999938964844,33.68000030517578,33.31999969482422,33.47999954223633,42026600
27.00063133239746,32.790000915527344,33.47999954223633,32.689998626708984,33.40999984741211,102904900
26.95946502685547,32.7400016784668,32.970001220703125,32.5,32.540000915527344,39826100
26.720661163330078,32.45000076293945,32.869998931884766,32.150001525878906,32.869998931884766,40685000
26.77008056640625,32.5099983215332,32.79999923706055,32.400001525878906,32.4900016784668,28907500
26.98416519165039,32.77000045776367,33.0,32.59000015258789,32.63999938964844,28504000
27.395885467529297,33.27000045776367,33.75,32.869998931884766,32.880001068115234,55348000
27.40411949157715,33.279998779296875,33.310001373291016,32.70000076293945,33.0,39839500
27.65114974975586,33.58000183105469,33.61000061035156,33.29999923706055,33.349998474121094,36718700
27.931123733520508,33.91999816894531,34.029998779296875,33.290000915527344,33.36000061035156,46946800
27.881710052490234,33.86000061035156,34.0,33.41999816894531,33.880001068115234,38703800
27.8981876373291,33.880001068115234,33.9900016784668,33.619998931884766,33.689998626708984,33008100
27.420589447021484,33.29999923706055,33.709999084472656,33.20000076293945,33.599998474121094,35069300
27.181787490844727,33.0099983215332,33.33000183105469,32.79999923706055,33.310001373291016,41017600
27.231201171875,33.06999969482422,33.349998474121094,32.959999084472656,33.06999969482422,35878600
27.79936981201172,33.7599983215332,33.88999938964844,33.2599983215332,33.310001373291016,42875100
28.10404396057129,34.130001068115234,34.13999938964844,33.68000030517578,33.68000030517578,30033300
28.3675537109375,34.45000076293945,34.5,33.779998779296875,33.900001525878906,27757900
28.40048599243164,34.4900016784668,34.9900016784668,34.470001220703125,34.66999816894531,47097800
28.52400016784668,34.63999938964844,34.900001525878906,34.560001373291016,34.599998474121094,35111600
28.754562377929688,34.91999816894531,34.9900016784668,34.369998931884766,34.45000076293945,31359200
28.787508010864258,34.959999084472656,34.9900016784668,34.33000183105469,34.81999969482422,41811700
28.812204360961914,34.9900016784668,35.20000076293945,34.90999984741211,34.97999954223633,27433500
28.474594116210938,34.58000183105469,35.099998474121094,34.52000045776367,35.02000045776367,40438500
27.79936981201172,33.7599983215332,34.4900016784668,33.66999816894531,34.349998474121094,58600500
27.766429901123047,33.720001220703125,34.099998474121094,33.56999969482422,33.81999969482422,53209700
29.421550750732422,35.72999954223633,36.290000915527344,35.470001220703125,35.880001068115234,113494000
29.289794921875,35.56999969482422,35.72999954223633,35.27000045776367,35.61000061035156,38383600
29.248626708984375,35.52000045776367,35.720001220703125,35.2599983215332,35.630001068115234,31702200
29.265098571777344,35.540000915527344,35.790000915527344,35.43000030517578,35.529998779296875,36997700
29.15804672241211,35.40999984741211,35.689998626708984,35.34000015258789,35.65999984741211,41682300
29.256855010986328,35.529998779296875,35.689998626708984,35.38999938964844,35.66999816894531,40264600
29.594467163085938,35.939998626708984,35.97999954223633,35.54999923706055,35.59000015258789,28060700
30.17087745666504,36.63999938964844,36.709999084472656,35.77000045776367,35.790000915527344,51681900
31.438980102539062,38.18000030517578,38.220001220703125,37.060001373291016,37.2400016784668,88948800
30.879043579101562,37.5,38.0099983215332,37.43000030517578,37.959999084472656,60437400
31.109601974487305,37.779998779296875,37.779998779296875,37.34000015258789,37.66999816894531,36737800
30.953155517578125,37.59000015258789,37.779998779296875,37.349998474121094,37.689998626708984,26872500
30.763761520385742,37.36000061035156,37.599998474121094,37.20000076293945,37.380001068115234,31651600
31.42251205444336,38.15999984741211,38.15999984741211,36.900001525878906,36.97999954223633,44957600
31.307233810424805,38.02000045776367,38.130001068115234,37.720001220703125,37.869998931884766,46183700
31.159008026123047,37.84000015258789,38.02000045776367,37.720001220703125,37.95000076293945,50601300
30.63200569152832,37.20000076293945,37.58000183105469,37.06999969482422,37.349998474121094,53277500
30.482669830322266,36.7400016784668,37.22999954223633,36.66999816894531,36.849998474121094,44275000
30.764755249023438,37.08000183105469,37.40999984741211,36.86000061035156,36.91999816894531,32229900
31.03025245666504,37.400001525878906,37.529998779296875,37.2599983215332,37.27000045776367,23064700
31.17131233215332,37.56999969482422,37.68000030517578,37.33000183105469,37.529998779296875,27982000
31.229372024536133,37.63999938964844,37.95000076293945,37.56999969482422,37.93000030517578,30646800
30.988773345947266,37.349998474121094,37.650001525878906,37.349998474121094,37.56999969482422,34465300
31.196195602416992,37.599998474121094,37.7599983215332,37.4900016784668,37.56999969482422,26002100
31.635927200317383,38.130001068115234,38.290000915527344,37.81999969482422,37.81999969482422,22090400
31.901432037353516,38.45000076293945,38.779998779296875,38.060001373291016,38.09000015258789,42950400
31.78527069091797,38.310001373291016,38.4900016784668,38.08000183105469,38.13999938964844,52109800
32.30795669555664,38.939998626708984,38.97999954223633,38.119998931884766,38.209999084472656,51983600
31.528066635131836,38.0,38.880001068115234,37.18000030517578,38.849998474121094,116305000
31.826757431030273,38.36000061035156,38.54999923706055,37.9900016784668,38.41999816894531,36457300
32.11713409423828,38.709999084472656,38.869998931884766,38.369998931884766,38.560001373291016,30286000
31.61932373046875,38.11000061035156,38.900001525878906,38.02000045776367,38.61000061035156,37828600
31.20448875427246,37.61000061035156,38.29999923706055,37.38999938964844,38.060001373291016,39853400
30.880918502807617,37.220001220703125,37.63999938964844,37.18000030517578,37.63999938964844,36012800
30.441179275512695,36.689998626708984,37.45000076293945,36.619998931884766,37.41999816894531,40066100
30.60711669921875,36.88999938964844,37.0,36.540000915527344,36.72999954223633,31734200
30.30014419555664,36.52000045776367,37.11000061035156,36.33000183105469,36.939998626708984,45687700
30.34991455078125,36.58000183105469,36.599998474121094,35.529998779296875,36.36000061035156,63192100
30.07611656188965,36.25,36.54999923706055,36.08000183105469,36.5099983215332,34160100
30.532447814941406,36.79999923706055,36.93000030517578,36.189998626708984,36.20000076293945,62649100
30.383100509643555,36.619998931884766,36.88999938964844,36.54999923706055,36.810001373291016,25128700
30.764755249023438,37.08000183105469,37.16999816894531,36.63999938964844,36.720001220703125,14243000
31.063453674316406,37.439998626708984,37.4900016784668,37.16999816894531,37.20000076293945,17612800
30.938995361328125,37.290000915527344,37.619998931884766,37.16999816894531,37.58000183105469,14563000
30.938995361328125,37.290000915527344,37.380001068115234,36.900001525878906,37.220001220703125,16290500
31.038555145263672,37.40999984741211,37.58000183105469,37.220001220703125,37.400001525878906,17503500
30.831140518188477,37.15999984741211,37.400001525878906,37.099998474121094,37.349998474121094,30632200
30.623706817626953,36.90999984741211,37.220001220703125,36.599998474121094,37.20000076293945,31134800
29.976558685302734,36.130001068115234,36.88999938964844,36.11000061035156,36.849998474121094,43603700
30.208860397338867,36.40999984741211,36.4900016784668,36.209999084472656,36.33000183105469,35802800
29.669578552246094,35.7599983215332,36.13999938964844,35.58000183105469,36.0,59971700
29.478761672973633,35.529998779296875,35.90999984741211,35.400001525878906,35.880001068115234,36516300
29.90188980102539,36.040000915527344,36.150001525878906,35.75,35.900001525878906,40548800
29.022418975830078,34.97999954223633,36.02000045776367,34.83000183105469,35.9900016784668,45901900
29.686159133911133,35.779998779296875,35.880001068115234,34.630001068115234,34.72999954223633,41623300
30.49925994873047,36.7599983215332,36.790000915527344,35.849998474121094,35.900001525878906,44812600
30.60711669921875,36.88999938964844,37.0,36.310001373291016,36.689998626708984,38018700
30.183982849121094,36.380001068115234,36.83000183105469,36.150001525878906,36.83000183105469,46267500
30.009746551513672,36.16999816894531,36.81999969482422,36.060001373291016,36.81999969482422,31567300
29.810623168945312,35.93000030517578,36.31999969482422,35.75,36.2599983215332,21904300
29.918468475341797,36.060001373291016,36.130001068115234,35.52000045776367,36.09000015258789,43954000
30.54075050354004,36.810001373291016,37.54999923706055,36.529998779296875,37.45000076293945,76395500
29.893585205078125,36.029998779296875,36.88999938964844,35.97999954223633,36.869998931884766,44420800
30.09271240234375,36.27000045776367,36.38999938964844,35.75,36.119998931884766,36205500
30.416292190551758,36.65999984741211,36.880001068115234,35.900001525878906,35.97999954223633,52745900
30.582231521606445,36.86000061035156,36.880001068115234,36.22999954223633,36.790000915527344,35036300
31.395320892333984,37.84000015258789,37.88999938964844,36.560001373291016,36.95000076293945,93162300
30.266950607299805,36.47999954223633,37.9900016784668,36.43000030517578,37.7400016784668,64063100
30.159090042114258,36.349998474121094,37.189998626708984,36.25,36.970001220703125,54697900
29.719348907470703,35.81999969482422,36.470001220703125,35.79999923706055,36.290000915527344,55814400
30.018035888671875,36.18000030517578,36.25,35.689998626708984,35.79999923706055,35351800
30.333316802978516,36.560001373291016,36.59000015258789,36.0099983215332,36.31999969482422,33260500
30.532447814941406,36.79999923706055,36.79999923706055,36.290000915527344,36.630001068115234,26767000
30.839427947998047,37.16999816894531,37.2599983215332,36.86000061035156,36.880001068115234,32141400
31.088340759277344,37.470001220703125,37.599998474121094,37.29999923706055,37.349998474121094,27051800
31.20448875427246,37.61000061035156,37.86000061035156,37.33000183105469,37.33000183105469,37635500
31.212785720825195,37.619998931884766,37.779998779296875,37.33000183105469,37.38999938964844,31407500
31.279653549194336,37.41999816894531,37.779998779296875,37.40999984741211,37.630001068115234,32834000
31.354900360107422,37.5099983215332,37.75,37.209999084472656,37.220001220703125,29750400
31.555513381958008,37.75,37.869998931884766,37.400001525878906,37.56999969482422,27526100
31.747758865356445,37.97999954223633,38.349998474121094,37.86000061035156,37.939998626708984,38021300
31.50536346435547,37.689998626708984,37.97999954223633,37.540000915527344,37.689998626708984,32085100
31.37996482849121,37.540000915527344,37.849998474121094,37.349998474121094,37.61000061035156,30736500
31.321462631225586,37.470001220703125,37.7400016784668,37.189998626708984,37.58000183105469,41041800
31.647451400756836,37.86000061035156,37.88999938964844,37.22999954223633,37.45000076293945,33903400
32.02360534667969,38.310001373291016,38.459999084472656,37.81999969482422,37.97999954223633,41215000
31.58057975769043,37.779998779296875,38.130001068115234,37.4900016784668,37.91999816894531,29717500
32.10720443725586,38.40999984741211,38.47999954223633,38.06999969482422,38.20000076293945,26802400
31.856420516967773,38.11000061035156,38.27000045776367,37.93000030517578,38.25,20520100
31.889875411987305,38.150001525878906,38.2400016784668,37.88999938964844,38.13999938964844,23582200
31.680898666381836,37.900001525878906,38.36000061035156,37.689998626708984,38.279998779296875,26591600
31.61402130126953,37.81999969482422,38.0099983215332,37.720001220703125,37.9900016784668,19006600
31.781206130981445,38.02000045776367,38.22999954223633,37.720001220703125,37.869998931884766,25216400
31.990184783935547,38.27000045776367,38.43000030517578,37.790000915527344,37.79999923706055,30494100
31.672544479370117,37.88999938964844,38.45000076293945,37.63999938964844,38.41999816894531,32169700
31.513721466064453,37.70000076293945,38.13999938964844,37.5099983215332,37.650001525878906,27195600
31.8062744140625,38.04999923706055,38.40999984741211,37.790000915527344,37.900001525878906,20479600
33.06013488769531,39.54999923706055,39.900001525878906,38.220001220703125,38.2599983215332,64063900
32.82609558105469,39.27000045776367,39.54999923706055,38.90999984741211,39.470001220703125,35597200
33.712154388427734,40.33000183105469,40.650001525878906,39.2400016784668,39.25,59269800
33.5700569152832,40.15999984741211,40.939998626708984,40.0099983215332,40.720001220703125,80721800
33.854248046875,40.5,40.63999938964844,39.86000061035156,40.34000015258789,46098400
33.72050857543945,40.34000015258789,40.9900016784668,39.959999084472656,40.65999984741211,43193100
33.260765075683594,39.790000915527344,40.709999084472656,39.599998474121094,40.47999954223633,41977500
32.901329040527344,39.36000061035156,39.970001220703125,39.34000015258789,39.7400016784668,35369200
33.68707275390625,40.29999923706055,40.63999938964844,39.68000030517578,39.790000915527344,43472700
34.263858795166016,40.9900016784668,41.5,40.400001525878906,40.43000030517578,46886300
34.623294830322266,41.41999816894531,41.59000015258789,41.06999969482422,41.150001525878906,32605000
34.56476974487305,41.349998474121094,41.65999984741211,41.16999816894531,41.439998626708984,28666700
34.28057861328125,41.0099983215332,41.290000915527344,40.709999084472656,41.290000915527344,30139600
33.32763671875,39.869998931884766,41.38999938964844,39.63999938964844,41.25,51409600
33.26912307739258,39.79999923706055,40.27000045776367,39.7400016784668,39.959999084472656,37559600
33.28584289550781,39.81999969482422,39.93000030517578,39.20000076293945,39.75,35918600
33.829185485839844,40.470001220703125,40.54999923706055,39.880001068115234,39.93000030517578,27398700
32.901329040527344,39.36000061035156,40.689998626708984,39.09000015258789,40.439998626708984,45960800
32.77595138549805,39.209999084472656,39.790000915527344,39.0,39.0,34330200
32.750858306884766,39.18000030517578,39.40999984741211,38.900001525878906,39.11000061035156,32006600
33.227325439453125,39.75,39.959999084472656,39.04999923706055,39.34000015258789,33968700
33.77065658569336,40.400001525878906,40.41999816894531,39.90999984741211,40.060001373291016,30615800
33.44465637207031,40.0099983215332,40.20000076293945,39.5099983215332,40.0099983215332,36688400
33.386146545410156,39.939998626708984,40.150001525878906,39.790000915527344,40.130001068115234,22221200
33.427940368652344,39.9900016784668,40.13999938964844,39.83000183105469,39.959999084472656,27056700
33.17716598510742,39.689998626708984,39.9900016784668,39.470001220703125,39.9900016784668,24602800
33.319271087646484,39.86000061035156,39.970001220703125,39.29999923706055,39.7400016784668,42381600
33.36106491088867,39.90999984741211,40.68000030517578,39.75,40.290000915527344,56876800
34.16352844238281,40.869998931884766,41.290000915527344,40.09000015258789,40.13999938964844,50610200
33.86262130737305,40.5099983215332,41.189998626708984,40.38999938964844,41.099998474121094,29636200
33.77065658569336,40.400001525878906,40.5,40.16999816894531,40.400001525878906,35458700
33.436309814453125,40.0,40.36000061035156,39.95000076293945,40.2400016784668,28787400
33.17716598510742,39.689998626708984,40.34000015258789,39.65999984741211,40.310001373291016,43416600
32.95983123779297,39.43000030517578,39.63999938964844,39.29999923706055,39.52000045776367,22460900
32.650543212890625,39.060001373291016,39.349998474121094,38.95000076293945,39.290000915527344,27112400
32.95148468017578,39.41999816894531,39.5099983215332,38.5099983215332,39.220001220703125,41744500
33.13536834716797,39.63999938964844,39.900001525878906,38.970001220703125,39.34000015258789,32120400
33.051780700683594,39.540000915527344,39.849998474121094,39.369998931884766,39.540000915527344,29647600
33.411216735839844,39.970001220703125,40.02000045776367,39.650001525878906,39.7400016784668,22782600
34.02574920654297,40.41999816894531,40.5,39.849998474121094,39.91999816894531,27004800
33.87421417236328,40.2400016784668,40.45000076293945,40.04999923706055,40.29999923706055,18818700
33.33545684814453,39.599998474121094,40.400001525878906,39.5099983215332,40.09000015258789,37793200
33.529083251953125,39.83000183105469,39.84000015258789,39.27000045776367,39.66999816894531,29867100
33.461734771728516,39.75,39.81999969482422,39.459999084472656,39.61000061035156,24537400
33.40281677246094,39.68000030517578,39.939998626708984,39.459999084472656,39.68000030517578,21320900
33.96682357788086,40.349998474121094,40.349998474121094,39.7400016784668,39.79999923706055,22398700
33.75636291503906,40.099998474121094,40.349998474121094,39.849998474121094,40.290000915527344,20201800
33.77320098876953,40.119998931884766,40.369998931884766,40.0,40.369998931884766,18020000
33.83213424682617,40.189998626708984,40.2599983215332,39.810001373291016,40.2599983215332,26160600
33.680599212646484,40.0099983215332,40.189998626708984,39.81999969482422,40.13999938964844,25711500
33.958396911621094,40.34000015258789,40.349998474121094,39.90999984741211,40.150001525878906,19888200
34.463470458984375,40.939998626708984,40.970001220703125,40.25,40.45000076293945,34567600
34.33721160888672,40.790000915527344,41.09000015258789,40.68000030517578,40.95000076293945,18504300
33.91630554199219,40.290000915527344,40.68000030517578,40.25,40.599998474121094,18068900
33.941551208496094,40.31999969482422,40.369998931884766,39.86000061035156,40.209999084472656,23209000
34.690773010253906,41.209999084472656,41.25,40.400001525878906,40.59000015258789,31865200
34.918052673339844,41.47999954223633,41.65999984741211,41.2400016784668,41.47999954223633,24060500
34.74128341674805,41.27000045776367,41.47999954223633,41.02000045776367,41.38999938964844,15019200
34.60658264160156,41.11000061035156,41.15999984741211,40.86000061035156,41.029998779296875,15117700
34.39613342285156,40.86000061035156,41.06999969482422,40.77000045776367,40.93000030517578,18040000
34.16043472290039,40.58000183105469,40.880001068115234,40.290000915527344,40.810001373291016,29818900
34.70759582519531,41.22999954223633,41.56999969482422,40.86000061035156,41.099998474121094,26310000
34.93488311767578,41.5,41.61000061035156,41.040000915527344,41.040000915527344,24205300
35.086421966552734,41.68000030517578,41.90999984741211,40.34000015258789,41.290000915527344,22518600
35.0611686706543,41.650001525878906,41.7400016784668,41.18000030517578,41.61000061035156,27097000
34.94330978393555,41.5099983215332,41.77000045776367,41.33000183105469,41.56999969482422,19828200
35.086421966552734,41.68000030517578,41.83000183105469,41.380001068115234,41.45000076293945,47764900
35.347381591796875,41.9900016784668,42.0,41.689998626708984,41.72999954223633,18743900
35.14533615112305,41.75,41.939998626708984,41.560001373291016,41.83000183105469,26509100
35.381046295166016,42.029998779296875,42.04999923706055,41.459999084472656,41.70000076293945,20049100
35.120086669921875,41.720001220703125,41.939998626708984,41.43000030517578,41.93000030517578,23604400
35.56624984741211,42.25,42.290000915527344,41.5099983215332,41.61000061035156,74640000
35.10324478149414,41.70000076293945,42.209999084472656,41.70000076293945,42.16999816894531,30793100
35.246360778808594,41.869998931884766,42.150001525878906,41.689998626708984,41.86000061035156,26917000
35.27162170410156,41.900001525878906,41.900001525878906,41.529998779296875,41.72999954223633,20208100
35.187435150146484,41.79999923706055,41.9900016784668,41.560001373291016,41.90999984741211,15969300
35.347381591796875,41.9900016784668,42.119998931884766,41.709999084472656,41.75,21952400
35.170597076416016,41.779998779296875,42.0,41.61000061035156,41.869998931884766,31218200
35.07799530029297,41.66999816894531,41.9900016784668,41.529998779296875,41.97999954223633,18445900
35.09483337402344,41.689998626708984,42.0,41.04999923706055,41.369998931884766,21854700
35.431549072265625,42.09000015258789,42.09000015258789,41.47999954223633,41.70000076293945,24083000
35.47364807128906,42.13999938964844,42.45000076293945,42.040000915527344,42.220001220703125,21881100
35.7346076965332,42.45000076293945,42.470001220703125,42.029998779296875,42.33000183105469,28748700
37.106754302978516,44.08000183105469,44.310001373291016,42.47999954223633,42.5099983215332,63318000
37.485557556152344,44.529998779296875,45.709999084472656,44.25,45.45000076293945,82180300
37.6202507019043,44.689998626708984,44.84000015258789,44.25,44.650001525878906,43407500
37.746524810791016,44.84000015258789,45.15999984741211,44.220001220703125,44.560001373291016,37604400
37.73810958862305,44.83000183105469,45.150001525878906,44.59000015258789,45.0,43095800
37.77177047729492,44.869998931884766,45.45000076293945,44.619998931884766,45.45000076293945,52362900
37.37612533569336,44.400001525878906,45.0,44.31999969482422,44.93000030517578,30725300
37.46031188964844,44.5,44.65999984741211,44.29999923706055,44.29999923706055,26737700
37.01414489746094,43.970001220703125,44.5099983215332,43.93000030517578,44.36000061035156,29684200
36.94679641723633,43.88999938964844,44.09000015258789,43.63999938964844,43.90999984741211,27763100
36.685848236083984,43.58000183105469,44.099998474121094,43.290000915527344,44.06999969482422,31921400
36.332275390625,43.15999984741211,43.689998626708984,43.08000183105469,43.380001068115234,31537500
36.07975387573242,42.86000061035156,43.25,42.599998474121094,43.209999084472656,31170300
36.50906753540039,43.369998931884766,43.470001220703125,42.810001373291016,42.970001220703125,34277400
36.26494598388672,43.08000183105469,43.459999084472656,42.83000183105469,43.310001373291016,26266400
35.978736877441406,42.7400016784668,43.16999816894531,42.209999084472656,42.7400016784668,24634000
36.391212463378906,43.22999954223633,43.45000076293945,42.650001525878906,42.84000015258789,30314900
36.36595916748047,43.20000076293945,43.31999969482422,42.90999984741211,43.22999954223633,28942700
36.36595916748047,43.20000076293945,43.45000076293945,43.02000045776367,43.2599983215332,20351600
36.63533401489258,43.52000045776367,43.59000015258789,43.0,43.040000915527344,21431100
37.106754302978516,44.08000183105469,44.18000030517578,43.52000045776367,43.68000030517578,22889500
37.266700744628906,44.27000045776367,44.41999816894531,44.0099983215332,44.08000183105469,19313200
37.70442199707031,44.790000915527344,44.900001525878906,44.400001525878906,44.58000183105469,41611300
37.97379684448242,45.11000061035156,45.11000061035156,44.68000030517578,44.939998626708984,26891100
38.3973388671875,45.33000183105469,45.34000015258789,44.83000183105469,44.970001220703125,28139500
38.0754508972168,44.95000076293945,45.400001525878906,44.900001525878906,45.34000015258789,24770500
38.30415344238281,45.220001220703125,45.25,44.83000183105469,44.84000015258789,22285500
38.2448616027832,45.150001525878906,45.470001220703125,45.06999969482422,45.349998474121094,18294500
38.26179885864258,45.16999816894531,45.439998626708984,45.040000915527344,45.400001525878906,16910000
38.12626647949219,45.0099983215332,45.400001525878906,44.939998626708984,45.310001373291016,14873100
38.00768280029297,44.869998931884766,45.0,44.7599983215332,44.900001525878906,21287900
38.01616287231445,44.880001068115234,44.97999954223633,44.61000061035156,44.75,17657600
38.48203659057617,45.43000030517578,45.439998626708984,44.86000061035156,45.09000015258789,21607600
38.19403839111328,45.09000015258789,45.459999084472656,44.849998474121094,45.43000030517578,22976800
38.083927154541016,44.959999084472656,45.11000061035156,44.529998779296875,44.529998779296875,33684500
38.33804702758789,45.2599983215332,45.27000045776367,44.720001220703125,44.7400016784668,26475500
38.88862609863281,45.90999984741211,45.93000030517578,45.11000061035156,45.11000061035156,36939400
39.36299133300781,46.470001220703125,46.79999923706055,45.9900016784668,46.02000045776367,45736700
39.608638763427734,46.7599983215332,46.970001220703125,46.41999816894531,46.470001220703125,40302400
39.6763916015625,46.84000015258789,46.939998626708984,46.279998779296875,46.81999969482422,27302400
39.811927795410156,47.0,47.0,46.470001220703125,46.7400016784668,29216400
39.55782699584961,46.70000076293945,47.02000045776367,46.599998474121094,46.90999984741211,38244700
39.16817092895508,46.2400016784668,46.709999084472656,46.099998474121094,46.540000915527344,37667600
39.608638763427734,46.7599983215332,46.849998474121094,46.290000915527344,46.38999938964844,27910600
39.40533447265625,46.52000045776367,46.689998626708984,46.22999954223633,46.2599983215332,38311900
39.5408821105957,46.68000030517578,46.83000183105469,46.459999084472656,46.59000015258789,35556600
40.25240707397461,47.52000045776367,47.56999969482422,46.599998474121094,46.810001373291016,202522400
39.862754821777344,47.060001373291016,47.380001068115234,46.97999954223633,47.29999923706055,38686100
39.43922424316406,46.560001373291016,46.97999954223633,46.470001220703125,46.849998474121094,33430300
39.87969207763672,47.08000183105469,47.11000061035156,46.34000015258789,46.630001068115234,26582700
38.99874496459961,46.040000915527344,47.09000015258789,46.029998779296875,46.880001068115234,33077400
39.31215286254883,46.40999984741211,46.619998931884766,45.7599983215332,45.93000030517578,27078800
39.33757019042969,46.439998626708984,46.560001373291016,45.7599983215332,45.97999954223633,26091000
39.269805908203125,46.36000061035156,46.47999954223633,46.0099983215332,46.369998931884766,33033100
38.88018035888672,45.900001525878906,46.529998779296875,45.849998474121094,46.27000045776367,38088400
38.76158142089844,45.7599983215332,46.099998474121094,45.63999938964844,45.83000183105469,25119400
39.04110336303711,46.09000015258789,46.29999923706055,45.61000061035156,45.97999954223633,32453200
39.04110336303711,46.09000015258789,46.29999923706055,45.91999816894531,46.119998931884766,20604000
38.566749572753906,45.529998779296875,45.93000030517578,45.41999816894531,45.86000061035156,25723700
39.62556838989258,46.779998779296875,46.88999938964844,45.34000015258789,45.47999954223633,33031000
38.837799072265625,45.849998474121094,46.79999923706055,45.7400016784668,46.5,34422800
37.29615020751953,44.029998779296875,46.119998931884766,43.95000076293945,45.599998474121094,51978100
36.97426986694336,43.650001525878906,44.560001373291016,43.4900016784668,43.81999969482422,37100200
37.04204177856445,43.72999954223633,44.380001068115234,43.560001373291016,43.869998931884766,38115700
36.61003494262695,43.220001220703125,43.38999938964844,42.099998474121094,43.0,60218700
36.203453063964844,42.7400016784668,43.08000183105469,42.220001220703125,42.529998779296875,49040400
36.957332611083984,43.630001068115234,43.939998626708984,42.790000915527344,43.20000076293945,40683300
37.33851623535156,44.08000183105469,44.13999938964844,42.810001373291016,43.060001373291016,34527900
38.01616287231445,44.880001068115234,44.97999954223633,44.189998626708984,44.36000061035156,36433800
37.59262466430664,44.380001068115234,45.06999969482422,44.22999954223633,45.0,33570900
38.13473892211914,45.02000045776367,45.45000076293945,44.529998779296875,44.619998931884766,45451900
39.075008392333984,46.130001068115234,46.900001525878906,45.18000030517578,46.83000183105469,61076700
38.88862609863281,45.90999984741211,46.099998474121094,45.709999084472656,45.709999084472656,30371300
39.379920959472656,46.4900016784668,46.5,45.77000045776367,45.86000061035156,29049800
39.49006271362305,46.619998931884766,46.70000076293945,46.34000015258789,46.439998626708984,30276100
39.00722122192383,46.04999923706055,46.31999969482422,45.77000045776367,46.31999969482422,30073900
39.76958465576172,46.95000076293945,46.970001220703125,46.47999954223633,46.939998626708984,35849700
40.18464279174805,47.439998626708984,47.459999084472656,46.72999954223633,46.88999938964844,23130400
40.29475402832031,47.56999969482422,47.72999954223633,47.25,47.29999923706055,21530800
40.540409088134766,47.86000061035156,47.900001525878906,47.2599983215332,47.79999923706055,22449600
41.251922607421875,48.70000076293945,48.86000061035156,47.790000915527344,47.86000061035156,33037800
41.23499298095703,48.68000030517578,48.91999816894531,48.290000915527344,48.91999816894531,28000600
41.412872314453125,48.88999938964844,49.150001525878906,48.54999923706055,48.650001525878906,36370100
41.39594268798828,48.869998931884766,48.95000076293945,48.650001525878906,48.849998474121094,23445200
41.319705963134766,48.779998779296875,48.91999816894531,48.52000045776367,48.560001373291016,22722100
42.02277374267578,49.61000061035156,49.650001525878906,48.709999084472656,48.810001373291016,26210400
41.99736404418945,49.58000183105469,50.04999923706055,49.38999938964844,49.7400016784668,29081700
41.895713806152344,49.459999084472656,49.709999084472656,49.13999938964844,49.40999984741211,30318600
41.54621124267578,48.7400016784668,49.33000183105469,48.70000076293945,49.130001068115234,23995500
41.10295486450195,48.220001220703125,48.75,47.93000030517578,48.65999984741211,26177500
41.512123107910156,48.70000076293945,48.70000076293945,47.869998931884766,48.0,21510600
40.89839172363281,47.97999954223633,49.04999923706055,47.56999969482422,49.02000045776367,42884800
40.56595230102539,47.59000015258789,48.0,47.38999938964844,47.9900016784668,35434200
40.463661193847656,47.470001220703125,47.970001220703125,47.45000076293945,47.65999984741211,28008000
40.70232391357422,47.75,47.9900016784668,47.279998779296875,47.4900016784668,27163600
40.75347137451172,47.810001373291016,48.20000076293945,47.61000061035156,47.95000076293945,21534400
41.443939208984375,48.619998931884766,48.779998779296875,47.709999084472656,47.880001068115234,31191600
41.30754852294922,48.459999084472656,49.04999923706055,48.20000076293945,48.84000015258789,25773500
40.98362731933594,48.08000183105469,48.5,47.810001373291016,48.439998626708984,23534800
41.63146209716797,48.84000015258789,49.060001373291016,48.20000076293945,48.38999938964844,30320400
41.2734375,48.41999816894531,48.970001220703125,48.380001068115234,48.81999969482422,27313400
40.65971755981445,47.70000076293945,48.349998474121094,47.45000076293945,48.2599983215332,26663100
40.56595230102539,47.59000015258789,47.91999816894531,47.04999923706055,47.11000061035156,24330500
39.97779083251953,46.900001525878906,47.65999984741211,46.70000076293945,47.58000183105469,30431800
40.20793533325195,47.16999816894531,47.7400016784668,46.68000030517578,47.08000183105469,29060400
40.02041244506836,46.95000076293945,47.72999954223633,46.66999816894531,46.779998779296875,34248400
39.78173065185547,46.66999816894531,47.66999816894531,46.54999923706055,47.20000076293945,29247800
38.494598388671875,45.15999984741211,46.34000015258789,45.130001068115234,45.900001525878906,47801400
38.98899841308594,45.7400016784668,45.95000076293945,44.900001525878906,45.04999923706055,34970900
40.50627899169922,47.52000045776367,47.52000045776367,46.34000015258789,46.58000183105469,40105600
40.62562561035156,47.65999984741211,48.099998474121094,47.16999816894531,47.630001068115234,64551200
40.89839172363281,47.97999954223633,48.119998931884766,47.709999084472656,47.779998779296875,26566000
41.29901885986328,48.45000076293945,48.79999923706055,48.130001068115234,48.369998931884766,23648100
41.0347785949707,48.13999938964844,48.63999938964844,48.08000183105469,48.63999938964844,11437800
40.81315231323242,47.880001068115234,48.40999984741211,47.81999969482422,48.40999984741211,13197800
40.44662094116211,47.45000076293945,47.779998779296875,47.2599983215332,47.70000076293945,14439500
40.080074310302734,47.02000045776367,47.619998931884766,46.84000015258789,47.439998626708984,16384700
39.594207763671875,46.45000076293945,47.439998626708984,46.45000076293945,46.72999954223633,21552500
39.85844802856445,46.7599983215332,47.41999816894531,46.540000915527344,46.65999984741211,27913900
39.491920471191406,46.33000183105469,46.72999954223633,46.25,46.369998931884766,39673900
38.91229248046875,45.650001525878906,46.75,45.540000915527344,46.380001068115234,36447900
39.40667724609375,46.22999954223633,46.459999084472656,45.4900016784668,45.97999954223633,29114100
40.56595230102539,47.59000015258789,47.75,46.720001220703125,46.75,29645200
40.224998474121094,47.189998626708984,47.81999969482422,46.900001525878906,47.61000061035156,23944200
39.72206497192383,46.599998474121094,47.540000915527344,46.36000061035156,47.41999816894531,23651900
39.51749038696289,46.36000061035156,47.90999984741211,46.060001373291016,46.970001220703125,35270600
39.1765251159668,45.959999084472656,46.2400016784668,45.619998931884766,45.959999084472656,29719600
38.76738739013672,45.47999954223633,46.380001068115234,45.40999984741211,46.220001220703125,32750800
39.41520309448242,46.2400016784668,46.279998779296875,45.16999816894531,45.310001373291016,35695300
39.54307174682617,46.38999938964844,46.650001525878906,45.56999969482422,46.29999923706055,36161900
39.14243698120117,45.91999816894531,46.13999938964844,45.47999954223633,45.939998626708984,39081100
40.17384719848633,47.130001068115234,47.13999938964844,46.08000183105469,46.380001068115234,35898000
40.21647262573242,47.18000030517578,47.38999938964844,46.79999923706055,47.36000061035156,26211600
40.071556091308594,47.0099983215332,47.130001068115234,46.2400016784668,47.0,42525500
36.363609313964844,42.65999984741211,43.20000076293945,42.11000061035156,42.95000076293945,169164000
35.11054611206055,41.189998626708984,42.790000915527344,41.15999984741211,42.7400016784668,84507100
35.809532165527344,42.0099983215332,42.119998931884766,40.790000915527344,40.93000030517578,63585300
34.43716812133789,40.400001525878906,41.58000183105469,40.349998474121094,41.54999923706055,78004900
35.18727493286133,41.279998779296875,41.369998931884766,40.22999954223633,40.59000015258789,50352500
35.460025787353516,41.599998474121094,41.93000030517578,41.04999923706055,41.630001068115234,52082400
35.66461944580078,41.84000015258789,42.209999084472656,41.36000061035156,41.939998626708984,41614800
36.18459701538086,42.45000076293945,42.63999938964844,41.86000061035156,42.220001220703125,36548200
36.15050506591797,42.40999984741211,42.790000915527344,42.150001525878906,42.68000030517578,34616600
36.10788345336914,42.36000061035156,42.7400016784668,42.209999084472656,42.2400016784668,31381100
36.312461853027344,42.599998474121094,42.77000045776367,42.18000030517578,42.7400016784668,29670700
36.12492752075195,42.380001068115234,42.650001525878906,42.209999084472656,42.650001525878906,38262500
36.73013687133789,43.09000015258789,43.09000015258789,42.5099983215332,42.65999984741211,33268800
37.39501190185547,43.869998931884766,43.869998931884766,43.150001525878906,43.380001068115234,40264900
37.412174224853516,43.58000183105469,44.0,43.189998626708984,43.970001220703125,33695700
37.369258880615234,43.529998779296875,43.70000076293945,43.38999938964844,43.630001068115234,27111700
37.343502044677734,43.5,43.529998779296875,43.04999923706055,43.18000030517578,27603400
37.652557373046875,43.86000061035156,43.880001068115234,43.290000915527344,43.5099983215332,29721100
37.90150833129883,44.150001525878906,44.189998626708984,43.650001525878906,43.70000076293945,32518800
37.84999465942383,44.09000015258789,44.29999923706055,43.91999816894531,44.150001525878906,25271700
37.76414489746094,43.9900016784668,44.09000015258789,43.79999923706055,43.95000076293945,29759800
37.824241638183594,44.060001373291016,44.22999954223633,43.88999938964844,43.9900016784668,28957300
37.64396286010742,43.849998474121094,44.20000076293945,43.65999984741211,44.130001068115234,33807700
37.66970443725586,43.880001068115234,44.189998626708984,43.54999923706055,43.66999816894531,31924000
37.154624938964844,43.279998779296875,43.83000183105469,43.09000015258789,43.560001373291016,31748600
36.96577453613281,43.060001373291016,43.209999084472656,42.880001068115234,43.0099983215332,25748700
37.008689880371094,43.11000061035156,43.2400016784668,42.81999969482422,43.06999969482422,23193500
36.364845275878906,42.36000061035156,43.11000061035156,42.150001525878906,43.0,36248800
36.785491943359375,42.849998474121094,43.130001068115234,42.189998626708984,42.189998626708984,32108000
36.0815315246582,42.029998779296875,42.709999084472656,42.029998779296875,42.349998474121094,39159700
36.038612365722656,41.97999954223633,42.369998931884766,41.84000015258789,42.310001373291016,32215300
35.2144775390625,41.02000045776367,41.650001525878906,40.86000061035156,41.33000183105469,59992500
35.523529052734375,41.380001068115234,41.470001220703125,40.61000061035156,40.70000076293945,58007700
35.67805862426758,41.560001373291016,41.63999938964844,41.279998779296875,41.470001220703125,35273500
35.79824447631836,41.70000076293945,41.83000183105469,41.150001525878906,41.369998931884766,31673400
36.485015869140625,42.5,42.83000183105469,41.33000183105469,41.43000030517578,44194800
36.304744720458984,42.290000915527344,42.59000015258789,42.220001220703125,42.2599983215332,33879100
36.81123733520508,42.880001068115234,42.97999954223633,42.4900016784668,42.560001373291016,71904500
36.79407501220703,42.86000061035156,43.130001068115234,42.779998779296875,42.880001068115234,26246100
36.82841110229492,42.900001525878906,43.16999816894531,42.75,42.779998779296875,25513300
35.59220886230469,41.459999084472656,42.93000030517578,41.439998626708984,42.91999816894531,43469900
35.37759017944336,41.209999084472656,41.61000061035156,40.91999816894531,41.220001220703125,37495600
35.171566009521484,40.970001220703125,41.43000030517578,40.83000183105469,41.119998931884766,34401400
35.16297912597656,40.959999084472656,41.540000915527344,40.90999984741211,41.099998474121094,35049700
34.90543746948242,40.65999984741211,41.029998779296875,40.540000915527344,40.779998779296875,34887200
34.956947326660156,40.720001220703125,40.7599983215332,40.310001373291016,40.599998474121094,36865300
34.58781051635742,40.290000915527344,40.7400016784668,40.119998931884766,40.65999984741211,37487500
35.66948318481445,41.54999923706055,41.779998779296875,40.18000030517578,40.34000015258789,39223700
35.652305603027344,41.529998779296875,41.90999984741211,41.310001373291016,41.61000061035156,28809400
35.557884216308594,41.41999816894531,41.689998626708984,41.040000915527344,41.459999084472656,24753400
35.60938262939453,41.47999954223633,41.619998931884766,41.25,41.25,25723900
35.815399169921875,41.720001220703125,41.95000076293945,41.40999984741211,41.630001068115234,28022000
35.84974670410156,41.7599983215332,42.060001373291016,41.38999938964844,41.400001525878906,30276700
35.75532531738281,41.650001525878906,42.029998779296875,41.38999938964844,41.79999923706055,24244400
36.27899932861328,42.2599983215332,42.459999084472656,41.68000030517578,41.7599983215332,27343600
36.19313430786133,42.15999984741211,42.34000015258789,41.81999969482422,41.95000076293945,22509700
35.72957229614258,41.619998931884766,41.7400016784668,41.15999984741211,41.66999816894531,42387600
36.83700180053711,42.90999984741211,43.16999816894531,41.68000030517578,41.72999954223633,46057700
36.605220794677734,42.63999938964844,43.150001525878906,42.529998779296875,43.0,26013800
36.90566635131836,42.9900016784668,43.130001068115234,42.54999923706055,42.66999816894531,25064300
37.206138610839844,43.34000015258789,43.61000061035156,42.79999923706055,42.88999938964844,46309500
41.09501647949219,47.869998931884766,48.13999938964844,45.650001525878906,45.65999984741211,130933700
41.23236083984375,48.029998779296875,48.130001068115234,47.220001220703125,47.22999954223633,59248200
42.20244216918945,49.15999984741211,49.209999084472656,47.70000076293945,47.779998779296875,60730800
42.11659240722656,49.060001373291016,49.310001373291016,48.5,48.720001220703125,47804600
41.75603485107422,48.63999938964844,49.540000915527344,48.599998474121094,48.70000076293945,64725500
41.7732048034668,48.65999984741211,48.880001068115234,48.400001525878906,48.58000183105469,38937300
41.41265106201172,48.2400016784668,48.869998931884766,48.18000030517578,48.369998931884766,34039500
40.86323165893555,47.599998474121094,48.15999984741211,47.310001373291016,47.81999969482422,50369200
39.73004150390625,46.279998779296875,47.77000045776367,46.02000045776367,47.56999969482422,52433000
40.090599060058594,46.70000076293945,47.09000015258789,46.15999984741211,46.27000045776367,32971700
40.99199295043945,47.75,47.97999954223633,47.52000045776367,47.54999923706055,35364900
40.665775299072266,47.369998931884766,47.90999984741211,47.369998931884766,47.54999923706055,24609400
40.648616790771484,47.349998474121094,47.68000030517578,46.41999816894531,46.849998474121094,29928300
40.888973236083984,47.630001068115234,48.31999969482422,47.56999969482422,48.189998626708984,34184600
41.82472229003906,48.720001220703125,48.81999969482422,48.029998779296875,48.029998779296875,32980900
41.46415328979492,48.29999923706055,48.90999984741211,48.04999923706055,48.869998931884766,28642700
41.21519470214844,48.0099983215332,48.220001220703125,47.61000061035156,47.97999954223633,24136500
41.11151885986328,47.58000183105469,47.810001373291016,47.18000030517578,47.560001373291016,28574800
41.11151885986328,47.58000183105469,47.93000030517578,47.27000045776367,47.38999938964844,25047900
40.973262786865234,47.41999816894531,47.599998474121094,47.0099983215332,47.279998779296875,22410700
40.52396011352539,46.900001525878906,47.349998474121094,46.81999969482422,47.29999923706055,25720600
40.256107330322266,46.59000015258789,46.880001068115234,46.189998626708984,46.83000183105469,29581900
41.13743591308594,47.61000061035156,47.77000045776367,46.619998931884766,46.81999969482422,27335600
40.99920654296875,47.45000076293945,48.02000045776367,47.38999938964844,47.5,19283700
40.489410400390625,46.86000061035156,47.56999969482422,46.59000015258789,47.43000030517578,36519600
40.80910110473633,47.22999954223633,47.77000045776367,46.619998931884766,47.060001373291016,28837300
40.54124069213867,46.91999816894531,47.349998474121094,46.619998931884766,46.93000030517578,21498300
40.48075866699219,46.849998474121094,47.7400016784668,46.81999969482422,47.369998931884766,28002200
40.057376861572266,46.36000061035156,47.15999984741211,46.20000076293945,46.790000915527344,27745500
39.8672981262207,46.13999938964844,46.52000045776367,45.84000015258789,46.310001373291016,25438100
39.51301956176758,45.72999954223633,46.43000030517578,45.66999816894531,46.29999923706055,22121600
39.443904876708984,45.650001525878906,45.939998626708984,45.459999084472656,45.7599983215332,24406100
40.27338790893555,46.61000061035156,46.83000183105469,45.689998626708984,45.790000915527344,28417400
40.126502990722656,46.439998626708984,46.91999816894531,46.130001068115234,46.65999984741211,27347800
39.720394134521484,45.970001220703125,46.470001220703125,45.900001525878906,46.220001220703125,23931000
39.29701232910156,45.47999954223633,45.650001525878906,45.02000045776367,45.45000076293945,33254500
39.59942626953125,45.83000183105469,46.2400016784668,45.29999923706055,45.349998474121094,27070300
39.720394134521484,45.970001220703125,46.06999969482422,45.36000061035156,45.72999954223633,28704100
40.36842727661133,46.720001220703125,46.79999923706055,46.16999816894531,46.220001220703125,32658300
39.832725524902344,46.099998474121094,46.83000183105469,45.9900016784668,46.790000915527344,63837000
39.94503402709961,46.22999954223633,46.720001220703125,46.15999984741211,46.33000183105469,20318100
39.668548583984375,45.90999984741211,46.279998779296875,45.619998931884766,46.130001068115234,25896500
39.43525695800781,45.63999938964844,46.25,45.54999923706055,45.66999816894531,34890900
39.443904876708984,45.650001525878906,46.060001373291016,45.5,46.029998779296875,20616000
39.10692596435547,45.2599983215332,46.279998779296875,45.029998779296875,45.650001525878906,49835300
38.337913513183594,44.369998931884766,45.22999954223633,44.36000061035156,45.040000915527344,34081700
38.1478271484375,44.150001525878906,44.720001220703125,43.939998626708984,44.709999084472656,35945400
38.407039642333984,44.45000076293945,45.22999954223633,44.099998474121094,44.459999084472656,28343900
38.36383056640625,44.400001525878906,44.75,44.060001373291016,44.47999954223633,21752000
38.35519790649414,44.38999938964844,44.47999954223633,43.95000076293945,43.959999084472656,23034000
38.277427673339844,44.29999923706055,44.4900016784668,43.31999969482422,44.34000015258789,36435800
38.2255973815918,44.2400016784668,44.900001525878906,44.029998779296875,44.439998626708984,39785900
38.46752166748047,44.52000045776367,45.220001220703125,44.5,44.75,32424700
38.545284271240234,44.61000061035156,45.13999938964844,44.56999969482422,45.0099983215332,25465800
39.348854064941406,45.540000915527344,45.619998931884766,44.95000076293945,44.97999954223633,28178300
39.4179801940918,45.619998931884766,45.959999084472656,45.310001373291016,45.45000076293945,22880300
39.5389404296875,45.7599983215332,45.88999938964844,45.43000030517578,45.68000030517578,26629600
40.31658935546875,46.65999984741211,46.689998626708984,45.970001220703125,46.0099983215332,26271700
40.28202438354492,46.619998931884766,46.779998779296875,46.2599983215332,46.54999923706055,29467100
40.54124069213867,46.91999816894531,47.130001068115234,46.439998626708984,46.650001525878906,30631900
40.85230255126953,47.279998779296875,47.33000183105469,46.47999954223633,46.779998779296875,42781900
39.348854064941406,45.540000915527344,46.93000030517578,45.20000076293945,45.439998626708984,59152400
39.84135818481445,46.11000061035156,46.22999954223633,45.099998474121094,45.27000045776367,33934000
39.6944694519043,45.939998626708984,46.31999969482422,45.79999923706055,45.90999984741211,32333200
39.18468475341797,45.349998474121094,46.0099983215332,45.25,45.939998626708984,39701400
39.176021575927734,45.34000015258789,45.63999938964844,44.790000915527344,45.58000183105469,34328900
39.99690246582031,46.290000915527344,46.779998779296875,45.2599983215332,45.400001525878906,40945900
40.50667953491211,46.880001068115234,47.400001525878906,45.93000030517578,46.2599983215332,39777900
40.35113525390625,46.70000076293945,47.369998931884766,46.5,47.290000915527344,31201500
40.44620132446289,46.810001373291016,47.0,46.45000076293945,46.97999954223633,24125900
41.07695007324219,47.540000915527344,47.709999084472656,46.68000030517578,46.75,33403900
41.11151885986328,47.58000183105469,48.40999984741211,47.540000915527344,47.97999954223633,26959700
40.28202438354492,46.619998931884766,47.77000045776367,46.33000183105469,47.709999084472656,27368000
40.38569259643555,46.7400016784668,46.779998779296875,46.2599983215332,46.38999938964844,19163000
40.8955078125,47.33000183105469,47.4900016784668,46.84000015258789,46.95000076293945,23079900
40.10056686401367,46.40999984741211,46.939998626708984,45.900001525878906,46.81999969482422,29237400
40.38569259643555,46.7400016784668,46.900001525878906,45.709999084472656,46.189998626708984,30181400
40.3770751953125,46.72999954223633,47.099998474121094,46.4900016784668,47.060001373291016,22627200
40.610355377197266,47.0,47.099998474121094,46.52000045776367,46.529998779296875,21473400
40.88685989379883,47.31999969482422,47.45000076293945,46.56999969482422,46.810001373291016,21099700
41.113006591796875,47.27000045776367,47.43000030517578,46.70000076293945,46.84000015258789,23574100
40.53895568847656,46.61000061035156,47.08000183105469,46.29999923706055,46.779998779296875,31485500
39.71270751953125,45.65999984741211,46.470001220703125,45.65999984741211,46.06999969482422,36238200
37.460052490234375,43.06999969482422,45.47999954223633,43.06999969482422,45.29999923706055,70053100
36.25110626220703,41.68000030517578,42.689998626708984,39.720001220703125,40.45000076293945,88753700
35.19870376586914,40.470001220703125,43.2400016784668,40.38999938964844,42.56999969482422,70616600
37.14695739746094,42.709999084472656,42.84000015258789,41.060001373291016,42.0099983215332,63408000
38.18193817138672,43.900001525878906,43.95000076293945,42.93000030517578,43.22999954223633,50943200
38.20803451538086,43.93000030517578,44.150001525878906,43.38999938964844,43.400001525878906,28246700
37.85142517089844,43.52000045776367,43.93000030517578,43.099998474121094,43.560001373291016,34441700
36.37287521362305,41.81999969482422,42.59000015258789,41.65999984741211,42.16999816894531,49688900
37.71228790283203,43.36000061035156,43.380001068115234,41.880001068115234,42.36000061035156,37671500
37.83403396606445,43.5,43.97999954223633,43.279998779296875,43.40999984741211,28285200
37.05998229980469,42.61000061035156,43.040000915527344,42.20000076293945,42.810001373291016,37138800
38.17325210571289,43.88999938964844,44.0,43.20000076293945,43.29999923706055,32469800
37.460052490234375,43.06999969482422,44.400001525878906,42.90999984741211,44.209999084472656,33469500
37.65139389038086,43.290000915527344,43.790000915527344,42.75,43.119998931884766,31366600
37.8166389465332,43.47999954223633,43.59000015258789,42.939998626708984,43.13999938964844,27132500
37.43396759033203,43.040000915527344,43.439998626708984,42.86000061035156,43.43000030517578,23656000
38.25151824951172,43.97999954223633,44.290000915527344,43.08000183105469,43.189998626708984,28882200
38.52984619140625,44.29999923706055,44.380001068115234,43.84000015258789,43.970001220703125,23372200
38.486358642578125,44.25,45.0,44.08000183105469,44.290000915527344,32768200
37.8166389465332,43.47999954223633,43.9900016784668,43.33000183105469,43.5,63143700
38.36458206176758,44.11000061035156,44.470001220703125,43.599998474121094,43.619998931884766,26177200
38.18193817138672,43.900001525878906,44.04999923706055,43.310001373291016,43.380001068115234,28085900
38.15584182739258,43.869998931884766,44.16999816894531,43.5099983215332,43.93000030517578,17145200
38.19063949584961,43.90999984741211,44.130001068115234,43.27000045776367,43.45000076293945,27905600
38.21673583984375,43.939998626708984,44.72999954223633,43.7599983215332,44.47999954223633,29384600
37.65139389038086,43.290000915527344,44.09000015258789,43.209999084472656,43.83000183105469,27613800
37.78185272216797,43.439998626708984,43.56999969482422,43.04999923706055,43.369998931884766,32763600
38.495033264160156,44.2599983215332,44.29999923706055,43.65999984741211,43.880001068115234,34958900
38.79948043823242,44.61000061035156,44.75,43.75,44.75,28657900
39.63443374633789,45.56999969482422,45.56999969482422,43.91999816894531,44.27000045776367,41839000
40.55634689331055,46.630001068115234,46.88999938964844,45.70000076293945,45.75,34369300
40.660728454589844,46.75,47.18000030517578,46.220001220703125,46.33000183105469,27017200
40.7042121887207,46.79999923706055,47.349998474121094,45.95000076293945,47.099998474121094,27711500
41.26955795288086,47.45000076293945,47.52000045776367,46.5,46.560001373291016,33772700
40.97384262084961,47.11000061035156,47.540000915527344,46.91999816894531,47.45000076293945,28600600
40.878150939941406,47.0,47.06999969482422,46.5,46.97999954223633,19769100
40.78248977661133,46.88999938964844,47.130001068115234,46.560001373291016,46.560001373291016,19987800
40.599849700927734,46.68000030517578,47.099998474121094,46.529998779296875,46.650001525878906,24697800
40.88685607910156,47.0099983215332,47.029998779296875,46.529998779296875,47.0099983215332,27189400
41.32173156738281,47.5099983215332,47.540000915527344,46.900001525878906,47.02000045776367,26450300
41.41740798950195,47.619998931884766,47.880001068115234,47.02000045776367,47.41999816894531,29387600
41.54786682128906,47.77000045776367,47.810001373291016,47.02000045776367,47.439998626708984,30802200
41.05211639404297,47.20000076293945,47.9900016784668,47.11000061035156,47.91999816894531,25144300
41.77400207519531,48.029998779296875,48.95000076293945,47.09000015258789,47.529998779296875,56637100
45.98357391357422,52.869998931884766,54.06999969482422,52.25,52.29999923706055,135227100
47.183841705322266,54.25,54.31999969482422,52.5,52.529998779296875,64633300
46.69677734375,53.689998626708984,54.369998931884766,53.58000183105469,53.9900016784668,50999900
46.948997497558594,53.97999954223633,53.97999954223633,52.86000061035156,53.540000915527344,47000800
46.409759521484375,53.36000061035156,53.83000183105469,53.220001220703125,53.540000915527344,30202100
45.78354263305664,52.63999938964844,53.9900016784668,52.619998931884766,53.31999969482422,46619800
46.305397033691406,53.2400016784668,53.36000061035156,52.619998931884766,52.849998474121094,30285000
47.09685516357422,54.150001525878906,54.38999938964844,52.900001525878906,52.93000030517578,36596900
47.314308166503906,54.400001525878906,54.880001068115234,54.060001373291016,54.18000030517578,37087800
47.296897888183594,54.380001068115234,54.70000076293945,54.0,54.4900016784668,31468500
47.76655197143555,54.91999816894531,54.97999954223633,53.959999084472656,54.09000015258789,32851200
47.105567932128906,54.15999984741211,54.869998931884766,53.560001373291016,54.54999923706055,32513100
46.540218353271484,53.5099983215332,54.130001068115234,53.27000045776367,54.06999969482422,55283700
46.66200637817383,53.650001525878906,54.20000076293945,53.459999084472656,53.70000076293945,36516300
46.374969482421875,53.31999969482422,53.97999954223633,53.189998626708984,53.47999954223633,35361100
45.95749282836914,52.84000015258789,53.290000915527344,52.529998779296875,53.06999969482422,36848200
46.7663459777832,53.77000045776367,53.88999938964844,52.849998474121094,53.08000183105469,32165200
46.381099700927734,52.970001220703125,53.529998779296875,52.849998474121094,53.16999816894531,31551300
47.151634216308594,53.849998474121094,53.97999954223633,52.97999954223633,53.0,29710000
47.23042678833008,53.939998626708984,54.65999984741211,53.779998779296875,53.9900016784668,28149200
47.449344635009766,54.189998626708984,54.29999923706055,53.27000045776367,54.25,37147600
47.449344635009766,54.189998626708984,54.459999084472656,53.75,54.25,28235900
47.50188446044922,54.25,54.439998626708984,53.58000183105469,53.91999816894531,24600000
47.011531829833984,53.689998626708984,54.22999954223633,53.689998626708984,54.09000015258789,21005100
47.2216911315918,53.93000030517578,54.08000183105469,53.790000915527344,53.79999923706055,9009100
47.58943176269531,54.349998474121094,54.959999084472656,54.0,54.540000915527344,56241400
48.3512077331543,55.220001220703125,55.22999954223633,54.29999923706055,54.40999984741211,39952800
48.34246826171875,55.209999084472656,55.959999084472656,55.060001373291016,55.31999969482422,47274900
47.45808792114258,54.20000076293945,55.77000045776367,53.93000030517578,55.4900016784668,38627800
48.95538330078125,55.90999984741211,56.22999954223633,54.099998474121094,54.119998931884766,43963700
48.867828369140625,55.810001373291016,55.970001220703125,55.290000915527344,55.790000915527344,30709800
48.85030746459961,55.790000915527344,56.099998474121094,54.9900016784668,55.470001220703125,32878000
48.14106369018555,54.97999954223633,55.869998931884766,54.5099983215332,55.369998931884766,36373200
48.39500427246094,55.27000045776367,55.65999984741211,55.0099983215332,55.38999938964844,31775800
47.335506439208984,54.060001373291016,55.099998474121094,54.0099983215332,54.709999084472656,39549500
48.281158447265625,55.13999938964844,55.209999084472656,53.68000030517578,54.33000183105469,46768900
48.333709716796875,55.20000076293945,55.900001525878906,55.09000015258789,55.65999984741211,39843000
49.14802169799805,56.130001068115234,56.25,54.7599983215332,55.540000915527344,37503300
48.771507263183594,55.70000076293945,56.790000915527344,55.529998779296875,56.36000061035156,41280900
47.39680099487305,54.130001068115234,56.0,54.029998779296875,55.77000045776367,84684200
48.009727478027344,54.83000183105469,55.349998474121094,54.22999954223633,54.880001068115234,37246300
48.46504211425781,55.349998474121094,55.47999954223633,54.5,54.9900016784668,28322200
48.8765869140625,55.81999969482422,55.880001068115234,55.439998626708984,55.70000076293945,27279800
48.74525451660156,55.66999816894531,55.959999084472656,55.43000030517578,55.86000061035156,9558500
48.99040985107422,55.95000076293945,55.95000076293945,54.97999954223633,55.349998474121094,22458300
49.51576614379883,56.54999923706055,56.849998474121094,56.060001373291016,56.290000915527344,27731400
49.305641174316406,56.310001373291016,56.779998779296875,56.290000915527344,56.470001220703125,21704500
48.57887268066406,55.47999954223633,56.189998626708984,55.41999816894531,56.040000915527344,27334100
47.98346710205078,54.79999923706055,54.79999923706055,53.38999938964844,54.31999969482422,53778000
48.20235824584961,55.04999923706055,55.38999938964844,54.540000915527344,54.93000030517578,34079700
47.326759338378906,54.04999923706055,54.400001525878906,53.63999938964844,54.31999969482422,39518900
45.68058776855469,52.16999816894531,53.4900016784668,52.06999969482422,52.70000076293945,56564900
45.82069396972656,52.33000183105469,53.279998779296875,52.150001525878906,52.369998931884766,48754000
45.79444885253906,52.29999923706055,52.849998474121094,51.459999084472656,52.5099983215332,36943800
46.214744567871094,52.779998779296875,53.099998474121094,52.060001373291016,52.7599983215332,36095500
45.216529846191406,51.63999938964844,54.06999969482422,51.29999923706055,53.79999923706055,66883600
46.503684997558594,53.11000061035156,53.41999816894531,51.56999969482422,52.0,52381900
44.64738464355469,50.9900016784668,51.970001220703125,50.34000015258789,51.310001373291016,71820700
44.27086639404297,50.560001373291016,51.68000030517578,50.060001373291016,51.47999954223633,43564500
44.47225570678711,50.790000915527344,51.380001068115234,49.099998474121094,49.97999954223633,63273000
44.20082092285156,50.47999954223633,51.58000183105469,50.29999923706055,51.0,40191200
45.78567886352539,52.290000915527344,52.33000183105469,51.2599983215332,51.40999984741211,37555800
45.34786605834961,51.790000915527344,52.650001525878906,51.650001525878906,51.939998626708984,34707700
45.68058776855469,52.16999816894531,52.439998626708984,51.54999923706055,51.790000915527344,28900800
44.848785400390625,51.220001220703125,52.20000076293945,51.02000045776367,52.0099983215332,36775200
45.584293365478516,52.060001373291016,52.209999084472656,51.25,51.86000061035156,62513800
48.23738098144531,55.09000015258789,55.09000015258789,54.0,54.72999954223633,83611700
47.9046516418457,54.709999084472656,55.09000015258789,54.5,54.880001068115234,44208500
46.4073486328125,53.0,54.2599983215332,52.650001525878906,54.16999816894531,56313800
45.671844482421875,52.15999984741211,53.38999938964844,51.2599983215332,53.25,57559800
45.53175735473633,52.0,52.810001373291016,51.369998931884766,52.099998474121094,46987100
43.920623779296875,50.15999984741211,52.0,49.560001373291016,51.939998626708984,62009000
43.263916015625,49.40999984741211,49.56999969482422,48.189998626708984,49.54999923706055,59290500
43.150089263916016,49.279998779296875,50.2400016784668,48.66999816894531,49.02000045776367,46740500
43.52660369873047,49.709999084472656,50.38999938964844,49.52000045776367,49.88999938964844,38237000
43.50907897949219,49.689998626708984,50.11000061035156,48.5099983215332,48.68000030517578,48878600
44.218345642089844,50.5,50.68000030517578,49.75,50.25,34243300
45.056129455566406,51.09000015258789,51.09000015258789,50.130001068115234,50.900001525878906,37291200
46.22907257080078,52.41999816894531,52.77000045776367,51.45000076293945,51.4900016784668,40789000
46.0262336730957,52.189998626708984,52.95000076293945,52.099998474121094,52.33000183105469,27176000
45.699928283691406,51.81999969482422,52.279998779296875,51.529998779296875,51.970001220703125,33559100
46.43189239501953,52.650001525878906,53.0,52.279998779296875,52.279998779296875,25008300
45.1355094909668,51.18000030517578,52.369998931884766,50.97999954223633,52.34000015258789,28895300
45.294254302978516,51.36000061035156,51.5,50.20000076293945,50.689998626708984,33014500
45.94685745239258,52.099998474121094,52.099998474121094,50.61000061035156,51.72999954223633,26939500
45.24134826660156,51.29999923706055,52.68000030517578,51.099998474121094,52.599998474121094,35975900
44.870948791503906,50.880001068115234,51.650001525878906,50.65999984741211,51.349998474121094,31654000
46.37015914916992,52.58000183105469,52.59000015258789,50.91999816894531,50.970001220703125,33024500
46.69646072387695,52.95000076293945,52.959999084472656,52.15999984741211,52.40999984741211,29289900
46.16731643676758,52.349998474121094,52.970001220703125,51.779998779296875,52.970001220703125,24427800
45.8851203918457,52.029998779296875,52.45000076293945,51.709999084472656,52.400001525878906,33034200
45.00321578979492,51.029998779296875,51.79999923706055,50.58000183105469,51.560001373291016,38407800
45.55000305175781,51.650001525878906,52.130001068115234,50.599998474121094,50.79999923706055,33835100
46.599456787109375,52.84000015258789,52.849998474121094,51.86000061035156,51.88999938964844,28251600
45.902748107910156,52.04999923706055,52.939998626708984,51.15999984741211,52.93000030517578,38387800
46.80229949951172,53.06999969482422,53.06999969482422,52.380001068115234,53.0,32275700
46.8904914855957,53.16999816894531,53.59000015258789,52.630001068115234,52.709999084472656,24083600
47.26088333129883,53.59000015258789,53.59000015258789,52.7400016784668,52.75,21104800
47.93111801147461,54.349998474121094,54.599998474121094,53.400001525878906,53.45000076293945,31691700
48.20450210571289,54.65999984741211,55.0,54.0,54.209999084472656,28223900
47.172698974609375,53.4900016784668,54.970001220703125,53.45000076293945,54.91999816894531,67625500
47.498992919921875,53.86000061035156,53.93000030517578,52.93000030517578,53.25,23925700
47.68418884277344,54.06999969482422,54.25,53.459999084472656,53.61000061035156,23124100
47.59599685668945,53.970001220703125,54.2400016784668,53.7400016784668,54.11000061035156,20129000
47.80765151977539,54.209999084472656,54.33000183105469,53.72999954223633,53.84000015258789,19950000
47.2167854309082,53.540000915527344,54.290000915527344,53.33000183105469,54.209999084472656,17025100
48.24860763549805,54.709999084472656,54.86000061035156,53.45000076293945,53.65999984741211,23924300
48.54844665527344,55.04999923706055,55.63999938964844,54.900001525878906,54.93000030517578,23008300
48.70719528198242,55.22999954223633,55.59000015258789,54.86000061035156,54.95000076293945,26360500
49.00703048706055,55.56999969482422,55.61000061035156,54.56999969482422,55.04999923706055,24399200
48.883567810058594,55.43000030517578,55.65999984741211,55.0,55.43000030517578,18928800
48.1163330078125,54.560001373291016,55.29999923706055,54.459999084472656,55.189998626708984,19272300
48.61018753051758,55.119998931884766,55.20000076293945,54.209999084472656,54.36000061035156,21188700
48.02812957763672,54.459999084472656,54.90999984741211,54.22999954223633,54.869998931884766,19225100
47.99285125732422,54.41999816894531,55.279998779296875,54.31999969482422,54.66999816894531,22167200
47.89583969116211,54.310001373291016,55.150001525878906,54.29999923706055,54.4900016784668,21414200
48.19569778442383,54.650001525878906,54.779998779296875,53.7599983215332,54.369998931884766,24944300
48.81301498413086,55.349998474121094,55.439998626708984,54.88999938964844,55.119998931884766,20818000
48.82183837890625,55.36000061035156,55.58000183105469,55.06999969482422,55.220001220703125,20877100
49.07759475708008,55.650001525878906,55.91999816894531,55.11000061035156,55.29999923706055,28793800
49.791927337646484,56.459999084472656,56.59000015258789,55.209999084472656,55.4900016784668,23786000
49.73020935058594,56.38999938964844,56.77000045776367,55.68000030517578,56.630001068115234,29596800
49.02467346191406,55.59000015258789,56.5,55.4900016784668,56.290000915527344,36195700
49.192230224609375,55.779998779296875,56.22999954223633,55.41999816894531,55.79999923706055,38909100
45.66465377807617,51.779998779296875,52.43000030517578,50.77000045776367,51.90999984741211,126834100
45.95566940307617,52.11000061035156,52.130001068115234,51.630001068115234,51.779998779296875,33226900
45.364803314208984,51.439998626708984,52.349998474121094,51.09000015258789,52.2599983215332,33532600
44.92384338378906,50.939998626708984,51.5,50.54999923706055,51.47999954223633,43369300
44.00667953491211,49.900001525878906,50.77000045776367,49.560001373291016,50.619998931884766,43134800
43.980220794677734,49.869998931884766,50.25,49.349998474121094,49.349998474121094,48411700
44.63283157348633,50.61000061035156,50.75,49.779998779296875,50.0,33114500
43.90085220336914,49.779998779296875,50.40999984741211,49.599998474121094,50.34000015258789,26460200
43.980220794677734,49.869998931884766,50.060001373291016,49.459999084472656,49.84000015258789,24257600
44.04195785522461,49.939998626708984,50.29999923706055,49.72999954223633,49.869998931884766,25390700
44.43879699707031,50.38999938964844,50.38999938964844,49.65999984741211,49.91999816894531,24787300
44.156593322753906,50.06999969482422,50.59000015258789,50.0,50.4900016784668,17951600
44.994407653808594,51.02000045776367,51.099998474121094,50.189998626708984,50.33000183105469,22891000
45.02085876464844,51.04999923706055,51.779998779296875,51.0,51.130001068115234,24039100
45.42652893066406,51.5099983215332,51.810001373291016,50.91999816894531,51.20000076293945,24102800
45.04731369018555,51.08000183105469,51.900001525878906,51.040000915527344,51.439998626708984,22592300
45.70873260498047,51.83000183105469,51.959999084472656,50.75,50.79999923706055,20032000
44.856197357177734,50.5099983215332,51.72999954223633,50.36000061035156,51.720001220703125,27803500
45.12260437011719,50.810001373291016,51.13999938964844,50.29999923706055,50.47999954223633,24907500
44.68747329711914,50.31999969482422,50.619998931884766,49.81999969482422,50.470001220703125,23842400
44.95388412475586,50.619998931884766,51.220001220703125,50.400001525878906,50.47999954223633,23905800
44.429927825927734,50.029998779296875,50.68000030517578,49.97999954223633,50.599998474121094,26118700
45.81531524658203,51.59000015258789,51.709999084472656,50.400001525878906,50.70000076293945,34757900
46.28598403930664,52.119998931884766,52.4900016784668,51.790000915527344,51.91999816894531,24040200
46.08172607421875,51.88999938964844,51.97999954223633,51.36000061035156,51.93000030517578,24335200
46.46360397338867,52.31999969482422,52.31999969482422,51.77000045776367,51.91999816894531,17721400
47.067474365234375,53.0,53.0,52.08000183105469,52.2599983215332,37653100
46.93426513671875,52.849998474121094,52.95000076293945,52.439998626708984,52.439998626708984,25324800
46.60567855834961,52.47999954223633,52.7400016784668,51.84000015258789,52.63999938964844,22840800
45.992919921875,51.790000915527344,52.41999816894531,51.599998474121094,52.380001068115234,23368300
46.29485321044922,52.130001068115234,52.349998474121094,51.88999938964844,51.9900016784668,18243300
46.26822280883789,52.099998474121094,52.72999954223633,52.099998474121094,52.2400016784668,20866800
46.214942932128906,52.040000915527344,52.439998626708984,51.869998931884766,52.02000045776367,21149400
45.84193801879883,51.619998931884766,52.0,51.4900016784668,52.0,20305700
45.71762466430664,51.47999954223633,52.04999923706055,51.040000915527344,51.04999923706055,25833200
44.52760696411133,50.13999938964844,50.720001220703125,49.060001373291016,49.58000183105469,83217800
44.2523193359375,49.83000183105469,50.099998474121094,49.56999969482422,49.900001525878906,42577100
44.127986907958984,49.689998626708984,50.119998931884766,49.689998626708984,49.779998779296875,33757600
44.74962615966797,50.38999938964844,50.470001220703125,49.5099983215332,49.52000045776367,31188600
44.51873016357422,50.130001068115234,50.43000030517578,49.81999969482422,50.40999984741211,45710500
44.465457916259766,50.06999969482422,50.83000183105469,50.029998779296875,50.63999938964844,35607900
45.4600944519043,51.189998626708984,51.43000030517578,50.15999984741211,50.20000076293945,34097800
45.2824821472168,50.9900016784668,51.459999084472656,50.95000076293945,51.08000183105469,28816800
46.099483489990234,51.90999984741211,52.060001373291016,51.150001525878906,51.279998779296875,29028800
44.2523193359375,49.83000183105469,50.939998626708984,49.52000045776367,49.810001373291016,133503000
43.00902557373047,48.43000030517578,49.150001525878906,48.040000915527344,49.099998474121094,50216300
43.90596008300781,49.439998626708984,49.470001220703125,48.66999816894531,48.91999816894531,38140700
44.882835388183594,50.540000915527344,50.720001220703125,49.79999923706055,49.90999984741211,31304000
45.442317962646484,51.16999816894531,51.29999923706055,50.5,50.720001220703125,28527800
45.433433532714844,51.15999984741211,51.720001220703125,51.06999969482422,51.130001068115234,21400400
45.442317962646484,51.16999816894531,51.279998779296875,50.7400016784668,50.83000183105469,24806400
45.62882614135742,51.380001068115234,51.540000915527344,50.38999938964844,50.779998779296875,28167500
45.62882614135742,51.380001068115234,51.61000061035156,51.06999969482422,51.41999816894531,19585200
46.445838928222656,52.29999923706055,52.36000061035156,51.54999923706055,51.72999954223633,28391000
46.70337677001953,52.59000015258789,52.83000183105469,52.470001220703125,52.5,22269200
47.25397491455078,53.209999084472656,53.400001525878906,52.790000915527344,52.939998626708984,27317600
47.52037811279297,53.5099983215332,53.86000061035156,53.18000030517578,53.560001373291016,25356800
47.72465515136719,53.7400016784668,53.9900016784668,53.58000183105469,53.84000015258789,24545500
47.689125061035156,53.70000076293945,54.0,53.209999084472656,53.95000076293945,32024400
47.920021057128906,53.959999084472656,54.34000015258789,53.54999923706055,53.70000076293945,31433900
47.14741134643555,53.09000015258789,53.900001525878906,52.93000030517578,53.709999084472656,53336500
49.6517333984375,55.90999984741211,56.84000015258789,55.529998779296875,56.150001525878906,89893300
49.55406951904297,55.79999923706055,56.22999954223633,55.7599983215332,55.97999954223633,32776700
50.237884521484375,56.56999969482422,56.630001068115234,55.779998779296875,56.08000183105469,32157200
50.37996292114258,56.72999954223633,56.7400016784668,56.2599983215332,56.470001220703125,25610600
50.406612396240234,56.7599983215332,57.290000915527344,56.5099983215332,56.52000045776367,28079000
49.90041732788086,56.189998626708984,56.79999923706055,56.11000061035156,56.61000061035156,32327500
49.918174743652344,56.209999084472656,56.369998931884766,55.720001220703125,56.0,37550400
50.335567474365234,56.68000030517578,56.7599983215332,56.04999923706055,56.2599983215332,30558700
50.24676513671875,56.58000183105469,56.75,56.13999938964844,56.599998474121094,26003400
50.24676513671875,56.58000183105469,56.900001525878906,56.310001373291016,56.849998474121094,35122000
50.59310531616211,56.970001220703125,57.11000061035156,56.4900016784668,56.68000030517578,22075600
50.966102600097656,57.38999938964844,57.52000045776367,56.66999816894531,56.79999923706055,26587700
51.47227096557617,57.959999084472656,58.209999084472656,57.45000076293945,57.650001525878906,29335200
51.561092376708984,58.060001373291016,58.09000015258789,57.779998779296875,58.060001373291016,19473500
51.68541717529297,58.20000076293945,58.5,58.02000045776367,58.16999816894531,16920700
51.52557373046875,58.02000045776367,58.31999969482422,57.81999969482422,58.15999984741211,15756900
51.77423095703125,58.29999923706055,58.45000076293945,58.029998779296875,58.029998779296875,18162300
51.45452117919922,57.939998626708984,58.189998626708984,57.619998931884766,58.029998779296875,21655200
51.614376068115234,58.119998931884766,58.5,57.959999084472656,58.0099983215332,19283900
51.32843017578125,57.439998626708984,57.619998931884766,57.27000045776367,57.61000061035156,20523500
51.43565368652344,57.560001373291016,57.68000030517578,57.22999954223633,57.540000915527344,18856400
51.471397399902344,57.599998474121094,57.70000076293945,57.27000045776367,57.41999816894531,14214300
51.4892692565918,57.619998931884766,57.72999954223633,57.20000076293945,57.43000030517578,17271000
51.53395080566406,57.66999816894531,57.75,57.2599983215332,57.599998474121094,15221900
51.73053741455078,57.88999938964844,58.18000030517578,57.849998474121094,57.900001525878906,18732400
51.78416442871094,57.95000076293945,58.040000915527344,57.720001220703125,57.79999923706055,18151500
51.98073959350586,58.16999816894531,58.290000915527344,57.779998779296875,57.880001068115234,18552600
51.855655670166016,58.029998779296875,58.70000076293945,57.689998626708984,58.279998779296875,20971200
51.91819381713867,58.099998474121094,58.599998474121094,58.099998474121094,58.18000030517578,16417200
51.73053741455078,57.88999938964844,58.189998626708984,57.61000061035156,57.97999954223633,16930200
51.346290588378906,57.459999084472656,57.79999923706055,57.29999923706055,57.650001525878906,20860300
51.462459564208984,57.59000015258789,57.81999969482422,57.0099983215332,57.0099983215332,26075400
51.53395080566406,57.66999816894531,58.189998626708984,57.41999816894531,57.66999816894531,18900500
51.4803466796875,57.61000061035156,57.79999923706055,57.209999084472656,57.779998779296875,16278400
51.52500915527344,57.65999984741211,57.84000015258789,57.40999984741211,57.470001220703125,17493400
51.319480895996094,57.43000030517578,57.790000915527344,57.18000030517578,57.630001068115234,20146100
50.22929763793945,56.209999084472656,57.52000045776367,56.209999084472656,56.790000915527344,35113900
50.979915618896484,57.04999923706055,57.209999084472656,55.61000061035156,56.0,29303000
50.5152587890625,56.529998779296875,56.650001525878906,56.04999923706055,56.5,30130200
50.27397537231445,56.2599983215332,56.630001068115234,56.029998779296875,56.38999938964844,24062500
51.105018615722656,57.189998626708984,57.349998474121094,55.97999954223633,56.150001525878906,26847000
51.15864944458008,57.25,57.630001068115234,56.75,57.630001068115234,44607000
50.87269592285156,56.93000030517578,57.75,56.849998474121094,57.27000045776367,20937100
50.76545333862305,56.810001373291016,57.349998474121094,56.75,57.349998474121094,17384000
51.6143684387207,57.7599983215332,57.849998474121094,57.08000183105469,57.5099983215332,33707300
51.66799545288086,57.81999969482422,58.0,57.630001068115234,57.91999816894531,19822200
51.319480895996094,57.43000030517578,57.90999984741211,57.380001068115234,57.869998931884766,19955300
50.84587478637695,56.900001525878906,57.13999938964844,56.83000183105469,57.08000183105469,21688700
51.78416442871094,57.95000076293945,58.060001373291016,56.68000030517578,56.93000030517578,28065100
51.855655670166016,58.029998779296875,58.060001373291016,57.66999816894531,57.880001068115234,20536400
51.29268264770508,57.400001525878906,58.16999816894531,57.209999084472656,57.810001373291016,25463500
51.471397399902344,57.599998474121094,57.77000045776367,57.34000015258789,57.56999969482422,29910800
51.310546875,57.41999816894531,57.54999923706055,57.060001373291016,57.40999984741211,19189500
51.14970397949219,57.2400016784668,57.599998474121094,56.970001220703125,57.27000045776367,20085900
51.50714874267578,57.63999938964844,57.959999084472656,57.2599983215332,57.290000915527344,16726400
51.59649658203125,57.7400016784668,57.86000061035156,57.279998779296875,57.7400016784668,16212600
51.65011215209961,57.79999923706055,57.97999954223633,57.41999816894531,57.849998474121094,20089000
51.86457443237305,58.040000915527344,58.38999938964844,57.869998931884766,57.90999984741211,18196500
51.105018615722656,57.189998626708984,58.02000045776367,56.88999938964844,57.88999938964844,26497400
51.03354263305664,57.11000061035156,57.27000045776367,56.400001525878906,57.11000061035156,22177500
50.86375045776367,56.91999816894531,57.29999923706055,56.31999969482422,56.70000076293945,25313700
51.310546875,57.41999816894531,57.7400016784668,57.119998931884766,57.119998931884766,27402500
51.131832122802734,57.220001220703125,57.459999084472656,56.869998931884766,57.36000061035156,23830000
51.52500915527344,57.65999984741211,57.95000076293945,57.40999984741211,57.529998779296875,19149500
51.408851623535156,57.529998779296875,57.84000015258789,57.400001525878906,57.470001220703125,22878400
51.15864944458008,57.25,57.52000045776367,56.65999984741211,57.5,49455600
53.31222152709961,59.65999984741211,60.45000076293945,59.4900016784668,60.279998779296875,80032200
54.5096321105957,61.0,61.0,59.93000030517578,59.939998626708984,54067000
54.50071716308594,60.9900016784668,61.369998931884766,60.79999923706055,60.849998474121094,35137200
54.17901611328125,60.630001068115234,61.20000076293945,60.470001220703125,60.810001373291016,29911600
53.705406188964844,60.099998474121094,60.83000183105469,60.09000015258789,60.61000061035156,28479900
53.4998779296875,59.869998931884766,60.52000045776367,59.58000183105469,60.0099983215332,33574700
53.5445556640625,59.91999816894531,60.41999816894531,59.91999816894531,60.15999984741211,26434700
53.43732833862305,59.79999923706055,60.02000045776367,59.25,59.970001220703125,24533000
53.106685638427734,59.43000030517578,59.93000030517578,59.29999923706055,59.81999969482422,22147000
52.91009521484375,59.209999084472656,59.63999938964844,59.11000061035156,59.529998779296875,21600400
52.46330261230469,58.709999084472656,59.279998779296875,58.52000045776367,58.650001525878906,28697000
53.9913444519043,60.41999816894531,60.52000045776367,59.779998779296875,59.779998779296875,31664800
54.03603744506836,60.470001220703125,60.779998779296875,60.150001525878906,60.54999923706055,22935400
53.7679557800293,60.16999816894531,60.59000015258789,59.20000076293945,60.0,49632500
52.45436477661133,58.70000076293945,60.4900016784668,57.630001068115234,60.47999954223633,57822400
52.74031066894531,59.02000045776367,59.119998931884766,58.0099983215332,58.22999954223633,38767800
51.936073303222656,58.119998931884766,59.08000183105469,57.279998779296875,59.02000045776367,41328400
52.96165466308594,58.869998931884766,59.4900016784668,58.31999969482422,58.33000183105469,35904100
53.66337585449219,59.650001525878906,59.65999984741211,58.810001373291016,58.939998626708984,27332500
54.55402755737305,60.63999938964844,60.95000076293945,59.970001220703125,60.40999984741211,32132700
54.29313278198242,60.349998474121094,61.13999938964844,60.29999923706055,60.779998779296875,27686300
54.75192642211914,60.86000061035156,60.970001220703125,60.41999816894531,60.5,19652600
54.98583221435547,61.119998931884766,61.2599983215332,60.810001373291016,60.97999954223633,23206700
54.33810043334961,60.400001525878906,61.099998474121094,60.25,61.0099983215332,21848900
54.4550666809082,60.529998779296875,60.529998779296875,60.130001068115234,60.29999923706055,8409600
54.527034759521484,60.61000061035156,61.02000045776367,60.209999084472656,60.34000015258789,20732600
54.95884323120117,61.09000015258789,61.40999984741211,60.52000045776367,60.650001525878906,22366700
54.212154388427734,60.2599983215332,61.18000030517578,60.220001220703125,60.86000061035156,34655400
53.258548736572266,59.20000076293945,60.150001525878906,58.939998626708984,60.11000061035156,34542100
53.30352020263672,59.25,59.470001220703125,58.79999923706055,59.08000183105469,25515700
54.17618179321289,60.220001220703125,60.59000015258789,59.560001373291016,59.70000076293945,23552700
53.93327713012695,59.95000076293945,60.459999084472656,59.79999923706055,60.43000030517578,19907000
55.21075439453125,61.369998931884766,61.380001068115234,59.79999923706055,60.0099983215332,30809000
54.88685989379883,61.0099983215332,61.58000183105469,60.84000015258789,61.29999923706055,21220800
55.750526428222656,61.970001220703125,61.9900016784668,61.130001068115234,61.18000030517578,27349400
55.930458068847656,62.16999816894531,62.29999923706055,61.720001220703125,61.81999969482422,20198100
56.659156799316406,62.97999954223633,63.41999816894531,62.2400016784668,62.5,35718900
56.38927459716797,62.68000030517578,63.45000076293945,62.529998779296875,63.0,30352700
56.2993049621582,62.58000183105469,63.150001525878906,62.29999923706055,62.70000076293945,27669900
56.047420501708984,62.29999923706055,62.95000076293945,62.119998931884766,62.95000076293945,42453100
57.23493957519531,63.619998931884766,63.77000045776367,62.41999816894531,62.560001373291016,34338200
57.162960052490234,63.540000915527344,63.79999923706055,63.029998779296875,63.689998626708984,26028400
57.162960052490234,63.540000915527344,63.70000076293945,63.119998931884766,63.43000030517578,17096300
57.17196273803711,63.54999923706055,64.0999984741211,63.40999984741211,63.84000015258789,22176600
56.89308166503906,63.2400016784668,63.540000915527344,62.79999923706055,63.45000076293945,12403800
56.92905044555664,63.279998779296875,64.06999969482422,63.209999084472656,63.209999084472656,11763200
56.66816329956055,62.9900016784668,63.400001525878906,62.83000183105469,63.400001525878906,14653300
56.587188720703125,62.900001525878906,63.20000076293945,62.72999954223633,62.86000061035156,10250600
55.90347671508789,62.13999938964844,62.9900016784668,62.029998779296875,62.959999084472656,25579900
56.2993049621582,62.58000183105469,62.84000015258789,62.130001068115234,62.790000915527344,20694100
56.047420501708984,62.29999923706055,62.75,62.119998931884766,62.47999954223633,21340000
56.047420501708984,62.29999923706055,62.65999984741211,62.029998779296875,62.189998626708984,24876000
56.533226013183594,62.84000015258789,63.150001525878906,62.040000915527344,62.29999923706055,19922900
56.35329055786133,62.63999938964844,63.08000183105469,62.540000915527344,62.7599983215332,20382700
56.335289001464844,62.619998931884766,63.06999969482422,62.279998779296875,62.72999954223633,18593000
56.84809494018555,63.189998626708984,63.22999954223633,62.43000030517578,62.61000061035156,21517300
56.3262939453125,62.61000061035156,63.400001525878906,61.95000076293945,63.060001373291016,20968200
56.40727233886719,62.70000076293945,62.869998931884766,62.349998474121094,62.619998931884766,19422300
56.25434112548828,62.529998779296875,62.70000076293945,62.029998779296875,62.68000030517578,20664000
56.22734069824219,62.5,62.70000076293945,62.119998931884766,62.66999816894531,19670100
56.047420501708984,62.29999923706055,62.97999954223633,62.20000076293945,62.2400016784668,18451700
56.4432487487793,62.7400016784668,62.81999969482422,62.369998931884766,62.66999816894531,30213500
56.64118576049805,62.959999084472656,63.119998931884766,62.56999969482422,62.70000076293945,23097600
57.14497756958008,63.52000045776367,63.7400016784668,62.939998626708984,63.20000076293945,24672900
57.288902282714844,63.68000030517578,64.0999984741211,63.45000076293945,63.95000076293945,23672700
57.81969451904297,64.2699966430664,64.54000091552734,63.54999923706055,64.12000274658203,43554600
59.17813491821289,65.77999877929688,65.91000366210938,64.88999938964844,65.38999938964844,44818000
58.593387603759766,65.12999725341797,65.79000091552734,64.80000305175781,65.69000244140625,31651400
58.161556243896484,64.6500015258789,65.1500015258789,64.26000213623047,64.86000061035156,25270500
57.19894790649414,63.58000183105469,64.62000274658203,63.470001220703125,64.36000061035156,39671500
56.83009338378906,63.16999816894531,63.40999984741211,62.75,63.25,45827000
57.288902282714844,63.68000030517578,63.70000076293945,63.06999969482422,63.5,30301800
57.252933502197266,63.63999938964844,63.650001525878906,63.13999938964844,63.5,19796400
57.063995361328125,63.43000030517578,63.779998779296875,63.22999954223633,63.7400016784668,20277200
56.98303985595703,63.34000015258789,63.810001373291016,63.220001220703125,63.56999969482422,18096400
57.63078308105469,64.05999755859375,64.44000244140625,63.31999969482422,63.52000045776367,22644400
57.57679748535156,64.0,64.30000305175781,63.97999954223633,64.25,18170700
58.22453689575195,64.72000122070312,64.86000061035156,64.12999725341797,64.23999786376953,22920100
58.4417724609375,64.56999969482422,64.72000122070312,64.0199966430664,64.41000366210938,23108400
58.40555191040039,64.52999877929688,64.56999969482422,64.16000366210938,64.5,17005200
58.39651870727539,64.5199966430664,65.23999786376953,64.44000244140625,64.73999786376953,20546300
58.48700714111328,64.62000274658203,64.69000244140625,64.30000305175781,64.47000122070312,21248800
58.36935806274414,64.48999786376953,64.94999694824219,64.44999694824219,64.61000061035156,20655900
58.2516975402832,64.36000061035156,64.38999938964844,64.05000305175781,64.33000183105469,19292700
58.48700714111328,64.62000274658203,64.7300033569336,64.19000244140625,64.41999816894531,20273100
58.48700714111328,64.62000274658203,64.80000305175781,64.13999938964844,64.52999877929688,21796800
58.134029388427734,64.2300033569336,64.54000091552734,64.05000305175781,64.54000091552734,15871500
57.90774154663086,63.97999954223633,64.19999694824219,63.7599983215332,64.08000183105469,23239800
58.77664566040039,64.94000244140625,64.98999786376953,64.0199966430664,64.12999725341797,26937500
57.934913635253906,64.01000213623047,64.75,63.880001068115234,64.69000244140625,24539600
58.15214157104492,64.25,64.27999877929688,63.619998931884766,63.9900016784668,18135900
58.170230865478516,64.2699966430664,64.55999755859375,63.810001373291016,63.970001220703125,18750300
58.287899017333984,64.4000015258789,64.77999877929688,64.19000244140625,64.19000244140625,18521000
58.821895599365234,64.98999786376953,65.08000183105469,64.25,64.26000213623047,21510900
58.586570739746094,64.7300033569336,65.19999694824219,64.4800033569336,65.19000244140625,19846800
58.76759338378906,64.93000030517578,65.26000213623047,64.75,65.11000061035156,19538200
58.56847381591797,64.70999908447266,65.19000244140625,64.56999969482422,65.01000213623047,20100000
58.29695510864258,64.41000366210938,64.55000305175781,64.1500015258789,64.52999877929688,14280200
58.604679107666016,64.75,64.91999816894531,64.25,64.55000305175781,24833800
58.50510787963867,64.63999938964844,64.76000213623047,64.30000305175781,64.75,20674300
58.713287353515625,64.87000274658203,65.23999786376953,64.68000030517578,64.91000366210938,49219700
58.76759338378906,64.93000030517578,65.18000030517578,64.72000122070312,64.91000366210938,14598100
58.115928649902344,64.20999908447266,65.5,64.12999725341797,65.19000244140625,26640500
58.85810089111328,65.02999877929688,65.13999938964844,64.12000274658203,64.12000274658203,20680000
58.713287353515625,64.87000274658203,65.23999786376953,64.7699966430664,64.94000244140625,19269200
58.81285858154297,64.9800033569336,65.44999694824219,64.76000213623047,65.36000061035156,22617100
58.92145538330078,65.0999984741211,65.22000122070312,64.3499984741211,64.62999725341797,18614700
59.09341049194336,65.29000091552734,65.47000122070312,64.6500015258789,64.95999908447266,20080400
59.25634002685547,65.47000122070312,65.5,64.94999694824219,65.12000274658203,13618400
59.473567962646484,65.70999908447266,65.9800033569336,65.36000061035156,65.41999816894531,15122800
59.609317779541016,65.86000061035156,66.19000244140625,65.44999694824219,65.6500015258789,21040300
59.32876205444336,65.55000305175781,65.94000244140625,65.19000244140625,65.80999755859375,20400900
59.491661071777344,65.7300033569336,65.80999755859375,65.27999877929688,65.38999938964844,12997400
59.33779525756836,65.55999755859375,66.3499984741211,65.44000244140625,66.30000305175781,21448600
59.491661071777344,65.7300033569336,66.05999755859375,65.4800033569336,65.5999984741211,18103500
59.446407318115234,65.68000030517578,65.95999908447266,65.44000244140625,65.8499984741211,14108500
59.31065368652344,65.52999877929688,65.81999969482422,65.36000061035156,65.61000061035156,17952700
59.26538848876953,65.4800033569336,65.61000061035156,64.8499984741211,65.5999984741211,18791500
59.03911209106445,65.2300033569336,65.51000213623047,65.11000061035156,65.41999816894531,17108500
58.78569030761719,64.94999694824219,65.86000061035156,64.94999694824219,65.29000091552734,17896500
59.26538848876953,65.4800033569336,65.48999786376953,65.01000213623047,65.04000091552734,16689300
59.183929443359375,65.38999938964844,65.70999908447266,65.16000366210938,65.33000183105469,15155600
58.86713790893555,65.04000091552734,65.75,64.88999938964844,65.6500015258789,26992800
59.28350830078125,65.5,65.75,65.13999938964844,65.45999908447266,22299500
60.098087310791016,66.4000015258789,66.69999694824219,65.44999694824219,65.66999816894531,32522600
61.12082290649414,67.52999877929688,67.66000366210938,67.0999984741211,67.4800033569336,29770000
61.47382736206055,67.91999816894531,68.04000091552734,67.5999984741211,67.9000015258789,30242700
61.39234924316406,67.83000183105469,68.30999755859375,67.62000274658203,68.08000183105469,26190800
61.790584564208984,68.2699966430664,68.37999725341797,67.58000183105469,68.1500015258789,34971000
61.96253967285156,68.45999908447266,69.13999938964844,67.69000244140625,68.91000366210938,39548800
62.82240295410156,69.41000366210938,69.55000305175781,68.5,68.68000030517578,31954400
62.72283935546875,69.30000305175781,69.70999908447266,69.12999725341797,69.70999908447266,23906100
62.52372360229492,69.08000183105469,69.37999725341797,68.70999908447266,69.37999725341797,28928000
62.27936935424805,68.80999755859375,69.08000183105469,68.63999938964844,69.02999877929688,21749400
62.45132064819336,69.0,69.02999877929688,68.48999786376953,68.9000015258789,19128800
62.39701843261719,68.94000244140625,69.05000305175781,68.41999816894531,68.97000122070312,18566100
62.48750305175781,69.04000091552734,69.27999877929688,68.68000030517578,68.86000061035156,22858400
62.731876373291016,69.30999755859375,69.55999755859375,68.91999816894531,68.98999786376953,17977800
61.96253967285156,68.45999908447266,68.7300033569336,68.12000274658203,68.36000061035156,28789400
61.8901481628418,68.37999725341797,68.61000061035156,68.04000091552734,68.61000061035156,18714100
61.935401916503906,68.43000030517578,68.4800033569336,67.56999969482422,68.13999938964844,31530300
63.182498931884766,69.41000366210938,69.44000244140625,68.16000366210938,68.2300033569336,34956000
61.425655364990234,67.4800033569336,69.0999984741211,67.43000030517578,68.88999938964844,30548800
61.63503646850586,67.70999908447266,68.12999725341797,67.13999938964844,67.4000015258789,25201300
61.616817474365234,67.69000244140625,68.0999984741211,67.43000030517578,67.5,26961100
62.308631896972656,68.44999694824219,68.5,67.5,67.88999938964844,16237600
62.51799392700195,68.68000030517578,68.75,68.37999725341797,68.72000122070312,15425800
62.59993362426758,68.7699966430664,68.87999725341797,68.44999694824219,68.87000274658203,14593900
63.373661041259766,69.62000274658203,69.87999725341797,68.91000366210938,68.97000122070312,21854100
63.683143615722656,69.95999908447266,70.22000122070312,69.5199966430664,69.80000305175781,19827900
64.09278106689453,70.41000366210938,70.41000366210938,69.7699966430664,69.79000091552734,17072800
63.57390213012695,69.83999633789062,70.73999786376953,69.80999755859375,70.52999877929688,30436400
63.81056594848633,70.0999984741211,70.61000061035156,69.44999694824219,70.23999786376953,21603600
65.32164764404297,71.76000213623047,71.86000061035156,70.23999786376953,70.44000244140625,34770300
65.79499816894531,72.27999877929688,72.88999938964844,71.80999755859375,71.97000122070312,33316800
66.01348114013672,72.5199966430664,72.62000274658203,72.2699966430664,72.30000305175781,31511100
65.8951644897461,72.38999938964844,72.7699966430664,71.94999694824219,72.63999938964844,22301800
65.49459838867188,71.94999694824219,72.5199966430664,71.5,72.51000213623047,24588300
64.01084899902344,70.31999969482422,72.08000183105469,68.58999633789062,72.04000091552734,49187400
63.519290924072266,69.77999877929688,69.94000244140625,68.12999725341797,69.25,47761700
64.31122589111328,70.6500015258789,70.81999969482422,69.95999908447266,70.0199966430664,25258600
63.96533966064453,70.2699966430664,71.0999984741211,69.43000030517578,70.91000366210938,25510700
63.62853240966797,69.9000015258789,70.20999908447266,68.80000305175781,69.2699966430664,26068700
63.71955108642578,70.0,70.02999877929688,69.22000122070312,69.7300033569336,48345100
64.51151275634766,70.87000274658203,70.94000244140625,70.3499984741211,70.5,23798300
63.63764190673828,69.91000366210938,70.87000274658203,69.87000274658203,70.81999969482422,21512200
63.96533966064453,70.2699966430664,70.62000274658203,69.94000244140625,70.20999908447266,19891100
63.956241607666016,70.26000213623047,70.58999633789062,69.70999908447266,70.54000091552734,22965700
64.82099914550781,71.20999908447266,71.25,69.91999816894531,70.08999633789062,27617300
64.2020034790039,70.52999877929688,71.70999908447266,70.44000244140625,71.4000015258789,19607000
63.00044250488281,69.20999908447266,70.18000030517578,69.18000030517578,70.11000061035156,25215100
63.53750991821289,69.80000305175781,69.83999633789062,68.79000091552734,69.20999908447266,25806200
62.345035552978516,68.48999786376953,69.48999786376953,68.08999633789062,69.37999725341797,28918700
62.74557876586914,68.93000030517578,69.37999725341797,68.73999786376953,68.77999877929688,24161100
62.053741455078125,68.16999816894531,69.5999984741211,68.0199966430664,69.33000183105469,16165500
62.882102966308594,69.08000183105469,69.44000244140625,68.22000122070312,68.26000213623047,21176300
62.417850494384766,68.56999969482422,68.77999877929688,68.12000274658203,68.2699966430664,21117600
63.22800064086914,69.45999908447266,69.83999633789062,68.69999694824219,68.69999694824219,16878300
63.701358795166016,69.9800033569336,70.25,69.19999694824219,69.45999908447266,15014500
63.7104606628418,69.98999786376953,70.68000030517578,69.75,70.0,17460000
64.7663803100586,71.1500015258789,71.27999877929688,70.55000305175781,70.69000244140625,17750900
65.33076477050781,71.7699966430664,72.04000091552734,71.30999755859375,71.5,20269800
66.2501449584961,72.77999877929688,73.2699966430664,71.95999908447266,72.23999786376953,25868100
66.76899719238281,73.3499984741211,73.44999694824219,72.72000122070312,72.80000305175781,21803900
66.7235107421875,73.30000305175781,73.38999938964844,72.66000366210938,73.08999633789062,26435300
67.23326873779297,73.86000061035156,74.04000091552734,73.44999694824219,73.5,22416200
67.56094360351562,74.22000122070312,74.30000305175781,73.27999877929688,74.18000030517578,42361000
67.16954040527344,73.79000091552734,74.29000091552734,73.16999816894531,73.44999694824219,46717100
66.9966049194336,73.5999984741211,73.75,73.12999725341797,73.52999877929688,21394800
67.53363800048828,74.19000244140625,74.30999755859375,73.5,73.80000305175781,22018700
67.40620422363281,74.05000305175781,74.37999725341797,73.80999755859375,74.33999633789062,16252200
66.5960464477539,73.16000366210938,74.41999816894531,72.31999969482422,73.76000213623047,36844200
66.4867935180664,73.04000091552734,73.30999755859375,72.54000091552734,72.66999816894531,18306700
66.17729949951172,72.69999694824219,73.44000244140625,72.41000366210938,73.30000305175781,23600100
66.06808471679688,72.58000183105469,73.41999816894531,72.48999786376953,73.0999984741211,22132300
65.77680206298828,72.26000213623047,72.55999755859375,71.44000244140625,72.55000305175781,26499200
65.67666625976562,72.1500015258789,72.44000244140625,71.8499984741211,72.19000244140625,18214400
66.15911865234375,72.68000030517578,73.04000091552734,72.23999786376953,72.4000015258789,22579000
65.90423583984375,72.4000015258789,72.9000015258789,72.26000213623047,72.80000305175781,18705700
66.25924682617188,72.79000091552734,73.12999725341797,71.75,72.08999633789062,22044600
65.96794891357422,72.47000122070312,72.51000213623047,72.05000305175781,72.25,22213400
65.00306701660156,71.41000366210938,72.19000244140625,71.3499984741211,71.9000015258789,24734500
65.9952621459961,72.5,72.69999694824219,71.27999877929688,71.61000061035156,21443700
66.9874496459961,73.58999633789062,73.72000122070312,72.94999694824219,73.05999755859375,20096600
67.00576782226562,73.22000122070312,73.58999633789062,73.04000091552734,73.58999633789062,19181400
67.39926147460938,73.6500015258789,74.0999984741211,73.16999816894531,73.33999633789062,18150400
66.25537109375,72.4000015258789,73.87000274658203,72.4000015258789,73.58000183105469,22977500
66.33773803710938,72.48999786376953,72.83999633789062,71.93000030517578,72.2699966430664,18761500
66.02658081054688,72.1500015258789,72.4800033569336,71.69999694824219,72.47000122070312,17734800
66.95086669921875,73.16000366210938,73.23999786376953,72.3499984741211,72.3499984741211,14343700
66.5481948852539,72.72000122070312,73.1500015258789,72.52999877929688,72.95999908447266,13766500
66.52076721191406,72.69000244140625,72.86000061035156,72.06999969482422,72.73999786376953,17098300
66.63971710205078,72.81999969482422,73.3499984741211,72.4800033569336,72.86000061035156,12794300
66.64887237548828,72.83000183105469,73.08999633789062,72.55000305175781,73.05999755859375,14569700
66.85020446777344,73.05000305175781,73.16000366210938,72.05000305175781,72.25,11478400
67.72874450683594,74.01000213623047,74.20999908447266,72.83000183105469,73.01000213623047,16897800
68.42420196533203,74.7699966430664,74.95999908447266,73.80000305175781,74.02999877929688,27652800
67.66466522216797,73.94000244140625,74.73999786376953,73.63999938964844,74.70999908447266,21736200
67.3626708984375,73.61000061035156,73.88999938964844,72.9800033569336,73.33999633789062,21556000
67.17047882080078,73.4000015258789,74.04000091552734,73.3499984741211,73.73999786376953,16535800
68.03071594238281,74.33999633789062,74.5999984741211,73.5999984741211,73.68000030517578,17471200
67.7012710571289,73.9800033569336,74.44000244140625,73.83999633789062,74.33000183105469,14703800
68.41504669189453,74.76000213623047,74.94000244140625,74.30999755859375,74.30999755859375,17910400
68.34186553955078,74.68000030517578,75.23999786376953,74.37000274658203,74.76000213623047,14394900
68.82687377929688,75.20999908447266,75.2300033569336,74.55000305175781,74.93000030517578,13380800
68.42420196533203,74.7699966430664,75.48999786376953,74.5199966430664,75.0,15733900
68.91838073730469,75.30999755859375,75.38999938964844,74.06999969482422,74.83000183105469,38578400
68.78112030029297,75.16000366210938,75.97000122070312,75.04000091552734,75.2300033569336,23307000
69.037353515625,75.44000244140625,75.70999908447266,75.01000213623047,75.20999908447266,16093300
68.57980346679688,74.94000244140625,75.55000305175781,74.30999755859375,75.3499984741211,21587900
67.91175079345703,74.20999908447266,75.23999786376953,74.11000061035156,75.11000061035156,19186100
68.09477996826172,74.41000366210938,74.51000213623047,73.8499984741211,73.98999786376953,14111400
67.04236602783203,73.26000213623047,74.25,72.91999816894531,74.08999633789062,24149200
67.04236602783203,73.26000213623047,73.80999755859375,72.98999786376953,73.66999816894531,18019600
67.58228302001953,73.8499984741211,74.16999816894531,73.16999816894531,73.55000305175781,19565100
67.60061645507812,73.87000274658203,73.97000122070312,73.30999755859375,73.54000091552734,10883800
68.16796875,74.48999786376953,74.54000091552734,73.87999725341797,73.94000244140625,17079100
68.27779388427734,74.61000061035156,75.01000213623047,74.30000305175781,74.70999908447266,15304800
67.9574966430664,74.26000213623047,74.87999725341797,74.19000244140625,74.66999816894531,12190400
68.35102844238281,74.69000244140625,74.72000122070312,73.70999908447266,74.08999633789062,13317700
69.52238464355469,75.97000122070312,76.12000274658203,74.95999908447266,75.22000122070312,21195300
69.54983520507812,76.0,76.02999877929688,75.54000091552734,75.66999816894531,13959800
69.8152084350586,76.29000091552734,76.55000305175781,75.86000061035156,75.97000122070312,11386500
69.8152084350586,76.29000091552734,76.62999725341797,76.13999938964844,76.33000183105469,13944500
69.93417358398438,76.41999816894531,76.45999908447266,75.94999694824219,76.36000061035156,15388900
70.57479858398438,77.12000274658203,77.29000091552734,76.37000274658203,76.48999786376953,16876500
70.91336822509766,77.48999786376953,77.87000274658203,77.29000091552734,77.58999633789062,15335700
71.05978393554688,77.6500015258789,77.80999755859375,77.3499984741211,77.41999816894531,12380100
71.0048599243164,77.58999633789062,77.62000274658203,77.25,77.47000122070312,16824000
71.023193359375,77.61000061035156,77.8499984741211,77.37000274658203,77.66999816894531,13300700
71.29772186279297,77.91000366210938,77.93000030517578,77.3499984741211,77.56999969482422,15092800
72.12134552001953,78.80999755859375,78.97000122070312,78.22000122070312,78.31999969482422,22866400
72.1396713256836,78.83000183105469,79.33999633789062,78.76000213623047,78.98999786376953,20627200
72.1670913696289,78.86000061035156,79.19999694824219,78.45999908447266,78.9000015258789,17517200
71.95660400390625,78.62999725341797,79.0999984741211,78.01000213623047,78.58000183105469,20410800
72.07559204101562,78.76000213623047,79.41999816894531,78.75,79.19999694824219,32120700
76.69696807861328,83.80999755859375,86.19999694824219,83.61000061035156,84.37000274658203,71066700
76.77020263671875,83.88999938964844,84.33000183105469,83.11000061035156,83.69999694824219,31756700
76.1204605102539,83.18000030517578,84.36000061035156,83.11000061035156,84.36000061035156,27086600
76.1204605102539,83.18000030517578,83.76000213623047,82.87999725341797,83.68000030517578,22307400
76.91663360595703,84.05000305175781,84.45999908447266,83.12000274658203,83.3499984741211,23992900
76.99897766113281,84.13999938964844,84.54000091552734,83.4000015258789,84.08000183105469,17633500
77.30099487304688,84.47000122070312,84.69999694824219,84.08000183105469,84.19999694824219,19860900
77.11793518066406,84.2699966430664,84.9000015258789,83.93000030517578,84.7699966430664,17939700
77.38333892822266,84.55999755859375,84.61000061035156,83.83000183105469,84.13999938964844,18034200
76.95321655273438,84.08999633789062,84.2699966430664,82.9000015258789,84.11000061035156,21178400
76.75191497802734,83.87000274658203,84.0999984741211,83.2300033569336,83.79000091552734,19397800
76.80680847167969,83.93000030517578,83.94000244140625,83.45999908447266,83.66000366210938,14196900
76.91663360595703,84.05000305175781,84.0999984741211,82.9800033569336,83.5,18801300
76.31880187988281,82.9800033569336,83.69000244140625,82.69000244140625,83.47000122070312,19383100
76.52112579345703,83.19999694824219,83.41999816894531,82.94000244140625,83.0999984741211,20962800
75.78536224365234,82.4000015258789,83.12000274658203,82.23999786376953,83.12000274658203,22079000
75.90493774414062,82.52999877929688,82.58999633789062,82.25,82.4000015258789,16315000
76.99940490722656,83.72000122070312,83.83999633789062,82.73999786376953,82.73999786376953,21237500
76.43836975097656,83.11000061035156,83.9000015258789,83.04000091552734,83.83000183105469,20553100
76.57630920410156,83.26000213623047,83.43000030517578,82.77999877929688,83.01000213623047,7425600
77.1373519897461,83.87000274658203,83.9800033569336,83.30000305175781,83.30999755859375,18265200
78.06629943847656,84.87999725341797,85.05999755859375,84.0199966430664,84.06999969482422,21926000
76.64990234375,83.33999633789062,84.91999816894531,83.18000030517578,84.70999908447266,27381100
77.41326141357422,84.16999816894531,84.5199966430664,83.33999633789062,83.51000213623047,33054600
77.49604034423828,84.26000213623047,84.80999755859375,83.22000122070312,83.5999984741211,29532100
74.57134246826172,81.08000183105469,84.43000030517578,80.69999694824219,84.41999816894531,39094900
75.0403823852539,81.58999633789062,82.68000030517578,80.9800033569336,81.33999633789062,26152300
76.13484954833984,82.77999877929688,83.13999938964844,81.43000030517578,81.55000305175781,26162100
75.86813354492188,82.48999786376953,82.80000305175781,82.0,82.54000091552734,23184500
77.40408325195312,84.16000366210938,84.58000183105469,83.33000183105469,83.62999725341797,24489100
78.38817596435547,85.2300033569336,85.37000274658203,84.12000274658203,84.29000091552734,22857900
78.71006774902344,85.58000183105469,86.05000305175781,85.08000183105469,85.30999755859375,23924100
78.49853515625,85.3499984741211,86.0,85.16999816894531,85.73999786376953,22062700
77.89153289794922,84.69000244140625,85.87000274658203,84.52999877929688,85.43000030517578,19306000
79.87814331054688,86.8499984741211,87.08999633789062,84.87999725341797,85.26000213623047,53936700
79.44585418701172,86.37999725341797,87.5,86.2300033569336,87.12000274658203,22283800
78.93999481201172,85.83000183105469,86.3499984741211,85.2699966430664,86.3499984741211,23524800
78.65489959716797,85.5199966430664,86.30000305175781,84.70999908447266,86.19999694824219,23674900
78.63651275634766,85.5,86.0999984741211,85.4000015258789,86.05000305175781,17990700
78.6457290649414,85.51000213623047,85.62999725341797,84.91999816894531,85.4000015258789,14145800
78.54452514648438,85.4000015258789,85.52999877929688,85.02999877929688,85.30999755859375,9891200
78.82962799072266,85.70999908447266,85.9800033569336,85.22000122070312,85.6500015258789,14678000
78.83883666992188,85.72000122070312,85.93000030517578,85.55000305175781,85.9000015258789,10594300
78.67328643798828,85.54000091552734,86.05000305175781,85.5,85.62999725341797,18717400
79.05038452148438,85.94999694824219,86.30999755859375,85.5,86.12999725341797,22483800
79.41826629638672,86.3499984741211,86.51000213623047,85.97000122070312,86.05999755859375,26061400
80.11726379394531,87.11000061035156,87.66000366210938,86.56999969482422,86.58999633789062,21912000
81.11058044433594,88.19000244140625,88.41000366210938,87.43000030517578,87.66000366210938,23407100
81.1933364868164,88.27999877929688,88.58000183105469,87.5999984741211,88.19999694824219,22113000
81.13815307617188,88.22000122070312,88.7300033569336,87.86000061035156,88.6500015258789,19484300
80.77027893066406,87.81999969482422,88.19000244140625,87.41000366210938,87.86000061035156,18652200
81.0093994140625,88.08000183105469,88.12999725341797,87.23999786376953,88.12999725341797,17808900
82.40738677978516,89.5999984741211,89.77999877929688,88.44999694824219,88.66999816894531,24271500
81.25772094726562,88.3499984741211,90.79000091552734,88.01000213623047,90.0999984741211,36599700
82.90400695800781,90.13999938964844,90.27999877929688,88.75,89.08000183105469,25621200
82.86723327636719,90.0999984741211,90.66999816894531,89.66000366210938,89.80000305175781,24159700
82.7752914428711,90.0,90.61000061035156,89.66000366210938,90.13999938964844,36875000
84.25602722167969,91.61000061035156,91.62000274658203,89.73999786376953,90.0,23601600
84.52274322509766,91.9000015258789,92.30000305175781,91.54000091552734,91.9000015258789,23412800
84.44916534423828,91.81999969482422,93.43000030517578,91.58000183105469,92.55000305175781,33277500
84.91822814941406,92.33000183105469,93.23999786376953,91.93000030517578,92.47000122070312,26383200
86.5093765258789,94.05999755859375,94.05999755859375,92.58000183105469,93.12000274658203,29172200
86.3805923461914,93.91999816894531,95.44999694824219,93.72000122070312,95.13999938964844,31569900
85.29533386230469,92.73999786376953,93.66000366210938,92.0999984741211,93.30000305175781,38635100
87.38309478759766,95.01000213623047,95.4000015258789,93.51000213623047,93.75,48756300
86.69329071044922,94.26000213623047,96.06999969482422,93.58000183105469,94.79000091552734,47227900
84.4123764038086,91.77999877929688,93.97000122070312,91.5,93.63999938964844,47867800
80.93583679199219,88.0,93.23999786376953,88.0,90.55999755859375,51031500
83.99850463867188,91.33000183105469,91.4800033569336,85.25,86.88999938964844,67998600
82.41658020019531,89.61000061035156,91.7699966430664,89.19999694824219,90.48999786376953,41107600
78.18584442138672,85.01000213623047,89.87999725341797,84.76000213623047,89.70999908447266,55628700
81.10136413574219,88.18000030517578,88.93000030517578,83.83000183105469,86.30000305175781,63499100
81.97509765625,89.12999725341797,89.77999877929688,87.93000030517578,88.73999786376953,35720300
82.61891174316406,89.83000183105469,90.0,87.80000305175781,88.93000030517578,26407700
83.91258239746094,90.80999755859375,90.98999786376953,88.41000366210938,88.51000213623047,34960900
85.62206268310547,92.66000366210938,92.72000122070312,90.62000274658203,91.20999908447266,27823900
85.01220703125,92.0,93.5,91.80000305175781,92.44999694824219,30596900
85.67750549316406,92.72000122070312,93.05999755859375,91.01000213623047,91.4800033569336,30911700
84.54093170166016,91.48999786376953,93.36000061035156,91.48999786376953,92.9800033569336,26922500
84.76271057128906,91.7300033569336,92.7300033569336,91.36000061035156,92.05000305175781,24392800
86.91573333740234,94.05999755859375,94.06999969482422,92.36000061035156,93.5999984741211,26329200
88.17241668701172,95.41999816894531,95.44999694824219,94.25,94.4000015258789,30199800
87.04508209228516,94.19999694824219,95.83999633789062,94.19999694824219,95.73999786376953,25869100
86.64775848388672,93.7699966430664,95.70999908447266,93.62999725341797,94.83999633789062,31167300
85.79763793945312,92.8499984741211,94.56999969482422,91.83999633789062,93.98999786376953,37135600
85.98243713378906,93.05000305175781,93.1500015258789,90.86000061035156,91.58000183105469,32830400
86.52764892578125,93.63999938964844,94.2699966430664,92.26000213623047,92.33999633789062,23901600
86.23192596435547,93.31999969482422,94.48999786376953,92.94000244140625,94.33999633789062,22175800
86.73090362548828,93.86000061035156,93.94000244140625,92.43000030517578,93.16000366210938,26716100
87.25762939453125,94.43000030517578,95.0999984741211,93.7699966430664,94.2699966430664,25887800
89.20735931396484,96.54000091552734,96.54000091552734,95.0,95.29000091552734,36937300
89.41989135742188,96.7699966430664,97.20999908447266,96.04000091552734,96.5,26073700
87.23916625976562,94.41000366210938,97.23999786376953,93.97000122070312,97.0,35387800
86.7216796875,93.8499984741211,95.41000366210938,93.5,95.12000274658203,32132000
87.02660369873047,94.18000030517578,94.58000183105469,92.83000183105469,93.52999877929688,27611000
87.41471099853516,94.5999984741211,95.37999725341797,93.91999816894531,94.68000030517578,49081300
85.8345947265625,92.88999938964844,93.9000015258789,92.11000061035156,93.73999786376953,33344100
86.05633544921875,93.12999725341797,93.7699966430664,93.0,93.05000305175781,23075200
85.45574951171875,92.4800033569336,94.05000305175781,92.20999908447266,92.93000030517578,24457100
82.97006225585938,89.79000091552734,91.75,89.66000366210938,91.2699966430664,38604700
80.55829620361328,87.18000030517578,90.45999908447266,87.08000183105469,89.5,44068900
86.65699005126953,93.77999877929688,94.0,90.4000015258789,90.61000061035156,56396800
82.67434692382812,89.47000122070312,95.13999938964844,88.51000213623047,94.94000244140625,56569000
82.60041809082031,89.38999938964844,91.2300033569336,88.87000274658203,89.81999969482422,52501100
84.33763122558594,91.2699966430664,92.29000091552734,88.4000015258789,90.18000030517578,45867500
81.7965087890625,88.5199966430664,90.87999725341797,87.51000213623047,90.47000122070312,48515400
82.89610290527344,89.70999908447266,90.05000305175781,87.88999938964844,89.58000183105469,37213800
85.317138671875,92.33000183105469,92.76000213623047,87.7300033569336,87.8499984741211,35560000
85.36333465576172,92.37999725341797,93.06999969482422,91.4000015258789,92.44000244140625,29771900
83.37664794921875,90.2300033569336,92.45999908447266,89.4800033569336,91.48999786376953,38026000
83.87561798095703,90.7699966430664,93.16999816894531,90.62000274658203,91.04000091552734,31533900
85.82536315917969,92.87999725341797,93.27999877929688,91.63999938964844,92.38999938964844,26812000
84.88282775878906,91.86000061035156,93.29000091552734,91.4800033569336,92.01000213623047,24872100
86.4721908569336,93.58000183105469,94.16000366210938,92.43000030517578,92.43000030517578,26758900
86.01016235351562,93.08000183105469,94.18000030517578,92.44000244140625,94.05000305175781,23346100
87.01739501953125,94.16999816894531,94.66000366210938,93.41999816894531,94.06999969482422,20288100
88.77303314208984,96.06999969482422,96.54000091552734,94.87999725341797,95.0,26771000
89.11493682861328,96.44000244140625,96.72000122070312,95.5199966430664,96.22000122070312,21043300
88.8100357055664,96.11000061035156,97.06999969482422,95.33999633789062,96.44000244140625,23552500
87.7843246459961,95.0,96.11000061035156,94.05000305175781,95.91000366210938,31154400
88.10774230957031,95.3499984741211,96.29000091552734,94.62999725341797,95.73999786376953,22331800
86.04711151123047,93.12000274658203,96.47000122070312,92.41000366210938,96.23999786376953,34524800
85.29865264892578,92.30999755859375,93.30000305175781,90.27999877929688,93.30000305175781,33729300
87.10055541992188,94.26000213623047,95.1500015258789,93.0999984741211,93.55000305175781,42529000
88.54203033447266,95.81999969482422,97.9000015258789,93.91000366210938,97.5999984741211,48272800
86.41674041748047,93.5199966430664,96.4000015258789,93.1500015258789,96.33000183105469,41523600
87.7843246459961,95.0,95.29000091552734,92.79000091552734,93.20999908447266,31408900
86.40751647949219,93.51000213623047,95.16999816894531,93.19000244140625,94.98999786376953,27471000
86.92495727539062,94.06999969482422,94.93000030517578,92.44999694824219,92.95999908447266,31142500
87.93216705322266,95.16000366210938,95.37000274658203,92.91999816894531,93.31999969482422,22531300
88.91166687011719,96.22000122070312,96.70999908447266,95.0999984741211,95.16999816894531,24242000
88.53279876708984,95.80999755859375,96.16000366210938,95.05999755859375,95.8499984741211,23484600
89.57697296142578,96.94000244140625,96.97000122070312,95.05000305175781,96.01000213623047,27327400
90.47331237792969,97.91000366210938,97.94999694824219,97.05000305175781,97.45999908447266,22388100
90.27924346923828,97.69999694824219,97.87000274658203,97.04000091552734,97.80000305175781,16778300
90.58419036865234,98.02999877929688,98.69000244140625,97.30999755859375,97.91999816894531,19454100
89.9281005859375,97.31999969482422,97.8499984741211,96.33999633789062,97.23999786376953,24594000
90.16014099121094,97.1500015258789,97.4000015258789,96.62000274658203,97.36000061035156,17384700
89.25992584228516,96.18000030517578,97.54000091552734,95.83000183105469,96.76000213623047,17246700
89.42696380615234,96.36000061035156,96.93000030517578,96.01000213623047,96.01000213623047,17865800
90.57774353027344,97.5999984741211,98.01000213623047,96.80000305175781,97.0,19422500
90.48493957519531,97.5,98.16999816894531,97.19999694824219,97.68000030517578,15441200
91.56147766113281,98.66000366210938,98.7300033569336,96.31999969482422,96.70999908447266,21251200
91.2366714477539,98.30999755859375,98.94000244140625,96.80999755859375,98.7300033569336,26649300
91.28309631347656,98.36000061035156,98.9800033569336,97.86000061035156,98.30000305175781,18363900
90.95826721191406,98.01000213623047,98.87999725341797,97.2300033569336,97.83999633789062,28671000
91.83060455322266,98.94999694824219,99.25,97.91000366210938,98.30999755859375,22158500
91.72850799560547,98.83999633789062,99.98999786376953,98.61000061035156,99.29000091552734,34140900
93.53823852539062,100.79000091552734,100.86000061035156,99.16999816894531,99.27999877929688,28655600
94.35491180419922,101.66999816894531,101.86000061035156,100.8499984741211,101.26000213623047,27281600
94.83751678466797,102.19000244140625,102.33000183105469,101.52999877929688,102.0,23514400
95.11589813232422,102.48999786376953,102.5999984741211,101.9000015258789,102.4800033569336,21122900
93.62176513671875,100.87999725341797,102.69000244140625,100.37999725341797,102.6500015258789,28232200
94.31779479980469,101.62999725341797,101.94999694824219,100.54000091552734,101.08999633789062,22165100
93.77952575683594,101.05000305175781,101.58999633789062,100.66999816894531,101.01000213623047,23490900
94.02080535888672,101.30999755859375,101.44999694824219,100.75,101.0999984741211,18325200
93.59390258789062,100.8499984741211,102.01000213623047,100.55999755859375,101.72000122070312,29492900
94.12290954589844,101.41999816894531,102.02999877929688,101.0,101.6500015258789,25691800
92.92571258544922,100.12999725341797,101.52999877929688,100.06999969482422,101.51000213623047,65738600
93.60320281982422,100.86000061035156,101.11000061035156,99.41999816894531,100.01000213623047,23586000
93.60320281982422,100.86000061035156,101.0,99.5,99.6500015258789,28653100
94.54052734375,101.87000274658203,102.5199966430664,101.12000274658203,101.37000274658203,26180800
93.86306762695312,101.13999938964844,102.45999908447266,100.87999725341797,102.08000183105469,23198200
93.18557739257812,100.41000366210938,100.7699966430664,99.62999725341797,100.41000366210938,38923100
91.3109130859375,98.38999938964844,100.11000061035156,97.30000305175781,100.0,35433300
91.95126342773438,99.08000183105469,100.08000183105469,98.75,98.81999969482422,26897200
90.52206420898438,97.54000091552734,100.0199966430664,97.4000015258789,99.58000183105469,31298400
91.53362274169922,98.62999725341797,99.11000061035156,97.26000213623047,97.37999725341797,26650700
91.51508331298828,98.61000061035156,99.91000366210938,98.33000183105469,98.93000030517578,28053200
92.81433868408203,100.01000213623047,100.05999755859375,98.0,98.0999984741211,19564500
91.9234390258789,99.05000305175781,100.62999725341797,98.94000244140625,100.4800033569336,14670300
92.58235168457031,99.76000213623047,99.91999816894531,99.02999877929688,99.5,18977400
93.88163757324219,101.16000366210938,101.43000030517578,99.66999816894531,99.88999938964844,19234600
94.52197265625,101.8499984741211,102.25,101.25,101.6500015258789,18212000
94.77254486083984,102.12000274658203,102.51000213623047,101.86000061035156,102.0,19293100
94.64263153076172,101.9800033569336,102.33999633789062,101.0999984741211,101.1500015258789,19644600
96.69359588623047,104.19000244140625,104.41000366210938,102.7300033569336,102.7699966430664,24335900
97.84439086914062,105.43000030517578,105.5999984741211,104.08999633789062,104.37000274658203,24635200
97.36178588867188,104.91000366210938,105.81999969482422,104.5199966430664,105.4000015258789,21786900
98.32698059082031,105.94999694824219,106.5,104.31999969482422,104.61000061035156,25901700
97.55670928955078,105.12000274658203,106.05000305175781,104.72000122070312,105.94000244140625,29493900
96.88848876953125,104.4000015258789,105.30999755859375,103.88999938964844,104.93000030517578,40171600
98.62395477294922,106.2699966430664,108.19999694824219,106.08000183105469,108.08000183105469,56004000
100.2016372680664,107.97000122070312,108.13999938964844,106.12999725341797,106.30000305175781,29707000
99.91394805908203,107.66000366210938,108.81999969482422,107.26000213623047,108.56999969482422,26316600
102.8558578491211,110.83000183105469,111.1500015258789,107.5999984741211,107.95999908447266,30702100
101.73292541503906,109.62000274658203,111.0,109.5,110.73999786376953,31372100
99.93247985839844,107.68000030517578,110.18000030517578,106.13999938964844,110.18000030517578,37005300
97.7887191772461,105.37000274658203,107.52999877929688,104.76000213623047,107.19000244140625,34668300
98.44762420654297,106.08000183105469,106.72000122070312,105.37999725341797,106.48999786376953,27655200
98.63323974609375,106.27999877929688,106.44999694824219,105.41999816894531,106.02999877929688,23628700
99.83041381835938,107.56999969482422,108.08999633789062,104.83999633789062,105.4000015258789,26104300
100.2666015625,108.04000091552734,108.05000305175781,106.81999969482422,107.80000305175781,18659600
100.3501205444336,108.12999725341797,108.41999816894531,107.55999755859375,108.12000274658203,20265900
101.04615783691406,108.87999725341797,109.0999984741211,108.16999816894531,108.55999755859375,16080200
101.61227416992188,109.48999786376953,109.75,108.76000213623047,109.33000183105469,15487500
101.77934265136719,109.66999816894531,110.16000366210938,109.5999984741211,109.70999908447266,13677200
101.15753936767578,109.0,109.69000244140625,108.37999725341797,109.41999816894531,18183700
100.42436218261719,108.20999908447266,109.58000183105469,108.0999984741211,109.23999786376953,18472500
101.67724609375,109.55999755859375,109.75,108.04000091552734,108.55999755859375,16788300
100.29844665527344,107.66000366210938,108.98999786376953,106.81999969482422,108.48999786376953,29982800
100.2798080444336,107.63999938964844,108.86000061035156,107.30000305175781,108.30000305175781,21384300
100.22392272949219,107.58000183105469,107.9000015258789,106.69000244140625,107.36000061035156,18061500
99.56246185302734,106.87000274658203,107.9000015258789,106.4800033569336,107.51000213623047,17914200
98.73332214355469,105.9800033569336,107.3499984741211,105.8499984741211,106.91999816894531,22881900
99.7394790649414,107.05999755859375,107.33999633789062,105.77999877929688,105.8499984741211,18000600
100.20526885986328,107.55999755859375,108.18000030517578,106.87000274658203,107.1500015258789,18167700
100.98783111572266,108.4000015258789,108.55999755859375,107.55999755859375,107.66999816894531,17234000
102.10578918457031,109.5999984741211,109.63999938964844,108.51000213623047,109.2699966430664,19662300
102.72064208984375,110.26000213623047,110.5,109.79000091552734,109.94000244140625,19151500
104.36031341552734,112.0199966430664,112.02999877929688,110.2699966430664,110.44999694824219,20818000
104.29508972167969,111.94999694824219,112.61000061035156,111.44000244140625,111.66999816894531,22798700
104.64910125732422,112.33000183105469,112.77999877929688,111.5199966430664,111.69000244140625,23222700
104.07147979736328,111.70999908447266,111.95999908447266,110.22000122070312,110.8499984741211,22634600
101.07168579101562,108.48999786376953,111.41999816894531,108.0999984741211,111.01000213623047,32872400
101.30458068847656,108.73999786376953,108.98999786376953,107.51000213623047,108.25,23477600
100.81082153320312,108.20999908447266,108.72000122070312,107.2300033569336,108.2300033569336,22498600
101.90082550048828,109.37999725341797,109.63999938964844,108.36000061035156,108.83999633789062,20727900
103.63365173339844,111.23999786376953,111.58999633789062,108.88999938964844,108.9000015258789,24301800
104.07147979736328,111.70999908447266,111.8499984741211,110.51000213623047,111.43000030517578,18891100
105.189453125,112.91000366210938,113.7300033569336,112.12000274658203,112.12000274658203,26055600
105.61800384521484,113.37000274658203,113.7300033569336,112.44000244140625,113.36000061035156,19122300
104.47210693359375,112.13999938964844,113.69999694824219,111.86000061035156,113.69000244140625,20736500
105.46893310546875,113.20999908447266,113.69999694824219,111.72000122070312,112.19000244140625,22170900
104.06218719482422,111.69999694824219,113.31999969482422,111.04000091552734,113.05000305175781,21728400
105.80430603027344,113.56999969482422,113.80000305175781,111.93000030517578,112.27999877929688,23714500
106.4471435546875,114.26000213623047,115.29000091552734,113.51000213623047,114.0,71229700
106.82911682128906,114.66999816894531,114.9000015258789,112.22000122070312,113.02999877929688,27334500
106.62417602539062,114.44999694824219,115.0999984741211,113.75,114.80000305175781,22668000
106.18628692626953,113.9800033569336,115.05999755859375,113.73999786376953,114.47000122070312,19352000
106.58688354492188,114.41000366210938,114.91000366210938,114.19999694824219,114.77999877929688,19091300
106.54965209960938,114.37000274658203,114.56999969482422,113.68000030517578,114.19000244140625,21647800
107.70484161376953,115.61000061035156,115.68000030517578,114.7300033569336,114.75,18883100
107.27629089355469,115.1500015258789,115.83999633789062,114.44000244140625,115.30000305175781,20787200
107.29492950439453,115.16999816894531,116.18000030517578,114.93000030517578,115.41999816894531,16648000
105.07766723632812,112.79000091552734,114.76000213623047,111.62999725341797,114.61000061035156,34821700
104.46277618408203,112.12999725341797,113.16999816894531,110.63999938964844,112.62999725341797,29068900
103.27032470703125,110.8499984741211,112.02999877929688,109.33999633789062,111.66000366210938,29640600
104.58390808105469,112.26000213623047,113.08000183105469,110.80000305175781,111.13999938964844,26198600
98.90101623535156,106.16000366210938,111.5,105.79000091552734,111.23999786376953,61376300
98.6680908203125,105.91000366210938,108.93000030517578,104.19999694824219,105.3499984741211,63904300
102.07781982421875,109.56999969482422,111.23999786376953,107.12000274658203,109.01000213623047,47742100
100.2425308227539,107.5999984741211,109.4800033569336,106.94999694824219,108.91000366210938,32068100
103.41006469726562,111.0,111.41000366210938,108.94999694824219,109.54000091552734,31610200
103.1398696899414,110.70999908447266,111.80999755859375,109.55000305175781,111.68000030517578,26548200
101.08101654052734,108.5,110.52999877929688,107.83000183105469,110.0999984741211,32506200
101.23007202148438,108.66000366210938,110.86000061035156,108.20999908447266,108.93000030517578,32785500
102.13375854492188,109.62999725341797,110.54000091552734,108.23999786376953,109.31999969482422,26545600
100.7083511352539,108.0999984741211,108.97000122070312,105.11000061035156,107.7699966430664,43770400
95.32357788085938,102.31999969482422,108.48999786376953,101.58999633789062,108.41000366210938,63897800
100.89466857910156,108.30000305175781,109.2699966430664,106.1500015258789,106.55000305175781,61646800
99.64631652832031,106.95999908447266,108.75,104.76000213623047,105.69000244140625,55523100
96.74895477294922,103.8499984741211,108.69999694824219,101.62999725341797,108.11000061035156,55162000
96.63716888427734,103.7300033569336,104.37999725341797,100.11000061035156,103.66000366210938,65350900
99.50654602050781,106.80999755859375,108.13999938964844,105.38999938964844,105.44000244140625,51062400
98.67742156982422,105.91999816894531,107.31999969482422,105.52999877929688,107.05000305175781,33384200
98.90101623535156,106.16000366210938,107.31999969482422,104.9800033569336,106.4800033569336,37680200
100.15870666503906,107.51000213623047,107.73999786376953,105.9000015258789,106.37000274658203,27922100
100.35433959960938,107.72000122070312,108.83999633789062,106.27999877929688,107.37999725341797,24340200
104.30442810058594,111.95999908447266,112.23999786376953,109.4000015258789,109.44000244140625,37901700
104.10875701904297,111.75,112.20999908447266,110.91000366210938,111.80000305175781,25644100
102.07781982421875,109.56999969482422,111.44999694824219,108.76000213623047,110.8499984741211,32039200
99.56246185302734,106.87000274658203,109.95999908447266,106.0999984741211,109.41999816894531,33621800
99.62767028808594,106.94000244140625,108.73999786376953,106.63999938964844,107.55000305175781,35374600
98.21483612060547,104.97000122070312,108.26000213623047,104.47000122070312,108.0999984741211,39495100
100.37619018554688,107.27999877929688,107.80000305175781,103.91000366210938,104.98999786376953,38505200
101.3211669921875,108.29000091552734,108.87999725341797,106.80000305175781,107.08000183105469,33502100
97.88738250732422,104.62000274658203,108.55999755859375,103.55000305175781,108.2699966430664,44773900
95.16465759277344,101.70999908447266,102.97000122070312,99.3499984741211,101.80000305175781,64052500
96.47455596923828,103.11000061035156,104.43000030517578,102.23999786376953,103.5999984741211,28130600
96.43711853027344,103.06999969482422,103.80999755859375,102.0,102.16999816894531,13823100
99.61831665039062,106.47000122070312,106.62999725341797,104.58000183105469,104.79000091552734,32336200
100.24520111083984,107.13999938964844,107.33000183105469,105.36000061035156,106.2699966430664,29124500
103.96907806396484,111.12000274658203,111.33000183105469,107.86000061035156,107.88999938964844,46788500
103.09892272949219,110.19000244140625,111.12000274658203,109.02999877929688,110.33000183105469,28123200
103.7538833618164,110.88999938964844,110.97000122070312,109.36000061035156,110.69999694824219,33665600
104.87664794921875,112.08999633789062,113.41999816894531,110.7300033569336,113.0,34732800
101.536376953125,108.5199966430664,112.63999938964844,108.20999908447266,111.94000244140625,45197000
102.16327667236328,109.19000244140625,109.23999786376953,105.0,105.81999969482422,49107400
98.07450866699219,104.81999969482422,109.44999694824219,104.30000305175781,108.37999725341797,45044900
100.66624450683594,107.58999633789062,107.9800033569336,103.88999938964844,104.80000305175781,40801500
101.60189056396484,108.58999633789062,110.94999694824219,107.44000244140625,109.80000305175781,42381900
102.06034851074219,109.08000183105469,111.2699966430664,109.04000091552734,110.88999938964844,36183000
102.40654754638672,109.44999694824219,110.87000274658203,108.62999725341797,109.58000183105469,31333400
99.2066421508789,106.02999877929688,109.26000213623047,105.5,108.25,47043100
96.26870727539062,102.88999938964844,105.80000305175781,101.70999908447266,105.41000366210938,56957300
97.2791976928711,103.97000122070312,104.51000213623047,102.5199966430664,103.75,49319200
97.0172119140625,103.69000244140625,106.87999725341797,101.3499984741211,103.6500015258789,68198200
94.97748565673828,101.51000213623047,104.30999755859375,98.77999877929688,103.05000305175781,70334200
91.90858459472656,98.2300033569336,103.0,97.45999908447266,101.62999725341797,111242100
88.07244110107422,94.12999725341797,97.97000122070312,93.9800033569336,97.68000030517578,43935200
94.0886459350586,100.55999755859375,100.69000244140625,93.95999908447266,95.13999938964844,51634800
94.66874694824219,101.18000030517578,101.19000244140625,96.4000015258789,99.30000305175781,49498500
93.92957305908203,100.38999938964844,102.41000366210938,99.5199966430664,102.08999633789062,38196300
95.03364562988281,101.56999969482422,102.4000015258789,100.44000244140625,101.29000091552734,33173800
94.61260223388672,101.12000274658203,101.75,98.94000244140625,99.55000305175781,35329300
91.13200378417969,97.4000015258789,100.19000244140625,97.19999694824219,100.0999984741211,42579100
95.37049102783203,101.93000030517578,102.51000213623047,98.93000030517578,99.72000122070312,44060600
95.49211120605469,102.05999755859375,103.2699966430664,100.9800033569336,101.63999938964844,35656100
96.18450164794922,102.80000305175781,103.97000122070312,101.70999908447266,103.04000091552734,31514400
97.5599136352539,104.2699966430664,104.87999725341797,103.23999786376953,103.86000061035156,32280800
96.9329833984375,103.5999984741211,103.75,102.37999725341797,103.22000122070312,30067600
96.18450164794922,102.80000305175781,103.44000244140625,101.63999938964844,103.19000244140625,28314200
95.4827651977539,102.05000305175781,102.87000274658203,101.26000213623047,101.9000015258789,28437100
98.25227355957031,105.01000213623047,105.05000305175781,101.87999725341797,102.51000213623047,31587600
98.59845733642578,105.37999725341797,106.26000213623047,104.95999908447266,105.26000213623047,29853900
99.29084014892578,106.12000274658203,106.62999725341797,104.76000213623047,105.0,28393000
100.77851104736328,107.70999908447266,107.9000015258789,105.91000366210938,107.45999908447266,37427600
98.87916564941406,105.68000030517578,107.0999984741211,104.86000061035156,106.75,32371300
99.84284973144531,106.70999908447266,107.04000091552734,105.33999633789062,106.12000274658203,25874300
99.36567687988281,106.19999694824219,107.0,105.33999633789062,106.86000061035156,23164800
100.2732925415039,107.16999816894531,107.87999725341797,106.19999694824219,107.23999786376953,31225600
98.3177719116211,105.08000183105469,106.4800033569336,104.66000366210938,106.26000213623047,29476700
96.31548309326172,102.94000244140625,104.97000122070312,102.16999816894531,104.87999725341797,31490500
99.53409576416016,106.37999725341797,106.37999725341797,104.33000183105469,104.62000274658203,49471900
97.70957946777344,104.43000030517578,105.22000122070312,103.18000030517578,103.80000305175781,55636400
96.16577911376953,102.77999877929688,104.0999984741211,102.3499984741211,103.77999877929688,35535700
98.93529510498047,105.73999786376953,105.80000305175781,102.7699966430664,102.87000274658203,31315100
100.3200454711914,107.22000122070312,107.2699966430664,105.95999908447266,106.05999755859375,27325400
99.2066421508789,106.02999877929688,107.0,105.52999877929688,107.0,20609800
98.49551391601562,105.2699966430664,105.58999633789062,104.29000091552734,105.19000244140625,29760700
98.86979675292969,105.66999816894531,105.77999877929688,104.26000213623047,104.38999938964844,21461100
98.4768295288086,105.25,106.58000183105469,104.97000122070312,106.19999694824219,18914100
100.01128387451172,106.88999938964844,107.13999938964844,105.4800033569336,106.13999938964844,25056600
99.9364242553711,106.80999755859375,107.77999877929688,106.70999908447266,107.5,18394900
100.02064514160156,106.9000015258789,107.29000091552734,105.66000366210938,106.30999755859375,21784700
101.25569915771484,108.22000122070312,108.30000305175781,107.36000061035156,107.91000366210938,26606900
101.20892333984375,108.16999816894531,108.66000366210938,107.77999877929688,107.79000091552734,18038500
100.6827163696289,107.1500015258789,107.94000244140625,106.29000091552734,107.86000061035156,21607700
102.80632019042969,109.41000366210938,109.4800033569336,106.87000274658203,106.9000015258789,29063200
104.27214813232422,110.97000122070312,111.19999694824219,109.81999969482422,110.05000305175781,27763200
104.85474395751953,111.58999633789062,112.18000030517578,111.26000213623047,111.76000213623047,23750600
105.57825469970703,112.36000061035156,113.23999786376953,111.16999816894531,111.26000213623047,21536700
105.39973449707031,112.16999816894531,112.36000061035156,110.87999725341797,111.69000244140625,21487100
105.2681655883789,112.02999877929688,112.87999725341797,111.7300033569336,112.04000091552734,29083900
105.73797607421875,112.52999877929688,113.0199966430664,111.66999816894531,112.88999938964844,23501200
105.48429107666016,112.26000213623047,113.25,110.80000305175781,113.0199966430664,26608000
104.95809936523438,111.69999694824219,112.38999938964844,111.2300033569336,112.25,19538300
105.00507354736328,111.75,112.66000366210938,111.43000030517578,111.87000274658203,17687000
103.72715759277344,110.38999938964844,111.55000305175781,109.87000274658203,111.4000015258789,25339000
103.83992004394531,110.51000213623047,110.70999908447266,108.80000305175781,109.16000366210938,22818400
106.01988220214844,112.83000183105469,112.94999694824219,110.9800033569336,110.98999786376953,26491600
106.76220703125,113.62000274658203,113.98999786376953,112.6500015258789,112.81999969482422,26132700
107.589111328125,114.5,115.0,113.77999877929688,114.12999725341797,35513800
107.67364501953125,114.58999633789062,115.19999694824219,114.33000183105469,114.54000091552734,30763400
108.91400146484375,115.91000366210938,117.25,114.58999633789062,115.33999633789062,54681100
110.4737777709961,117.56999969482422,117.61000061035156,116.05000305175781,116.16999816894531,31207600
110.54896545410156,117.6500015258789,118.44000244140625,116.98999786376953,118.08999633789062,37588700
110.42679595947266,117.5199966430664,118.75,116.70999908447266,117.38999938964844,28113300
112.9638442993164,120.22000122070312,120.81999969482422,117.08999633789062,117.13999938964844,29854400
109.98519134521484,117.05000305175781,119.58999633789062,117.04000091552734,119.5,33624500
110.55835723876953,117.66000366210938,118.01000213623047,116.31999969482422,116.55999755859375,27067100
110.79325866699219,117.91000366210938,118.70999908447266,116.8499984741211,118.62000274658203,26097700
109.72206115722656,116.7699966430664,118.20999908447266,115.5199966430664,117.87999725341797,22733400
109.87242126464844,116.93000030517578,117.58000183105469,116.12999725341797,117.44000244140625,18334800
110.82145690917969,117.94000244140625,118.31999969482422,116.95999908447266,118.06999969482422,25399800
111.83627319335938,119.0199966430664,119.11000061035156,118.0999984741211,118.94999694824219,22789100
111.99600982666016,119.19000244140625,119.4800033569336,118.5199966430664,119.05999755859375,18142300
112.72893524169922,119.97000122070312,120.43000030517578,119.1500015258789,119.86000061035156,22860700
112.15576171875,119.36000061035156,120.2300033569336,118.37999725341797,120.0999984741211,20112800
112.65376281738281,119.88999938964844,120.2300033569336,119.37000274658203,119.38999938964844,15826200
112.69132995605469,119.93000030517578,120.0199966430664,118.63999938964844,119.80999755859375,15116200
112.08060455322266,119.27999877929688,119.54000091552734,118.58000183105469,118.62999725341797,17612000
112.93565368652344,120.19000244140625,120.3499984741211,119.54000091552734,119.76000213623047,16477200
113.06721496582031,120.33000183105469,120.8499984741211,119.91999816894531,120.54000091552734,14209100
113.6497802734375,120.94999694824219,120.9800033569336,120.37000274658203,120.63999938964844,19745100
113.74375915527344,121.05000305175781,121.58000183105469,120.56999969482422,120.94000244140625,15792600
113.48065185546875,120.7699966430664,121.6500015258789,120.0999984741211,121.63999938964844,14071800
114.42028045654297,121.7699966430664,121.8499984741211,120.54000091552734,121.23999786376953,19300900
115.92371368408203,123.37000274658203,123.5199966430664,121.30000305175781,122.19000244140625,27991000
116.29017639160156,123.76000213623047,124.0,122.56999969482422,122.62000274658203,15648700
117.86878967285156,125.44000244140625,125.58000183105469,123.83000183105469,124.0999984741211,24025500
117.46475219726562,125.01000213623047,125.8499984741211,124.5199966430664,125.79000091552734,31257000
121.35485076904297,129.14999389648438,131.3699951171875,128.8300018310547,130.05999755859375,38033900
122.0501708984375,129.88999938964844,130.52000427246094,129.02000427246094,129.6999969482422,23654900
121.93745422363281,129.77000427246094,130.17999267578125,129.35000610351562,129.89999389648438,16324200
122.71733093261719,130.60000610351562,130.6999969482422,129.38999938964844,129.80999755859375,24166500
120.16150665283203,127.87999725341797,130.64999389648438,127.69999694824219,130.52999877929688,26821700
118.59230041503906,126.20999908447266,128.0,125.5199966430664,127.9800033569336,27350200
121.11994171142578,128.89999389648438,129.42999267578125,127.25,127.36000061035156,24911100
120.41521453857422,128.14999389648438,128.55999755859375,126.11000061035156,126.38999938964844,24239800
117.94395446777344,125.5199966430664,127.18000030517578,124.22000122070312,126.45999908447266,36017700
117.93456268310547,125.51000213623047,126.37000274658203,124.75,125.44000244140625,28419000
117.92516326904297,125.5,125.79000091552734,123.56999969482422,124.29000091552734,27235800
119.45677947998047,127.12999725341797,127.93000030517578,123.81999969482422,124.91000366210938,30915100
115.90492248535156,123.3499984741211,125.55000305175781,123.04000091552734,124.11000061035156,33944900
117.20164489746094,124.7300033569336,125.87999725341797,123.69999694824219,123.87000274658203,25266300
118.85209655761719,126.0199966430664,126.70999908447266,123.69999694824219,124.26000213623047,24722700
121.5965576171875,128.92999267578125,129.3800048828125,126.45999908447266,126.75,30112200
120.78551483154297,128.07000732421875,130.4600067138672,127.91999816894531,128.30999755859375,25770500
119.04072570800781,126.22000122070312,127.58999633789062,125.76000213623047,126.5199966430664,23706900
119.68204498291016,126.9000015258789,127.52999877929688,126.58000183105469,127.43000030517578,15293300
120.40825653076172,127.66999816894531,128.24000549316406,126.5199966430664,126.62000274658203,15396500
119.00298309326172,126.18000030517578,126.29000091552734,124.73999786376953,126.19999694824219,23603800
119.05958557128906,126.23999786376953,127.41999816894531,125.97000122070312,126.91000366210938,14123400
118.98412322998047,126.16000366210938,128.0,126.05000305175781,126.9800033569336,23128400
117.83354187011719,124.94000244140625,125.38999938964844,124.04000091552734,125.37999725341797,22763100
118.57857513427734,125.7300033569336,125.76000213623047,124.77999877929688,125.26000213623047,16829600
116.64519500732422,123.68000030517578,124.62000274658203,123.31999969482422,124.2300033569336,26646800
113.02361297607422,119.83999633789062,124.37000274658203,119.01000213623047,123.8499984741211,37983600
116.15477752685547,123.16000366210938,123.27999877929688,120.6500015258789,121.27999877929688,29382600
118.67290496826172,125.83000183105469,125.87000274658203,124.20999908447266,124.94999694824219,24926100
120.54971313476562,127.81999969482422,127.97000122070312,125.5999984741211,126.44000244140625,21459000
123.92607879638672,131.39999389648438,132.25,128.25999450683594,129.19000244140625,33885600
125.05783081054688,132.60000610351562,134.0800018310547,132.0,132.39999389648438,26477100
124.58631134033203,132.10000610351562,134.24000549316406,131.27999877929688,133.8800048828125,23913700
124.01097869873047,131.49000549316406,131.97000122070312,130.7100067138672,131.39999389648438,17092500
124.79376983642578,132.32000732421875,133.0,131.55999755859375,131.97999572753906,17200800
124.91632843017578,132.4499969482422,133.7899932861328,131.63999938964844,132.25999450683594,17821700
125.29363250732422,132.85000610351562,133.72999572753906,132.52999877929688,132.6300048828125,14517800
127.47221374511719,135.16000366210938,135.24000549316406,133.57000732421875,134.19000244140625,25934500
127.9720458984375,135.69000244140625,135.92999267578125,133.80999755859375,135.0,23744400
129.16041564941406,136.9499969482422,137.66000366210938,135.72000122070312,137.4499969482422,33042600
129.1792449951172,136.97000122070312,137.72999572753906,136.4600067138672,136.5800018310547,36727900
129.9431610107422,137.77999877929688,138.39999389648438,137.0,137.0,20628800
125.8405990600586,133.42999267578125,137.58999633789062,132.72999572753906,137.25,33327400
126.31220245361328,133.92999267578125,135.74000549316406,133.60000610351562,134.35000610351562,23657700
126.5196533203125,134.14999389648438,134.7100067138672,133.50999450683594,134.13999938964844,16557500
126.34049987792969,133.9600067138672,134.60000610351562,133.16000366210938,134.57000732421875,30043000
127.96263885498047,135.67999267578125,136.6999969482422,134.97000122070312,136.6300048828125,22613500
128.8114471435547,136.5800018310547,136.58999633789062,135.33999633789062,136.1199951171875,15237800
129.64138793945312,137.4600067138672,137.74000549316406,136.2899932861328,136.8000030517578,13629300
129.26412963867188,137.05999755859375,137.3300018310547,135.72000122070312,135.94000244140625,18141100
129.16986083984375,136.9600067138672,137.10000610351562,135.3699951171875,136.39999389648438,16779700
128.6982879638672,136.4600067138672,136.97000122070312,135.8000030517578,136.0,19953100
130.0092315673828,137.85000610351562,138.5800018310547,137.02000427246094,137.1300048828125,24204400
130.52792358398438,138.39999389648438,139.22000122070312,137.8699951171875,138.1999969482422,22327900
130.99952697753906,138.89999389648438,139.1300048828125,138.00999450683594,138.85000610351562,18936800
130.99952697753906,138.89999389648438,139.5399932861328,138.4600067138672,139.44000244140625,16651500
129.28302001953125,137.0800018310547,139.0500030517578,136.52000427246094,138.9600067138672,22726100
128.51905822753906,136.27000427246094,137.92999267578125,136.22000122070312,137.6999969482422,20211000
128.6605682373047,136.4199981689453,136.6199951171875,134.6699981689453,135.5500030517578,30381800
128.8491973876953,136.6199951171875,140.6699981689453,136.4499969482422,140.22000122070312,48992400
130.55625915527344,138.42999267578125,139.19000244140625,137.3300018310547,137.41000366210938,25074900
131.36727905273438,139.2899932861328,139.99000549316406,138.02999877929688,139.75999450683594,18034600
132.7160186767578,140.72000122070312,140.74000549316406,138.85000610351562,138.89999389648438,20738300
132.2161407470703,140.19000244140625,140.61000061035156,139.32000732421875,140.42999267578125,18356900
133.3007354736328,141.33999633789062,141.67999267578125,140.3000030517578,140.3699951171875,19037600
133.00831604003906,141.02999877929688,141.50999450683594,139.3699951171875,141.5,16605900
132.3670196533203,140.35000610351562,141.22000122070312,139.8000030517578,140.13999938964844,16846500
128.51905822753906,136.27000427246094,140.49000549316406,135.0800018310547,140.3300018310547,38598800
130.207275390625,138.05999755859375,140.94000244140625,136.92999267578125,137.0,40557500
129.11322021484375,136.89999389648438,138.32000732421875,135.25999450683594,138.08999633789062,30791600
124.69001007080078,132.2100067138672,133.92999267578125,130.77999877929688,133.3000030517578,42749600
127.02897644042969,134.69000244140625,135.67999267578125,133.2100067138672,133.8000030517578,32696700
127.58541870117188,135.27999877929688,135.64999389648438,131.8300018310547,133.7899932861328,33414500
130.9900665283203,138.88999938964844,138.99000549316406,135.92999267578125,136.60000610351562,27496500
129.8771514892578,137.7100067138672,139.3800048828125,136.4600067138672,138.61000061035156,23466700
128.0663604736328,135.7899932861328,137.86000061035156,135.24000549316406,137.07000732421875,20484300
130.71656799316406,138.60000610351562,138.8000030517578,135.0,136.0500030517578,25154600
126.78010559082031,133.97999572753906,136.9199981689453,133.6699981689453,136.36000061035156,32527300
126.49620056152344,133.67999267578125,134.5800018310547,132.25,134.38999938964844,28074400
128.81454467773438,136.1300048828125,136.4600067138672,134.72000122070312,134.8800048828125,24449100
130.97203063964844,138.41000366210938,138.5500030517578,136.88999938964844,137.85000610351562,24355700
129.88385009765625,137.25999450683594,138.7100067138672,137.24000549316406,138.2100067138672,21170800
131.3316192626953,138.7899932861328,139.49000549316406,138.0,138.5500030517578,14970300
130.37586975097656,137.77999877929688,139.1999969482422,136.2899932861328,138.66000366210938,18697000
126.22184753417969,133.38999938964844,138.35000610351562,132.8000030517578,137.19000244140625,38508600
128.17108154296875,135.4499969482422,135.55999755859375,133.89999389648438,134.99000549316406,20312600
128.44552612304688,135.74000549316406,136.72000122070312,134.66000366210938,136.38999938964844,23102100
128.27520751953125,135.55999755859375,135.75999450683594,133.5500030517578,134.8800048828125,17393300
130.69764709472656,138.1199951171875,138.44000244140625,136.91000366210938,137.25,20168700
130.45159912109375,137.86000061035156,139.17999267578125,136.27000427246094,139.14999389648438,23940100
128.7294158935547,136.0399932861328,137.1999969482422,135.6999969482422,136.61000061035156,18869300
130.23399353027344,137.6300048828125,137.69000244140625,136.47999572753906,137.3000030517578,17995900
132.52395629882812,140.0500030517578,140.3800048828125,138.75999450683594,139.11000061035156,26101800
131.62498474121094,139.10000610351562,140.17999267578125,138.1999969482422,140.02999877929688,20824500
130.1298828125,137.52000427246094,139.75,136.4600067138672,139.58999633789062,25773900
128.7672576904297,136.0800018310547,136.88999938964844,134.50999450683594,136.8000030517578,28903400
128.8050537109375,136.1199951171875,136.27000427246094,135.08999633789062,135.91000366210938,24726100
130.1298828125,137.52000427246094,138.4199981689453,136.8699951171875,137.85000610351562,27010000
129.94065856933594,137.32000732421875,138.05999755859375,136.57000732421875,137.77999877929688,23363100
129.0038604736328,136.3300018310547,136.6999969482422,135.66000366210938,135.8300018310547,16731400
130.00686645507812,137.38999938964844,137.52000427246094,136.42999267578125,136.9600067138672,17814200
131.07615661621094,138.52000427246094,138.6699981689453,136.52999877929688,137.36000061035156,23982100
133.48912048339844,141.07000732421875,142.3699951171875,140.07000732421875,140.3000030517578,35772100
131.94674682617188,139.44000244140625,141.64999389648438,138.25,141.00999450683594,39167300
131.662841796875,139.13999938964844,139.6300048828125,138.44000244140625,139.22999572753906,17139300
129.99737548828125,137.3800048828125,140.69000244140625,136.8800048828125,140.36000061035156,29773200
131.87100219726562,139.36000061035156,139.9600067138672,136.02999877929688,137.5,21382000
132.04132080078125,139.5399932861328,140.17999267578125,138.44000244140625,139.44000244140625,17456600
130.32858276367188,137.72999572753906,140.36000061035156,136.64999389648438,140.14999389648438,22477700
131.55874633789062,139.02999877929688,139.22000122070312,137.77999877929688,138.0500030517578,17280900
129.7040252685547,137.07000732421875,140.25,137.0,139.66000366210938,21466600
127.41407775878906,134.64999389648438,136.3699951171875,133.5800018310547,136.25,30521700
128.95652770996094,136.27999877929688,136.75,133.22000122070312,134.9499969482422,24132900
130.69764709472656,138.1199951171875,138.25,136.4199981689453,136.75,22897700
129.75137329101562,137.1199951171875,138.17999267578125,137.02000427246094,137.13999938964844,15303700
128.37930297851562,135.6699981689453,137.75999450683594,135.6199951171875,137.0800018310547,25550500
130.81117248535156,138.24000549316406,138.6999969482422,136.97000122070312,137.4600067138672,19749900
131.62498474121094,139.10000610351562,139.6699981689453,138.25,138.49000549316406,17654600
132.17379760742188,139.67999267578125,141.02999877929688,139.5,140.1199951171875,25446000
132.0507354736328,139.5500030517578,140.2899932861328,139.52000427246094,139.69000244140625,13304300
133.9622039794922,141.57000732421875,141.7899932861328,139.80999755859375,140.05999755859375,19695700
132.8645782470703,140.41000366210938,140.99000549316406,139.52999877929688,140.7899932861328,20751600
132.1832275390625,139.69000244140625,141.4199981689453,139.02000427246094,140.9499969482422,21460600
130.02577209472656,137.41000366210938,140.0,136.55999755859375,139.75999450683594,32273500
130.99099731445312,138.42999267578125,138.5,137.00999450683594,138.4499969482422,20078200
129.04164123535156,136.3699951171875,140.00999450683594,136.25999450683594,138.97000122070312,27431000
129.8649444580078,137.24000549316406,137.4499969482422,135.61000061035156,136.8800048828125,29844600
132.41983032226562,139.94000244140625,140.4199981689453,138.6699981689453,139.38999938964844,37029300
133.1673583984375,140.72999572753906,141.13999938964844,139.1999969482422,139.33999633789062,25959700
136.44140625,144.19000244140625,145.6699981689453,143.50999450683594,144.39999389648438,35280100
135.15455627441406,142.8300018310547,144.5,142.64999389648438,144.0800018310547,20589500
136.83888244628906,144.61000061035156,145.0,142.7899932861328,143.52000427246094,18496600
135.66549682617188,143.3699951171875,144.92999267578125,142.99000549316406,144.89999389648438,24605100
135.99667358398438,143.72000122070312,144.4199981689453,142.97000122070312,144.25999450683594,33128400
136.7820587158203,144.5500030517578,145.0,144.16000366210938,144.8300018310547,16912000
136.69692993164062,144.4600067138672,145.02000427246094,143.91000366210938,144.97000122070312,18250200
136.31842041015625,144.05999755859375,144.52000427246094,143.1999969482422,144.3699951171875,16575800
136.5076446533203,144.25999450683594,144.8800048828125,143.77000427246094,143.83999633789062,17786700
138.11631774902344,145.9600067138672,145.99000549316406,143.75999450683594,143.97999572753906,16732700
138.25831604003906,146.11000061035156,146.4199981689453,144.72999572753906,145.33999633789062,14362600
139.16665649414062,147.07000732421875,147.57000732421875,146.05999755859375,146.27999877929688,18641600
139.39378356933594,147.30999755859375,147.4600067138672,146.27999877929688,146.74000549316406,16919200
140.1034698486328,148.05999755859375,148.41000366210938,147.0,147.02000427246094,19729800
141.91085815429688,149.97000122070312,149.99000549316406,148.27000427246094,148.92999267578125,23485700
142.26087951660156,150.33999633789062,150.5500030517578,148.97999572753906,150.07000732421875,21534000
142.30825805664062,150.38999938964844,151.3300018310547,150.1999969482422,150.8800048828125,23935700
142.0614013671875,149.6199951171875,150.83999633789062,148.4600067138672,150.30999755859375,25696800
141.92845153808594,149.47999572753906,149.8000030517578,148.5,149.39999389648438,18576100
142.03292846679688,149.58999633789062,150.3000030517578,148.82000732421875,150.07000732421875,15901800
143.59010314941406,151.22999572753906,151.35000610351562,149.9199981689453,150.0,22420900
144.34963989257812,152.02999877929688,152.4199981689453,151.32000732421875,151.36000061035156,24620100
144.62501525878906,152.32000732421875,152.5,151.52000427246094,152.3300018310547,15184400
143.73251342773438,151.3800048828125,152.3000030517578,151.27999877929688,152.10000610351562,11977300
141.99493408203125,149.5500030517578,151.8300018310547,148.32000732421875,151.80999755859375,27418400
141.7670440673828,149.30999755859375,149.42999267578125,146.64999389648438,147.49000549316406,24066000
142.27978515625,149.85000610351562,150.17999267578125,149.1999969482422,150.13999938964844,17574700
142.35572814941406,149.92999267578125,150.32000732421875,149.47999572753906,150.0500030517578,17869100
144.0838165283203,151.75,151.8699951171875,150.27000427246094,150.99000549316406,16403500
143.7135009765625,151.36000061035156,152.2100067138672,150.91000366210938,151.07000732421875,16687400
143.49510192871094,151.1300048828125,151.88999938964844,150.75999450683594,151.2899932861328,16476100
144.03631591796875,151.6999969482422,151.8699951171875,150.3300018310547,151.5399932861328,18856600
145.49853515625,153.24000549316406,153.44000244140625,151.02000427246094,151.64999389648438,24612100
146.72337341308594,154.52999877929688,154.88999938964844,152.8300018310547,153.0,23845400
147.67279052734375,155.52999877929688,155.89999389648438,154.82000732421875,155.11000061035156,24144200
146.87525939941406,154.69000244140625,155.7100067138672,154.4499969482422,155.4499969482422,25425600
146.57144165039062,154.3699951171875,155.47999572753906,154.17999267578125,154.3000030517578,24129200
147.84373474121094,155.7100067138672,155.77000427246094,153.75,154.0,24958900
149.45790100097656,157.41000366210938,158.49000549316406,156.2899932861328,157.35000610351562,53477500
149.45790100097656,157.41000366210938,158.1199951171875,157.27000427246094,158.1199951171875,17718200
149.4293670654297,157.3800048828125,157.7100067138672,157.1199951171875,157.47999572753906,8989200
150.6542205810547,158.6699981689453,158.72999572753906,157.39999389648438,157.55999755859375,14520600
150.92959594726562,158.9600067138672,159.5500030517578,158.22000122070312,159.4499969482422,18412800
149.62876892089844,157.58999633789062,159.02000427246094,156.72999572753906,158.99000549316406,16348400
149.73324584960938,157.6999969482422,157.77000427246094,156.4499969482422,156.77000427246094,18369400
152.50567626953125,160.6199951171875,160.72999572753906,158.3300018310547,158.77999877929688,22622100
150.60670471191406,158.6199951171875,159.9499969482422,158.05999755859375,158.32000732421875,21116200
150.9960174560547,159.02999877929688,159.10000610351562,156.50999450683594,157.0800018310547,20813700
149.61924743652344,157.5800018310547,159.6699981689453,157.32000732421875,159.32000732421875,21634100
152.00244140625,160.08999633789062,160.8000030517578,157.9499969482422,158.92999267578125,27746500
153.9014434814453,162.08999633789062,162.22000122070312,161.02999877929688,161.83999633789062,21385000
153.1893310546875,161.33999633789062,163.22000122070312,161.17999267578125,162.82000732421875,20725900
155.03126525878906,163.27999877929688,163.30999755859375,161.25999450683594,161.75999450683594,21626500
153.939453125,162.1300048828125,163.60000610351562,161.72000122070312,163.38999938964844,23477400
154.9363250732422,163.17999267578125,163.94000244140625,162.57000732421875,162.6199951171875,21417900
157.77528381347656,166.1699981689453,166.24000549316406,164.02999877929688,164.35000610351562,23865400
158.65830993652344,167.10000610351562,167.47000122070312,165.42999267578125,167.4199981689453,34371700
158.08865356445312,166.5,168.19000244140625,166.42999267578125,166.67999267578125,29517200
157.3290252685547,165.6999969482422,167.49000549316406,165.67999267578125,167.39999389648438,24138800
158.29751586914062,166.72000122070312,166.8000030517578,165.27000427246094,166.19000244140625,19680800
156.7024688720703,165.0399932861328,167.52999877929688,164.4499969482422,167.50999450683594,24918100
154.0818634033203,162.27999877929688,163.3800048828125,160.1999969482422,161.14999389648438,32078100
157.10118103027344,165.4600067138672,165.75999450683594,163.07000732421875,163.77999877929688,24899900
159.5508575439453,168.0399932861328,168.75,165.69000244140625,167.83999633789062,34754500
164.0514373779297,172.77999877929688,174.0500030517578,170.7899932861328,174.0500030517578,51597500
161.6302490234375,170.22999572753906,172.39999389648438,169.5800018310547,172.2100067138672,36142700
165.57057189941406,174.3800048828125,174.5,170.39999389648438,170.42999267578125,30107000
171.02056884765625,180.1199951171875,180.63999938964844,176.30999755859375,177.13999938964844,36433300
170.8116912841797,179.89999389648438,184.1999969482422,178.41000366210938,184.02999877929688,39186300
174.35324096679688,183.6300048828125,183.82000732421875,180.05999755859375,180.97000122070312,27751400
174.6001434326172,183.88999938964844,185.6300048828125,182.47999572753906,182.85000610351562,33529100
179.16712951660156,188.6999969482422,188.83999633789062,183.25,183.5800018310547,35844300
175.1223602294922,184.44000244140625,190.6999969482422,183.5,190.64999389648438,53159900
175.37869262695312,184.7100067138672,185.85000610351562,181.85000610351562,185.5800018310547,47062900
174.42922973632812,183.7100067138672,186.22999572753906,182.8699951171875,183.0800018310547,35295800
175.98635864257812,185.35000610351562,185.41000366210938,182.64999389648438,183.25,23149500
177.7714080810547,187.22999572753906,187.6999969482422,185.5,185.61000061035156,27792200
178.30455017089844,187.27999877929688,188.17999267578125,186.47000122070312,188.05999755859375,29997500
175.58160400390625,184.4199981689453,187.25,181.10000610351562,186.9499969482422,36862400
170.03103637695312,178.58999633789062,183.5,177.25,183.1699981689453,48572600
162.70005798339844,170.88999938964844,174.5500030517578,163.22999572753906,167.77000427246094,68311100
160.0151824951172,168.07000732421875,174.83999633789062,167.64999389648438,174.1999969482422,68073300
162.0145721435547,170.1699981689453,173.25999450683594,168.2100067138672,169.7100067138672,56206100
150.5991973876953,158.17999267578125,167.02999877929688,157.97999572753906,163.32000732421875,93174900
154.24563598632812,162.00999450683594,163.7100067138672,152.0,152.41000366210938,97012700
164.5089874267578,172.7899932861328,172.9199981689453,162.30999755859375,165.30999755859375,71030800
156.6258087158203,164.50999450683594,175.0,162.25999450683594,173.8000030517578,71677000
162.37635803222656,170.5500030517578,170.6999969482422,165.6199951171875,168.49000549316406,49814400
158.3014678955078,166.27000427246094,170.8699951171875,165.69000244140625,166.0500030517578,47817300
153.82669067382812,161.57000732421875,163.11000061035156,156.0,162.61000061035156,72821100
143.40150451660156,150.6199951171875,157.75,150.0,151.0,70419300
153.20790100097656,160.9199981689453,161.02999877929688,152.5800018310547,158.16000366210938,65354400
146.26724243164062,153.6300048828125,157.6999969482422,151.14999389648438,157.1300048828125,56371600
132.39552307128906,139.05999755859375,153.47000122070312,138.5800018310547,145.3000030517578,93226400
151.2180633544922,158.8300018310547,161.91000366210938,140.72999572753906,147.5,92727400
128.92996215820312,135.4199981689453,149.35000610351562,135.0,140.0,87905900
139.54559326171875,146.57000732421875,147.5,135.0,140.0,81059800
133.6712646484375,140.39999389648438,146.0,135.02000427246094,138.0,81593200
135.87059020996094,142.7100067138672,150.14999389648438,139.0,142.77000427246094,85922700
130.7674560546875,137.35000610351562,147.10000610351562,135.86000061035156,146.0,84866200
129.46316528320312,135.97999572753906,140.57000732421875,132.52000427246094,137.00999450683594,78975200
141.23074340820312,148.33999633789062,149.60000610351562,141.27000427246094,143.75,82516700
139.8788299560547,146.9199981689453,154.3300018310547,144.44000244140625,148.91000366210938,75638200
148.6283721923828,156.11000061035156,156.66000366210938,148.3699951171875,148.39999389648438,64568100
142.52557373046875,149.6999969482422,154.88999938964844,149.1999969482422,151.75,57042300
152.55088806152344,160.22999572753906,160.60000610351562,150.00999450683594,152.44000244140625,63420300
150.1517333984375,157.7100067138672,164.77999877929688,156.55999755859375,159.39999389648438,77927200
144.82012939453125,152.11000061035156,157.75,150.82000732421875,153.0,57969900
147.81910705566406,155.25999450683594,155.47999572753906,150.36000061035156,151.86000061035156,49630700
146.45765686035156,153.8300018310547,157.3800048828125,152.19000244140625,155.10000610351562,41243300
157.3494415283203,165.27000427246094,166.5,157.5800018310547,160.32000732421875,67111700
155.65475463867188,163.49000549316406,170.0,163.25999450683594,169.58999633789062,62769000
157.216064453125,165.1300048828125,166.6699981689453,163.5,165.6699981689453,48318200
157.22560119628906,165.13999938964844,167.3699951171875,163.3300018310547,166.36000061035156,51385100
157.57786560058594,165.50999450683594,165.57000732421875,162.3000030517578,164.35000610351562,41905300
165.37539672851562,173.6999969482422,173.75,168.0,169.0,52874300
163.6426239013672,171.8800048828125,173.57000732421875,169.24000549316406,171.1999969482422,40940800
168.55531311035156,177.0399932861328,177.27999877929688,172.89999389648438,174.3000030517578,50479600
170.04054260253906,178.60000610351562,180.0,175.8699951171875,179.5,52765600
166.6702117919922,175.05999755859375,178.75,174.99000549316406,176.6300048828125,36669600
159.77719116210938,167.82000732421875,173.6699981689453,166.11000061035156,173.5,56203700
165.20401000976562,173.52000427246094,174.0,170.82000732421875,171.38999938964844,34620200
163.20462036132812,171.4199981689453,175.05999755859375,170.91000366210938,174.11000061035156,32790800
166.18466186523438,174.5500030517578,174.55999755859375,170.7100067138672,172.05999755859375,34277600
165.7086181640625,174.0500030517578,176.89999389648438,173.3000030517578,176.58999633789062,33194400
161.6717987060547,169.80999755859375,175.6699981689453,169.38999938964844,175.58999633789062,34392700
168.92660522460938,177.42999267578125,177.67999267578125,171.8800048828125,173.22000122070312,51286600
170.62130737304688,179.2100067138672,180.39999389648438,176.22999572753906,180.0,53875900
166.20370483398438,174.57000732421875,178.63999938964844,174.00999450683594,175.8000030517578,39370500
170.2689971923828,178.83999633789062,179.0,173.8000030517578,174.49000549316406,30372900
172.0970001220703,180.75999450683594,183.64999389648438,179.89999389648438,180.6199951171875,36839200
173.79176330566406,182.5399932861328,184.1999969482422,181.6300048828125,182.0800018310547,32139300
174.8009033203125,183.60000610351562,184.5500030517578,182.5800018310547,184.1699981689453,28316000
175.8291473388672,184.67999267578125,185.0,183.36000061035156,184.97999572753906,30877800
177.79042053222656,186.74000549316406,187.50999450683594,182.85000610351562,183.14999389648438,30892700
173.7631378173828,182.50999450683594,187.0399932861328,182.3000030517578,186.8000030517578,32038200
171.1354522705078,179.75,184.0500030517578,176.5399932861328,182.5500030517578,44711500
171.8780517578125,180.52999877929688,180.69000244140625,175.67999267578125,177.5399932861328,41873900
174.38198852539062,183.16000366210938,187.05999755859375,177.0,179.05999755859375,46610400
176.04811096191406,184.91000366210938,186.1999969482422,183.9600067138672,185.75,35264500
174.82945251464844,183.6300048828125,186.60000610351562,183.49000549316406,185.02999877929688,26799100
177.25448608398438,185.66000366210938,185.85000610351562,183.94000244140625,184.80999755859375,31261300
175.12545776367188,183.42999267578125,186.6699981689453,183.2899932861328,185.39999389648438,29119500
175.20184326171875,183.50999450683594,184.4600067138672,182.5399932861328,183.19000244140625,20826900
173.3496551513672,181.57000732421875,186.5,181.10000610351562,186.33999633789062,36073600
173.57879638671875,181.80999755859375,181.99000549316406,176.60000610351562,180.1999969482422,39517100
173.1873016357422,181.39999389648438,184.14999389648438,180.3800048828125,180.74000549316406,33810200
174.95361328125,183.25,184.27000427246094,180.41000366210938,182.72999572753906,42130400
174.5526123046875,182.8300018310547,183.0,181.4600067138672,182.5399932861328,22622400
176.53842163085938,184.91000366210938,185.0,181.35000610351562,184.25,30794600
176.9680938720703,185.36000061035156,185.94000244140625,183.5800018310547,184.82000732421875,27311000
174.6385498046875,182.9199981689453,185.83999633789062,182.3000030517578,184.3000030517578,28761800
178.7247314453125,187.1999969482422,187.72999572753906,182.00999450683594,182.6199951171875,39893600
179.83229064941406,188.36000061035156,188.5500030517578,184.44000244140625,185.94000244140625,33211600
181.2070770263672,189.8000030517578,190.6999969482422,187.25999450683594,188.0,29783900
187.92832946777344,196.83999633789062,198.52000427246094,191.00999450683594,191.1300048828125,43872300
177.8369140625,186.27000427246094,195.75999450683594,186.07000732421875,193.1300048828125,52854700
179.2402801513672,187.74000549316406,191.72000122070312,185.17999267578125,190.5399932861328,43373600
180.38600158691406,188.94000244140625,190.82000732421875,184.00999450683594,184.5800018310547,32770200
184.80636596679688,193.57000732421875,195.5800018310547,191.4600067138672,192.88999938964844,42556700
185.44606018066406,194.24000549316406,196.32000732421875,193.69000244140625,195.02999877929688,25687800
187.43190002441406,196.32000732421875,196.49000549316406,194.0,194.0,23061600
186.3148193359375,195.14999389648438,199.2899932861328,194.3699951171875,198.58999633789062,44441100
191.48947143554688,200.57000732421875,200.75999450683594,195.22999572753906,195.7899932861328,32818900
192.768798828125,201.91000366210938,203.9499969482422,201.42999267578125,202.08999633789062,30917400
188.88307189941406,197.83999633789062,203.25,196.55999755859375,201.60000610351562,36740600
191.2698516845703,200.33999633789062,200.61000061035156,195.47000122070312,197.8000030517578,27803900
187.44143676757812,196.3300018310547,199.88999938964844,194.8800048828125,199.72999572753906,54675800
189.4558868408203,198.44000244140625,198.52999877929688,193.5500030517578,195.77999877929688,26701600
194.29632568359375,203.50999450683594,204.39999389648438,197.74000549316406,197.8800048828125,34310300
195.43247985839844,204.6999969482422,206.35000610351562,201.77000427246094,203.13999938964844,32061200
196.92185974121094,206.25999450683594,208.02000427246094,205.0,205.67999267578125,29315800
201.16085815429688,210.6999969482422,211.1300048828125,208.08999633789062,208.8300018310547,31897600
198.8217315673828,208.25,214.6699981689453,207.99000549316406,210.4499969482422,33600700
203.1944122314453,212.8300018310547,213.25999450683594,208.69000244140625,210.07000732421875,33600000
204.616943359375,214.32000732421875,216.3800048828125,211.47000122070312,216.3300018310547,33121700
203.99636840820312,213.6699981689453,214.0800018310547,211.0800018310547,213.6199951171875,26177600
197.69515991210938,207.07000732421875,215.8000030517578,206.5,214.47999572753906,38135600
198.91725158691406,208.35000610351562,208.85000610351562,202.02999877929688,206.1300048828125,37591800
198.6212615966797,208.0399932861328,211.3300018310547,205.02999877929688,209.55999755859375,32179400
194.68777465820312,203.9199981689453,205.6999969482422,202.30999755859375,205.39999389648438,29940700
193.69488525390625,202.8800048828125,205.0399932861328,201.38999938964844,204.47000122070312,31635300
202.02011108398438,211.60000610351562,212.3000030517578,203.00999450683594,205.0,36884800
199.29913330078125,208.75,213.94000244140625,208.02999877929688,213.66000366210938,37990400
202.1632843017578,211.75,212.3000030517578,208.38999938964844,209.1999969482422,49605700
193.37026977539062,202.5399932861328,210.9199981689453,202.14999389648438,207.19000244140625,67457000
192.18638610839844,201.3000030517578,202.86000061035156,197.50999450683594,200.4199981689453,39827000
194.6209716796875,203.85000610351562,203.97000122070312,200.86000061035156,201.47000122070312,30160900
192.87380981445312,202.02000427246094,204.6999969482422,201.74000549316406,203.61000061035156,23251400
194.8214569091797,204.05999755859375,204.64999389648438,202.00999450683594,202.5,19632600
194.66871643066406,203.89999389648438,204.4600067138672,199.57000732421875,201.0,25079600
195.72840881347656,205.00999450683594,205.10000610351562,199.00999450683594,204.39999389648438,51044000
206.73643493652344,216.5399932861328,217.63999938964844,210.44000244140625,211.52000427246094,78983000
203.63357543945312,213.2899932861328,214.77000427246094,210.30999755859375,214.1699981689453,49280100
203.29945373535156,212.94000244140625,215.0,211.57000732421875,214.89999389648438,28806400
206.55502319335938,216.35000610351562,216.3699951171875,211.5500030517578,212.33999633789062,32656800
202.8602294921875,212.47999572753906,215.6999969482422,210.92999267578125,214.85000610351562,27820400
198.8217315673828,208.25,211.8800048828125,206.35000610351562,211.6699981689453,36716500
194.17221069335938,203.3800048828125,207.64999389648438,203.13999938964844,207.16000366210938,36446500
199.7191925048828,209.19000244140625,210.27999877929688,204.75,205.2899932861328,28013100
199.25140380859375,208.6999969482422,211.35000610351562,208.14999389648438,209.44000244140625,22588900
199.44229125976562,208.89999389648438,209.58999633789062,207.50999450683594,208.75999450683594,17958900
200.75987243652344,210.27999877929688,211.19000244140625,208.9199981689453,209.60000610351562,20184800
201.91506958007812,211.49000549316406,212.36000061035156,209.2100067138672,210.52999877929688,21336200
200.6900634765625,209.6999969482422,212.10000610351562,209.25,211.49000549316406,27627600
205.36038208007812,214.5800018310547,215.0,208.91000366210938,209.5399932861328,26981500
203.86744689941406,213.02000427246094,216.25,212.85000610351562,213.86000061035156,36249300
204.50860595703125,213.69000244140625,215.52000427246094,212.42999267578125,214.7899932861328,25460100
207.169189453125,216.47000122070312,216.61000061035156,213.10000610351562,213.10000610351562,23043700
211.64808654785156,221.14999389648438,222.08999633789062,217.36000061035156,217.8800048828125,39600800
216.84478759765625,226.5800018310547,231.14999389648438,219.39999389648438,222.88999938964844,57602200
219.0746612548828,228.91000366210938,230.63999938964844,226.5800018310547,228.17999267578125,26292900
215.83993530273438,225.52999877929688,228.6999969482422,224.30999755859375,227.0,28774200
217.50514221191406,227.27000427246094,227.4499969482422,224.42999267578125,225.50999450683594,25725500
221.6969451904297,231.64999389648438,232.86000061035156,227.35000610351562,227.97000122070312,34080800
207.9635467529297,217.3000030517578,229.30999755859375,214.9600067138672,229.27000427246094,58400300
205.04458618164062,214.25,218.36000061035156,205.19000244140625,215.10000610351562,59664100
193.9525604248047,202.66000366210938,210.02999877929688,202.1999969482422,206.5,52924300
202.21177673339844,211.2899932861328,214.83999633789062,206.6999969482422,207.60000610351562,45679000
196.54608154296875,205.3699951171875,214.74000549316406,204.11000061035156,213.39999389648438,35461500
195.26365661621094,204.02999877929688,208.6300048828125,201.24000549316406,207.1999969482422,33620100
196.58441162109375,205.41000366210938,209.1999969482422,204.02999877929688,204.24000549316406,30375800
199.8096160888672,208.77999877929688,209.77999877929688,206.92999267578125,208.4199981689453,21823900
196.23985290527344,205.0500030517578,210.64999389648438,204.63999938964844,210.6199951171875,26328100
194.19183349609375,202.91000366210938,204.3300018310547,199.9600067138672,200.0500030517578,34011300
191.78001403808594,200.38999938964844,203.64999389648438,196.25,202.8000030517578,55225300
193.8376922607422,202.5399932861328,202.7100067138672,196.3800048828125,197.19000244140625,39839700
198.50804138183594,207.4199981689453,208.10000610351562,202.0800018310547,205.05999755859375,33517100
191.97149658203125,200.58999633789062,208.10000610351562,200.02999877929688,207.89999389648438,30803800
194.4597930908203,203.19000244140625,205.57000732421875,199.1999969482422,199.85000610351562,31202500
198.89085388183594,207.82000732421875,209.0399932861328,202.5399932861328,203.5500030517578,29437300
200.44122314453125,209.44000244140625,212.57000732421875,208.05999755859375,210.8800048828125,32004900
198.35491943359375,207.25999450683594,210.07000732421875,206.80999755859375,209.35000610351562,24221900
201.2930145263672,210.3300018310547,211.97999572753906,206.5399932861328,207.72999572753906,33829100
203.33151245117188,212.4600067138672,213.99000549316406,211.32000732421875,213.49000549316406,27158400
197.3308563232422,206.19000244140625,210.99000549316406,205.5399932861328,208.0,33154800
201.3408660888672,210.3800048828125,210.41000366210938,206.97999572753906,207.22000122070312,21331600
197.06288146972656,205.91000366210938,210.17999267578125,204.82000732421875,208.82000732421875,28554300
200.81448364257812,209.8300018310547,210.11000061035156,206.72000122070312,207.05999755859375,25681100
201.53228759765625,210.5800018310547,211.19000244140625,208.32000732421875,210.50999450683594,19925800
206.53756713867188,215.80999755859375,215.86000061035156,211.22999572753906,211.22999572753906,26458000
211.8874053955078,221.39999389648438,223.86000061035156,216.80999755859375,218.7899932861328,40461400
213.28465270996094,222.86000061035156,225.2100067138672,220.42999267578125,222.72000122070312,28950800
211.3705596923828,220.86000061035156,224.22000122070312,219.1300048828125,223.0,23421700
210.22213745117188,219.66000366210938,220.36000061035156,216.00999450683594,217.10000610351562,22733100
210.22213745117188,219.66000366210938,222.2899932861328,219.32000732421875,220.14999389648438,26057900
205.01583862304688,214.22000122070312,222.3000030517578,213.72000122070312,220.4199981689453,27625800
205.42739868164062,214.64999389648438,217.3699951171875,213.08999633789062,215.8000030517578,22753500
205.5709686279297,214.8000030517578,216.9199981689453,213.1199951171875,213.1199951171875,22724900
205.6570587158203,214.88999938964844,216.05999755859375,211.6999969482422,213.92999267578125,22351500
206.93951416015625,216.22999572753906,216.27999877929688,213.16000366210938,215.02999877929688,18879600
201.05374145507812,210.0800018310547,216.33999633789062,208.10000610351562,213.85000610351562,37111600
204.08753967285156,213.25,214.6699981689453,210.3300018310547,211.58999633789062,36700300
193.97166442871094,202.67999267578125,208.83999633789062,202.10000610351562,207.6699981689453,51195600
195.92405700683594,204.72000122070312,207.36000061035156,203.3699951171875,204.07000732421875,31432600
193.77072143554688,202.47000122070312,204.2899932861328,199.6199951171875,203.5,36953700
193.63670349121094,202.3300018310547,205.27999877929688,200.1199951171875,204.2899932861328,30842200
197.560546875,206.42999267578125,208.1199951171875,203.1199951171875,203.88999938964844,27512000
207.09266662597656,216.38999938964844,218.32000732421875,212.4199981689453,214.02000427246094,42311800
213.6961669921875,223.2899932861328,224.1199951171875,221.14999389648438,222.0399932861328,36080100
214.10769653320312,223.72000122070312,224.36000061035156,218.02999877929688,222.25999450683594,25231900
209.00669860839844,218.38999938964844,228.1199951171875,217.8800048828125,224.44000244140625,44395000
201.94378662109375,211.00999450683594,216.5,209.72000122070312,214.5,44045100
207.2457733154297,216.5500030517578,218.0399932861328,212.1999969482422,212.38999938964844,29440800
206.18344116210938,215.44000244140625,219.11000061035156,214.4600067138672,217.2100067138672,21593900
207.20745849609375,216.50999450683594,217.4199981689453,214.16000366210938,216.36000061035156,18621100
207.8965301513672,217.22999572753906,217.74000549316406,214.52000427246094,214.8699951171875,24953300
205.24557495117188,214.4600067138672,217.67999267578125,214.0800018310547,216.10000610351562,24154100
202.5396728515625,211.0800018310547,215.1699981689453,210.92999267578125,213.64999389648438,28372800
203.82542419433594,212.4199981689453,213.02999877929688,209.92999267578125,211.3800048828125,24792700
201.87757873535156,210.38999938964844,213.2899932861328,210.0,212.1999969482422,22843100
201.60891723632812,210.11000061035156,212.2899932861328,208.16000366210938,210.9499969482422,25683500
205.20716857910156,213.86000061035156,214.25,208.86000061035156,209.58999633789062,33979700
205.216796875,213.8699951171875,215.2899932861328,212.4600067138672,215.11000061035156,21012900
206.52175903320312,215.22999572753906,216.27000427246094,214.0399932861328,214.85000610351562,14512200
205.40867614746094,214.07000732421875,214.75999450683594,210.83999633789062,214.10000610351562,33064800
207.46209716796875,216.2100067138672,217.32000732421875,213.35000610351562,214.50999450683594,30904500
206.65606689453125,215.3699951171875,215.47000122070312,212.8000030517578,214.8800048828125,23724500
205.57179260253906,214.24000549316406,216.3800048828125,213.64999389648438,214.61000061035156,25120900
205.6869354248047,214.36000061035156,215.3800048828125,213.17999267578125,214.22000122070312,24666000
205.61976623535156,214.2899932861328,215.5399932861328,212.99000549316406,214.3699951171875,24620000
207.2701873779297,216.00999450683594,216.9499969482422,212.88999938964844,213.97000122070312,23284100
203.2305450439453,211.8000030517578,215.22999572753906,211.2100067138672,215.16000366210938,32440600
202.00230407714844,210.52000427246094,213.0800018310547,210.36000061035156,211.77000427246094,26733300
204.63145446777344,213.25999450683594,213.32000732421875,209.11000061035156,210.0500030517578,30979400
205.53341674804688,214.1999969482422,216.2100067138672,212.8800048828125,213.10000610351562,28798400
205.4662322998047,214.1300048828125,215.4199981689453,212.24000549316406,215.1699981689453,27000600
210.40789794921875,219.27999877929688,220.11000061035156,214.72000122070312,214.75,35023300
210.54225158691406,219.4199981689453,220.88999938964844,217.9199981689453,219.8699951171875,32515800
209.7458038330078,218.58999633789062,219.69000244140625,216.02000427246094,218.58999633789062,63354900
213.58395385742188,222.58999633789062,224.0,217.27999877929688,217.5500030517578,37181900
214.8793487548828,223.94000244140625,225.6300048828125,221.85000610351562,222.69000244140625,22612200
212.0775146484375,221.02000427246094,223.55999755859375,220.8000030517578,223.11000061035156,18699600
213.7375030517578,222.75,223.61000061035156,221.1999969482422,221.4199981689453,10550600
215.8580780029297,224.9600067138672,226.02999877929688,223.02000427246094,224.4499969482422,17933500
215.08084106445312,224.14999389648438,227.17999267578125,223.5800018310547,226.30999755859375,17403200
212.7107696533203,221.67999267578125,225.6300048828125,221.47000122070312,225.22999572753906,20272300
213.4208221435547,222.4199981689453,223.0,219.67999267578125,221.6999969482422,20942100
208.88223266601562,217.69000244140625,223.0,214.80999755859375,222.52999877929688,37130100
209.08370971679688,217.89999389648438,218.52000427246094,215.6999969482422,217.25999450683594,23823000
203.66229248046875,212.25,216.49000549316406,211.94000244140625,212.1699981689453,35930700
209.45794677734375,218.2899932861328,219.33999633789062,213.7100067138672,214.0399932861328,27694500
210.73414611816406,219.6199951171875,220.5800018310547,217.02999877929688,218.67999267578125,22956200
208.69032287597656,217.49000549316406,218.91000366210938,216.72999572753906,218.47000122070312,23031300
206.23388671875,214.92999267578125,217.10000610351562,213.32000732421875,216.5,23249300
207.58682250976562,216.33999633789062,216.75999450683594,213.92999267578125,214.02000427246094,20087100
204.4011688232422,213.02000427246094,217.4600067138672,212.74000549316406,215.91000366210938,29480800
204.04611206054688,212.64999389648438,214.50999450683594,212.02999877929688,213.52000427246094,31746500
207.68276977539062,216.44000244140625,216.97999572753906,212.6300048828125,213.75,30480900
215.2631378173828,224.33999633789062,225.7899932861328,217.2899932861328,217.6999969482422,37777300
215.86766052246094,224.97000122070312,226.3000030517578,222.4199981689453,224.6999969482422,30709400
216.80799865722656,225.9499969482422,230.07000732421875,225.8000030517578,227.0800018310547,30172700
220.24317932128906,229.52999877929688,229.77999877929688,224.22000122070312,229.1199951171875,33152100
222.92990112304688,232.3300018310547,234.17999267578125,230.0800018310547,231.86000061035156,49169600
223.476806640625,232.89999389648438,240.44000244140625,230.13999938964844,238.0,69870600
229.26284790039062,238.92999267578125,242.63999938964844,235.08999633789062,235.61000061035156,49111200
222.57484436035156,231.9600067138672,238.02000427246094,231.35000610351562,235.99000549316406,42503100
229.95372009277344,239.64999389648438,242.5,232.42999267578125,235.05999755859375,33314200
229.81936645507812,239.50999450683594,242.30999755859375,238.69000244140625,241.3000030517578,25916300
233.1681671142578,243.0,245.08999633789062,239.25999450683594,239.57000732421875,27158100
232.2181854248047,242.00999450683594,243.24000549316406,240.3699951171875,242.66000366210938,25296100
232.40049743652344,242.1999969482422,243.27999877929688,240.4199981689453,242.22999572753906,18054800
232.65960693359375,242.47000122070312,243.67999267578125,240.80999755859375,243.14999389648438,22211900
233.90701293945312,243.77000427246094,244.75999450683594,241.3800048828125,241.8699951171875,23565000
232.9954376220703,242.82000732421875,245.9199981689453,240.88999938964844,245.0,22186700
234.59788513183594,244.49000549316406,245.14999389648438,242.14999389648438,244.77999877929688,15751100
235.07766723632812,244.99000549316406,245.3000030517578,242.72999572753906,243.92999267578125,16561100
233.83984375,243.6999969482422,246.1300048828125,242.9199981689453,245.02999877929688,26728500
234.85928344726562,244.1999969482422,244.30999755859375,240.94000244140625,241.32000732421875,21653500
234.46493530273438,243.7899932861328,243.92999267578125,240.86000061035156,241.8000030517578,16925600
231.75283813476562,240.97000122070312,243.86000061035156,240.17999267578125,243.75,25262600
225.53993225097656,234.50999450683594,237.92999267578125,232.39999389648438,237.4199981689453,36446900
224.34739685058594,233.27000427246094,234.8300018310547,228.72999572753906,230.3300018310547,30228700
225.57839965820312,234.5500030517578,235.1999969482422,229.0,230.00999450683594,26339700
220.2310791015625,228.99000549316406,234.58999633789062,227.8800048828125,232.0800018310547,39542200
223.49142456054688,232.3800048828125,235.3699951171875,229.5399932861328,231.52999877929688,37819200
227.87696838378906,236.94000244140625,237.47000122070312,233.14999389648438,235.89999389648438,25324000
224.92440795898438,233.8699951171875,237.3000030517578,233.4499969482422,237.00999450683594,22812500
218.85577392578125,227.55999755859375,233.5800018310547,227.25999450683594,232.16000366210938,34029500
218.05751037597656,226.72999572753906,232.49000549316406,224.25999450683594,226.74000549316406,44727800
222.74122619628906,231.60000610351562,233.27000427246094,226.4600067138672,229.52000427246094,41872800
218.69227600097656,227.38999938964844,233.3699951171875,227.1300048828125,231.3699951171875,35267400
224.83782958984375,233.77999877929688,235.3800048828125,231.6699981689453,232.8800048828125,33080500
223.52984619140625,232.4199981689453,237.0,232.0399932861328,237.0,29746800
228.05970764160156,237.1300048828125,239.1699981689453,234.30999755859375,234.9600067138672,29907600
226.73251342773438,235.75,235.82000732421875,233.22999572753906,234.00999450683594,22653700
225.82843017578125,234.80999755859375,235.19000244140625,231.80999755859375,234.9600067138672,26034900
228.61753845214844,237.7100067138672,240.05999755859375,235.94000244140625,236.27999877929688,28092200
227.97311401367188,237.0399932861328,238.5500030517578,233.22999572753906,236.14999389648438,29562100
221.89492797851562,230.72000122070312,234.19000244140625,230.3300018310547,232.55999755859375,34833000
221.53904724121094,230.35000610351562,232.47000122070312,229.35000610351562,231.02000427246094,46430700
226.9633331298828,235.99000549316406,236.89999389648438,230.13999938964844,230.27000427246094,30127000
228.4925079345703,237.5800018310547,241.0500030517578,237.07000732421875,237.49000549316406,31638400
226.45359802246094,235.4600067138672,238.0,235.32000732421875,237.85000610351562,25620100
223.4529571533203,232.33999633789062,236.94000244140625,231.57000732421875,235.3000030517578,34061900
227.4345245361328,236.47999572753906,236.7100067138672,231.5500030517578,231.5500030517578,25479900
226.2419891357422,235.24000549316406,236.8000030517578,231.8800048828125,236.58999633789062,25227500
222.98167419433594,231.85000610351562,233.85000610351562,231.10000610351562,233.52999877929688,24792000
226.75172424316406,235.77000427246094,239.10000610351562,232.38999938964844,232.91000366210938,43623500
233.08006286621094,242.35000610351562,242.83999633789062,238.0500030517578,238.47000122070312,30338000
239.54306030273438,249.07000732421875,249.9600067138672,242.6999969482422,242.75999450683594,36910600
238.37925720214844,247.86000061035156,249.39999389648438,246.8800048828125,247.61000061035156,22931900
240.34129333496094,249.89999389648438,250.92999267578125,247.19000244140625,247.80999755859375,22719800
243.5631103515625,253.25,254.13999938964844,252.0,252.77000427246094,23625200
246.0636749267578,255.85000610351562,255.99000549316406,252.44000244140625,252.8699951171875,24326800
246.12139892578125,255.91000366210938,257.6700134277344,254.6199951171875,254.7100067138672,27148700
248.60267639160156,258.489990234375,259.19000244140625,256.8299865722656,257.260009765625,23837500
245.81361389160156,255.58999633789062,258.8299865722656,255.16000366210938,257.4800109863281,23070900
249.5740203857422,259.5,259.92999267578125,257.7300109863281,257.92999267578125,25627500
250.76657104492188,260.739990234375,261.0,257.6000061035156,259.4700012207031,24878600
248.84312438964844,258.739990234375,261.4800109863281,257.82000732421875,260.19000244140625,23209300
248.38150024414062,258.260009765625,260.20001220703125,256.8399963378906,257.82000732421875,19722900
250.61270141601562,260.5799865722656,260.67999267578125,257.25,258.94000244140625,24030400
247.33316040039062,257.1700134277344,261.7799987792969,255.63999938964844,260.2099914550781,25606200
251.16098022460938,261.1499938964844,261.510009765625,257.2699890136719,257.8800048828125,21462600
251.54563903808594,261.54998779296875,262.44000244140625,260.1700134277344,261.6600036621094,19763300
251.9495849609375,261.9700012207031,263.19000244140625,260.1199951171875,261.5799865722656,31014200
244.82302856445312,254.55999755859375,256.5400085449219,252.9499969482422,256.0799865722656,46903100
242.85145568847656,252.50999450683594,256.1000061035156,249.0,255.4600067138672,40589000
242.53404235839844,252.17999267578125,253.0800018310547,249.60000610351562,249.74000549316406,30945100
242.226318359375,251.86000061035156,254.35000610351562,251.1199951171875,253.39999389648438,19626600
238.3119659423828,247.7899932861328,251.2100067138672,245.75999450683594,250.97000122070312,32756100
237.04246520996094,246.47000122070312,249.5,245.82000732421875,249.05999755859375,21901300
240.1777801513672,249.72999572753906,249.86000061035156,244.69000244140625,246.4499969482422,26491100
242.8033447265625,252.4600067138672,254.3000030517578,251.1699981689453,252.14999389648438,27032900
237.72531127929688,247.17999267578125,251.72999572753906,247.1199951171875,250.8699951171875,29299900
236.81161499023438,246.22999572753906,246.60000610351562,242.57000732421875,244.5500030517578,33641600
229.85818481445312,239.0,244.3800048828125,238.07000732421875,242.1699981689453,36684400
233.7340545654297,243.02999877929688,245.60000610351562,241.4199981689453,241.8000030517578,29624300
238.658203125,248.14999389648438,249.17999267578125,245.49000549316406,245.5800018310547,23901100
235.80177307128906,245.17999267578125,246.58999633789062,243.52000427246094,246.5500030517578,24970200
233.7821502685547,243.0800018310547,246.41000366210938,242.89999389648438,246.27000427246094,20168000
234.36053466796875,243.1199951171875,243.22999572753906,238.60000610351562,239.30999755859375,25739800
237.5994415283203,246.47999572753906,247.9499969482422,243.86000061035156,243.9600067138672,21800700
236.33665466308594,245.1699981689453,248.3300018310547,244.74000549316406,247.57000732421875,21863100
241.74456787109375,250.77999877929688,251.16000366210938,247.50999450683594,247.7899932861328,21411500
242.65066528320312,251.72000122070312,252.75,250.82000732421875,251.77000427246094,17704300
242.42893981933594,251.49000549316406,252.94000244140625,250.75,251.42999267578125,17771600
240.32748413085938,249.30999755859375,251.47999572753906,249.25,251.1699981689453,24426200
240.68414306640625,249.67999267578125,252.0800018310547,249.55999755859375,251.0,18270200
238.48631286621094,247.39999389648438,251.2899932861328,246.9600067138672,251.22999572753906,23213300
238.3899383544922,247.3000030517578,249.27000427246094,245.83999633789062,248.1300048828125,19406700
236.857177734375,245.7100067138672,246.33999633789062,243.0,245.22000122070312,25307700
241.75416564941406,250.7899932861328,251.64999389648438,247.50999450683594,247.75999450683594,25281100
244.66534423828125,253.80999755859375,254.08999633789062,249.80999755859375,249.97999572753906,23079200
243.47006225585938,252.57000732421875,256.010009765625,252.50999450683594,255.16000366210938,22455000
244.45330810546875,253.58999633789062,255.52999877929688,253.2100067138672,253.80999755859375,17937600
247.97178649902344,257.239990234375,257.4599914550781,253.6699981689453,254.2899932861328,24563600
248.598388671875,257.8900146484375,258.489990234375,256.6099853515625,257.989990234375,18999700
250.5263214111328,259.8900146484375,259.95001220703125,256.79998779296875,257.8999938964844,19150500
249.05140686035156,258.3599853515625,259.989990234375,257.67999267578125,259.7699890136719,18038900
248.1067657470703,257.3800048828125,260.5799865722656,254.4199981689453,259.3999938964844,27220000
251.49990844726562,260.8999938964844,261.75,256.010009765625,256.07000732421875,27565500
250.08291625976562,259.42999267578125,262.29998779296875,258.75,259.6300048828125,37202200
253.1676025390625,262.6300048828125,263.5199890136719,257.9200134277344,259.82000732421875,26696100
255.94381713867188,265.510009765625,265.7900085449219,262.3999938964844,262.7200012207031,24694100
255.71250915527344,265.2699890136719,266.8299865722656,264.42999267578125,265.989990234375,19518700
257.0812683105469,266.69000244140625,267.8500061035156,265.4700012207031,266.1600036621094,21446900
255.47146606445312,265.0199890136719,267.25,264.760009765625,266.2300109863281,25611100
259.0381774902344,268.7200012207031,268.8999938964844,265.9100036621094,266.19000244140625,19590000
261.62158203125,271.3999938964844,271.6499938964844,267.9800109863281,268.8699951171875,19937800
261.1396484375,270.8999938964844,271.3599853515625,269.6000061035156,270.69000244140625,21656500
261.8143615722656,271.6000061035156,271.8399963378906,269.6000061035156,269.6099853515625,16725300
267.6463928222656,277.6499938964844,278.0,272.5,272.82000732421875,26458000
267.6561279296875,277.6600036621094,279.3699951171875,274.29998779296875,278.0299987792969,31565600
269.84423828125,279.92999267578125,280.69000244140625,277.1499938964844,279.3999938964844,23260000
267.4247741699219,277.4200134277344,278.7300109863281,274.8699951171875,276.8999938964844,24618600
267.92596435546875,277.94000244140625,278.04998779296875,275.32000732421875,275.7200012207031,23916700
267.32830810546875,277.32000732421875,279.7699890136719,276.5799865722656,279.1600036621094,18931700
270.8564147949219,280.9800109863281,282.8500061035156,277.3900146484375,277.5199890136719,26120100
272.3313293457031,282.510009765625,283.6600036621094,280.54998779296875,282.3500061035156,23113700
270.9046630859375,281.0299987792969,282.510009765625,279.8299865722656,282.0,22604200
270.6346740722656,280.75,284.1000061035156,279.4599914550781,282.07000732421875,26186800
267.0295104980469,277.010009765625,280.3699951171875,274.45001220703125,278.92999267578125,32935600
269.2562255859375,279.32000732421875,280.9700012207031,276.260009765625,278.0299987792969,26259700
271.26129150390625,281.3999938964844,281.5199890136719,277.2900085449219,278.8999938964844,24364300
275.8305358886719,286.1400146484375,286.4200134277344,283.4200134277344,283.8399963378906,23384100
279.23333740234375,289.6700134277344,289.989990234375,286.5,287.3699951171875,22768100
278.63568115234375,289.04998779296875,289.69000244140625,286.6400146484375,289.0,23176100
276.2160949707031,286.5400085449219,289.5799865722656,282.95001220703125,289.42999267578125,33604100
275.90765380859375,286.2200012207031,290.1499938964844,283.8299865722656,288.989990234375,33566900
276.1776123046875,286.5,288.6199951171875,286.0799865722656,286.239990234375,18168300
274.64483642578125,284.9100036621094,286.6600036621094,283.9100036621094,285.1700134277344,20944800
274.5581359863281,284.82000732421875,286.7699890136719,283.739990234375,286.3599853515625,16267400
276.7751770019531,287.1199951171875,287.2300109863281,284.0,285.4200134277344,17879000
276.1871643066406,286.510009765625,287.5899963378906,284.6499938964844,286.2200012207031,16191300
279.0887451171875,289.5199890136719,289.6300048828125,286.1000061035156,286.8800048828125,13900200
279.0308837890625,289.4599914550781,289.5,287.6199951171875,288.510009765625,16589300
277.9415588378906,288.3299865722656,291.54998779296875,287.80999755859375,289.75,16117600
276.11968994140625,286.44000244140625,289.25,285.20001220703125,288.79998779296875,18616600
276.6113586425781,286.95001220703125,288.6600036621094,285.8599853515625,287.2099914550781,13955900
279.3682861328125,289.80999755859375,289.9700012207031,286.3399963378906,286.6300048828125,14561300
282.29876708984375,292.8500061035156,292.8999938964844,289.29998779296875,289.4800109863281,18249000
283.9857177734375,294.6000061035156,294.82000732421875,290.0199890136719,293.19000244140625,22507600
282.5205078125,293.0799865722656,293.42999267578125,291.0799865722656,292.3900146484375,20075300
280.79168701171875,290.7300109863281,294.82000732421875,290.2699890136719,292.0400085449219,21813000
286.6251220703125,296.7699890136719,297.4700012207031,288.6400146484375,288.69000244140625,29850500
293.95574951171875,304.3599853515625,305.8399963378906,298.05999755859375,299.7200012207031,40817600
294.2358093261719,304.6499938964844,305.3999938964844,301.8500061035156,303.25,22830200
292.2751770019531,302.6199951171875,305.6499938964844,302.0,305.0199890136719,18175800
291.6860656738281,302.010009765625,304.5899963378906,300.4200134277344,304.29998779296875,20006100
288.86590576171875,299.0899963378906,302.42999267578125,298.95001220703125,300.989990234375,17666100
289.474365234375,299.7200012207031,300.8699951171875,296.8299865722656,298.989990234375,22605700
293.2120666503906,303.5899963378906,304.2200012207031,301.05999755859375,301.1199951171875,16348100
291.5605163574219,301.8800048828125,304.5,301.5,304.4200134277344,26285300
291.5122375488281,301.8299865722656,305.19000244140625,301.489990234375,302.8699951171875,18983800
290.8554382324219,301.1499938964844,303.3599853515625,300.17999267578125,302.20001220703125,16285600
290.8457946777344,301.1400146484375,302.6000061035156,300.260009765625,300.989990234375,14747900
289.918701171875,300.17999267578125,301.0899963378906,298.20001220703125,301.010009765625,17180400
289.9476318359375,300.2099914550781,300.6099853515625,297.4700012207031,299.7799987792969,15046800
287.0888366699219,297.25,302.1400146484375,297.0,300.82000732421875,19927000
285.6014404296875,295.7099914550781,299.9200134277344,295.3800048828125,298.4200134277344,19633400
286.8376159667969,296.989990234375,298.5400085449219,294.0799865722656,297.54998779296875,23652900
289.5419921875,299.7900085449219,301.3900146484375,298.1000061035156,299.55999755859375,21853400
294.39990234375,304.82000732421875,305.32000732421875,301.82000732421875,303.260009765625,28356300
294.7864074707031,305.2200012207031,305.30999755859375,300.760009765625,303.760009765625,19550800
289.61920166015625,299.8699951171875,304.5,299.5299987792969,304.1700134277344,41372500
284.2396240234375,294.29998779296875,298.7200012207031,289.5199890136719,296.3299865722656,38278700
284.72247314453125,294.79998779296875,297.5400085449219,294.07000732421875,295.69000244140625,22364100
288.3733215332031,298.5799865722656,300.2200012207031,294.510009765625,296.7300109863281,26626300
289.3199157714844,299.55999755859375,300.8999938964844,297.5299987792969,298.8500061035156,18604600
289.11700439453125,299.3500061035156,299.79998779296875,296.92999267578125,298.2300109863281,14999000
284.1141357421875,294.1700134277344,296.4700012207031,292.94000244140625,296.1400146484375,23571700
273.82818603515625,283.5199890136719,290.7799987792969,282.75,289.79998779296875,43186200
274.291748046875,284.0,286.7699890136719,283.010009765625,285.1000061035156,26353700
272.2828063964844,281.9200134277344,287.8299865722656,281.6199951171875,285.7099914550781,32343600
279.2173767089844,289.1000061035156,289.9800109863281,281.2900085449219,282.1199951171875,30086300
273.4321594238281,283.1099853515625,287.75,280.25,287.3999938964844,31350700
278.8890380859375,288.760009765625,290.3999938964844,284.04998779296875,284.04998779296875,24993000
283.09033203125,293.1099853515625,293.6300048828125,285.510009765625,285.7799987792969,28002600
284.77081298828125,294.8500061035156,296.6400146484375,293.9200134277344,295.17999267578125,20430500
284.77081298828125,294.8500061035156,296.6400146484375,293.760009765625,296.2200012207031,17685700
284.17205810546875,294.2300109863281,297.9700012207031,292.75,292.9200134277344,19298600
282.8682556152344,292.8800048828125,295.44000244140625,292.3500061035156,295.3399963378906,17974100
286.1809387207031,296.30999755859375,297.2799987792969,293.489990234375,294.9100036621094,23416300
292.4007263183594,302.75,303.2699890136719,297.8299865722656,299.2099914550781,27262900
293.8108215332031,304.2099914550781,304.45001220703125,300.5199890136719,302.3399963378906,25384800
296.7856140136719,307.2900085449219,308.2099914550781,302.69000244140625,303.57000732421875,22729300
297.6935119628906,308.2300109863281,309.29998779296875,307.2200012207031,308.3500061035156,17682100
296.9014892578125,307.4100036621094,309.70001220703125,306.1099853515625,309.2099914550781,16537100
300.1369934082031,310.760009765625,311.0199890136719,306.3599853515625,307.1700134277344,16918100
298.5916748046875,309.1600036621094,311.0899963378906,307.79998779296875,310.3999938964844,17449300
297.59686279296875,308.1300048828125,309.3999938964844,306.4599914550781,309.3599853515625,17554500
299.5091247558594,310.1099853515625,312.3999938964844,308.6000061035156,311.0,28107300
312.1227722167969,323.1700134277344,326.1000061035156,316.0,316.0,52588700
313.2623596191406,324.3500061035156,324.8699951171875,321.3599853515625,324.3299865722656,26297900
320.2838439941406,331.6199951171875,332.0,323.8999938964844,324.1300048828125,34766000
318.11083984375,329.3699951171875,331.489990234375,326.3699951171875,331.3599853515625,27073200
321.74224853515625,333.1300048828125,333.45001220703125,330.0,330.30999755859375,26487100
322.5824890136719,334.0,334.8999938964844,330.6499938964844,333.8999938964844,21500100
324.9390869140625,336.44000244140625,336.5400085449219,329.510009765625,332.8900146484375,23992200
324.57208251953125,336.05999755859375,338.7900085449219,334.4200134277344,338.510009765625,22570100
325.47027587890625,336.989990234375,337.6499938964844,334.44000244140625,337.29998779296875,20897000
324.4659118652344,335.95001220703125,338.7200012207031,334.5299987792969,337.1099853515625,21307400
319.4918518066406,330.79998779296875,334.6300048828125,329.9200134277344,334.57000732421875,25500900
321.066162109375,332.42999267578125,333.7699890136719,330.510009765625,331.25,16849800
325.2095947265625,336.7200012207031,337.2300109863281,333.7900085449219,333.9200134277344,23831000
324.581787109375,336.07000732421875,337.8800048828125,334.0299987792969,337.5400085449219,16723000
327.9042053222656,339.510009765625,340.6700134277344,335.510009765625,335.67999267578125,20886800
328.12677001953125,339.1199951171875,342.19000244140625,338.0,338.94000244140625,19053400
330.20703125,341.2699890136719,342.45001220703125,337.1199951171875,338.17999267578125,22463500
331.9873046875,343.1099853515625,345.1000061035156,342.20001220703125,342.6400146484375,21963400
328.8136901855469,339.8299865722656,349.6700134277344,339.54998779296875,344.6199951171875,31031100
326.73345947265625,337.67999267578125,339.45001220703125,333.55999755859375,337.04998779296875,30427600
326.9559020996094,337.9100036621094,338.1600036621094,333.9100036621094,336.2799987792969,21661300
318.9927673339844,329.67999267578125,337.92999267578125,328.1199951171875,334.3500061035156,24217200
325.7174377441406,336.6300048828125,339.0299987792969,334.739990234375,334.94000244140625,28563500
319.8732604980469,330.5899963378906,337.7799987792969,328.989990234375,335.32000732421875,42885600
319.3797912597656,330.0799865722656,339.2799987792969,329.3900146484375,335.1300048828125,33337600
318.8088684082031,329.489990234375,333.489990234375,327.79998779296875,330.29998779296875,30766000
312.5389099121094,323.010009765625,332.70001220703125,318.0299987792969,331.989990234375,41779300
315.6158752441406,326.19000244140625,327.45001220703125,319.2300109863281,323.95001220703125,30032600
324.0628356933594,334.9200134277344,335.79998779296875,330.1000061035156,331.6400146484375,31021900
324.1112060546875,334.9700012207031,335.5,330.79998779296875,335.30999755859375,24761000
322.30181884765625,333.1000061035156,336.489990234375,332.1199951171875,334.4100036621094,22214200
331.4358825683594,342.5400085449219,343.0,334.7900085449219,334.9800109863281,38095700
328.3976745605469,339.3999938964844,343.7900085449219,339.0799865722656,340.67999267578125,28899400
317.6961669921875,328.3399963378906,334.6400146484375,324.1099853515625,333.2200012207031,44438700
323.8016052246094,334.6499938964844,335.19000244140625,324.5,328.6099853515625,35381100
314.36767578125,324.8999938964844,336.760009765625,323.0199890136719,335.7099914550781,35034800
313.3033752441406,323.79998779296875,324.9200134277344,317.25,320.8800048828125,47750300
309.53948974609375,319.9100036621094,322.79998779296875,317.57000732421875,320.04998779296875,28326500
316.6802978515625,327.2900085449219,327.7300109863281,319.79998779296875,323.2900085449219,24740600
322.39862060546875,333.20001220703125,333.6099853515625,325.75,328.29998779296875,24831500
323.84039306640625,334.69000244140625,336.3900146484375,332.7300109863281,332.75,19617800
331.3487854003906,342.45001220703125,342.4800109863281,335.42999267578125,335.4599914550781,19947000
330.1877136230469,341.25,343.80999755859375,340.32000732421875,343.1499938964844,15661500
330.864990234375,341.95001220703125,344.29998779296875,339.67999267578125,341.29998779296875,15042000
328.32025146484375,339.32000732421875,343.1300048828125,338.82000732421875,341.9100036621094,15994500
325.41754150390625,336.32000732421875,339.3599853515625,335.8500061035156,338.510009765625,18000800
323.8984069824219,334.75,338.0,329.7799987792969,335.3500061035156,28865100
318.34454345703125,329.010009765625,335.20001220703125,326.1199951171875,334.8299865722656,32674300
306.1239318847656,316.3800048828125,326.07000732421875,315.9800109863281,325.8599853515625,40054300
303.7048645019531,313.8800048828125,318.70001220703125,311.489990234375,313.1499938964844,39646100
303.85968017578125,314.0400085449219,316.5,310.0899963378906,314.1499938964844,32720000
304.0823059082031,314.2699890136719,314.7200012207031,304.69000244140625,309.489990234375,44289500
304.7693176269531,314.9800109863281,316.6099853515625,309.8900146484375,313.3800048828125,29386800
307.95263671875,318.2699890136719,323.4100036621094,317.0799865722656,319.6700134277344,34372200
294.919189453125,304.79998779296875,320.8800048828125,304.0,320.4700012207031,45366000
300.1441955566406,310.20001220703125,310.82000732421875,303.75,304.25,39846400
292.83892822265625,302.6499938964844,309.79998779296875,301.739990234375,304.07000732421875,42333200
293.4968566894531,303.3299865722656,313.9100036621094,302.70001220703125,306.2900085449219,45933900
291.8230285644531,301.6000061035156,311.6499938964844,301.1400146484375,309.07000732421875,35380700
286.4335632324219,296.0299987792969,304.1099853515625,295.6099853515625,302.69000244140625,57984400
286.7625732421875,296.3699951171875,297.1099853515625,276.04998779296875,292.20001220703125,85731500
279.1379699707031,288.489990234375,294.989990234375,285.1700134277344,291.5199890136719,72848600
287.09149169921875,296.7099914550781,308.5,293.0299987792969,307.989990234375,90428900
290.12005615234375,299.8399963378906,307.29998779296875,297.92999267578125,302.6600036621094,53481300
298.2671203613281,308.260009765625,308.4800109863281,294.45001220703125,300.2300109863281,49743700
300.8988952636719,310.9800109863281,312.3800048828125,306.3699951171875,308.95001220703125,46444500
298.7509765625,308.760009765625,310.6300048828125,305.1300048828125,310.4100036621094,40950400
303.29852294921875,313.4599914550781,315.1199951171875,308.8800048828125,309.6300048828125,36636000
291.484375,301.25,311.2300109863281,299.9599914550781,309.489990234375,43730000
296.0223388671875,305.94000244140625,308.79998779296875,299.9700012207031,300.2099914550781,35096500
291.19403076171875,300.95001220703125,307.8399963378906,299.8999938964844,306.1700134277344,28533300
294.68707275390625,304.55999755859375,305.55999755859375,299.95001220703125,301.25,32421200
301.12139892578125,311.2099914550781,311.92999267578125,307.3900146484375,309.8699951171875,31284700
292.5777282714844,302.3800048828125,309.1199951171875,300.70001220703125,304.0400085449219,45386200
285.4757385253906,295.0400085449219,304.2900085449219,294.2200012207031,303.19000244140625,39175600
285.43695068359375,295.0,296.760009765625,291.3500061035156,293.7699890136719,36359500
290.7296447753906,300.4700012207031,300.79998779296875,297.0199890136719,300.010009765625,27058300
290.39031982421875,299.5,300.8699951171875,293.67999267578125,298.3699951171875,29982100
281.88702392578125,290.7300109863281,296.79998779296875,290.0,296.3599853515625,32461600
279.1722412109375,287.92999267578125,293.8599853515625,286.30999755859375,293.04998779296875,34264000
278.9686279296875,287.7200012207031,291.5400085449219,284.5,285.0,41736100
271.74517822265625,280.2699890136719,291.70001220703125,280.1000061035156,290.17999267578125,37811200
285.6296081542969,294.5899963378906,295.1600036621094,271.5199890136719,272.510009765625,56989700
288.2668762207031,297.30999755859375,297.6300048828125,291.6499938964844,295.1400146484375,32546700
289.7018737792969,298.7900085449219,299.1400146484375,293.0,294.30999755859375,34627500
285.97869873046875,294.95001220703125,299.9700012207031,292.1499938964844,296.3999938964844,31217800
291.0592956542969,300.19000244140625,301.4700012207031,293.70001220703125,295.3599853515625,31873000
286.9191589355469,295.9200134277344,303.1300048828125,294.04998779296875,302.8900146484375,27314500
281.0434875488281,289.8599853515625,295.6600036621094,287.1700134277344,294.2900085449219,32356500
270.42657470703125,278.9100036621094,289.69000244140625,278.5299987792969,288.5299987792969,43157200
267.4596252441406,275.8500061035156,283.9599914550781,270.0,277.79998779296875,48159500
279.7248840332031,288.5,289.6000061035156,280.7799987792969,283.44000244140625,35204500
276.9034118652344,285.5899963378906,286.6000061035156,280.5799865722656,283.0199890136719,30628000
271.5512390136719,280.07000732421875,289.510009765625,279.42999267578125,287.9599914550781,27209300
268.03167724609375,276.44000244140625,285.3999938964844,275.82000732421875,280.3399963378906,30660700
278.4159240722656,287.1499938964844,287.82000732421875,278.7300109863281,280.3500061035156,34245100
285.43572998046875,294.3900146484375,294.57000732421875,283.20001220703125,289.1099853515625,37826300
286.2405090332031,295.2200012207031,295.6099853515625,289.3699951171875,293.2900085449219,30816600
291.2919616699219,300.42999267578125,301.0,292.7300109863281,295.3699951171875,43390600
290.0606384277344,299.1600036621094,300.1400146484375,294.8999938964844,298.8900146484375,28351200
294.8115539550781,304.05999755859375,305.0,298.7699890136719,299.79998779296875,27599700
290.380615234375,299.489990234375,303.2300109863281,297.7200012207031,300.510009765625,25715400
294.850341796875,304.1000061035156,304.20001220703125,298.32000732421875,299.1400146484375,24484500
294.443115234375,303.67999267578125,305.5,299.2900085449219,305.2300109863281,22566500
301.2496643066406,310.70001220703125,310.79998779296875,304.3299865722656,304.3299865722656,29578200
305.81634521484375,315.4100036621094,315.82000732421875,309.04998779296875,313.9100036621094,30393400
304.3135070800781,313.8599853515625,315.95001220703125,311.5799865722656,313.760009765625,28163600
298.93231201171875,308.30999755859375,315.1400146484375,307.8900146484375,313.8999938964844,33422100
300.0085144042969,309.4200134277344,310.1300048828125,305.5400085449219,309.3699951171875,27110500
305.38970947265625,314.9700012207031,315.1099853515625,309.7099914550781,310.0899963378906,24289600
301.4241638183594,310.8800048828125,314.8699951171875,309.8699951171875,313.2699890136719,23156700
290.39031982421875,299.5,307.0,296.7099914550781,305.19000244140625,40110400
292.2033386230469,301.3699951171875,303.6499938964844,296.3500061035156,296.6600036621094,31411200
287.937255859375,296.9700012207031,301.1199951171875,296.2799987792969,300.44000244140625,24361900
276.58349609375,285.260009765625,292.6099853515625,285.0,291.7900085449219,34569300
273.480712890625,282.05999755859375,290.739990234375,280.489990234375,289.239990234375,30966700
278.87158203125,287.6199951171875,288.5799865722656,281.29998779296875,282.7300109863281,21907200
271.3185729980469,279.8299865722656,288.30999755859375,279.32000732421875,288.0899963378906,28221600
271.9875183105469,280.5199890136719,282.4599914550781,278.3399963378906,278.9100036621094,20778000
276.6221618652344,285.29998779296875,286.1700134277344,278.4100036621094,279.3800048828125,22297700
277.64996337890625,286.3599853515625,289.70001220703125,285.3699951171875,289.3999938964844,22906700
272.268798828125,280.80999755859375,293.29998779296875,280.05999755859375,288.5799865722656,29454600
265.6950378417969,274.0299987792969,283.20001220703125,273.3800048828125,281.67999267578125,29405800
272.1814880371094,280.7200012207031,281.1099853515625,270.7699890136719,273.2900085449219,35678900
262.00091552734375,270.2200012207031,278.3599853515625,270.0,277.5,46518400
274.6055603027344,283.2200012207031,290.9700012207031,279.1600036621094,282.1000061035156,63477700
280.82049560546875,289.6300048828125,290.9800109863281,281.4599914550781,285.19000244140625,33646600
269.078857421875,277.5199890136719,289.8800048828125,276.5,288.6099853515625,37073900
275.8175048828125,284.4700012207031,284.94000244140625,276.2200012207031,277.7099914550781,35151100
273.2092590332031,281.7799987792969,284.1300048828125,280.1499938964844,283.9599914550781,25978600
281.159912109375,289.9800109863281,290.8800048828125,276.7300109863281,282.5899963378906,33599300
268.9140319824219,277.3500061035156,286.3500061035156,274.3399963378906,285.5400085449219,43260400
266.37371826171875,274.7300109863281,279.25,271.2699890136719,274.80999755859375,37780300
256.5324401855469,264.5799865722656,272.3599853515625,263.32000732421875,270.05999755859375,47726000
261.3028259277344,269.5,273.75,265.07000732421875,271.69000244140625,39336400
252.6250457763672,260.54998779296875,271.3599853515625,259.29998779296875,265.67999267578125,48975900
247.58316040039062,255.35000610351562,259.8800048828125,250.02000427246094,257.69000244140625,51033800
253.17767333984375,261.1199951171875,263.0400085449219,255.35000610351562,257.3500061035156,34925100
253.54612731933594,261.5,265.82000732421875,255.77999877929688,259.9599914550781,32550900
258.7043151855469,266.82000732421875,268.3299865722656,262.4599914550781,266.1099853515625,28828800
246.9256134033203,254.0800018310547,263.6000061035156,252.77000427246094,263.0,31356000
246.0120391845703,253.13999938964844,257.6700134277344,251.8800048828125,253.89999389648438,32692300
245.44837951660156,252.55999755859375,258.5400085449219,246.44000244140625,257.239990234375,39199300
253.31057739257812,260.6499938964844,261.5,253.42999267578125,255.49000549316406,33175400
252.3095245361328,259.6199951171875,261.3299865722656,253.5,257.8900146484375,29043900
255.12794494628906,262.5199890136719,264.5799865722656,257.1300048828125,258.1400146484375,28547900
258.4127197265625,265.8999938964844,267.1099853515625,261.42999267578125,262.2699890136719,25002100
265.5460510253906,273.239990234375,273.3399963378906,267.55999755859375,268.4800109863281,26910800
264.21466064453125,271.8699951171875,274.7699890136719,268.92999267578125,272.5299987792969,37827700
264.74920654296875,272.4200134277344,277.69000244140625,270.0400085449219,275.20001220703125,25292200
266.84832763671875,274.5799865722656,274.6499938964844,261.6000061035156,264.45001220703125,44008200
262.41668701171875,270.0199890136719,273.45001220703125,268.4100036621094,270.30999755859375,28059000
261.1824951171875,268.75,274.17999267578125,267.2200012207031,272.05999755859375,22400300
264.8268737792969,272.5,273.1300048828125,265.94000244140625,266.6400146484375,22860700
262.7957458496094,270.4100036621094,273.0,269.6099853515625,271.7099914550781,17372300
257.3340148925781,264.7900085449219,272.7099914550781,264.6300048828125,267.7799987792969,26439700
245.8662872314453,252.99000549316406,260.5799865722656,252.52999877929688,260.5799865722656,31422800
235.4384002685547,242.25999450683594,249.02000427246094,241.52999877929688,245.11000061035156,46135800
237.60562133789062,244.49000549316406,245.74000549316406,241.50999450683594,243.86000061035156,28651500
244.67091369628906,251.75999450683594,255.3000030517578,246.4199981689453,248.30999755859375,33111700
238.0720672607422,244.97000122070312,247.4199981689453,243.02000427246094,245.97999572753906,33169200
240.6766357421875,247.64999389648438,250.5,244.02999877929688,244.6999969482422,43084800
246.59515380859375,253.74000549316406,254.75,249.50999450683594,250.25999450683594,29928300
246.0023193359375,253.1300048828125,257.1700134277344,250.3699951171875,251.88999938964844,25939900
251.57098388671875,258.8599853515625,259.3699951171875,253.6300048828125,255.57000732421875,25861400
260.162109375,267.70001220703125,267.9800109863281,261.7200012207031,261.80999755859375,33923200
257.43115234375,264.8900146484375,268.29998779296875,263.2799987792969,268.2099914550781,24615100
249.25802612304688,256.4800109863281,266.9100036621094,256.32000732421875,263.9800109863281,27295500
252.93154907226562,260.260009765625,261.9700012207031,255.75999450683594,257.5899963378906,20069800
249.59814453125,256.8299865722656,259.5299987792969,252.89999389648438,257.04998779296875,31730900
252.2707061767578,259.5799865722656,259.7699890136719,254.61000061035156,256.3900146484375,22837700
255.44862365722656,262.8500061035156,262.9800109863281,254.74000549316406,256.1600036621094,22941000
258.7140197753906,266.2099914550781,267.989990234375,262.3999938964844,263.75,23824400
260.84234619140625,268.3999938964844,269.05999755859375,265.0199890136719,265.1199951171875,20859900
260.12322998046875,267.6600036621094,268.1000061035156,263.2900085449219,264.7900085449219,19658800
257.0618591308594,264.510009765625,266.5299987792969,262.17999267578125,265.6499938964844,19455200
246.5271453857422,253.6699981689453,265.94000244140625,252.0399932861328,265.8800048828125,35868500
245.60391235351562,252.72000122070312,253.5500030517578,248.11000061035156,250.19000244140625,29497400
246.9256134033203,254.0800018310547,255.13999938964844,245.94000244140625,250.57000732421875,25102800
249.49122619628906,256.7200012207031,260.3699951171875,254.77000427246094,255.72000122070312,29774100
247.09080505371094,254.25,260.8399963378906,253.3000030517578,259.75,20975000
252.2221221923828,259.5299987792969,259.7200012207031,253.67999267578125,257.5799865722656,25012600
254.88502502441406,262.2699890136719,264.8699951171875,258.9100036621094,259.8999938964844,22788300
257.382568359375,264.8399963378906,264.8900146484375,257.0299987792969,259.7900085449219,22404700
253.0287322998047,260.3599853515625,265.3299865722656,259.07000732421875,265.239990234375,21881300
251.5418243408203,258.8299865722656,261.5,256.80999755859375,261.0,21056000
244.80694580078125,251.89999389648438,259.8800048828125,249.57000732421875,259.8599853515625,39348000
261.17279052734375,268.739990234375,270.04998779296875,258.8500061035156,261.1600036621094,45994000
268.6268310546875,276.4100036621094,277.8399963378906,267.8699951171875,269.75,33459300
272.8348388671875,280.739990234375,282.0,276.6300048828125,277.70001220703125,32152800
270.1817626953125,278.010009765625,281.2799987792969,275.8399963378906,277.82000732421875,21539600
267.0815734863281,274.82000732421875,277.8900146484375,272.3800048828125,276.0,22754200
274.51611328125,282.4700012207031,283.5,276.6099853515625,276.760009765625,23518900
275.6629333496094,283.6499938964844,283.79998779296875,280.1700134277344,281.79998779296875,18098700
274.9438171386719,282.9100036621094,283.6499938964844,278.67999267578125,279.1499938964844,16774600
272.4267578125,280.32000732421875,285.9200134277344,279.32000732421875,284.04998779296875,18739200
274.3509521484375,282.29998779296875,283.0799865722656,277.6099853515625,279.6400146484375,23405200
281.0177917480469,289.1600036621094,289.80999755859375,286.94000244140625,288.1700134277344,24687800
278.9380187988281,287.0199890136719,291.2099914550781,286.510009765625,290.8500061035156,20065900
283.69036865234375,291.9100036621094,291.9100036621094,286.94000244140625,288.4800109863281,22619700
285.2065124511719,293.4700012207031,294.17999267578125,290.1099853515625,291.0,18085700
284.4678649902344,292.7099914550781,294.0400085449219,290.4200134277344,291.989990234375,18102900
283.7179260253906,291.32000732421875,293.3500061035156,289.4700012207031,289.739990234375,18253400
282.5979309082031,290.1700134277344,291.9100036621094,289.0799865722656,290.19000244140625,17186200
278.682861328125,286.1499938964844,289.25,285.55999755859375,288.8999938964844,20570000
270.50201416015625,277.75,282.4599914550781,277.2200012207031,282.0799865722656,25061100
269.2262268066406,276.44000244140625,278.8599853515625,275.3999938964844,276.44000244140625,17527400
268.5932312011719,275.7900085449219,277.2300109863281,275.1099853515625,275.4100036621094,18137000
271.5733337402344,278.8500061035156,279.0199890136719,274.5199890136719,277.3299865722656,16583400
261.0941162109375,268.0899963378906,280.3399963378906,267.9800109863281,279.0799865722656,27549300
258.30877685546875,265.2300109863281,267.3999938964844,263.8500061035156,265.8500061035156,20338500
256.107666015625,262.9700012207031,267.04998779296875,260.6600036621094,266.6700134277344,22767100
254.64688110351562,261.4700012207031,267.1099853515625,261.3299865722656,265.3900146484375,24791800
253.6047821044922,260.3999938964844,260.8900146484375,255.41000366210938,258.8699951171875,23263400
249.37803649902344,256.05999755859375,264.739990234375,254.47000122070312,261.70001220703125,22855400
246.64137268066406,253.25,257.8299865722656,251.94000244140625,256.20001220703125,21328200
251.35507202148438,258.0899963378906,258.8299865722656,253.22000122070312,254.6999969482422,24126700
251.77386474609375,258.5199890136719,260.42999267578125,254.7899932861328,257.510009765625,20319900
257.558837890625,264.4599914550781,265.2300109863281,260.2900085449219,260.5,22084700
259.6916198730469,266.6499938964844,267.45001220703125,265.1600036621094,265.7799987792969,18747700
245.4142608642578,251.99000549316406,260.3999938964844,251.58999633789062,258.8399963378906,33353300
245.6382293701172,252.22000122070312,254.22999572753906,249.86000061035156,253.52999877929688,23913000
238.97674560546875,245.3800048828125,251.39999389648438,244.02000427246094,249.77000427246094,31530900
238.35342407226562,244.74000549316406,245.3000030517578,242.05999755859375,244.25999450683594,39791800
238.13917541503906,244.52000427246094,245.13999938964844,240.85000610351562,242.47000122070312,26826900
236.12319946289062,242.4499969482422,243.50999450683594,239.63999938964844,242.07000732421875,26660300
232.71449279785156,238.9499969482422,247.66000366210938,238.89999389648438,244.27000427246094,28625600
234.69155883789062,240.97999572753906,243.86000061035156,237.57000732421875,237.8699951171875,31061200
231.71139526367188,237.9199981689453,241.1300048828125,235.1999969482422,239.5399932861328,34176000
231.25367736816406,237.4499969482422,241.4499969482422,236.89999389648438,237.0500030517578,27694200
230.24082946777344,236.41000366210938,241.8000030517578,234.5,239.97999572753906,27018700
234.77923583984375,241.07000732421875,242.3300018310547,234.72999572753906,236.80999755859375,29029700
231.3023681640625,237.5,239.9499969482422,234.41000366210938,238.88999938964844,27484200
226.82240295410156,232.89999389648438,240.5399932861328,232.72999572753906,238.2899932861328,35694800
234.45782470703125,240.74000549316406,241.61000061035156,234.66000366210938,235.41000366210938,28880400
242.38540649414062,248.8800048828125,250.36000061035156,244.97999572753906,245.08999633789062,34888400
242.69705200195312,249.1999969482422,250.5800018310547,244.10000610351562,245.99000549316406,20347100
240.34994506835938,246.7899932861328,250.33999633789062,246.0800018310547,247.92999267578125,20239900
228.12747192382812,234.24000549316406,241.32000732421875,233.1699981689453,240.89999389648438,37769600
223.26763916015625,229.25,234.55999755859375,226.72999572753906,233.0500030517578,29743600
219.5278778076172,225.41000366210938,229.05999755859375,224.11000061035156,227.6199951171875,30474000
219.85899353027344,225.75,227.86000061035156,223.9600067138672,225.39999389648438,21903900
228.12747192382812,234.24000549316406,236.10000610351562,219.1300048828125,219.85000610351562,42551800
222.59564208984375,228.55999755859375,237.24000549316406,228.33999633789062,235.5399932861328,30198600
231.3315887451172,237.52999877929688,238.9600067138672,235.13999938964844,235.82000732421875,28142300
232.27627563476562,238.5,243.92999267578125,235.3699951171875,243.24000549316406,26329600
230.3089599609375,236.47999572753906,239.61000061035156,234.2899932861328,237.0399932861328,19985700
229.9875946044922,236.14999389648438,241.30999755859375,234.8699951171875,235.77000427246094,21811000
235.8018035888672,242.1199951171875,243.0,234.5,234.74000549316406,26299700
240.79794311523438,247.25,247.83999633789062,241.3000030517578,243.75999450683594,24911200
244.1189727783203,250.66000366210938,251.0399932861328,245.8300018310547,247.25999450683594,34775500
225.28363037109375,231.32000732421875,238.3000030517578,230.05999755859375,231.1699981689453,82543200
220.8328857421875,226.75,233.69000244140625,225.77999877929688,231.0399932861328,40424600
229.71490478515625,235.8699951171875,236.60000610351562,226.0500030517578,226.24000549316406,40647700
226.07254028320312,232.1300048828125,234.9199981689453,231.14999389648438,233.75999450683594,28357300
222.21583557128906,228.1699981689453,235.74000549316406,227.3300018310547,234.60000610351562,30592300
214.35643005371094,220.10000610351562,231.3000030517578,220.0399932861328,229.4600067138672,38407000
208.6590576171875,214.25,220.41000366210938,213.97999572753906,220.08999633789062,36633900
215.61273193359375,221.38999938964844,221.58999633789062,213.42999267578125,217.5500030517578,36789100
221.92364501953125,227.8699951171875,228.41000366210938,221.27999877929688,221.99000549316406,33498000
222.89755249023438,228.8699951171875,231.64999389648438,225.83999633789062,228.6999969482422,28192500
218.65133666992188,224.50999450683594,228.6300048828125,224.3300018310547,227.3699951171875,27852900
236.6393280029297,242.97999572753906,243.3300018310547,235.0,235.42999267578125,46268000
240.66160583496094,247.11000061035156,247.99000549316406,241.92999267578125,242.99000549316406,34620200
235.24668884277344,241.5500030517578,243.91000366210938,239.2100067138672,241.99000549316406,31123300
235.6556854248047,241.97000122070312,247.0,240.02999877929688,245.66000366210938,31390100
236.08544921875,241.72999572753906,243.8000030517578,240.4199981689453,242.7899932861328,24093300
236.03660583496094,241.67999267578125,243.25,237.6300048828125,237.77999877929688,23123500
235.5873565673828,241.22000122070312,243.74000549316406,239.02999877929688,243.50999450683594,27613500
236.3979949951172,242.0500030517578,244.6699981689453,241.19000244140625,241.42999267578125,26394700
239.30838012695312,245.02999877929688,245.30999755859375,240.7100067138672,243.58999633789062,19665700
241.798828125,247.5800018310547,248.27999877929688,244.27000427246094,245.11000061035156,19508500
241.7109375,247.49000549316406,248.6999969482422,246.72999572753906,247.30999755859375,9200800
236.1147003173828,241.75999450683594,246.64999389648438,240.8000030517578,246.0800018310547,24778200
234.7181396484375,240.3300018310547,242.7899932861328,238.2100067138672,241.39999389648438,17956300
249.1823272705078,255.13999938964844,255.3300018310547,239.86000061035156,240.57000732421875,47594200
248.74281311035156,254.69000244140625,256.1199951171875,250.9199981689453,253.8699951171875,26041500
249.0651397705078,255.02000427246094,256.05999755859375,249.69000244140625,249.82000732421875,21528500
244.35765075683594,250.1999969482422,253.82000732421875,248.05999755859375,252.00999450683594,23435300
239.3962860107422,245.1199951171875,251.86000061035156,243.77999877929688,250.82000732421875,22463700
238.66380310058594,244.3699951171875,246.16000366210938,242.2100067138672,244.8300018310547,20481500
241.623046875,247.39999389648438,248.74000549316406,243.05999755859375,244.83999633789062,22611800
239.68927001953125,245.4199981689453,248.30999755859375,244.16000366210938,244.6999969482422,20609700
246.61370849609375,252.50999450683594,252.5399932861328,247.1699981689453,247.4499969482422,30665100
250.92074584960938,256.9200134277344,263.9200134277344,253.07000732421875,261.69000244140625,42196900
251.2137451171875,257.2200012207031,262.5899963378906,254.30999755859375,257.1300048828125,35410900
243.19544982910156,249.00999450683594,254.1999969482422,247.33999633789062,253.72000122070312,35560400
238.97634887695312,244.69000244140625,249.83999633789062,243.50999450683594,248.5500030517578,86102000
234.8353271484375,240.4499969482422,245.2100067138672,238.7100067138672,244.86000061035156,29696400
236.15382385253906,241.8000030517578,242.91000366210938,238.4199981689453,239.39999389648438,25150800
238.72239685058594,244.42999267578125,245.6199951171875,240.11000061035156,241.69000244140625,23690600
232.62811279296875,238.19000244140625,241.99000549316406,233.8699951171875,241.25999450683594,28651700
233.15550231933594,238.72999572753906,238.8699951171875,233.94000244140625,236.11000061035156,21207000
231.4268341064453,236.9600067138672,238.92999267578125,235.8300018310547,238.6999969482422,16688600
229.0535430908203,234.52999877929688,239.72000122070312,234.1699981689453,236.88999938964844,17457100
235.3822479248047,241.00999450683594,241.9199981689453,235.64999389648438,235.64999389648438,19770700
234.2200164794922,239.82000732421875,239.9600067138672,236.66000366210938,238.2100067138672,21938500
233.98562622070312,239.5800018310547,245.75,237.39999389648438,243.0800018310547,25740000
223.7503662109375,229.10000610351562,232.8699951171875,225.9600067138672,232.27999877929688,50623400
217.11892700195312,222.30999755859375,227.5500030517578,221.75999450683594,227.1999969482422,39585600
219.677734375,224.92999267578125,225.75999450683594,219.35000610351562,223.0,43613600
221.8166046142578,227.1199951171875,231.24000549316406,226.41000366210938,226.4499969482422,27369800
223.50621032714844,228.85000610351562,231.30999755859375,227.3300018310547,227.75999450683594,27033900
230.26463317871094,235.77000427246094,235.9499969482422,231.11000061035156,231.2899932861328,28669300
232.9406280517578,238.50999450683594,239.89999389648438,233.55999755859375,235.25999450683594,27269500
233.64381408691406,239.22999572753906,239.3699951171875,234.9199981689453,237.0,21333300
234.73768615722656,240.35000610351562,240.91000366210938,237.08999633789062,237.97000122070312,29831300
230.30364990234375,235.80999755859375,242.3800048828125,235.52000427246094,241.57000732421875,30028700
226.5142822265625,231.92999267578125,235.52000427246094,230.67999267578125,233.77999877929688,28623000
234.61070251464844,240.22000122070312,240.74000549316406,234.50999450683594,234.86000061035156,35389800
236.9156036376953,242.5800018310547,245.1699981689453,239.64999389648438,241.10000610351562,31934000
236.38821411132812,242.0399932861328,243.9499969482422,240.44000244140625,242.5,40234400
234.99159240722656,240.61000061035156,243.3000030517578,230.89999389648438,234.47999572753906,66526600
242.20901489257812,248.0,248.30999755859375,242.0,243.64999389648438,33454500
242.3653106689453,248.16000366210938,249.8300018310547,246.8300018310547,248.99000549316406,26498900
237.0425567626953,242.7100067138672,245.60000610351562,242.1999969482422,244.50999450683594,25867400
242.02346801757812,247.80999755859375,247.9499969482422,242.9499969482422,243.4499969482422,26541100
246.84812927246094,252.75,255.17999267578125,245.47000122070312,248.0,31259900
258.4214172363281,264.6000061035156,264.69000244140625,257.25,258.82000732421875,39940400
252.3173370361328,258.3500061035156,264.20001220703125,257.1000061035156,259.5400085449219,29077300
250.7742462158203,256.7699890136719,258.29998779296875,254.77999877929688,257.44000244140625,22518000
261.312255859375,267.55999755859375,268.7699890136719,260.0799865722656,260.5299987792969,50841400
260.501708984375,266.7300109863281,276.760009765625,266.2099914550781,273.20001220703125,54686000
257.4643249511719,263.6199951171875,273.9800109863281,262.79998779296875,273.79998779296875,42375100
256.9564208984375,263.1000061035156,264.0899963378906,260.6600036621094,261.5299987792969,25818500
264.9845275878906,271.32000732421875,274.6000061035156,267.1499938964844,267.6400146484375,44630900
265.814697265625,272.1700134277344,274.9700012207031,269.2799987792969,272.6700134277344,37047900
263.6900634765625,269.32000732421875,270.7300109863281,266.17999267578125,268.32000732421875,28922400
256.669921875,262.1499938964844,266.739990234375,261.8999938964844,264.0199890136719,29603600
252.66539001464844,258.05999755859375,260.0899963378906,256.0,259.3900146484375,30000100
247.3880615234375,252.6699981689453,255.49000549316406,251.58999633789062,254.47999572753906,28397400
246.2523193359375,251.50999450683594,254.33999633789062,250.33999633789062,254.08999633789062,22491100
249.4441680908203,254.77000427246094,256.8399963378906,250.47999572753906,255.55999755859375,29219100
244.0101776123047,249.22000122070312,251.0,248.10000610351562,249.9600067138672,24990900
244.9305419921875,250.16000366210938,252.82000732421875,249.38999938964844,252.4600067138672,21190000
244.20599365234375,249.4199981689453,251.49000549316406,248.72999572753906,249.07000732421875,22491000
241.12185668945312,246.27000427246094,250.92999267578125,245.7899932861328,250.75999450683594,27565300
245.8606719970703,251.11000061035156,251.39999389648438,245.61000061035156,246.5500030517578,24808200
249.95330810546875,255.2899932861328,255.6199951171875,251.38999938964844,252.19000244140625,30760100
251.50025939941406,256.8699951171875,260.1199951171875,255.97999572753906,256.42999267578125,24109800
248.8371124267578,254.14999389648438,257.69000244140625,253.38999938964844,256.29998779296875,21473200
248.3965301513672,253.6999969482422,254.5399932861328,250.80999755859375,254.0399932861328,17340200
247.04539489746094,252.32000732421875,259.55999755859375,251.5800018310547,255.82000732421875,26653400
243.39337158203125,248.58999633789062,252.7899932861328,247.60000610351562,251.0800018310547,28333900
248.61192321777344,253.9199981689453,257.9100036621094,245.72999572753906,247.39999389648438,33339700
255.33834838867188,260.7900085449219,261.07000732421875,255.86000061035156,256.75,33620300
259.89117431640625,265.44000244140625,266.4800109863281,259.2099914550781,259.9800109863281,46028000
270.4262390136719,276.20001220703125,276.55999755859375,263.2799987792969,265.2099914550781,54768800
273.5886535644531,279.42999267578125,283.3299865722656,276.32000732421875,278.260009765625,69527400
266.5392150878906,272.2300109863281,277.4800109863281,269.8500061035156,276.9800109863281,43466600
268.0567932128906,273.7799987792969,275.0,269.5199890136719,274.8800048828125,34558700
266.59796142578125,272.2900085449219,281.0400085449219,272.17999267578125,273.3999938964844,34873300
271.855712890625,277.6600036621094,281.05999755859375,275.20001220703125,277.94000244140625,36610900
274.7048645019531,280.57000732421875,280.6300048828125,275.2799987792969,277.239990234375,28172000
270.6024169921875,276.3800048828125,281.4599914550781,275.5199890136719,280.5,26840200
269.4764709472656,275.2300109863281,276.1400146484375,272.04998779296875,275.7900085449219,21878600
274.6460876464844,280.510009765625,281.1400146484375,278.4100036621094,278.9599914550781,25087000
278.112060546875,284.04998779296875,284.4599914550781,281.4800109863281,284.2300109863281,25053400
282.27325439453125,288.29998779296875,289.2699890136719,283.0,283.7300109863281,32766000
281.22564697265625,287.2300109863281,288.2699890136719,283.95001220703125,286.5199890136719,24883300
281.1766357421875,287.17999267578125,290.45001220703125,285.6700134277344,287.2300109863281,25824300
278.39593505859375,284.3399963378906,287.1499938964844,282.9200134277344,285.8500061035156,22064800
285.5042419433594,291.6000061035156,292.0799865722656,282.0299987792969,283.2099914550781,29770300
283.34051513671875,289.3900146484375,289.6000061035156,284.7099914550781,289.2099914550781,23103000
276.9176025390625,282.8299865722656,285.9800109863281,281.6400146484375,285.75,27276600
277.5638427734375,283.489990234375,287.010009765625,281.9599914550781,284.7900085449219,27403400
283.7810363769531,289.8399963378906,289.8999938964844,283.1700134277344,283.5899963378906,24222700
280.15838623046875,286.1400146484375,288.4800109863281,283.69000244140625,287.0,20987900
282.76275634765625,288.79998779296875,291.6000061035156,286.1600036621094,289.92999267578125,23836200
282.3417663574219,288.3699951171875,291.760009765625,287.010009765625,291.57000732421875,20161800
282.42010498046875,288.45001220703125,289.04998779296875,284.5400085449219,285.989990234375,17150300
280.12896728515625,286.1099853515625,289.0299987792969,285.0799865722656,285.25,23244400
279.7864074707031,285.760009765625,286.2699890136719,283.05999755859375,285.010009765625,21676400
275.8797302246094,281.7699890136719,284.95001220703125,278.7200012207031,282.0899963378906,26611000
269.6624755859375,275.4200134277344,281.6000061035156,275.3699951171875,279.510009765625,45772200
289.1954650878906,295.3699951171875,299.57000732421875,292.7300109863281,296.70001220703125,64599200
298.45770263671875,304.8299865722656,305.20001220703125,295.25,295.9700012207031,46462600
300.8368835449219,307.260009765625,308.92999267578125,303.30999755859375,304.010009765625,36469600
299.1724548339844,305.55999755859375,308.6000061035156,305.1499938964844,306.9700012207031,21294100
299.0255432128906,305.4100036621094,309.17999267578125,303.9100036621094,307.760009765625,26404400
298.0366516113281,304.3999938964844,308.6099853515625,304.0899963378906,306.6199951171875,22360800
299.0255432128906,305.4100036621094,307.760009765625,303.3999938964844,306.239990234375,22519900
304.156005859375,310.6499938964844,311.9700012207031,304.2699890136719,305.7200012207031,28197100
302.19781494140625,308.6499938964844,310.20001220703125,306.0899963378906,310.1300048828125,21318600
300.58233642578125,307.0,310.0400085449219,306.30999755859375,308.0,21340800
305.78131103515625,312.30999755859375,313.0,307.6700134277344,308.6199951171875,30078000
303.6272888183594,310.1099853515625,311.1199951171875,306.260009765625,310.1000061035156,31680200
302.5111389160156,308.9700012207031,310.6499938964844,306.6000061035156,310.54998779296875,19774700
302.99090576171875,309.4599914550781,309.8999938964844,307.5899963378906,309.1000061035156,16336500
305.2232971191406,311.739990234375,313.7099914550781,309.8299865722656,309.8299865722656,26730300
308.1080627441406,314.0,314.42999267578125,310.739990234375,312.2900085449219,24315000
312.5432434082031,318.5199890136719,319.0400085449219,313.7200012207031,314.5299987792969,27276000
312.3666076660156,318.3399963378906,318.75,316.3699951171875,316.739990234375,27546700
315.1533508300781,321.17999267578125,322.5899963378906,318.010009765625,318.6000061035156,24115700
309.3444519042969,315.260009765625,322.7200012207031,315.25,320.0299987792969,30797200
307.96087646484375,313.8500061035156,316.5,312.6099853515625,314.7300109863281,23384900
319.8044128417969,325.9200134277344,326.8999938964844,320.0,323.239990234375,43301700
326.6436462402344,332.8900146484375,333.3999938964844,323.8800048828125,324.0199890136719,36630600
324.99517822265625,331.2099914550781,335.739990234375,330.5199890136719,335.2300109863281,29503100
322.2280578613281,328.3900146484375,335.94000244140625,327.3299865722656,332.2900085449219,45950600
326.3393859863281,332.5799865722656,333.5299987792969,324.7200012207031,325.92999267578125,26773900
329.10650634765625,335.3999938964844,337.5,332.54998779296875,334.25,25873800
329.6363830566406,335.94000244140625,338.55999755859375,334.6600036621094,335.2200012207031,21307100
327.4188232421875,333.67999267578125,335.3699951171875,332.1700134277344,335.3299865722656,20396200
317.31201171875,323.3800048828125,334.489990234375,322.5,331.6499938964844,40717100
319.1567687988281,325.260009765625,326.6400146484375,323.3500061035156,323.94000244140625,23277700
320.65814208984375,326.7900085449219,329.989990234375,324.4100036621094,324.989990234375,22529000
325.6231384277344,331.8500061035156,332.1000061035156,325.1600036621094,328.5799865722656,24260300
328.01739501953125,334.2900085449219,336.9800109863281,330.3900146484375,334.4700012207031,22951300
331.0101318359375,337.3399963378906,339.0400085449219,332.80999755859375,334.3399963378906,26003800
341.5682373046875,348.1000061035156,349.8399963378906,337.20001220703125,337.4800109863281,38899100
335.9064025878906,342.3299865722656,351.4700012207031,341.95001220703125,351.32000732421875,46552000
331.7068176269531,338.04998779296875,342.0799865722656,335.8599853515625,339.30999755859375,26375400
327.3010559082031,333.55999755859375,337.7300109863281,332.07000732421875,336.3699951171875,25117800
333.33563232421875,339.7099914550781,340.1199951171875,333.3399963378906,334.1199951171875,23556800
328.7336120605469,335.0199890136719,337.9599914550781,333.45001220703125,334.3599853515625,23146900
322.43414306640625,328.6000061035156,336.1099853515625,328.489990234375,333.7200012207031,21520600
328.2920837402344,334.57000732421875,336.1499938964844,329.29998779296875,331.8599853515625,24354100
329.5481262207031,335.8500061035156,337.9800109863281,333.80999755859375,334.6600036621094,20259500
328.7630615234375,335.04998779296875,336.1099853515625,332.6199951171875,334.7099914550781,16997000
334.15008544921875,340.5400085449219,342.7300109863281,337.20001220703125,337.75,26832800
331.64788818359375,337.989990234375,340.8999938964844,336.57000732421875,339.19000244140625,12508700
331.80487060546875,338.1499938964844,341.6499938964844,334.7300109863281,335.0899963378906,18172400
334.86639404296875,341.2699890136719,342.989990234375,335.5,337.29998779296875,28161200
330.8923645019531,337.2200012207031,341.7900085449219,337.0,339.32000732421875,21214800
325.603515625,331.8299865722656,335.2300109863281,327.5899963378906,334.6000061035156,32791400
326.2315673828125,332.4700012207031,332.8599853515625,327.0,331.05999755859375,26698200
330.8727111816406,337.20001220703125,341.6499938964844,335.6700134277344,336.6000061035156,29995300
336.2303466796875,342.6600036621094,343.739990234375,339.0199890136719,339.55999755859375,20567200
338.76190185546875,345.239990234375,351.42999267578125,344.30999755859375,347.5899963378906,28352700
339.24267578125,345.7300109863281,346.989990234375,342.20001220703125,345.67999267578125,20363900
352.7445068359375,359.489990234375,366.7799987792969,342.1700134277344,345.8299865722656,64738600
348.417236328125,355.0799865722656,362.4599914550781,352.44000244140625,361.75,39732900
340.36126708984375,346.8699951171875,357.9700012207031,345.3699951171875,353.57000732421875,33778400
337.3194580078125,343.7699890136719,350.29998779296875,339.8299865722656,349.1499938964844,69405400
338.63427734375,345.1099853515625,346.9200134277344,342.30999755859375,345.8500061035156,26678100
344.3941650390625,350.9800109863281,351.8900146484375,345.07000732421875,347.1099853515625,41637700
331.4320373535156,337.7699890136719,344.6700134277344,333.1099853515625,341.44000244140625,58383700
324.51434326171875,330.7200012207031,341.3299865722656,329.04998779296875,340.4800109863281,39635300
332.02081298828125,338.3699951171875,340.010009765625,333.1700134277344,333.6700134277344,28484900
329.6167297363281,335.9200134277344,337.70001220703125,333.3599853515625,336.9200134277344,25446000
330.02886962890625,336.3399963378906,338.5400085449219,333.70001220703125,335.19000244140625,18311900
321.3547668457031,327.5,333.6300048828125,326.3599853515625,333.6300048828125,27761300
320.53057861328125,326.6600036621094,329.8800048828125,325.95001220703125,326.0,18253700
321.6295166015625,327.7799987792969,335.1400146484375,327.239990234375,331.8800048828125,23741500
323.915771484375,330.1099853515625,331.1099853515625,327.5199890136719,328.3699951171875,17741500
319.9319763183594,326.04998779296875,328.75,323.0,326.9599914550781,22327600
316.18365478515625,322.2300109863281,327.1099853515625,321.04998779296875,326.4700012207031,22373300
316.87054443359375,322.92999267578125,328.260009765625,321.17999267578125,326.0199890136719,20113700
314.9865417480469,321.010009765625,322.4100036621094,319.2099914550781,320.260009765625,24355500
317.9596862792969,324.0400085449219,324.05999755859375,320.0799865722656,321.3900146484375,18836100
315.82061767578125,321.8599853515625,325.0899963378906,320.8999938964844,323.0,16966300
315.0535583496094,320.3999938964844,324.4200134277344,319.79998779296875,320.79998779296875,20698900
311.5924072265625,316.8800048828125,321.8699951171875,316.2099914550781,320.5400085449219,21257200
311.1990661621094,316.4800109863281,318.3800048828125,311.54998779296875,314.489990234375,24755000
316.5089111328125,321.8800048828125,322.7699890136719,317.0400085449219,317.92999267578125,24040000
317.0791931152344,322.4599914550781,326.0799865722656,321.4599914550781,325.5,16084600
321.54345703125,327.0,329.20001220703125,323.4599914550781,323.82000732421875,21166400
314.6307678222656,319.9700012207031,332.9800109863281,319.9599914550781,332.8500061035156,23281400
317.59051513671875,322.9800109863281,325.3599853515625,318.79998779296875,321.4700012207031,21684100
318.2985534667969,323.70001220703125,326.1499938964844,321.7200012207031,325.6600036621094,14808500
322.9299621582031,328.4100036621094,328.9800109863281,321.8800048828125,321.8800048828125,19284600
323.3035888671875,328.7900085449219,329.80999755859375,326.45001220703125,328.6700134277344,15222100
322.29083251953125,327.760009765625,330.9100036621094,326.7799987792969,329.20001220703125,26411000
323.1758117675781,328.6600036621094,331.989990234375,326.7799987792969,331.30999755859375,14942000
327.9841613769531,333.54998779296875,334.8500061035156,328.6600036621094,329.0,18553900
327.32537841796875,332.8800048828125,334.4599914550781,330.17999267578125,333.3800048828125,17535800
324.4049377441406,329.9100036621094,333.0799865722656,329.0299987792969,331.2900085449219,18381000
328.6921691894531,334.2699890136719,336.1600036621094,329.4599914550781,330.0899963378906,19530100
332.3009338378906,337.94000244140625,338.4200134277344,335.42999267578125,337.239990234375,16583300
326.23382568359375,331.7699890136719,336.7900085449219,331.4800109863281,335.82000732421875,17565500
330.4523010253906,336.05999755859375,336.8500061035156,331.1700134277344,331.30999755859375,16544400
333.04827880859375,338.70001220703125,340.8599853515625,336.57000732421875,339.1499938964844,20267000
324.7097473144531,330.2200012207031,337.3999938964844,329.6499938964844,336.9200134277344,37679800
323.569091796875,329.05999755859375,330.3999938964844,326.3599853515625,327.79998779296875,16834200
323.1659240722656,328.6499938964844,329.3900146484375,324.510009765625,326.1700134277344,16505900
315.4174499511719,320.7699890136719,329.5899963378906,320.510009765625,329.510009765625,21436500
314.1981506347656,319.5299987792969,325.3500061035156,315.0,319.260009765625,35560400
311.7201843261719,317.010009765625,321.45001220703125,316.1499938964844,321.32000732421875,21447900
312.2413635253906,317.5400085449219,317.6700134277344,315.0,316.5899963378906,17836000
306.9314880371094,312.1400146484375,315.8800048828125,310.0199890136719,315.1300048828125,26297600
307.57061767578125,312.7900085449219,314.29998779296875,309.69000244140625,312.29998779296875,19410100
308.4064636230469,313.6400146484375,315.4800109863281,309.45001220703125,310.989990234375,19683600
310.4811706542969,315.75,319.4700012207031,314.9800109863281,317.75,24147300
316.4302673339844,321.79998779296875,321.8900146484375,315.17999267578125,316.2799987792969,20570000
308.16064453125,313.3900146484375,321.3900146484375,311.2099914550781,320.8299865722656,21033500
313.63763427734375,318.9599914550781,320.0400085449219,314.0,314.0299987792969,20720100
314.03094482421875,319.3599853515625,319.9800109863281,314.8999938964844,319.0899963378906,16965600
321.79913330078125,327.260009765625,329.19000244140625,316.29998779296875,316.54998779296875,25673600
324.3164367675781,329.82000732421875,330.29998779296875,323.17999267578125,324.75,19891200
322.9102783203125,328.3900146484375,331.1000061035156,327.6700134277344,330.9599914550781,20557100
326.87310791015625,332.4200134277344,332.82000732421875,329.1400146484375,331.2099914550781,20063200
325.634033203125,331.1600036621094,333.6300048828125,328.7200012207031,330.57000732421875,19313100
322.26129150390625,327.7300109863281,333.8299865722656,326.3599853515625,332.3800048828125,21072400
327.0893859863281,332.6400146484375,336.1400146484375,330.6000061035156,331.04998779296875,22158000
326.51904296875,332.05999755859375,333.4599914550781,327.4100036621094,329.5899963378906,18338500
324.6015930175781,330.1099853515625,335.5899963378906,328.29998779296875,332.489990234375,23153600
325.7913818359375,331.32000732421875,336.8800048828125,330.9100036621094,332.1499938964844,25052100
321.218994140625,326.6700134277344,331.9200134277344,325.45001220703125,331.7200012207031,25027700
323.8247375488281,329.32000732421875,332.7300109863281,324.3900146484375,325.4700012207031,24374700
325.0145568847656,330.5299987792969,331.8399963378906,327.6000061035156,331.29998779296875,31153600
334.98541259765625,340.6700134277344,346.20001220703125,337.6199951171875,345.0199890136719,55053800
322.418701171875,327.8900146484375,341.6300048828125,326.94000244140625,340.5400085449219,37828500
324.30657958984375,329.80999755859375,336.7200012207031,328.3999938964844,330.42999267578125,29856500
331.681396484375,337.30999755859375,339.45001220703125,331.8299865722656,333.4100036621094,22828100
332.46807861328125,338.1099853515625,339.0,334.69000244140625,338.8500061035156,20265300
340.2952880859375,346.07000732421875,347.4200134277344,339.6499938964844,339.7900085449219,28158800
342.50775146484375,348.32000732421875,348.8299865722656,344.7699890136719,347.239990234375,24348100
346.9129638671875,352.79998779296875,354.3900146484375,347.3299865722656,349.6300048828125,23637700
350.5807189941406,356.5299987792969,357.5400085449219,353.3500061035156,353.45001220703125,23828300
354.5140380859375,360.5299987792969,362.4599914550781,357.6300048828125,359.3999938964844,25833900
357.1394348144531,363.20001220703125,363.8699951171875,360.54998779296875,361.67999267578125,26767800
354.6712951660156,360.69000244140625,364.7900085449219,360.3599853515625,362.29998779296875,24847300
363.50146484375,369.6700134277344,370.1000061035156,361.07000732421875,361.489990234375,28042100
360.56134033203125,366.67999267578125,368.4700012207031,365.8999938964844,368.2200012207031,19986500
364.0914001464844,370.2699890136719,371.95001220703125,367.3500061035156,371.010009765625,27683900
364.2392272949219,369.6700134277344,373.1300048828125,367.1099853515625,371.2799987792969,26860100
370.643798828125,376.1700134277344,376.3500061035156,370.17999267578125,370.9599914550781,27182300
364.4166259765625,369.8500061035156,374.3699951171875,367.0,373.6099853515625,40157000
371.8951416015625,377.44000244140625,378.8699951171875,371.0,371.2200012207031,52465100
367.58929443359375,373.07000732421875,376.2200012207031,371.1199951171875,375.6700134277344,28423100
372.29913330078125,377.8500061035156,379.7900085449219,374.9700012207031,378.0,23345300
371.8852233886719,377.42999267578125,377.9700012207031,375.1400146484375,377.3299865722656,10176600
373.0478820800781,378.6099853515625,380.6400146484375,376.20001220703125,376.7799987792969,22179200
377.0778503417969,382.70001220703125,383.0,378.1600036621094,378.3500061035156,20453100
373.2843933105469,378.8500061035156,384.29998779296875,377.44000244140625,383.760009765625,28963400
373.3435363769531,378.9100036621094,380.0899963378906,375.4700012207031,378.489990234375,30554400
369.0081787109375,374.510009765625,378.1600036621094,371.30999755859375,376.760009765625,33040500
363.7170104980469,369.1400146484375,369.5199890136719,362.8999938964844,369.1000061035156,32063300
367.04736328125,372.5199890136719,373.0799865722656,365.6199951171875,366.45001220703125,23065000
363.38201904296875,368.79998779296875,374.17999267578125,368.0299987792969,373.5400085449219,21182100
365.50048828125,370.95001220703125,371.45001220703125,366.32000732421875,368.2300109863281,23118900
368.7322692871094,374.2300109863281,374.4599914550781,368.2300109863281,369.20001220703125,20154400
365.84527587890625,371.29998779296875,371.6000061035156,366.1000061035156,368.4800109863281,27708800
368.8800354003906,374.3800048828125,374.4200134277344,370.4599914550781,370.8500061035156,24838300
368.8702087402344,374.3699951171875,377.6400146484375,370.7699890136719,376.0199890136719,30955500
360.5541687011719,365.92999267578125,373.760009765625,364.1300048828125,373.30999755859375,43277500
365.28369140625,370.7300109863281,372.3999938964844,366.2799987792969,366.8500061035156,78502300
367.1754455566406,372.6499938964844,373.0,368.67999267578125,369.45001220703125,21802900
367.77655029296875,373.260009765625,373.260009765625,369.8399963378906,371.489990234375,20603700
365.17529296875,370.6199951171875,376.0299987792969,370.5299987792969,375.0,26316700
368.0523986816406,373.5400085449219,374.4100036621094,370.0400085449219,372.55999755859375,17708000
369.0771179199219,374.5799865722656,375.17999267578125,372.7099914550781,373.67999267578125,17107500
369.1559753417969,374.6600036621094,376.94000244140625,373.5,375.0,12673100
368.5746154785156,374.07000732421875,375.05999755859375,372.80999755859375,373.69000244140625,14905400
369.7668151855469,375.2799987792969,376.4599914550781,374.1600036621094,375.3699951171875,14327000
370.5156555175781,376.0400085449219,377.1600036621094,373.4800109863281,376.0,18730800
365.42156982421875,370.8699951171875,375.8999938964844,366.7699890136719,373.8599853515625,25258600
365.1556091308594,370.6000061035156,373.260009765625,368.510009765625,369.010009765625,23083500
362.53466796875,367.94000244140625,373.1000061035156,367.1700134277344,370.6700134277344,20901500
362.3474426269531,367.75,372.05999755859375,366.5,368.9700012207031,21004600
369.18548583984375,374.69000244140625,375.20001220703125,369.010009765625,369.29998779296875,23134000
370.2693786621094,375.7900085449219,375.989990234375,371.19000244140625,372.010009765625,20830000
377.1467590332031,382.7699890136719,384.1700134277344,376.32000732421875,376.3699951171875,25514200
378.9794616699219,384.6300048828125,390.67999267578125,380.3800048828125,386.0,27850800
382.7630615234375,388.4700012207031,388.67999267578125,384.6499938964844,385.489990234375,21661200
384.53662109375,390.2699890136719,394.0299987792969,387.6199951171875,393.6600036621094,27202300
383.7483825683594,389.4700012207031,390.1099853515625,384.80999755859375,387.9800109863281,22234100
388.083740234375,393.8699951171875,393.989990234375,390.1199951171875,391.7200012207031,23392100
392.8132019042969,398.6700134277344,398.6700134277344,393.5,395.760009765625,29331100
390.6849670410156,396.510009765625,400.6199951171875,393.5899963378906,400.0199890136719,27016900
393.0398254394531,398.8999938964844,399.3800048828125,393.92999267578125,395.75,20525900
396.6460876464844,402.55999755859375,405.6300048828125,400.45001220703125,401.5400085449219,24867000
398.922119140625,404.8699951171875,407.010009765625,402.5299987792969,404.32000732421875,21021200
397.99591064453125,403.92999267578125,406.1700134277344,402.42999267578125,404.3699951171875,17803300
403.7008361816406,409.7200012207031,409.9800109863281,404.3299865722656,406.05999755859375,24510200
402.5874938964844,408.5899963378906,413.04998779296875,406.45001220703125,412.260009765625,33477600
391.7392272949219,397.5799865722656,415.32000732421875,397.2099914550781,406.9599914550781,47871100
397.84814453125,403.7799987792969,408.0,401.79998779296875,401.8299865722656,30657700
405.1788635253906,411.2200012207031,412.6499938964844,403.55999755859375,403.80999755859375,28256700
399.6906433105469,405.6499938964844,411.1600036621094,403.989990234375,409.8999938964844,25352300
399.5330505371094,405.489990234375,407.9700012207031,402.9100036621094,405.8800048828125,18382600
407.9672546386719,414.04998779296875,414.29998779296875,407.3999938964844,407.44000244140625,22340500
408.0263671875,414.1099853515625,415.55999755859375,412.5299987792969,414.04998779296875,21225300
414.37176513671875,420.54998779296875,420.82000732421875,415.0899963378906,415.25,22032800
409.159423828125,415.260009765625,420.739990234375,414.75,420.55999755859375,21202900
400.350830078125,406.32000732421875,410.07000732421875,403.3900146484375,404.94000244140625,27824900
404.22039794921875,409.489990234375,409.8399963378906,404.57000732421875,408.07000732421875,20401200
401.328125,406.55999755859375,409.1300048828125,404.2900085449219,408.1400146484375,21825500
398.8602600097656,404.05999755859375,408.2900085449219,403.44000244140625,407.9599914550781,22296500
397.60662841796875,402.7900085449219,404.489990234375,398.010009765625,403.239990234375,24307900
397.00445556640625,402.17999267578125,402.2900085449219,397.2200012207031,400.1700134277344,18518900
406.3525695800781,411.6499938964844,412.8299865722656,408.57000732421875,410.19000244140625,27009900
405.0594482421875,410.3399963378906,415.8599853515625,408.9700012207031,415.6700134277344,16295900
402.2954406738281,407.5400085449219,412.1600036621094,407.3599853515625,411.4599914550781,16193500
402.2362365722656,407.4800109863281,408.32000732421875,403.8500061035156,407.989990234375,14835800
402.4731750488281,407.7200012207031,409.29998779296875,405.32000732421875,408.17999267578125,13183100
408.3169860839844,413.6400146484375,414.20001220703125,405.9200134277344,408.6400146484375,31947300
410.1530456542969,415.5,415.8699951171875,410.8800048828125,411.2699890136719,17823400
409.58056640625,414.9200134277344,417.3500061035156,412.32000732421875,413.44000244140625,17596000
397.4683532714844,402.6499938964844,414.25,400.6400146484375,413.9599914550781,26919200
396.9156188964844,402.0899963378906,405.1600036621094,398.3900146484375,402.9700012207031,22344100
403.8749084472656,409.1400146484375,409.7799987792969,402.239990234375,406.1199951171875,18718500
400.9924621582031,406.2200012207031,410.4200134277344,404.3299865722656,407.9599914550781,18002200
399.3143310546875,404.5199890136719,405.67999267578125,401.260009765625,403.760009765625,16120800
409.9358215332031,415.2799987792969,415.57000732421875,406.7900085449219,407.6199951171875,22457000
409.7582092285156,415.1000061035156,418.17999267578125,411.45001220703125,418.1000061035156,17115900
419.74798583984375,425.2200012207031,427.82000732421875,417.989990234375,420.239990234375,34157300
411.06121826171875,416.4200134277344,422.6000061035156,412.7900085449219,419.2900085449219,45079900
411.9496154785156,417.32000732421875,420.7300109863281,413.7799987792969,414.25,20106000
415.98699951171875,421.4100036621094,421.6700134277344,415.54998779296875,417.8299865722656,19837900
419.7578125,425.2300109863281,425.9599914550781,420.6600036621094,422.0,17860100
423.84454345703125,429.3699951171875,430.82000732421875,427.1600036621094,429.8299865722656,21296200
423.2226257324219,428.739990234375,429.8599853515625,426.07000732421875,429.70001220703125,17648500
417.4183349609375,422.8599853515625,427.4100036621094,421.6099853515625,425.239990234375,18060500
416.2238464355469,421.6499938964844,425.989990234375,421.3500061035156,425.6099853515625,16725600
416.0067443847656,421.42999267578125,424.45001220703125,419.010009765625,424.44000244140625,16705000
415.3058776855469,420.7200012207031,421.8699951171875,419.1199951171875,420.9599914550781,21871200
419.1063232421875,424.57000732421875,427.8900146484375,422.2200012207031,423.95001220703125,16316000
416.0166015625,421.44000244140625,422.3800048828125,417.8399963378906,420.1099853515625,17912000
415.039306640625,420.45001220703125,423.260009765625,419.0899963378906,419.7300109863281,16502300
412.50238037109375,417.8800048828125,428.6700134277344,417.57000732421875,424.989990234375,19370900
420.0440979003906,425.5199890136719,426.510009765625,418.32000732421875,420.010009765625,16554800
419.1260681152344,424.5899963378906,427.2799987792969,423.29998779296875,425.1700134277344,14272400
420.7943115234375,426.2799987792969,427.739990234375,421.6199951171875,426.44000244140625,12496900
417.8132019042969,423.260009765625,424.0299987792969,419.70001220703125,422.19000244140625,16216600
422.4230651855469,427.92999267578125,429.3699951171875,422.3599853515625,425.82000732421875,17966400
416.470703125,421.8999938964844,425.17999267578125,419.7699890136719,424.04998779296875,19253800
408.3169860839844,413.6400146484375,426.82000732421875,413.42999267578125,426.6000061035156,20273500
409.244873046875,414.5799865722656,418.3999938964844,413.7300109863281,414.57000732421875,16765600
406.5401306152344,411.8399963378906,418.8800048828125,410.3299865722656,417.25,15855500
399.0675354003906,404.2699890136719,411.8900146484375,403.95001220703125,410.6300048828125,21029900
393.98382568359375,399.1199951171875,405.4800109863281,397.7699890136719,404.0299987792969,30565800
395.8001403808594,400.9599914550781,402.8500061035156,395.75,400.0799865722656,20286900
402.3251037597656,407.57000732421875,408.20001220703125,403.05999755859375,404.239990234375,15734500
403.7959289550781,409.05999755859375,412.4700012207031,406.7799987792969,409.55999755859375,15065300
393.90484619140625,399.0400085449219,399.8900146484375,388.0299987792969,394.0299987792969,40586500
401.0911865234375,406.32000732421875,413.0,405.760009765625,412.1700134277344,29694700
397.0735168457031,402.25,406.32000732421875,399.19000244140625,405.25,19582100
384.31982421875,389.3299865722656,402.1600036621094,389.1700134277344,401.489990234375,28781400
389.85760498046875,394.94000244140625,401.7200012207031,390.30999755859375,392.6099853515625,23562500
392.7203369140625,397.8399963378906,399.92999267578125,394.6499938964844,397.6600036621094,17709400
401.42681884765625,406.6600036621094,407.1499938964844,401.8599853515625,402.2799987792969,17446700
408.21826171875,413.5400085449219,413.92999267578125,406.3699951171875,408.760009765625,16996600
404.0722961425781,409.3399963378906,414.6700134277344,409.0899963378906,414.6600036621094,20018200
405.2568359375,410.5400085449219,412.2300109863281,406.7099914550781,408.1700134277344,11792300
407.01397705078125,412.32000732421875,412.7200012207031,409.1000061035156,410.57000732421875,14689700
409.40283203125,414.739990234375,415.3800048828125,411.79998779296875,412.94000244140625,13402300
408.3959045410156,413.7200012207031,418.3500061035156,410.82000732421875,418.010009765625,15440200
411.19940185546875,416.55999755859375,417.489990234375,411.54998779296875,412.0199890136719,15109300
418.3887939453125,423.0799865722656,423.80999755859375,417.2699890136719,417.8999938964844,22239500
416.32196044921875,420.989990234375,425.4200134277344,420.3500061035156,421.79998779296875,17530100
415.5506591796875,420.2099914550781,422.9200134277344,418.0299987792969,422.5400085449219,15352200
420.62371826171875,425.3399963378906,426.7699890136719,419.989990234375,420.2099914550781,16272100
424.28271484375,429.0400085449219,432.9700012207031,424.8500061035156,426.8299865722656,21453300
425.7463073730469,430.5199890136719,432.4100036621094,427.1300048828125,430.0899963378906,18073700
422.2653503417969,427.0,433.6000061035156,425.4200134277344,432.9700012207031,17211700
425.3902893066406,430.1600036621094,431.05999755859375,424.4100036621094,427.19000244140625,11855300
425.54852294921875,430.32000732421875,430.82000732421875,426.6000061035156,429.6300048828125,15718000
424.4112548828125,429.1700134277344,430.94000244140625,425.69000244140625,425.69000244140625,15517100
410.0720520019531,414.6700134277344,424.29998779296875,414.239990234375,424.29998779296875,28394500
410.5269470214844,415.1300048828125,416.75,404.510009765625,416.75,47995300
408.934814453125,413.5199890136719,416.42999267578125,408.9200134277344,415.5299987792969,17484700
411.4565124511719,416.07000732421875,416.44000244140625,409.67999267578125,412.42999267578125,14348900
419.3085021972656,424.010009765625,424.0799865722656,416.29998779296875,417.80999755859375,16988000
419.81280517578125,424.5199890136719,425.30999755859375,420.5799865722656,424.010009765625,14861300
419.1502685546875,423.8500061035156,426.2799987792969,423.0,426.20001220703125,13621700
423.12567138671875,427.8699951171875,428.0799865722656,423.8900146484375,424.70001220703125,13982900
427.8822937011719,432.67999267578125,432.82000732421875,425.25,425.4800109863281,14551100
436.16943359375,441.05999755859375,443.3999938964844,433.25,435.32000732421875,22366200
436.6836853027344,441.5799865722656,443.3900146484375,439.3699951171875,440.8500061035156,15960600
437.6627197265625,442.57000732421875,443.1400146484375,436.7200012207031,438.2799987792969,13582000
443.39837646484375,448.3699951171875,450.94000244140625,440.7200012207031,442.5899963378906,20790000
441.390869140625,446.3399963378906,450.1400146484375,444.8900146484375,449.7099914550781,17112500
440.75799560546875,445.70001220703125,446.5299987792969,441.2699890136719,446.29998779296875,19877400
444.7927551269531,449.7799987792969,450.5799865722656,446.510009765625,447.3800048828125,34187100
442.7061462402344,447.6700134277344,452.75,446.4100036621094,449.79998779296875,15913700
445.94976806640625,450.95001220703125,451.4200134277344,446.75,448.25,16413400
447.1463928222656,452.1600036621094,453.6000061035156,448.19000244140625,449.0,16507000
447.8287353515625,452.8500061035156,456.1700134277344,451.7699890136719,452.17999267578125,14806300
441.9941101074219,446.95001220703125,455.3800048828125,446.4100036621094,453.07000732421875,28362300
451.66571044921875,456.7300109863281,457.3699951171875,445.6600036621094,448.6600036621094,17662800
454.1874084472656,459.2799987792969,459.5899963378906,453.1099853515625,453.20001220703125,13979800
455.660888671875,460.7699890136719,461.0199890136719,457.8800048828125,458.19000244140625,9932800
462.3755798339844,467.55999755859375,468.3500061035156,458.9700012207031,459.6099853515625,16000300
461.07025146484375,466.239990234375,467.70001220703125,464.4599914550781,466.54998779296875,12962300
454.44451904296875,459.5400085449219,467.3299865722656,458.0,467.0,17207200
461.08013916015625,466.25,466.4599914550781,458.8599853515625,461.2200012207031,18196100
449.6581726074219,454.70001220703125,464.7799987792969,451.54998779296875,462.9800109863281,23111200
448.5209045410156,453.54998779296875,456.3599853515625,450.6499938964844,454.3299865722656,16324300
448.9263916015625,453.9599914550781,457.260009765625,451.42999267578125,453.29998779296875,14429400
444.53564453125,449.5199890136719,454.29998779296875,446.6600036621094,454.2200012207031,17175700
438.6021423339844,443.5199890136719,444.8500061035156,439.17999267578125,442.5899963378906,21778000
435.487060546875,440.3699951171875,444.6499938964844,434.3999938964844,444.3399963378906,20794800
432.26324462890625,437.1099853515625,441.1400146484375,432.0,433.1000061035156,20940400
438.0285949707031,442.94000244140625,444.6000061035156,438.9100036621094,441.7900085449219,15808800
439.9173889160156,444.8500061035156,448.3900146484375,443.1000061035156,443.8999938964844,13107100
424.1442565917969,428.8999938964844,441.4800109863281,427.5899963378906,440.45001220703125,26805800
413.7607116699219,418.3999938964844,429.79998779296875,417.510009765625,428.79998779296875,29943800
420.55450439453125,425.2699890136719,428.9200134277344,417.2699890136719,418.20001220703125,23583800
421.9983215332031,426.7300109863281,432.1499938964844,424.70001220703125,431.5799865722656,15125800
418.2305603027344,422.9200134277344,429.04998779296875,417.3599853515625,427.7200012207031,32687600
413.71124267578125,418.3500061035156,421.7799987792969,412.2099914550781,420.5,42891400
412.4849853515625,417.1099853515625,427.4599914550781,413.0899963378906,420.7900085449219,30296400
403.9605712890625,408.489990234375,415.0,404.3399963378906,412.489990234375,29437900
390.7684631347656,395.1499938964844,401.0400085449219,385.5799865722656,389.1700134277344,40709200
395.1790466308594,399.6099853515625,405.6700134277344,398.5,400.0,24946500
394.01214599609375,398.42999267578125,410.0799865722656,397.4700012207031,408.6400146484375,20650900
398.2248840332031,402.69000244140625,405.8599853515625,399.94000244140625,402.44000244140625,20203000
401.5179138183594,406.0199890136719,408.04998779296875,402.260009765625,404.0299987792969,19276700
402.2991943359375,406.80999755859375,408.760009765625,404.239990234375,407.05999755859375,16762900
409.4193420410156,414.010009765625,414.95001220703125,409.57000732421875,409.5899963378906,19414300
412.2377624511719,416.8599853515625,417.7200012207031,412.45001220703125,414.79998779296875,18267000
417.1119689941406,421.0299987792969,421.1099853515625,417.6600036621094,419.79998779296875,20752100
414.5758056640625,418.4700012207031,421.3399963378906,417.29998779296875,420.6000061035156,22775600
417.6073303222656,421.5299987792969,421.75,416.4599914550781,418.9599914550781,15234000
420.8468933105469,424.79998779296875,425.8599853515625,421.6400146484375,421.70001220703125,16387600
420.19305419921875,424.1400146484375,426.3999938964844,421.7200012207031,424.0799865722656,16067300
411.6829528808594,415.54998779296875,426.7900085449219,414.6099853515625,424.3599853515625,19361900
412.9114074707031,416.7900085449219,419.260009765625,412.0899963378906,416.9800109863281,18493800
409.64215087890625,413.489990234375,417.2799987792969,411.3399963378906,416.3699951171875,13152800
409.9889221191406,413.8399963378906,414.3599853515625,410.25,412.8599853515625,13492900
406.77899169921875,410.6000061035156,415.0,407.30999755859375,414.8800048828125,14882700
409.27557373046875,413.1199951171875,422.04998779296875,410.6000061035156,414.94000244140625,17045200
413.2581787109375,417.1400146484375,417.489990234375,412.1300048828125,415.6000061035156,24308300
405.6298522949219,409.44000244140625,419.8800048828125,407.0299987792969,417.9100036621094,20313600
405.0948791503906,408.8999938964844,411.239990234375,404.3699951171875,405.9100036621094,15135800
404.5896301269531,408.3900146484375,413.1000061035156,406.1300048828125,407.6199951171875,14195500
397.9618835449219,401.70001220703125,410.6499938964844,400.79998779296875,409.05999755859375,19609500
401.9444274902344,405.7200012207031,408.6499938964844,402.1499938964844,407.239990234375,15295100
410.3455505371094,414.20001220703125,416.3299865722656,407.70001220703125,408.20001220703125,19594300
419.1033020019531,423.0400085449219,423.989990234375,409.5799865722656,415.5,19266900
423.02642822265625,427.0,427.3699951171875,419.75,423.30999755859375,17395700
426.5830383300781,430.5899963378906,431.8299865722656,425.4599914550781,425.8299865722656,15874600
427.3260192871094,431.3399963378906,433.5299987792969,428.2200012207031,430.6000061035156,13834700
431.1005859375,435.1499938964844,441.8500061035156,432.2699890136719,440.2300109863281,18874200
426.8009948730469,430.80999755859375,436.0299987792969,430.4100036621094,435.0,18898000
434.607666015625,438.69000244140625,441.5,436.8999938964844,441.2300109863281,21706600
431.2194519042969,435.2699890136719,439.239990234375,434.2200012207031,437.2200012207031,55167100
429.4758605957031,433.510009765625,436.4599914550781,430.3900146484375,434.2799987792969,15128900
425.17620849609375,429.1700134277344,433.3500061035156,426.1000061035156,433.0,17015800
428.0888977050781,432.1099853515625,433.1199951171875,428.57000732421875,429.8299865722656,13396400
427.2962951660156,431.30999755859375,435.29998779296875,429.1300048828125,435.0899963378906,14492000
424.0368957519531,428.0199890136719,431.8500061035156,427.4700012207031,431.5199890136719,14896100
426.29571533203125,430.29998779296875,430.4200134277344,425.3699951171875,428.2099914550781,16807300
416.775146484375,420.69000244140625,428.4800109863281,418.80999755859375,428.45001220703125,19092900
413.248291015625,417.1300048828125,422.82000732421875,416.7099914550781,422.5799865722656,16582300
412.663818359375,416.5400085449219,419.54998779296875,414.2900085449219,417.6300048828125,13686400
412.188232421875,416.05999755859375,419.75,414.9700012207031,418.239990234375,19169700
405.7289123535156,409.5400085449219,417.1099853515625,409.0,416.0,20919800
410.850830078125,414.7099914550781,415.6600036621094,408.1700134277344,410.8999938964844,19229300
413.5751953125,417.4599914550781,420.3800048828125,414.29998779296875,415.8599853515625,14974300
411.9702453613281,415.8399963378906,417.3500061035156,413.1499938964844,415.2300109863281,13848400
412.44580078125,416.32000732421875,417.1300048828125,413.25,416.1400146484375,14144900
415.2395935058594,419.1400146484375,424.0400085449219,417.5199890136719,417.7699890136719,16653100
414.84326171875,418.739990234375,422.4800109863281,415.260009765625,422.17999267578125,18900200
412.2476501464844,416.1199951171875,416.3599853515625,410.4800109863281,415.1700134277344,15508900
412.84210205078125,416.7200012207031,422.5,415.5899963378906,422.3599853515625,14820000
414.2686767578125,418.1600036621094,419.6499938964844,416.260009765625,417.1400146484375,17145300
414.8829040527344,418.7799987792969,418.9599914550781,413.75,416.1199951171875,14206100
423.5317077636719,427.510009765625,430.5799865722656,418.0400085449219,418.489990234375,25482200
420.6487731933594,424.6000061035156,431.0799865722656,422.5299987792969,430.8599853515625,19654400
420.7775573730469,424.7300109863281,425.9800109863281,422.3999938964844,425.3299865722656,13581600
424.1656799316406,428.1499938964844,432.5199890136719,426.57000732421875,426.760009765625,16899100
422.6202392578125,426.5899963378906,431.94000244140625,426.29998779296875,431.6600036621094,14882400
427.9303894042969,431.95001220703125,433.1700134277344,425.79998779296875,428.0,17644100
428.50494384765625,432.5299987792969,438.5,432.1000061035156,437.44000244140625,29749100
402.5686340332031,406.3500061035156,416.1600036621094,406.29998779296875,415.3599853515625,53971000
406.5511474609375,410.3699951171875,415.5,407.5,409.010009765625,24230400
404.6589660644531,408.4599914550781,410.4200134277344,405.57000732421875,409.79998779296875,19672300
407.6310119628906,411.4599914550781,414.8999938964844,408.0799865722656,408.3699951171875,17626000
416.2698669433594,420.17999267578125,420.45001220703125,410.5199890136719,412.4200134277344,26681800
421.47100830078125,425.42999267578125,426.8500061035156,419.8800048828125,421.2799987792969,19901800
418.6079406738281,422.5400085449219,426.5,421.7799987792969,425.32000732421875,16891400
414.1200866699219,418.010009765625,424.80999755859375,416.0,422.5199890136719,24503300
419.0933532714844,423.0299987792969,424.44000244140625,417.20001220703125,418.25,19401200
421.2431945800781,425.20001220703125,429.3299865722656,418.2099914550781,421.6400146484375,21502200
422.91748046875,426.8900146484375,428.1700134277344,420.0,425.0,30246900
411.1380920410156,415.0,422.79998779296875,413.6400146484375,419.82000732421875,28247600
411.8910217285156,415.760009765625,418.3999938964844,412.1000061035156,414.8699951171875,24727000
413.90216064453125,417.7900085449219,417.94000244140625,411.54998779296875,413.1099853515625,18133500
411.6235046386719,415.489990234375,417.2900085449219,410.5799865722656,416.8699951171875,19191700
409.8466491699219,412.8699951171875,419.7799987792969,410.2900085449219,419.5,20780200
413.9464111328125,417.0,417.3999938964844,411.05999755859375,411.3699951171875,24814600
415.7232971191406,418.7900085449219,421.0799865722656,414.8500061035156,418.3800048828125,27691100
424.8559265136719,427.989990234375,429.0400085449219,418.8500061035156,419.5899963378906,23458900
419.89251708984375,422.989990234375,427.2300109863281,422.0199890136719,425.1099853515625,18332400
420.3591003417969,423.4599914550781,424.8800048828125,417.79998779296875,420.0899963378906,16271900
427.8240661621094,430.9800109863281,433.0,421.30999755859375,421.57000732421875,20207200
428.04241943359375,431.20001220703125,432.4700012207031,427.739990234375,429.8399963378906,18302000
434.2168884277344,437.4200134277344,439.6700134277344,432.6300048828125,433.0299987792969,26009400
439.3787841796875,442.6199951171875,444.6600036621094,436.1700134277344,437.9200134277344,21697800
440.32183837890625,443.57000732421875,446.1000061035156,441.7699890136719,442.29998779296875,18821000
442.75384521484375,446.0199890136719,448.3299865722656,440.5,442.6000061035156,19144400
440.0835876464844,443.3299865722656,449.6199951171875,441.6000061035156,444.3900146484375,18469500
445.7021484375,448.989990234375,450.3500061035156,444.04998779296875,444.04998779296875,19200200
446.2679748535156,449.55999755859375,456.1600036621094,449.1099853515625,449.1099853515625,20834800
443.9947204589844,447.2699890136719,451.42999267578125,445.5799865722656,448.44000244140625,20177800
448.2830810546875,451.5899963378906,452.17999267578125,445.2799987792969,447.2699890136719,23598800
451.1320495605469,454.4599914550781,455.2900085449219,449.57000732421875,451.010009765625,22733500
434.1871337890625,437.3900146484375,452.6499938964844,437.0199890136719,451.32000732421875,24444500
433.8297119140625,437.0299987792969,443.17999267578125,436.32000732421875,441.6199951171875,22963700
433.40289306640625,436.6000061035156,443.739990234375,428.6300048828125,433.1099853515625,64263700
432.0627746582031,435.25,437.6499938964844,432.8299865722656,436.739990234375,19152500
436.11285400390625,439.3299865722656,439.6000061035156,434.19000244140625,434.6499938964844,7164500
434.9018249511719,438.1099853515625,440.94000244140625,436.6300048828125,439.0799865722656,8194200
427.3773193359375,430.5299987792969,435.2200012207031,426.3500061035156,434.6000061035156,18117700
421.71905517578125,424.8299865722656,427.54998779296875,421.8999938964844,426.05999755859375,13158700
418.4134216308594,421.5,426.7300109863281,420.6600036621094,426.1000061035156,13246500
415.51483154296875,418.5799865722656,426.07000732421875,414.8500061035156,425.5299987792969,16896500
420.2499084472656,423.3500061035156,424.0299987792969,419.5400085449219,421.0799865722656,16662900
424.7169494628906,427.8500061035156,434.32000732421875,425.4800109863281,428.0,20573600
419.2770690917969,422.3699951171875,430.6499938964844,420.79998779296875,429.0,18139100
421.4510498046875,424.55999755859375,426.9700012207031,421.5400085449219,423.4599914550781,15054600
415.8821105957031,418.95001220703125,424.7099914550781,415.0199890136719,424.6300048828125,20201100
414.135009765625,417.19000244140625,418.5,412.2900085449219,415.239990234375,17604800
412.62615966796875,415.6700134277344,419.739990234375,410.7200012207031,417.80999755859375,16935900
423.188232421875,426.30999755859375,428.1499938964844,418.2699890136719,419.1300048828125,19637800
421.4708557128906,424.5799865722656,429.489990234375,424.3900146484375,428.70001220703125,15300000
425.8883361816406,429.0299987792969,434.4800109863281,428.1700134277344,434.0899963378906,26197500
425.3622131347656,428.5,430.8999938964844,425.6000061035156,430.20001220703125,26085700
442.9326171875,446.20001220703125,447.2699890136719,436.0,437.55999755859375,27803800
443.4388122558594,446.7099914550781,446.75,441.5,442.0,18389300
440.8082580566406,444.05999755859375,446.6499938964844,441.3999938964844,445.1600036621094,15549500
431.3778076171875,434.55999755859375,435.20001220703125,423.5,424.010009765625,35647800
443.9252624511719,447.20001220703125,448.3800048828125,431.3800048828125,434.6000061035156,23491700
439.09088134765625,442.3299865722656,446.8800048828125,440.3999938964844,446.69000244140625,23581400
411.95111083984375,414.989990234375,422.8599853515625,413.1600036621094,418.7699890136719,54586300
412.0206298828125,415.05999755859375,420.69000244140625,414.9100036621094,418.9800109863281,34161900
407.9109191894531,410.9200134277344,415.4100036621094,408.6600036621094,411.6000061035156,25679100
409.3503112792969,412.3699951171875,413.9200134277344,409.739990234375,412.69000244140625,20532100
410.26361083984375,413.2900085449219,413.8299865722656,410.3999938964844,412.3500061035156,16316700
412.7750549316406,415.82000732421875,418.20001220703125,414.0,414.0,16309800
406.7494812011719,409.75,418.6499938964844,408.1000061035156,416.4800109863281,22886800
409.201416015625,412.2200012207031,415.4599914550781,410.9200134277344,413.7099914550781,20817900
408.4270935058594,411.44000244140625,412.489990234375,409.29998779296875,409.6400146484375,18140600
406.0447082519531,409.0400085449219,410.75,404.3699951171875,407.2099914550781,19121700
407.5337219238281,410.5400085449219,411.0,406.3599853515625,407.0,23891700
405.43914794921875,408.42999267578125,408.9100036621094,405.8800048828125,407.7900085449219,22758500
406.64031982421875,409.6400146484375,410.6000061035156,406.5,408.0,21423100
411.7327575683594,414.7699890136719,415.489990234375,407.6499938964844,407.8800048828125,24114200
413.91107177734375,416.1300048828125,419.30999755859375,412.5400085449219,415.2900085449219,23508700
406.03326416015625,408.2099914550781,418.04998779296875,407.8900146484375,417.3399963378906,27524800
401.8457336425781,404.0,409.3699951171875,399.32000732421875,408.510009765625,26443700
395.77825927734375,397.8999938964844,401.9200134277344,396.70001220703125,401.1000061035156,29387400
397.5985412597656,399.7300109863281,403.6000061035156,394.25,398.010009765625,19619000
390.4368896484375,392.5299987792969,405.739990234375,392.1700134277344,401.2699890136719,21127400
394.87310791015625,396.989990234375,397.6300048828125,386.57000732421875,392.6600036621094,32845700
386.4184265136719,388.489990234375,398.82000732421875,386.1600036621094,398.82000732421875,23007700
386.53778076171875,388.6099853515625,392.5799865722656,381.0,383.3999938964844,29342900
398.8816223144531,401.0199890136719,401.6700134277344,388.80999755859375,389.3399963378906,23433100
394.773681640625,396.8900146484375,402.1499938964844,392.67999267578125,394.2799987792969,23304600
391.2127380371094,393.30999755859375,394.79998779296875,385.5400085449219,392.32000732421875,22034100
378.1328430175781,380.1600036621094,386.3999938964844,377.2200012207031,385.8399963378906,32840100
378.4213562011719,380.45001220703125,386.0,376.9100036621094,379.0,30380200
381.2262878417969,383.2699890136719,385.2200012207031,378.95001220703125,382.95001220703125,24253600
376.750244140625,378.7699890136719,385.32000732421875,377.45001220703125,383.1600036621094,20473000
386.4880676269531,388.55999755859375,390.2300109863281,379.510009765625,379.7799987792969,19952800
386.6273193359375,388.70001220703125,392.7099914550781,385.57000732421875,386.70001220703125,22474300
381.4749450683594,383.5199890136719,387.3699951171875,381.1000061035156,387.07000732421875,19486900
385.75201416015625,387.82000732421875,389.67999267578125,384.0,385.5299987792969,19185500
384.7772521972656,386.8399963378906,391.7900085449219,383.2799987792969,385.739990234375,18470500
389.1736755371094,391.260009765625,391.739990234375,382.79998779296875,383.2200012207031,39675900
390.98394775390625,393.0799865722656,395.3999938964844,389.80999755859375,395.3999938964844,21004500
393.0528869628906,395.1600036621094,396.3599853515625,392.6400146484375,393.9200134277344,15775000
387.89056396484375,389.9700012207031,395.30999755859375,388.57000732421875,395.0,16108400
388.4972839355469,390.5799865722656,392.239990234375,387.3999938964844,390.1300048828125,13766800
376.78009033203125,378.79998779296875,389.1300048828125,376.92999267578125,388.0799865722656,21632000
373.3883056640625,375.3900146484375,377.07000732421875,367.239990234375,372.5400085449219,35184700
